solid OpenSCAD_Model
  facet normal 0 0 -1
    outer loop
      vertex -10.9686 13.1295 0
      vertex -6.60001 19.9212 0
      vertex -6.60001 13.4707 0
    endloop
  endfacet
  facet normal 0 0 -1
    outer loop
      vertex -16.7919 19.9358 0
      vertex -6.60001 19.9212 0
      vertex -10.9686 13.1295 0
    endloop
  endfacet
  facet normal 0 0 -1
    outer loop
      vertex -6.67018 26.9 0
      vertex -4.69649 25.3553 0
      vertex -6.09286 22.5237 0
    endloop
  endfacet
  facet normal 0 0 -1
    outer loop
      vertex -6.67018 26.9 0
      vertex -6.09286 22.5237 0
      vertex -6.37013 21.7068 0
    endloop
  endfacet
  facet normal 0 0 -1
    outer loop
      vertex -4.69649 25.3553 0
      vertex -6.67018 26.9 0
      vertex -5.32982 26.9 0
    endloop
  endfacet
  facet normal 0 0 -1
    outer loop
      vertex -6.53841 20.8609 0
      vertex -6.67018 26.9 0
      vertex -6.37013 21.7068 0
    endloop
  endfacet
  facet normal 0 0 -1
    outer loop
      vertex -6.67018 26.9 0
      vertex -6.53841 20.8609 0
      vertex -6.60001 19.9212 0
    endloop
  endfacet
  facet normal 0 0 -1
    outer loop
      vertex 6.60001 19.9212 0
      vertex 10.9686 13.1295 0
      vertex 6.60001 13.4707 0
    endloop
  endfacet
  facet normal 0 0 -1
    outer loop
      vertex 6.53841 20.8609 0
      vertex 10.9686 13.1295 0
      vertex 6.60001 19.9212 0
    endloop
  endfacet
  facet normal 0 0 -1
    outer loop
      vertex 10.9686 13.1295 0
      vertex 6.53841 20.8609 0
      vertex 6.67018 26.9 0
    endloop
  endfacet
  facet normal 0 0 -1
    outer loop
      vertex 6.37013 21.7068 0
      vertex 6.67018 26.9 0
      vertex 6.53841 20.8609 0
    endloop
  endfacet
  facet normal 0 0 -1
    outer loop
      vertex 6.09286 22.5237 0
      vertex 6.67018 26.9 0
      vertex 6.37013 21.7068 0
    endloop
  endfacet
  facet normal 0 0 -1
    outer loop
      vertex 4.69649 25.3553 0
      vertex 6.67018 26.9 0
      vertex 6.09286 22.5237 0
    endloop
  endfacet
  facet normal -0 0 -1
    outer loop
      vertex 6.67018 26.9 0
      vertex 4.69649 25.3553 0
      vertex 5.32982 26.9 0
    endloop
  endfacet
  facet normal 0 0 -1
    outer loop
      vertex 43.594 0 0
      vertex 51.0124 0 0
      vertex 50.9077 -1.48311 0
    endloop
  endfacet
  facet normal 0 0 -1
    outer loop
      vertex 43.5623 -0.450089 0
      vertex 50.9077 -1.48311 0
      vertex 50.6013 -2.92833 0
    endloop
  endfacet
  facet normal 0 0 -1
    outer loop
      vertex 51.0124 0 0
      vertex 43.594 0 0
      vertex 50.9077 1.48311 0
    endloop
  endfacet
  facet normal 0 0 -1
    outer loop
      vertex 43.4636 -0.91539 0
      vertex 50.6013 -2.92833 0
      vertex 50.1126 -4.30646 0
    endloop
  endfacet
  facet normal 0 0 -1
    outer loop
      vertex 43.5623 0.450089 0
      vertex 50.9077 1.48311 0
      vertex 43.594 0 0
    endloop
  endfacet
  facet normal 0 0 -1
    outer loop
      vertex 43.2891 -1.40746 0
      vertex 50.1126 -4.30646 0
      vertex 49.4668 -5.60097 0
    endloop
  endfacet
  facet normal -0 0 -1
    outer loop
      vertex 50.9077 1.48311 0
      vertex 43.5623 0.450089 0
      vertex 50.6013 2.92833 0
    endloop
  endfacet
  facet normal 0 0 -1
    outer loop
      vertex 43.0278 -1.9313 0
      vertex 49.4668 -5.60097 0
      vertex 48.688 -6.80731 0
    endloop
  endfacet
  facet normal 0 0 -1
    outer loop
      vertex 43.4636 0.91539 0
      vertex 50.6013 2.92833 0
      vertex 43.5623 0.450089 0
    endloop
  endfacet
  facet normal 0 0 -1
    outer loop
      vertex 42.6695 -2.48621 0
      vertex 48.688 -6.80731 0
      vertex 47.7955 -7.92902 0
    endloop
  endfacet
  facet normal -0 0 -1
    outer loop
      vertex 50.6013 2.92833 0
      vertex 43.4636 0.91539 0
      vertex 50.1126 4.30646 0
    endloop
  endfacet
  facet normal 0 0 -1
    outer loop
      vertex 42.2066 -3.06801 0
      vertex 47.7955 -7.92902 0
      vertex 46.8031 -8.97391 0
    endloop
  endfacet
  facet normal 0 0 -1
    outer loop
      vertex 43.2891 1.40746 0
      vertex 50.1126 4.30646 0
      vertex 43.4636 0.91539 0
    endloop
  endfacet
  facet normal 0 0 -1
    outer loop
      vertex 41.6348 -3.67007 0
      vertex 46.8031 -8.97391 0
      vertex 45.7197 -9.95084 0
    endloop
  endfacet
  facet normal -0 0 -1
    outer loop
      vertex 50.1126 4.30646 0
      vertex 43.2891 1.40746 0
      vertex 49.4668 5.60097 0
    endloop
  endfacet
  facet normal 0 0 -1
    outer loop
      vertex 40.9522 -4.28558 0
      vertex 45.7197 -9.95084 0
      vertex 44.5508 -10.8681 0
    endloop
  endfacet
  facet normal 0 0 -1
    outer loop
      vertex 43.0278 1.9313 0
      vertex 49.4668 5.60097 0
      vertex 43.2891 1.40746 0
    endloop
  endfacet
  facet normal -0 0 -1
    outer loop
      vertex 49.4668 5.60097 0
      vertex 43.0278 1.9313 0
      vertex 48.688 6.80731 0
    endloop
  endfacet
  facet normal 0 0 -1
    outer loop
      vertex 50.9077 -1.48311 0
      vertex 43.5623 -0.450089 0
      vertex 43.594 0 0
    endloop
  endfacet
  facet normal 0 0 -1
    outer loop
      vertex 50.6013 -2.92833 0
      vertex 43.4636 -0.91539 0
      vertex 43.5623 -0.450089 0
    endloop
  endfacet
  facet normal 0 0 -1
    outer loop
      vertex 40.1593 -4.90776 0
      vertex 44.5508 -10.8681 0
      vertex 43.2997 -11.7326 0
    endloop
  endfacet
  facet normal 0 0 -1
    outer loop
      vertex 50.1126 -4.30646 0
      vertex 43.2891 -1.40746 0
      vertex 43.4636 -0.91539 0
    endloop
  endfacet
  facet normal 0 0 -1
    outer loop
      vertex 49.4668 -5.60097 0
      vertex 43.0278 -1.9313 0
      vertex 43.2891 -1.40746 0
    endloop
  endfacet
  facet normal 0 0 -1
    outer loop
      vertex 48.688 -6.80731 0
      vertex 42.6695 -2.48621 0
      vertex 43.0278 -1.9313 0
    endloop
  endfacet
  facet normal 0 0 -1
    outer loop
      vertex 47.7955 -7.92902 0
      vertex 42.2066 -3.06801 0
      vertex 42.6695 -2.48621 0
    endloop
  endfacet
  facet normal 0 0 -1
    outer loop
      vertex 39.2574 -5.53098 0
      vertex 43.2997 -11.7326 0
      vertex 41.9686 -12.5498 0
    endloop
  endfacet
  facet normal 0 0 -1
    outer loop
      vertex 46.8031 -8.97391 0
      vertex 41.6348 -3.67007 0
      vertex 42.2066 -3.06801 0
    endloop
  endfacet
  facet normal 0 0 -1
    outer loop
      vertex 45.7197 -9.95084 0
      vertex 40.9522 -4.28558 0
      vertex 41.6348 -3.67007 0
    endloop
  endfacet
  facet normal 0 0 -1
    outer loop
      vertex 38.2491 -6.15004 0
      vertex 41.9686 -12.5498 0
      vertex 40.5593 -13.324 0
    endloop
  endfacet
  facet normal 0 0 -1
    outer loop
      vertex 44.5508 -10.8681 0
      vertex 40.1593 -4.90776 0
      vertex 40.9522 -4.28558 0
    endloop
  endfacet
  facet normal 0 0 -1
    outer loop
      vertex 43.2997 -11.7326 0
      vertex 39.2574 -5.53098 0
      vertex 40.1593 -4.90776 0
    endloop
  endfacet
  facet normal 0 0 -1
    outer loop
      vertex 37.1379 -6.76041 0
      vertex 40.5593 -13.324 0
      vertex 39.0732 -14.0579 0
    endloop
  endfacet
  facet normal 0 0 -1
    outer loop
      vertex 41.9686 -12.5498 0
      vertex 38.2491 -6.15004 0
      vertex 39.2574 -5.53098 0
    endloop
  endfacet
  facet normal 0 0 -1
    outer loop
      vertex 35.9272 -7.35834 0
      vertex 39.0732 -14.0579 0
      vertex 37.5118 -14.7538 0
    endloop
  endfacet
  facet normal 0 0 -1
    outer loop
      vertex 40.5593 -13.324 0
      vertex 37.1379 -6.76041 0
      vertex 38.2491 -6.15004 0
    endloop
  endfacet
  facet normal 0 0 -1
    outer loop
      vertex 39.0732 -14.0579 0
      vertex 35.9272 -7.35834 0
      vertex 37.1379 -6.76041 0
    endloop
  endfacet
  facet normal 0 0 -1
    outer loop
      vertex 34.6209 -7.94058 0
      vertex 37.5118 -14.7538 0
      vertex 35.877 -15.413 0
    endloop
  endfacet
  facet normal 0 0 -1
    outer loop
      vertex 37.5118 -14.7538 0
      vertex 34.6209 -7.94058 0
      vertex 35.9272 -7.35834 0
    endloop
  endfacet
  facet normal 0 0 -1
    outer loop
      vertex 32.663 -8.70883 0
      vertex 35.877 -15.413 0
      vertex 34.1711 -16.0363 0
    endloop
  endfacet
  facet normal 0 0 -1
    outer loop
      vertex 35.877 -15.413 0
      vertex 33.2229 -8.50426 0
      vertex 34.6209 -7.94058 0
    endloop
  endfacet
  facet normal 0 0 -1
    outer loop
      vertex 35.877 -15.413 0
      vertex 32.663 -8.70883 0
      vertex 33.2229 -8.50426 0
    endloop
  endfacet
  facet normal 0 0 -1
    outer loop
      vertex 27.3748 -14.0054 0
      vertex 32.663 -8.70883 0
      vertex 34.1711 -16.0363 0
    endloop
  endfacet
  facet normal 0 0 -1
    outer loop
      vertex 27.0849 -13.5715 0
      vertex 32.663 -8.70883 0
      vertex 27.3748 -14.0054 0
    endloop
  endfacet
  facet normal 0 0 -1
    outer loop
      vertex 26.7408 -13.1792 0
      vertex 32.663 -8.70883 0
      vertex 27.0849 -13.5715 0
    endloop
  endfacet
  facet normal 0 0 -1
    outer loop
      vertex 27.3748 -14.0054 0
      vertex 34.1711 -16.0363 0
      vertex 29.1898 -17.6858 0
    endloop
  endfacet
  facet normal -0 0 -1
    outer loop
      vertex 32.663 -8.70883 0
      vertex 26.7408 -13.1792 0
      vertex 31.9846 -7.93533 0
    endloop
  endfacet
  facet normal -0 0 -1
    outer loop
      vertex 31.9846 -7.93533 0
      vertex 26.7408 -13.1792 0
      vertex 30.863 -6.95169 0
    endloop
  endfacet
  facet normal 0 0 -1
    outer loop
      vertex 26.3484 -12.835 0
      vertex 30.863 -6.95169 0
      vertex 26.7408 -13.1792 0
    endloop
  endfacet
  facet normal -0 0 -1
    outer loop
      vertex 30.863 -6.95169 0
      vertex 26.3484 -12.835 0
      vertex 29.6226 -6.12285 0
    endloop
  endfacet
  facet normal 0 0 -1
    outer loop
      vertex 25.9147 -12.5452 0
      vertex 29.6226 -6.12285 0
      vertex 26.3484 -12.835 0
    endloop
  endfacet
  facet normal -0 0 -1
    outer loop
      vertex 29.6226 -6.12285 0
      vertex 25.9147 -12.5452 0
      vertex 28.2845 -5.46301 0
    endloop
  endfacet
  facet normal 0 0 -1
    outer loop
      vertex 25.4466 -12.3144 0
      vertex 28.2845 -5.46301 0
      vertex 25.9147 -12.5452 0
    endloop
  endfacet
  facet normal -0 0 -1
    outer loop
      vertex 28.2845 -5.46301 0
      vertex 25.4466 -12.3144 0
      vertex 26.8719 -4.98346 0
    endloop
  endfacet
  facet normal 0 0 -1
    outer loop
      vertex 24.9524 -12.1466 0
      vertex 26.8719 -4.98346 0
      vertex 25.4466 -12.3144 0
    endloop
  endfacet
  facet normal -0 0 -1
    outer loop
      vertex 26.8719 -4.98346 0
      vertex 24.9524 -12.1466 0
      vertex 25.4086 -4.69243 0
    endloop
  endfacet
  facet normal 0 0 -1
    outer loop
      vertex 24.4407 -12.0448 0
      vertex 25.4086 -4.69243 0
      vertex 24.9524 -12.1466 0
    endloop
  endfacet
  facet normal 0 0 -1
    outer loop
      vertex 23.92 -12.0107 0
      vertex 25.4086 -4.69243 0
      vertex 24.4407 -12.0448 0
    endloop
  endfacet
  facet normal 0 0 -1
    outer loop
      vertex 23.92 -12.0107 0
      vertex 23.92 -4.59485 0
      vertex 25.4086 -4.69243 0
    endloop
  endfacet
  facet normal 0 0 -1
    outer loop
      vertex 23.3993 -12.0448 0
      vertex 23.92 -4.59485 0
      vertex 23.92 -12.0107 0
    endloop
  endfacet
  facet normal 0 0 -1
    outer loop
      vertex 22.4313 -4.69243 0
      vertex 23.3993 -12.0448 0
      vertex 22.8875 -12.1466 0
    endloop
  endfacet
  facet normal 0 0 -1
    outer loop
      vertex 23.3993 -12.0448 0
      vertex 22.4313 -4.69243 0
      vertex 23.92 -4.59485 0
    endloop
  endfacet
  facet normal 0 0 -1
    outer loop
      vertex 20.9681 -4.98346 0
      vertex 22.8875 -12.1466 0
      vertex 22.3934 -12.3144 0
    endloop
  endfacet
  facet normal 0 0 -1
    outer loop
      vertex 19.5554 -5.46301 0
      vertex 22.3934 -12.3144 0
      vertex 21.9253 -12.5452 0
    endloop
  endfacet
  facet normal 0 0 -1
    outer loop
      vertex 18.2174 -6.12285 0
      vertex 21.9253 -12.5452 0
      vertex 21.4915 -12.8351 0
    endloop
  endfacet
  facet normal 0 0 -1
    outer loop
      vertex 17.02 -6.92294 0
      vertex 21.4915 -12.8351 0
      vertex 21.0992 -13.1791 0
    endloop
  endfacet
  facet normal 0 0 -1
    outer loop
      vertex 22.8875 -12.1466 0
      vertex 20.9681 -4.98346 0
      vertex 22.4313 -4.69243 0
    endloop
  endfacet
  facet normal 0 0 -1
    outer loop
      vertex 22.3934 -12.3144 0
      vertex 19.5554 -5.46301 0
      vertex 20.9681 -4.98346 0
    endloop
  endfacet
  facet normal 0 0 -1
    outer loop
      vertex 21.9253 -12.5452 0
      vertex 18.2174 -6.12285 0
      vertex 19.5554 -5.46301 0
    endloop
  endfacet
  facet normal 0 0 -1
    outer loop
      vertex 12.9408 -13.1792 0
      vertex 21.0992 -13.1791 0
      vertex 17.02 -17.8305 0
    endloop
  endfacet
  facet normal 0 0 -1
    outer loop
      vertex 21.4915 -12.8351 0
      vertex 17.02 -6.92294 0
      vertex 18.2174 -6.12285 0
    endloop
  endfacet
  facet normal -0 0 -1
    outer loop
      vertex 21.0992 -13.1791 0
      vertex 12.9408 -13.1792 0
      vertex 17.02 -6.92294 0
    endloop
  endfacet
  facet normal 0 0 -1
    outer loop
      vertex 12.5484 -12.835 0
      vertex 17.02 -6.92294 0
      vertex 12.9408 -13.1792 0
    endloop
  endfacet
  facet normal -0 0 -1
    outer loop
      vertex 17.02 -6.92294 0
      vertex 12.5484 -12.835 0
      vertex 15.8226 -6.12285 0
    endloop
  endfacet
  facet normal 0 0 -1
    outer loop
      vertex 12.1147 -12.5452 0
      vertex 15.8226 -6.12285 0
      vertex 12.5484 -12.835 0
    endloop
  endfacet
  facet normal -0 0 -1
    outer loop
      vertex 15.8226 -6.12285 0
      vertex 12.1147 -12.5452 0
      vertex 14.4846 -5.46301 0
    endloop
  endfacet
  facet normal 0 0 -1
    outer loop
      vertex 11.6466 -12.3144 0
      vertex 14.4846 -5.46301 0
      vertex 12.1147 -12.5452 0
    endloop
  endfacet
  facet normal -0 0 -1
    outer loop
      vertex 14.4846 -5.46301 0
      vertex 11.6466 -12.3144 0
      vertex 13.0719 -4.98346 0
    endloop
  endfacet
  facet normal 0 0 -1
    outer loop
      vertex 11.1525 -12.1466 0
      vertex 13.0719 -4.98346 0
      vertex 11.6466 -12.3144 0
    endloop
  endfacet
  facet normal -0 0 -1
    outer loop
      vertex 13.0719 -4.98346 0
      vertex 11.1525 -12.1466 0
      vertex 11.6086 -4.69243 0
    endloop
  endfacet
  facet normal 0 0 -1
    outer loop
      vertex 10.6407 -12.0448 0
      vertex 11.6086 -4.69243 0
      vertex 11.1525 -12.1466 0
    endloop
  endfacet
  facet normal 0 0 -1
    outer loop
      vertex 10.12 -12.0107 0
      vertex 11.6086 -4.69243 0
      vertex 10.6407 -12.0448 0
    endloop
  endfacet
  facet normal 0 0 -1
    outer loop
      vertex 10.12 -12.0107 0
      vertex 10.12 -4.59485 0
      vertex 11.6086 -4.69243 0
    endloop
  endfacet
  facet normal 0 0 -1
    outer loop
      vertex 9.59927 -12.0448 0
      vertex 10.12 -4.59485 0
      vertex 10.12 -12.0107 0
    endloop
  endfacet
  facet normal 0 0 -1
    outer loop
      vertex 8.63133 -4.69243 0
      vertex 9.59927 -12.0448 0
      vertex 9.08754 -12.1466 0
    endloop
  endfacet
  facet normal 0 0 -1
    outer loop
      vertex 9.59927 -12.0448 0
      vertex 8.63133 -4.69243 0
      vertex 10.12 -4.59485 0
    endloop
  endfacet
  facet normal 0 0 -1
    outer loop
      vertex 7.16812 -4.98346 0
      vertex 9.08754 -12.1466 0
      vertex 8.59337 -12.3144 0
    endloop
  endfacet
  facet normal 0 0 -1
    outer loop
      vertex 5.75543 -5.46301 0
      vertex 8.59337 -12.3144 0
      vertex 8.12532 -12.5452 0
    endloop
  endfacet
  facet normal 0 0 -1
    outer loop
      vertex 4.41742 -6.12285 0
      vertex 8.12532 -12.5452 0
      vertex 7.6915 -12.8351 0
    endloop
  endfacet
  facet normal 0 0 -1
    outer loop
      vertex 3.17699 -6.95168 0
      vertex 7.6915 -12.8351 0
      vertex 7.29918 -13.1791 0
    endloop
  endfacet
  facet normal 0 0 -1
    outer loop
      vertex 9.08754 -12.1466 0
      vertex 7.16812 -4.98346 0
      vertex 8.63133 -4.69243 0
    endloop
  endfacet
  facet normal 0 0 -1
    outer loop
      vertex 2.05534 -7.93533 0
      vertex 7.29918 -13.1791 0
      vertex 6.95508 -13.5715 0
    endloop
  endfacet
  facet normal 0 0 -1
    outer loop
      vertex 1.07167 -9.05698 0
      vertex 6.95508 -13.5715 0
      vertex 6.66518 -14.0054 0
    endloop
  endfacet
  facet normal 0 0 -1
    outer loop
      vertex 0 -10.7899 0
      vertex 6.66518 -14.0054 0
      vertex 6.43437 -14.4734 0
    endloop
  endfacet
  facet normal 0 0 -1
    outer loop
      vertex 0 -10.7899 0
      vertex 6.43437 -14.4734 0
      vertex 6.26665 -14.9675 0
    endloop
  endfacet
  facet normal 0 0 -1
    outer loop
      vertex 0 -10.7899 0
      vertex 6.26665 -14.9675 0
      vertex 6.16484 -15.4793 0
    endloop
  endfacet
  facet normal 0 0 -1
    outer loop
      vertex 8.59337 -12.3144 0
      vertex 5.75543 -5.46301 0
      vertex 7.16812 -4.98346 0
    endloop
  endfacet
  facet normal 0 0 -1
    outer loop
      vertex 0 -21.0002 0
      vertex 6.16484 -15.4793 0
      vertex 5.80624 -20.9505 0
    endloop
  endfacet
  facet normal 0 0 -1
    outer loop
      vertex 8.12532 -12.5452 0
      vertex 4.41742 -6.12285 0
      vertex 5.75543 -5.46301 0
    endloop
  endfacet
  facet normal 0 0 -1
    outer loop
      vertex 7.6915 -12.8351 0
      vertex 3.17699 -6.95168 0
      vertex 4.41742 -6.12285 0
    endloop
  endfacet
  facet normal 0 0 -1
    outer loop
      vertex 7.29918 -13.1791 0
      vertex 2.05534 -7.93533 0
      vertex 3.17699 -6.95168 0
    endloop
  endfacet
  facet normal 0 0 -1
    outer loop
      vertex 6.95508 -13.5715 0
      vertex 1.07167 -9.05698 0
      vertex 2.05534 -7.93533 0
    endloop
  endfacet
  facet normal 0 0 -1
    outer loop
      vertex 6.66518 -14.0054 0
      vertex 0.242844 -10.2974 0
      vertex 1.07167 -9.05698 0
    endloop
  endfacet
  facet normal -0 0 -1
    outer loop
      vertex 6.16484 -15.4793 0
      vertex 0 -21.0002 0
      vertex 0 -10.7899 0
    endloop
  endfacet
  facet normal 0 0 -1
    outer loop
      vertex 6.66518 -14.0054 0
      vertex 0 -10.7899 0
      vertex 0.242844 -10.2974 0
    endloop
  endfacet
  facet normal 0 0 -1
    outer loop
      vertex -6.16484 -15.4793 0
      vertex 0 -10.7899 0
      vertex 0 -21.0002 0
    endloop
  endfacet
  facet normal 0 0 -1
    outer loop
      vertex -6.26665 -14.9675 0
      vertex 0 -10.7899 0
      vertex -6.16484 -15.4793 0
    endloop
  endfacet
  facet normal 0 0 -1
    outer loop
      vertex -6.43437 -14.4734 0
      vertex 0 -10.7899 0
      vertex -6.26665 -14.9675 0
    endloop
  endfacet
  facet normal 0 0 -1
    outer loop
      vertex -6.66518 -14.0054 0
      vertex 0 -10.7899 0
      vertex -6.43437 -14.4734 0
    endloop
  endfacet
  facet normal -0 0 -1
    outer loop
      vertex -0.242844 -10.2974 0
      vertex -6.66518 -14.0054 0
      vertex -1.07167 -9.05698 0
    endloop
  endfacet
  facet normal 0 0 -1
    outer loop
      vertex -6.95508 -13.5715 0
      vertex -1.07167 -9.05698 0
      vertex -6.66518 -14.0054 0
    endloop
  endfacet
  facet normal 0 0 -1
    outer loop
      vertex -6.16484 -15.4793 0
      vertex 0 -21.0002 0
      vertex -5.80624 -20.9505 0
    endloop
  endfacet
  facet normal -0 0 -1
    outer loop
      vertex 0 -10.7899 0
      vertex -6.66518 -14.0054 0
      vertex -0.242844 -10.2974 0
    endloop
  endfacet
  facet normal -0 0 -1
    outer loop
      vertex -1.07167 -9.05698 0
      vertex -6.95508 -13.5715 0
      vertex -2.05534 -7.93533 0
    endloop
  endfacet
  facet normal 0 0 -1
    outer loop
      vertex -7.29918 -13.1791 0
      vertex -2.05534 -7.93533 0
      vertex -6.95508 -13.5715 0
    endloop
  endfacet
  facet normal -0 0 -1
    outer loop
      vertex -2.05534 -7.93533 0
      vertex -7.29918 -13.1791 0
      vertex -3.17699 -6.95168 0
    endloop
  endfacet
  facet normal 0 0 -1
    outer loop
      vertex -7.6915 -12.8351 0
      vertex -3.17699 -6.95168 0
      vertex -7.29918 -13.1791 0
    endloop
  endfacet
  facet normal -0 0 -1
    outer loop
      vertex -3.17699 -6.95168 0
      vertex -7.6915 -12.8351 0
      vertex -4.41742 -6.12285 0
    endloop
  endfacet
  facet normal 0 0 -1
    outer loop
      vertex -8.12532 -12.5452 0
      vertex -4.41742 -6.12285 0
      vertex -7.6915 -12.8351 0
    endloop
  endfacet
  facet normal -0 0 -1
    outer loop
      vertex -4.41742 -6.12285 0
      vertex -8.12532 -12.5452 0
      vertex -5.75543 -5.46301 0
    endloop
  endfacet
  facet normal 0 0 -1
    outer loop
      vertex -8.59337 -12.3144 0
      vertex -5.75543 -5.46301 0
      vertex -8.12532 -12.5452 0
    endloop
  endfacet
  facet normal -0 0 -1
    outer loop
      vertex -5.75543 -5.46301 0
      vertex -8.59337 -12.3144 0
      vertex -7.16812 -4.98346 0
    endloop
  endfacet
  facet normal 0 0 -1
    outer loop
      vertex -9.08754 -12.1466 0
      vertex -7.16812 -4.98346 0
      vertex -8.59337 -12.3144 0
    endloop
  endfacet
  facet normal -0 0 -1
    outer loop
      vertex -7.16812 -4.98346 0
      vertex -9.08754 -12.1466 0
      vertex -8.63133 -4.69243 0
    endloop
  endfacet
  facet normal 0 0 -1
    outer loop
      vertex -9.59927 -12.0448 0
      vertex -8.63133 -4.69243 0
      vertex -9.08754 -12.1466 0
    endloop
  endfacet
  facet normal 0 0 -1
    outer loop
      vertex -10.12 -12.0107 0
      vertex -8.63133 -4.69243 0
      vertex -9.59927 -12.0448 0
    endloop
  endfacet
  facet normal 0 0 -1
    outer loop
      vertex -10.12 -12.0107 0
      vertex -10.12 -4.59485 0
      vertex -8.63133 -4.69243 0
    endloop
  endfacet
  facet normal 0 0 -1
    outer loop
      vertex -10.6407 -12.0448 0
      vertex -10.12 -4.59485 0
      vertex -10.12 -12.0107 0
    endloop
  endfacet
  facet normal 0 0 -1
    outer loop
      vertex -11.6086 -4.69243 0
      vertex -10.6407 -12.0448 0
      vertex -11.1525 -12.1466 0
    endloop
  endfacet
  facet normal 0 0 -1
    outer loop
      vertex -10.6407 -12.0448 0
      vertex -11.6086 -4.69243 0
      vertex -10.12 -4.59485 0
    endloop
  endfacet
  facet normal 0 0 -1
    outer loop
      vertex -13.0719 -4.98346 0
      vertex -11.1525 -12.1466 0
      vertex -11.6466 -12.3144 0
    endloop
  endfacet
  facet normal 0 0 -1
    outer loop
      vertex -14.4846 -5.46301 0
      vertex -11.6466 -12.3144 0
      vertex -12.1147 -12.5452 0
    endloop
  endfacet
  facet normal 0 0 -1
    outer loop
      vertex -15.8226 -6.12285 0
      vertex -12.1147 -12.5452 0
      vertex -12.5484 -12.835 0
    endloop
  endfacet
  facet normal 0 0 -1
    outer loop
      vertex -17.02 -6.92294 0
      vertex -12.5484 -12.835 0
      vertex -12.9408 -13.1792 0
    endloop
  endfacet
  facet normal 0 0 -1
    outer loop
      vertex -11.1525 -12.1466 0
      vertex -13.0719 -4.98346 0
      vertex -11.6086 -4.69243 0
    endloop
  endfacet
  facet normal 0 0 -1
    outer loop
      vertex -11.6466 -12.3144 0
      vertex -14.4846 -5.46301 0
      vertex -13.0719 -4.98346 0
    endloop
  endfacet
  facet normal 0 0 -1
    outer loop
      vertex -12.1147 -12.5452 0
      vertex -15.8226 -6.12285 0
      vertex -14.4846 -5.46301 0
    endloop
  endfacet
  facet normal 0 0 -1
    outer loop
      vertex -21.0992 -13.1791 0
      vertex -12.9408 -13.1792 0
      vertex -17.02 -17.8305 0
    endloop
  endfacet
  facet normal 0 0 -1
    outer loop
      vertex -12.5484 -12.835 0
      vertex -17.02 -6.92294 0
      vertex -15.8226 -6.12285 0
    endloop
  endfacet
  facet normal 0 0 -1
    outer loop
      vertex -12.9408 -13.1792 0
      vertex -21.0992 -13.1791 0
      vertex -17.02 -6.92294 0
    endloop
  endfacet
  facet normal 0 0 -1
    outer loop
      vertex -21.4915 -12.8351 0
      vertex -17.02 -6.92294 0
      vertex -21.0992 -13.1791 0
    endloop
  endfacet
  facet normal -0 0 -1
    outer loop
      vertex -17.02 -6.92294 0
      vertex -21.4915 -12.8351 0
      vertex -18.2174 -6.12285 0
    endloop
  endfacet
  facet normal 0 0 -1
    outer loop
      vertex -21.9253 -12.5452 0
      vertex -18.2174 -6.12285 0
      vertex -21.4915 -12.8351 0
    endloop
  endfacet
  facet normal -0 0 -1
    outer loop
      vertex -18.2174 -6.12285 0
      vertex -21.9253 -12.5452 0
      vertex -19.5554 -5.46301 0
    endloop
  endfacet
  facet normal 0 0 -1
    outer loop
      vertex -22.3934 -12.3144 0
      vertex -19.5554 -5.46301 0
      vertex -21.9253 -12.5452 0
    endloop
  endfacet
  facet normal -0 0 -1
    outer loop
      vertex -19.5554 -5.46301 0
      vertex -22.3934 -12.3144 0
      vertex -20.9681 -4.98346 0
    endloop
  endfacet
  facet normal 0 0 -1
    outer loop
      vertex -22.8875 -12.1466 0
      vertex -20.9681 -4.98346 0
      vertex -22.3934 -12.3144 0
    endloop
  endfacet
  facet normal -0 0 -1
    outer loop
      vertex -20.9681 -4.98346 0
      vertex -22.8875 -12.1466 0
      vertex -22.4313 -4.69243 0
    endloop
  endfacet
  facet normal 0 0 -1
    outer loop
      vertex -23.3993 -12.0448 0
      vertex -22.4313 -4.69243 0
      vertex -22.8875 -12.1466 0
    endloop
  endfacet
  facet normal 0 0 -1
    outer loop
      vertex -23.92 -12.0107 0
      vertex -22.4313 -4.69243 0
      vertex -23.3993 -12.0448 0
    endloop
  endfacet
  facet normal 0 0 -1
    outer loop
      vertex -23.92 -12.0107 0
      vertex -23.92 -4.59485 0
      vertex -22.4313 -4.69243 0
    endloop
  endfacet
  facet normal 0 0 -1
    outer loop
      vertex -24.4407 -12.0448 0
      vertex -23.92 -4.59485 0
      vertex -23.92 -12.0107 0
    endloop
  endfacet
  facet normal 0 0 -1
    outer loop
      vertex -25.4086 -4.69243 0
      vertex -24.4407 -12.0448 0
      vertex -24.9524 -12.1466 0
    endloop
  endfacet
  facet normal 0 0 -1
    outer loop
      vertex -24.4407 -12.0448 0
      vertex -25.4086 -4.69243 0
      vertex -23.92 -4.59485 0
    endloop
  endfacet
  facet normal 0 0 -1
    outer loop
      vertex -26.8719 -4.98346 0
      vertex -24.9524 -12.1466 0
      vertex -25.4466 -12.3144 0
    endloop
  endfacet
  facet normal 0 0 -1
    outer loop
      vertex -28.2845 -5.46301 0
      vertex -25.4466 -12.3144 0
      vertex -25.9147 -12.5452 0
    endloop
  endfacet
  facet normal 0 0 -1
    outer loop
      vertex -29.6226 -6.12285 0
      vertex -25.9147 -12.5452 0
      vertex -26.3484 -12.835 0
    endloop
  endfacet
  facet normal 0 0 -1
    outer loop
      vertex -30.863 -6.95169 0
      vertex -26.3484 -12.835 0
      vertex -26.7408 -13.1792 0
    endloop
  endfacet
  facet normal 0 0 -1
    outer loop
      vertex -24.9524 -12.1466 0
      vertex -26.8719 -4.98346 0
      vertex -25.4086 -4.69243 0
    endloop
  endfacet
  facet normal 0 0 -1
    outer loop
      vertex -32.663 -8.70883 0
      vertex -26.7408 -13.1792 0
      vertex -27.0849 -13.5715 0
    endloop
  endfacet
  facet normal 0 0 -1
    outer loop
      vertex -32.663 -8.70883 0
      vertex -27.0849 -13.5715 0
      vertex -27.3748 -14.0054 0
    endloop
  endfacet
  facet normal 0 0 -1
    outer loop
      vertex -25.4466 -12.3144 0
      vertex -28.2845 -5.46301 0
      vertex -26.8719 -4.98346 0
    endloop
  endfacet
  facet normal 0 0 -1
    outer loop
      vertex -34.1711 -16.0363 0
      vertex -27.3748 -14.0054 0
      vertex -29.1898 -17.6858 0
    endloop
  endfacet
  facet normal 0 0 -1
    outer loop
      vertex -25.9147 -12.5452 0
      vertex -29.6226 -6.12285 0
      vertex -28.2845 -5.46301 0
    endloop
  endfacet
  facet normal 0 0 -1
    outer loop
      vertex -26.3484 -12.835 0
      vertex -30.863 -6.95169 0
      vertex -29.6226 -6.12285 0
    endloop
  endfacet
  facet normal 0 0 -1
    outer loop
      vertex -26.7408 -13.1792 0
      vertex -31.9846 -7.93533 0
      vertex -30.863 -6.95169 0
    endloop
  endfacet
  facet normal 0 0 -1
    outer loop
      vertex -26.7408 -13.1792 0
      vertex -32.663 -8.70883 0
      vertex -31.9846 -7.93533 0
    endloop
  endfacet
  facet normal -0 0 -1
    outer loop
      vertex -27.3748 -14.0054 0
      vertex -34.1711 -16.0363 0
      vertex -32.663 -8.70883 0
    endloop
  endfacet
  facet normal 0 0 -1
    outer loop
      vertex -35.877 -15.413 0
      vertex -32.663 -8.70883 0
      vertex -34.1711 -16.0363 0
    endloop
  endfacet
  facet normal -0 0 -1
    outer loop
      vertex -32.663 -8.70883 0
      vertex -35.877 -15.413 0
      vertex -33.2229 -8.50426 0
    endloop
  endfacet
  facet normal -0 0 -1
    outer loop
      vertex -33.2229 -8.50426 0
      vertex -35.877 -15.413 0
      vertex -34.6209 -7.94058 0
    endloop
  endfacet
  facet normal 0 0 -1
    outer loop
      vertex -37.5118 -14.7538 0
      vertex -34.6209 -7.94058 0
      vertex -35.877 -15.413 0
    endloop
  endfacet
  facet normal -0 0 -1
    outer loop
      vertex -34.6209 -7.94058 0
      vertex -37.5118 -14.7538 0
      vertex -35.9272 -7.35834 0
    endloop
  endfacet
  facet normal 0 0 -1
    outer loop
      vertex -39.0732 -14.0579 0
      vertex -35.9272 -7.35834 0
      vertex -37.5118 -14.7538 0
    endloop
  endfacet
  facet normal -0 0 -1
    outer loop
      vertex -35.9272 -7.35834 0
      vertex -39.0732 -14.0579 0
      vertex -37.1379 -6.76041 0
    endloop
  endfacet
  facet normal 0 0 -1
    outer loop
      vertex -40.5593 -13.324 0
      vertex -37.1379 -6.76041 0
      vertex -39.0732 -14.0579 0
    endloop
  endfacet
  facet normal -0 0 -1
    outer loop
      vertex -37.1379 -6.76041 0
      vertex -40.5593 -13.324 0
      vertex -38.2491 -6.15004 0
    endloop
  endfacet
  facet normal 0 0 -1
    outer loop
      vertex -41.9686 -12.5498 0
      vertex -38.2491 -6.15004 0
      vertex -40.5593 -13.324 0
    endloop
  endfacet
  facet normal -0 0 -1
    outer loop
      vertex -38.2491 -6.15004 0
      vertex -41.9686 -12.5498 0
      vertex -39.2574 -5.53098 0
    endloop
  endfacet
  facet normal 0 0 -1
    outer loop
      vertex -43.2997 -11.7326 0
      vertex -39.2574 -5.53098 0
      vertex -41.9686 -12.5498 0
    endloop
  endfacet
  facet normal -0 0 -1
    outer loop
      vertex -39.2574 -5.53098 0
      vertex -43.2997 -11.7326 0
      vertex -40.1593 -4.90776 0
    endloop
  endfacet
  facet normal 0 0 -1
    outer loop
      vertex -44.5508 -10.8681 0
      vertex -40.1593 -4.90776 0
      vertex -43.2997 -11.7326 0
    endloop
  endfacet
  facet normal -0 0 -1
    outer loop
      vertex -40.1593 -4.90776 0
      vertex -44.5508 -10.8681 0
      vertex -40.9522 -4.28558 0
    endloop
  endfacet
  facet normal 0 0 -1
    outer loop
      vertex -45.7197 -9.95084 0
      vertex -40.9522 -4.28558 0
      vertex -44.5508 -10.8681 0
    endloop
  endfacet
  facet normal -0 0 -1
    outer loop
      vertex -40.9522 -4.28558 0
      vertex -45.7197 -9.95084 0
      vertex -41.6348 -3.67007 0
    endloop
  endfacet
  facet normal 0 0 -1
    outer loop
      vertex -46.8031 -8.97391 0
      vertex -41.6348 -3.67007 0
      vertex -45.7197 -9.95084 0
    endloop
  endfacet
  facet normal -0 0 -1
    outer loop
      vertex -41.6348 -3.67007 0
      vertex -46.8031 -8.97391 0
      vertex -42.2066 -3.06801 0
    endloop
  endfacet
  facet normal 0 0 -1
    outer loop
      vertex -47.7955 -7.92902 0
      vertex -42.2066 -3.06801 0
      vertex -46.8031 -8.97391 0
    endloop
  endfacet
  facet normal -0 0 -1
    outer loop
      vertex -42.2066 -3.06801 0
      vertex -47.7955 -7.92902 0
      vertex -42.6695 -2.48621 0
    endloop
  endfacet
  facet normal 0 0 -1
    outer loop
      vertex -48.688 -6.80731 0
      vertex -42.6695 -2.48621 0
      vertex -47.7955 -7.92902 0
    endloop
  endfacet
  facet normal -0 0 -1
    outer loop
      vertex -42.6695 -2.48621 0
      vertex -48.688 -6.80731 0
      vertex -43.0278 -1.9313 0
    endloop
  endfacet
  facet normal 0 0 -1
    outer loop
      vertex 42.6695 2.48621 0
      vertex 48.688 6.80731 0
      vertex 43.0278 1.9313 0
    endloop
  endfacet
  facet normal -0 0 -1
    outer loop
      vertex 48.688 6.80731 0
      vertex 42.6695 2.48621 0
      vertex 47.7955 7.92902 0
    endloop
  endfacet
  facet normal 0 0 -1
    outer loop
      vertex 42.2066 3.06801 0
      vertex 47.7955 7.92902 0
      vertex 42.6695 2.48621 0
    endloop
  endfacet
  facet normal -0 0 -1
    outer loop
      vertex 47.7955 7.92902 0
      vertex 42.2066 3.06801 0
      vertex 46.8031 8.97391 0
    endloop
  endfacet
  facet normal 0 0 -1
    outer loop
      vertex 41.6348 3.67007 0
      vertex 46.8031 8.97391 0
      vertex 42.2066 3.06801 0
    endloop
  endfacet
  facet normal -0 0 -1
    outer loop
      vertex 46.8031 8.97391 0
      vertex 41.6348 3.67007 0
      vertex 45.7197 9.95084 0
    endloop
  endfacet
  facet normal 0 0 -1
    outer loop
      vertex 40.9522 4.28558 0
      vertex 45.7197 9.95084 0
      vertex 41.6348 3.67007 0
    endloop
  endfacet
  facet normal -0 0 -1
    outer loop
      vertex 45.7197 9.95084 0
      vertex 40.9522 4.28558 0
      vertex 44.5508 10.8681 0
    endloop
  endfacet
  facet normal 0 0 -1
    outer loop
      vertex 40.1593 4.90776 0
      vertex 44.5508 10.8681 0
      vertex 40.9522 4.28558 0
    endloop
  endfacet
  facet normal -0 0 -1
    outer loop
      vertex 44.5508 10.8681 0
      vertex 40.1593 4.90776 0
      vertex 43.2997 11.7326 0
    endloop
  endfacet
  facet normal 0 0 -1
    outer loop
      vertex 39.2574 5.53098 0
      vertex 43.2997 11.7326 0
      vertex 40.1593 4.90776 0
    endloop
  endfacet
  facet normal -0 0 -1
    outer loop
      vertex 43.2997 11.7326 0
      vertex 39.2574 5.53098 0
      vertex 41.9686 12.5498 0
    endloop
  endfacet
  facet normal 0 0 -1
    outer loop
      vertex 38.2491 6.15004 0
      vertex 41.9686 12.5498 0
      vertex 39.2574 5.53098 0
    endloop
  endfacet
  facet normal -0 0 -1
    outer loop
      vertex 41.9686 12.5498 0
      vertex 38.2491 6.15004 0
      vertex 40.5593 13.324 0
    endloop
  endfacet
  facet normal 0 0 -1
    outer loop
      vertex 37.1379 6.76041 0
      vertex 40.5593 13.324 0
      vertex 38.2491 6.15004 0
    endloop
  endfacet
  facet normal -0 0 -1
    outer loop
      vertex 40.5593 13.324 0
      vertex 37.1379 6.76041 0
      vertex 39.0732 14.0579 0
    endloop
  endfacet
  facet normal 0 0 -1
    outer loop
      vertex 35.9272 7.35834 0
      vertex 39.0732 14.0579 0
      vertex 37.1379 6.76041 0
    endloop
  endfacet
  facet normal -0 0 -1
    outer loop
      vertex 39.0732 14.0579 0
      vertex 35.9272 7.35834 0
      vertex 37.5118 14.7538 0
    endloop
  endfacet
  facet normal 0 0 -1
    outer loop
      vertex 34.6209 7.94058 0
      vertex 37.5118 14.7538 0
      vertex 35.9272 7.35834 0
    endloop
  endfacet
  facet normal -0 0 -1
    outer loop
      vertex 37.5118 14.7538 0
      vertex 34.6209 7.94058 0
      vertex 35.877 15.413 0
    endloop
  endfacet
  facet normal 0 0 -1
    outer loop
      vertex 33.2229 8.50426 0
      vertex 35.877 15.413 0
      vertex 34.6209 7.94058 0
    endloop
  endfacet
  facet normal -0 0 -1
    outer loop
      vertex 35.877 15.413 0
      vertex 33.2229 8.50426 0
      vertex 34.1711 16.0363 0
    endloop
  endfacet
  facet normal 0 0 -1
    outer loop
      vertex 31.7377 9.04691 0
      vertex 34.1711 16.0363 0
      vertex 33.2229 8.50426 0
    endloop
  endfacet
  facet normal -0 0 -1
    outer loop
      vertex 34.1711 16.0363 0
      vertex 31.7377 9.04691 0
      vertex 32.3964 16.624 0
    endloop
  endfacet
  facet normal 0 0 -1
    outer loop
      vertex 30.1693 9.56628 0
      vertex 32.3964 16.624 0
      vertex 31.7377 9.04691 0
    endloop
  endfacet
  facet normal -0 0 -1
    outer loop
      vertex 32.3964 16.624 0
      vertex 30.1693 9.56628 0
      vertex 30.5557 17.1762 0
    endloop
  endfacet
  facet normal 0 0 -1
    outer loop
      vertex 28.5228 10.0603 0
      vertex 30.5557 17.1762 0
      vertex 30.1693 9.56628 0
    endloop
  endfacet
  facet normal -0 0 -1
    outer loop
      vertex 30.5557 17.1762 0
      vertex 28.5228 10.0603 0
      vertex 28.6521 17.693 0
    endloop
  endfacet
  facet normal 0 0 -1
    outer loop
      vertex 26.8023 10.5273 0
      vertex 28.6521 17.693 0
      vertex 28.5228 10.0603 0
    endloop
  endfacet
  facet normal 0 0 -1
    outer loop
      vertex 26.8023 10.5273 0
      vertex 26.689 18.1739 0
      vertex 28.6521 17.693 0
    endloop
  endfacet
  facet normal 0 0 -1
    outer loop
      vertex 25.0129 10.9657 0
      vertex 26.689 18.1739 0
      vertex 26.8023 10.5273 0
    endloop
  endfacet
  facet normal 0 0 -1
    outer loop
      vertex 25.0129 10.9657 0
      vertex 24.6699 18.6186 0
      vertex 26.689 18.1739 0
    endloop
  endfacet
  facet normal 0 0 -1
    outer loop
      vertex 23.1583 11.3741 0
      vertex 24.6699 18.6186 0
      vertex 25.0129 10.9657 0
    endloop
  endfacet
  facet normal 0 0 -1
    outer loop
      vertex 23.1583 11.3741 0
      vertex 22.5988 19.0267 0
      vertex 24.6699 18.6186 0
    endloop
  endfacet
  facet normal 0 0 -1
    outer loop
      vertex 21.2454 11.7511 0
      vertex 22.5988 19.0267 0
      vertex 23.1583 11.3741 0
    endloop
  endfacet
  facet normal 0 0 -1
    outer loop
      vertex 21.2454 11.7511 0
      vertex 20.4797 19.3977 0
      vertex 22.5988 19.0267 0
    endloop
  endfacet
  facet normal 0 0 -1
    outer loop
      vertex 19.2778 12.0956 0
      vertex 20.4797 19.3977 0
      vertex 21.2454 11.7511 0
    endloop
  endfacet
  facet normal 0 0 -1
    outer loop
      vertex 19.2778 12.0956 0
      vertex 18.3169 19.7311 0
      vertex 20.4797 19.3977 0
    endloop
  endfacet
  facet normal 0 0 -1
    outer loop
      vertex 17.2603 12.4066 0
      vertex 18.3169 19.7311 0
      vertex 19.2778 12.0956 0
    endloop
  endfacet
  facet normal 0 0 -1
    outer loop
      vertex 17.2603 12.4066 0
      vertex 16.7919 19.9358 0
      vertex 18.3169 19.7311 0
    endloop
  endfacet
  facet normal 0 0 -1
    outer loop
      vertex 15.2006 12.683 0
      vertex 16.7919 19.9358 0
      vertex 17.2603 12.4066 0
    endloop
  endfacet
  facet normal 0 0 -1
    outer loop
      vertex 13.1015 12.9242 0
      vertex 16.7919 19.9358 0
      vertex 15.2006 12.683 0
    endloop
  endfacet
  facet normal 0 0 -1
    outer loop
      vertex 10.9686 13.1295 0
      vertex 16.7919 19.9358 0
      vertex 13.1015 12.9242 0
    endloop
  endfacet
  facet normal 0 0 -1
    outer loop
      vertex 6.67018 26.9 0
      vertex 16.7919 19.9358 0
      vertex 10.9686 13.1295 0
    endloop
  endfacet
  facet normal 0 0 -1
    outer loop
      vertex 6 28.9105 0
      vertex 16.7919 19.9358 0
      vertex 6.67018 26.9 0
    endloop
  endfacet
  facet normal 0 0 -1
    outer loop
      vertex 6 28.9105 0
      vertex 6 52.3114 0
      vertex 16.7919 19.9358 0
    endloop
  endfacet
  facet normal 0 0 -1
    outer loop
      vertex 1.70682 26.3701 0
      vertex 6 28.9105 0
      vertex 5.32982 26.9 0
    endloop
  endfacet
  facet normal 0 0 -1
    outer loop
      vertex 1.70682 26.3701 0
      vertex 5.32982 26.9 0
      vertex 4.69649 25.3553 0
    endloop
  endfacet
  facet normal -0 0 -1
    outer loop
      vertex 6 28.9105 0
      vertex 1.70682 26.3701 0
      vertex 0 34.3114 0
    endloop
  endfacet
  facet normal 0 0 -1
    outer loop
      vertex 0 34.3114 0
      vertex 1.70682 26.3701 0
      vertex 0.860886 26.5384 0
    endloop
  endfacet
  facet normal 0 0 -1
    outer loop
      vertex 0 34.3114 0
      vertex 0.860886 26.5384 0
      vertex 0 26.5948 0
    endloop
  endfacet
  facet normal 0 0 -1
    outer loop
      vertex 6 28.9105 0
      vertex 0 34.3114 0
      vertex 6 52.3114 0
    endloop
  endfacet
  facet normal 0 0 -1
    outer loop
      vertex -0.860886 26.5384 0
      vertex 0 34.3114 0
      vertex 0 26.5948 0
    endloop
  endfacet
  facet normal 0 0 -1
    outer loop
      vertex -1.70682 26.3701 0
      vertex 0 34.3114 0
      vertex -0.860886 26.5384 0
    endloop
  endfacet
  facet normal 0 0 -1
    outer loop
      vertex -5.32982 26.9 0
      vertex -1.70682 26.3701 0
      vertex -4.69649 25.3553 0
    endloop
  endfacet
  facet normal 0 0 -1
    outer loop
      vertex -6 28.9105 0
      vertex -1.70682 26.3701 0
      vertex -5.32982 26.9 0
    endloop
  endfacet
  facet normal 0 0 -1
    outer loop
      vertex -1.70682 26.3701 0
      vertex -6 28.9105 0
      vertex 0 34.3114 0
    endloop
  endfacet
  facet normal 0 0 -1
    outer loop
      vertex -6 28.9105 0
      vertex -6 52.3114 0
      vertex 0 34.3114 0
    endloop
  endfacet
  facet normal 0 0 -1
    outer loop
      vertex -16.7919 19.9358 0
      vertex -6 28.9105 0
      vertex -6.67018 26.9 0
    endloop
  endfacet
  facet normal 0 0 -1
    outer loop
      vertex -6.60001 19.9212 0
      vertex -16.7919 19.9358 0
      vertex -6.67018 26.9 0
    endloop
  endfacet
  facet normal 0 0 -1
    outer loop
      vertex -16.7919 19.9358 0
      vertex -10.9686 13.1295 0
      vertex -13.1015 12.9242 0
    endloop
  endfacet
  facet normal 0 0 -1
    outer loop
      vertex -16.7919 19.9358 0
      vertex -13.1015 12.9242 0
      vertex -15.2006 12.683 0
    endloop
  endfacet
  facet normal -0 0 -1
    outer loop
      vertex -6 28.9105 0
      vertex -16.7919 19.9358 0
      vertex -6 52.3114 0
    endloop
  endfacet
  facet normal 0 0 -1
    outer loop
      vertex -17.2603 12.4066 0
      vertex -16.7919 19.9358 0
      vertex -15.2006 12.683 0
    endloop
  endfacet
  facet normal 0 0 -1
    outer loop
      vertex -17.2603 12.4066 0
      vertex -18.3169 19.7311 0
      vertex -16.7919 19.9358 0
    endloop
  endfacet
  facet normal 0 0 -1
    outer loop
      vertex -19.2778 12.0956 0
      vertex -18.3169 19.7311 0
      vertex -17.2603 12.4066 0
    endloop
  endfacet
  facet normal 0 0 -1
    outer loop
      vertex -19.2778 12.0956 0
      vertex -20.4797 19.3977 0
      vertex -18.3169 19.7311 0
    endloop
  endfacet
  facet normal 0 0 -1
    outer loop
      vertex -21.2454 11.7511 0
      vertex -20.4797 19.3977 0
      vertex -19.2778 12.0956 0
    endloop
  endfacet
  facet normal 0 0 -1
    outer loop
      vertex -21.2454 11.7511 0
      vertex -22.5988 19.0267 0
      vertex -20.4797 19.3977 0
    endloop
  endfacet
  facet normal 0 0 -1
    outer loop
      vertex -23.1583 11.3741 0
      vertex -22.5988 19.0267 0
      vertex -21.2454 11.7511 0
    endloop
  endfacet
  facet normal 0 0 -1
    outer loop
      vertex -23.1583 11.3741 0
      vertex -24.6699 18.6186 0
      vertex -22.5988 19.0267 0
    endloop
  endfacet
  facet normal 0 0 -1
    outer loop
      vertex -25.0129 10.9657 0
      vertex -24.6699 18.6186 0
      vertex -23.1583 11.3741 0
    endloop
  endfacet
  facet normal 0 0 -1
    outer loop
      vertex -25.0129 10.9657 0
      vertex -26.689 18.1739 0
      vertex -24.6699 18.6186 0
    endloop
  endfacet
  facet normal 0 0 -1
    outer loop
      vertex -26.8023 10.5273 0
      vertex -26.689 18.1739 0
      vertex -25.0129 10.9657 0
    endloop
  endfacet
  facet normal 0 0 -1
    outer loop
      vertex -28.6521 17.693 0
      vertex -26.8023 10.5273 0
      vertex -28.5228 10.0603 0
    endloop
  endfacet
  facet normal 0 0 -1
    outer loop
      vertex -26.8023 10.5273 0
      vertex -28.6521 17.693 0
      vertex -26.689 18.1739 0
    endloop
  endfacet
  facet normal 0 0 -1
    outer loop
      vertex -30.5557 17.1762 0
      vertex -28.5228 10.0603 0
      vertex -30.1693 9.56628 0
    endloop
  endfacet
  facet normal 0 0 -1
    outer loop
      vertex -28.5228 10.0603 0
      vertex -30.5557 17.1762 0
      vertex -28.6521 17.693 0
    endloop
  endfacet
  facet normal 0 0 -1
    outer loop
      vertex -32.3964 16.624 0
      vertex -30.1693 9.56628 0
      vertex -31.7377 9.04691 0
    endloop
  endfacet
  facet normal 0 0 -1
    outer loop
      vertex -30.1693 9.56628 0
      vertex -32.3964 16.624 0
      vertex -30.5557 17.1762 0
    endloop
  endfacet
  facet normal 0 0 -1
    outer loop
      vertex -34.1711 16.0363 0
      vertex -31.7377 9.04691 0
      vertex -33.2229 8.50426 0
    endloop
  endfacet
  facet normal 0 0 -1
    outer loop
      vertex -31.7377 9.04691 0
      vertex -34.1711 16.0363 0
      vertex -32.3964 16.624 0
    endloop
  endfacet
  facet normal 0 0 -1
    outer loop
      vertex -35.877 15.413 0
      vertex -33.2229 8.50426 0
      vertex -34.6209 7.94058 0
    endloop
  endfacet
  facet normal 0 0 -1
    outer loop
      vertex -33.2229 8.50426 0
      vertex -35.877 15.413 0
      vertex -34.1711 16.0363 0
    endloop
  endfacet
  facet normal 0 0 -1
    outer loop
      vertex -37.5118 14.7538 0
      vertex -34.6209 7.94058 0
      vertex -35.9272 7.35834 0
    endloop
  endfacet
  facet normal 0 0 -1
    outer loop
      vertex -39.0732 14.0579 0
      vertex -35.9272 7.35834 0
      vertex -37.1379 6.76041 0
    endloop
  endfacet
  facet normal 0 0 -1
    outer loop
      vertex -34.6209 7.94058 0
      vertex -37.5118 14.7538 0
      vertex -35.877 15.413 0
    endloop
  endfacet
  facet normal 0 0 -1
    outer loop
      vertex -40.5593 13.324 0
      vertex -37.1379 6.76041 0
      vertex -38.2491 6.15004 0
    endloop
  endfacet
  facet normal 0 0 -1
    outer loop
      vertex -35.9272 7.35834 0
      vertex -39.0732 14.0579 0
      vertex -37.5118 14.7538 0
    endloop
  endfacet
  facet normal 0 0 -1
    outer loop
      vertex -41.9686 12.5498 0
      vertex -38.2491 6.15004 0
      vertex -39.2574 5.53098 0
    endloop
  endfacet
  facet normal 0 0 -1
    outer loop
      vertex -43.2997 11.7326 0
      vertex -39.2574 5.53098 0
      vertex -40.1593 4.90776 0
    endloop
  endfacet
  facet normal 0 0 -1
    outer loop
      vertex -37.1379 6.76041 0
      vertex -40.5593 13.324 0
      vertex -39.0732 14.0579 0
    endloop
  endfacet
  facet normal 0 0 -1
    outer loop
      vertex -44.5508 10.8681 0
      vertex -40.1593 4.90776 0
      vertex -40.9522 4.28558 0
    endloop
  endfacet
  facet normal 0 0 -1
    outer loop
      vertex -45.7197 9.95084 0
      vertex -40.9522 4.28558 0
      vertex -41.6348 3.67007 0
    endloop
  endfacet
  facet normal 0 0 -1
    outer loop
      vertex -38.2491 6.15004 0
      vertex -41.9686 12.5498 0
      vertex -40.5593 13.324 0
    endloop
  endfacet
  facet normal 0 0 -1
    outer loop
      vertex -46.8031 8.97391 0
      vertex -41.6348 3.67007 0
      vertex -42.2066 3.06801 0
    endloop
  endfacet
  facet normal 0 0 -1
    outer loop
      vertex -47.7955 7.92902 0
      vertex -42.2066 3.06801 0
      vertex -42.6695 2.48621 0
    endloop
  endfacet
  facet normal 0 0 -1
    outer loop
      vertex -48.688 6.80731 0
      vertex -42.6695 2.48621 0
      vertex -43.0278 1.9313 0
    endloop
  endfacet
  facet normal 0 0 -1
    outer loop
      vertex -49.4668 5.60097 0
      vertex -43.0278 1.9313 0
      vertex -43.2891 1.40746 0
    endloop
  endfacet
  facet normal 0 0 -1
    outer loop
      vertex -39.2574 5.53098 0
      vertex -43.2997 11.7326 0
      vertex -41.9686 12.5498 0
    endloop
  endfacet
  facet normal 0 0 -1
    outer loop
      vertex -50.1126 4.30646 0
      vertex -43.2891 1.40746 0
      vertex -43.4636 0.91539 0
    endloop
  endfacet
  facet normal 0 0 -1
    outer loop
      vertex -50.6013 2.92833 0
      vertex -43.4636 0.91539 0
      vertex -43.5623 0.450089 0
    endloop
  endfacet
  facet normal 0 0 -1
    outer loop
      vertex -50.9077 1.48311 0
      vertex -43.5623 0.450089 0
      vertex -43.594 0 0
    endloop
  endfacet
  facet normal 0 0 -1
    outer loop
      vertex -49.4668 -5.60097 0
      vertex -43.0278 -1.9313 0
      vertex -48.688 -6.80731 0
    endloop
  endfacet
  facet normal 0 0 -1
    outer loop
      vertex -40.1593 4.90776 0
      vertex -44.5508 10.8681 0
      vertex -43.2997 11.7326 0
    endloop
  endfacet
  facet normal -0 0 -1
    outer loop
      vertex -43.0278 -1.9313 0
      vertex -49.4668 -5.60097 0
      vertex -43.2891 -1.40746 0
    endloop
  endfacet
  facet normal 0 0 -1
    outer loop
      vertex -40.9522 4.28558 0
      vertex -45.7197 9.95084 0
      vertex -44.5508 10.8681 0
    endloop
  endfacet
  facet normal 0 0 -1
    outer loop
      vertex -50.1126 -4.30646 0
      vertex -43.2891 -1.40746 0
      vertex -49.4668 -5.60097 0
    endloop
  endfacet
  facet normal 0 0 -1
    outer loop
      vertex -41.6348 3.67007 0
      vertex -46.8031 8.97391 0
      vertex -45.7197 9.95084 0
    endloop
  endfacet
  facet normal -0 0 -1
    outer loop
      vertex -43.2891 -1.40746 0
      vertex -50.1126 -4.30646 0
      vertex -43.4636 -0.91539 0
    endloop
  endfacet
  facet normal 0 0 -1
    outer loop
      vertex -42.2066 3.06801 0
      vertex -47.7955 7.92902 0
      vertex -46.8031 8.97391 0
    endloop
  endfacet
  facet normal 0 0 -1
    outer loop
      vertex -50.6013 -2.92833 0
      vertex -43.4636 -0.91539 0
      vertex -50.1126 -4.30646 0
    endloop
  endfacet
  facet normal 0 0 -1
    outer loop
      vertex -42.6695 2.48621 0
      vertex -48.688 6.80731 0
      vertex -47.7955 7.92902 0
    endloop
  endfacet
  facet normal -0 0 -1
    outer loop
      vertex -43.4636 -0.91539 0
      vertex -50.6013 -2.92833 0
      vertex -43.5623 -0.450089 0
    endloop
  endfacet
  facet normal 0 0 -1
    outer loop
      vertex -43.0278 1.9313 0
      vertex -49.4668 5.60097 0
      vertex -48.688 6.80731 0
    endloop
  endfacet
  facet normal 0 0 -1
    outer loop
      vertex -50.9077 -1.48311 0
      vertex -43.5623 -0.450089 0
      vertex -50.6013 -2.92833 0
    endloop
  endfacet
  facet normal 0 0 -1
    outer loop
      vertex -43.2891 1.40746 0
      vertex -50.1126 4.30646 0
      vertex -49.4668 5.60097 0
    endloop
  endfacet
  facet normal -0 0 -1
    outer loop
      vertex -43.5623 -0.450089 0
      vertex -50.9077 -1.48311 0
      vertex -43.594 0 0
    endloop
  endfacet
  facet normal 0 0 -1
    outer loop
      vertex -43.4636 0.91539 0
      vertex -50.6013 2.92833 0
      vertex -50.1126 4.30646 0
    endloop
  endfacet
  facet normal 0 0 -1
    outer loop
      vertex -51.0124 0 0
      vertex -43.594 0 0
      vertex -50.9077 -1.48311 0
    endloop
  endfacet
  facet normal 0 0 -1
    outer loop
      vertex -43.5623 0.450089 0
      vertex -50.9077 1.48311 0
      vertex -50.6013 2.92833 0
    endloop
  endfacet
  facet normal 0 0 -1
    outer loop
      vertex -43.594 0 0
      vertex -51.0124 0 0
      vertex -50.9077 1.48311 0
    endloop
  endfacet
  facet normal 0 0 1
    outer loop
      vertex 9 20 18
      vertex 6.53841 20.8609 18
      vertex 6.60001 19.9212 18
    endloop
  endfacet
  facet normal 0 0 1
    outer loop
      vertex 7.79422 24.5 18
      vertex 6.37013 21.7068 18
      vertex 6.53841 20.8609 18
    endloop
  endfacet
  facet normal 0 0 1
    outer loop
      vertex 7.79422 24.5 18
      vertex 6.09286 22.5237 18
      vertex 6.37013 21.7068 18
    endloop
  endfacet
  facet normal 0 0 1
    outer loop
      vertex 4.69649 25.3553 18
      vertex 6.67018 26.9 18
      vertex 5.32982 26.9 18
    endloop
  endfacet
  facet normal 0 0 1
    outer loop
      vertex 7.79422 24.5 18
      vertex 4.69649 25.3553 18
      vertex 6.09286 22.5237 18
    endloop
  endfacet
  facet normal 0 0 1
    outer loop
      vertex 10 24.5 18
      vertex 6.67018 26.9 18
      vertex 7.79422 24.5 18
    endloop
  endfacet
  facet normal -0 0 1
    outer loop
      vertex 6 28.9105 18
      vertex 10 24.5 18
      vertex 6 36.5 18
    endloop
  endfacet
  facet normal 0 0 1
    outer loop
      vertex 10 24.5 18
      vertex 6 28.9105 18
      vertex 6.67018 26.9 18
    endloop
  endfacet
  facet normal 0 0 1
    outer loop
      vertex 3.28917 28.3675 18
      vertex 6 28.9105 18
      vertex 6 36.5 18
    endloop
  endfacet
  facet normal 0 0 1
    outer loop
      vertex 6 28.9105 18
      vertex 3.28917 28.3675 18
      vertex 5.32982 26.9 18
    endloop
  endfacet
  facet normal 0 0 1
    outer loop
      vertex 5.32982 26.9 18
      vertex 3.28917 28.3675 18
      vertex 4.69649 25.3553 18
    endloop
  endfacet
  facet normal 0 0 1
    outer loop
      vertex 1.70682 26.3701 18
      vertex 3.28917 28.3675 18
      vertex 2.32936 28.6933 18
    endloop
  endfacet
  facet normal 0 0 1
    outer loop
      vertex 3.28917 28.3675 18
      vertex 1.70682 26.3701 18
      vertex 4.69649 25.3553 18
    endloop
  endfacet
  facet normal 0 0 1
    outer loop
      vertex 1.17473 28.923 18
      vertex 1.70682 26.3701 18
      vertex 2.32936 28.6933 18
    endloop
  endfacet
  facet normal 0 0 1
    outer loop
      vertex 1.17473 28.923 18
      vertex 0.860886 26.5384 18
      vertex 1.70682 26.3701 18
    endloop
  endfacet
  facet normal 0 0 1
    outer loop
      vertex 0 29 18
      vertex 0.860886 26.5384 18
      vertex 1.17473 28.923 18
    endloop
  endfacet
  facet normal 0 0 1
    outer loop
      vertex 0 29 18
      vertex 0 26.5948 18
      vertex 0.860886 26.5384 18
    endloop
  endfacet
  facet normal 0 0 1
    outer loop
      vertex 0 29 18
      vertex -0.860886 26.5384 18
      vertex 0 26.5948 18
    endloop
  endfacet
  facet normal -0 0 1
    outer loop
      vertex -1.17473 28.923 18
      vertex -0.860886 26.5384 18
      vertex 0 29 18
    endloop
  endfacet
  facet normal 0 0 1
    outer loop
      vertex -1.17473 28.923 18
      vertex -1.70682 26.3701 18
      vertex -0.860886 26.5384 18
    endloop
  endfacet
  facet normal -0 0 1
    outer loop
      vertex -2.32936 28.6933 18
      vertex -1.70682 26.3701 18
      vertex -1.17473 28.923 18
    endloop
  endfacet
  facet normal -0 0 1
    outer loop
      vertex -3.28917 28.3675 18
      vertex -1.70682 26.3701 18
      vertex -2.32936 28.6933 18
    endloop
  endfacet
  facet normal 0 0 1
    outer loop
      vertex -3.28917 28.3675 18
      vertex -4.69649 25.3553 18
      vertex -1.70682 26.3701 18
    endloop
  endfacet
  facet normal 0 0 1
    outer loop
      vertex -3.28917 28.3675 18
      vertex -5.32982 26.9 18
      vertex -4.69649 25.3553 18
    endloop
  endfacet
  facet normal -0 0 1
    outer loop
      vertex -6 28.9105 18
      vertex -3.28917 28.3675 18
      vertex -6 36.5 18
    endloop
  endfacet
  facet normal 0 0 1
    outer loop
      vertex -3.28917 28.3675 18
      vertex -6 28.9105 18
      vertex -5.32982 26.9 18
    endloop
  endfacet
  facet normal 0 0 1
    outer loop
      vertex -10 24.5 18
      vertex -6 28.9105 18
      vertex -6 36.5 18
    endloop
  endfacet
  facet normal 0 0 1
    outer loop
      vertex -6 28.9105 18
      vertex -10 24.5 18
      vertex -6.67018 26.9 18
    endloop
  endfacet
  facet normal 0 0 1
    outer loop
      vertex -6.67018 26.9 18
      vertex -10 24.5 18
      vertex -7.79422 24.5 18
    endloop
  endfacet
  facet normal -0 0 1
    outer loop
      vertex 6.53841 20.8609 18
      vertex 9 20 18
      vertex 8.92299 21.1747 18
    endloop
  endfacet
  facet normal 0 0 1
    outer loop
      vertex 43.594 0 18
      vertex 46 0 18
      vertex 45.9446 0.78508 18
    endloop
  endfacet
  facet normal 0 0 1
    outer loop
      vertex 43.5623 0.450089 18
      vertex 45.9446 0.78508 18
      vertex 45.7785 1.56827 18
    endloop
  endfacet
  facet normal 0 0 1
    outer loop
      vertex 46 0 18
      vertex 43.594 0 18
      vertex 45.9446 -0.78508 18
    endloop
  endfacet
  facet normal 0 0 1
    outer loop
      vertex 43.4636 0.91539 18
      vertex 45.7785 1.56827 18
      vertex 45.5021 2.34769 18
    endloop
  endfacet
  facet normal 0 0 1
    outer loop
      vertex 45.9446 0.78508 18
      vertex 43.5623 0.450089 18
      vertex 43.594 0 18
    endloop
  endfacet
  facet normal 0 0 1
    outer loop
      vertex 43.2891 1.40746 18
      vertex 45.5021 2.34769 18
      vertex 45.1161 3.12144 18
    endloop
  endfacet
  facet normal -0 0 1
    outer loop
      vertex 43.5623 -0.450089 18
      vertex 45.9446 -0.78508 18
      vertex 43.594 0 18
    endloop
  endfacet
  facet normal 0 0 1
    outer loop
      vertex 43.0278 1.9313 18
      vertex 45.1161 3.12144 18
      vertex 44.6214 3.88768 18
    endloop
  endfacet
  facet normal 0 0 1
    outer loop
      vertex 45.9446 -0.78508 18
      vertex 43.5623 -0.450089 18
      vertex 45.7785 -1.56827 18
    endloop
  endfacet
  facet normal 0 0 1
    outer loop
      vertex 42.6695 2.48621 18
      vertex 44.6214 3.88768 18
      vertex 44.0192 4.64455 18
    endloop
  endfacet
  facet normal 0 0 1
    outer loop
      vertex 45.7785 -1.56827 18
      vertex 43.4636 -0.91539 18
      vertex 45.5021 -2.34769 18
    endloop
  endfacet
  facet normal -0 0 1
    outer loop
      vertex 43.2891 -1.40746 18
      vertex 45.5021 -2.34769 18
      vertex 43.4636 -0.91539 18
    endloop
  endfacet
  facet normal -0 0 1
    outer loop
      vertex 43.4636 -0.91539 18
      vertex 45.7785 -1.56827 18
      vertex 43.5623 -0.450089 18
    endloop
  endfacet
  facet normal 0 0 1
    outer loop
      vertex 45.7785 1.56827 18
      vertex 43.4636 0.91539 18
      vertex 43.5623 0.450089 18
    endloop
  endfacet
  facet normal 0 0 1
    outer loop
      vertex 42.2066 3.06801 18
      vertex 44.0192 4.64455 18
      vertex 43.311 5.39023 18
    endloop
  endfacet
  facet normal 0 0 1
    outer loop
      vertex 45.5021 2.34769 18
      vertex 43.2891 1.40746 18
      vertex 43.4636 0.91539 18
    endloop
  endfacet
  facet normal 0 0 1
    outer loop
      vertex 45.1161 3.12144 18
      vertex 43.0278 1.9313 18
      vertex 43.2891 1.40746 18
    endloop
  endfacet
  facet normal 0 0 1
    outer loop
      vertex 44.6214 3.88768 18
      vertex 42.6695 2.48621 18
      vertex 43.0278 1.9313 18
    endloop
  endfacet
  facet normal 0 0 1
    outer loop
      vertex 41.6348 3.67007 18
      vertex 43.311 5.39023 18
      vertex 42.4984 6.12292 18
    endloop
  endfacet
  facet normal 0 0 1
    outer loop
      vertex 44.0192 4.64455 18
      vertex 42.2066 3.06801 18
      vertex 42.6695 2.48621 18
    endloop
  endfacet
  facet normal 0 0 1
    outer loop
      vertex 43.311 5.39023 18
      vertex 41.6348 3.67007 18
      vertex 42.2066 3.06801 18
    endloop
  endfacet
  facet normal 0 0 1
    outer loop
      vertex 40.9522 4.28558 18
      vertex 42.4984 6.12292 18
      vertex 41.5835 6.84088 18
    endloop
  endfacet
  facet normal 0 0 1
    outer loop
      vertex 42.4984 6.12292 18
      vertex 40.9522 4.28558 18
      vertex 41.6348 3.67007 18
    endloop
  endfacet
  facet normal 0 0 1
    outer loop
      vertex 40.1593 4.90776 18
      vertex 41.5835 6.84088 18
      vertex 40.5684 7.54234 18
    endloop
  endfacet
  facet normal 0 0 1
    outer loop
      vertex 41.5835 6.84088 18
      vertex 40.1593 4.90776 18
      vertex 40.9522 4.28558 18
    endloop
  endfacet
  facet normal 0 0 1
    outer loop
      vertex 39.2574 5.53098 18
      vertex 40.5684 7.54234 18
      vertex 39.4555 8.22563 18
    endloop
  endfacet
  facet normal 0 0 1
    outer loop
      vertex 40.5684 7.54234 18
      vertex 39.2574 5.53098 18
      vertex 40.1593 4.90776 18
    endloop
  endfacet
  facet normal 0 0 1
    outer loop
      vertex 39.4555 8.22563 18
      vertex 38.2491 6.15004 18
      vertex 39.2574 5.53098 18
    endloop
  endfacet
  facet normal 0 0 1
    outer loop
      vertex 38.2476 8.88911 18
      vertex 38.2491 6.15004 18
      vertex 39.4555 8.22563 18
    endloop
  endfacet
  facet normal 0 0 1
    outer loop
      vertex 38.2476 8.88911 18
      vertex 37.1379 6.76041 18
      vertex 38.2491 6.15004 18
    endloop
  endfacet
  facet normal 0 0 1
    outer loop
      vertex 36.9475 9.53117 18
      vertex 37.1379 6.76041 18
      vertex 38.2476 8.88911 18
    endloop
  endfacet
  facet normal 0 0 1
    outer loop
      vertex 36.9475 9.53117 18
      vertex 35.9272 7.35834 18
      vertex 37.1379 6.76041 18
    endloop
  endfacet
  facet normal 0 0 1
    outer loop
      vertex 35.5585 10.1503 18
      vertex 35.9272 7.35834 18
      vertex 36.9475 9.53117 18
    endloop
  endfacet
  facet normal 0 0 1
    outer loop
      vertex 35.5585 10.1503 18
      vertex 34.6209 7.94058 18
      vertex 35.9272 7.35834 18
    endloop
  endfacet
  facet normal 0 0 1
    outer loop
      vertex 34.0837 10.7449 18
      vertex 34.6209 7.94058 18
      vertex 35.5585 10.1503 18
    endloop
  endfacet
  facet normal 0 0 1
    outer loop
      vertex 34.0837 10.7449 18
      vertex 33.2229 8.50426 18
      vertex 34.6209 7.94058 18
    endloop
  endfacet
  facet normal 0 0 1
    outer loop
      vertex 32.5269 11.3137 18
      vertex 33.2229 8.50426 18
      vertex 34.0837 10.7449 18
    endloop
  endfacet
  facet normal 0 0 1
    outer loop
      vertex 32.5269 11.3137 18
      vertex 31.7377 9.04691 18
      vertex 33.2229 8.50426 18
    endloop
  endfacet
  facet normal 0 0 1
    outer loop
      vertex 30.8917 11.8552 18
      vertex 31.7377 9.04691 18
      vertex 32.5269 11.3137 18
    endloop
  endfacet
  facet normal 0 0 1
    outer loop
      vertex 30.8917 11.8552 18
      vertex 30.1693 9.56628 18
      vertex 31.7377 9.04691 18
    endloop
  endfacet
  facet normal 0 0 1
    outer loop
      vertex 29.1821 12.3682 18
      vertex 30.1693 9.56628 18
      vertex 30.8917 11.8552 18
    endloop
  endfacet
  facet normal 0 0 1
    outer loop
      vertex 29.1821 12.3682 18
      vertex 28.5228 10.0603 18
      vertex 30.1693 9.56628 18
    endloop
  endfacet
  facet normal 0 0 1
    outer loop
      vertex 27.4022 12.8513 18
      vertex 28.5228 10.0603 18
      vertex 29.1821 12.3682 18
    endloop
  endfacet
  facet normal 0 0 1
    outer loop
      vertex 27.4022 12.8513 18
      vertex 26.8023 10.5273 18
      vertex 28.5228 10.0603 18
    endloop
  endfacet
  facet normal 0 0 1
    outer loop
      vertex 25.5562 13.3035 18
      vertex 26.8023 10.5273 18
      vertex 27.4022 12.8513 18
    endloop
  endfacet
  facet normal 0 0 1
    outer loop
      vertex 25.5562 13.3035 18
      vertex 25.0129 10.9657 18
      vertex 26.8023 10.5273 18
    endloop
  endfacet
  facet normal 0 0 1
    outer loop
      vertex 23.6487 13.7236 18
      vertex 25.0129 10.9657 18
      vertex 25.5562 13.3035 18
    endloop
  endfacet
  facet normal 0 0 1
    outer loop
      vertex 23.6487 13.7236 18
      vertex 23.1583 11.3741 18
      vertex 25.0129 10.9657 18
    endloop
  endfacet
  facet normal 0 0 1
    outer loop
      vertex 21.6842 14.1107 18
      vertex 23.1583 11.3741 18
      vertex 23.6487 13.7236 18
    endloop
  endfacet
  facet normal 0 0 1
    outer loop
      vertex 21.6842 14.1107 18
      vertex 21.2454 11.7511 18
      vertex 23.1583 11.3741 18
    endloop
  endfacet
  facet normal 0 0 1
    outer loop
      vertex 19.6675 14.4638 18
      vertex 21.2454 11.7511 18
      vertex 21.6842 14.1107 18
    endloop
  endfacet
  facet normal 0 0 1
    outer loop
      vertex 19.6675 14.4638 18
      vertex 19.2778 12.0956 18
      vertex 21.2454 11.7511 18
    endloop
  endfacet
  facet normal 0 0 1
    outer loop
      vertex 17.6034 14.7821 18
      vertex 19.2778 12.0956 18
      vertex 19.6675 14.4638 18
    endloop
  endfacet
  facet normal 0 0 1
    outer loop
      vertex 17.6034 14.7821 18
      vertex 17.2603 12.4066 18
      vertex 19.2778 12.0956 18
    endloop
  endfacet
  facet normal 0 0 1
    outer loop
      vertex 15.4969 15.0647 18
      vertex 17.2603 12.4066 18
      vertex 17.6034 14.7821 18
    endloop
  endfacet
  facet normal 0 0 1
    outer loop
      vertex 15.4969 15.0647 18
      vertex 15.2006 12.683 18
      vertex 17.2603 12.4066 18
    endloop
  endfacet
  facet normal 0 0 1
    outer loop
      vertex 13.3531 15.311 18
      vertex 15.2006 12.683 18
      vertex 15.4969 15.0647 18
    endloop
  endfacet
  facet normal 0 0 1
    outer loop
      vertex 13.3531 15.311 18
      vertex 13.1015 12.9242 18
      vertex 15.2006 12.683 18
    endloop
  endfacet
  facet normal 0 0 1
    outer loop
      vertex 11.1771 15.5205 18
      vertex 13.1015 12.9242 18
      vertex 13.3531 15.311 18
    endloop
  endfacet
  facet normal 0 0 1
    outer loop
      vertex 11.1771 15.5205 18
      vertex 10.9686 13.1295 18
      vertex 13.1015 12.9242 18
    endloop
  endfacet
  facet normal 0 0 1
    outer loop
      vertex 9 15.6905 18
      vertex 10.9686 13.1295 18
      vertex 11.1771 15.5205 18
    endloop
  endfacet
  facet normal 0 0 1
    outer loop
      vertex 6.53841 20.8609 18
      vertex 8.92299 21.1747 18
      vertex 8.69333 22.3294 18
    endloop
  endfacet
  facet normal 0 0 1
    outer loop
      vertex 6.53841 20.8609 18
      vertex 8.69333 22.3294 18
      vertex 8.31491 23.4441 18
    endloop
  endfacet
  facet normal 0 0 1
    outer loop
      vertex 6.53841 20.8609 18
      vertex 8.31491 23.4441 18
      vertex 7.79422 24.5 18
    endloop
  endfacet
  facet normal -0 0 1
    outer loop
      vertex 4.69649 25.3553 18
      vertex 7.79422 24.5 18
      vertex 6.67018 26.9 18
    endloop
  endfacet
  facet normal 0 0 1
    outer loop
      vertex 9 20 18
      vertex 6.60001 19.9212 18
      vertex 9 15.6905 18
    endloop
  endfacet
  facet normal 0 0 1
    outer loop
      vertex 9 15.6905 18
      vertex 6.60001 13.4707 18
      vertex 10.9686 13.1295 18
    endloop
  endfacet
  facet normal 0 0 1
    outer loop
      vertex 6.60001 13.4707 18
      vertex 9 15.6905 18
      vertex 6.60001 19.9212 18
    endloop
  endfacet
  facet normal 0 0 1
    outer loop
      vertex 45.5021 -2.34769 18
      vertex 43.2891 -1.40746 18
      vertex 45.1161 -3.12144 18
    endloop
  endfacet
  facet normal -0 0 1
    outer loop
      vertex 43.0278 -1.9313 18
      vertex 45.1161 -3.12144 18
      vertex 43.2891 -1.40746 18
    endloop
  endfacet
  facet normal 0 0 1
    outer loop
      vertex 45.1161 -3.12144 18
      vertex 43.0278 -1.9313 18
      vertex 44.6214 -3.88768 18
    endloop
  endfacet
  facet normal -0 0 1
    outer loop
      vertex 42.6695 -2.48621 18
      vertex 44.6214 -3.88768 18
      vertex 43.0278 -1.9313 18
    endloop
  endfacet
  facet normal 0 0 1
    outer loop
      vertex 44.6214 -3.88768 18
      vertex 42.6695 -2.48621 18
      vertex 44.0192 -4.64455 18
    endloop
  endfacet
  facet normal -0 0 1
    outer loop
      vertex 42.2066 -3.06801 18
      vertex 44.0192 -4.64455 18
      vertex 42.6695 -2.48621 18
    endloop
  endfacet
  facet normal 0 0 1
    outer loop
      vertex 44.0192 -4.64455 18
      vertex 42.2066 -3.06801 18
      vertex 43.311 -5.39023 18
    endloop
  endfacet
  facet normal -0 0 1
    outer loop
      vertex 41.6348 -3.67007 18
      vertex 43.311 -5.39023 18
      vertex 42.2066 -3.06801 18
    endloop
  endfacet
  facet normal 0 0 1
    outer loop
      vertex 43.311 -5.39023 18
      vertex 41.6348 -3.67007 18
      vertex 42.4984 -6.12292 18
    endloop
  endfacet
  facet normal -0 0 1
    outer loop
      vertex 40.9522 -4.28558 18
      vertex 42.4984 -6.12292 18
      vertex 41.6348 -3.67007 18
    endloop
  endfacet
  facet normal 0 0 1
    outer loop
      vertex 42.4984 -6.12292 18
      vertex 40.9522 -4.28558 18
      vertex 41.5835 -6.84088 18
    endloop
  endfacet
  facet normal -0 0 1
    outer loop
      vertex 40.1593 -4.90776 18
      vertex 41.5835 -6.84088 18
      vertex 40.9522 -4.28558 18
    endloop
  endfacet
  facet normal 0 0 1
    outer loop
      vertex 41.5835 -6.84088 18
      vertex 40.1593 -4.90776 18
      vertex 40.5684 -7.54234 18
    endloop
  endfacet
  facet normal -0 0 1
    outer loop
      vertex 39.2574 -5.53098 18
      vertex 40.5684 -7.54234 18
      vertex 40.1593 -4.90776 18
    endloop
  endfacet
  facet normal 0 0 1
    outer loop
      vertex 40.5684 -7.54234 18
      vertex 39.2574 -5.53098 18
      vertex 39.4555 -8.22563 18
    endloop
  endfacet
  facet normal -0 0 1
    outer loop
      vertex 38.2491 -6.15004 18
      vertex 39.4555 -8.22563 18
      vertex 39.2574 -5.53098 18
    endloop
  endfacet
  facet normal 0 0 1
    outer loop
      vertex 38.2491 -6.15004 18
      vertex 38.2476 -8.88911 18
      vertex 39.4555 -8.22563 18
    endloop
  endfacet
  facet normal -0 0 1
    outer loop
      vertex 37.1379 -6.76041 18
      vertex 38.2476 -8.88911 18
      vertex 38.2491 -6.15004 18
    endloop
  endfacet
  facet normal 0 0 1
    outer loop
      vertex 37.1379 -6.76041 18
      vertex 36.9475 -9.53117 18
      vertex 38.2476 -8.88911 18
    endloop
  endfacet
  facet normal -0 0 1
    outer loop
      vertex 35.9272 -7.35834 18
      vertex 36.9475 -9.53117 18
      vertex 37.1379 -6.76041 18
    endloop
  endfacet
  facet normal 0 0 1
    outer loop
      vertex 35.9272 -7.35834 18
      vertex 35.5585 -10.1503 18
      vertex 36.9475 -9.53117 18
    endloop
  endfacet
  facet normal -0 0 1
    outer loop
      vertex 34.6209 -7.94058 18
      vertex 35.5585 -10.1503 18
      vertex 35.9272 -7.35834 18
    endloop
  endfacet
  facet normal 0 0 1
    outer loop
      vertex 34.6209 -7.94058 18
      vertex 34.0837 -10.7449 18
      vertex 35.5585 -10.1503 18
    endloop
  endfacet
  facet normal -0 0 1
    outer loop
      vertex 33.2229 -8.50426 18
      vertex 34.0837 -10.7449 18
      vertex 34.6209 -7.94058 18
    endloop
  endfacet
  facet normal -0 0 1
    outer loop
      vertex 32.663 -8.70883 18
      vertex 34.0837 -10.7449 18
      vertex 33.2229 -8.50426 18
    endloop
  endfacet
  facet normal 0 0 1
    outer loop
      vertex 32.663 -8.70883 18
      vertex 32.5269 -11.3137 18
      vertex 34.0837 -10.7449 18
    endloop
  endfacet
  facet normal 0 0 1
    outer loop
      vertex 30.284 -9.63603 18
      vertex 32.663 -8.70883 18
      vertex 31.9846 -7.93533 18
    endloop
  endfacet
  facet normal 0 0 1
    outer loop
      vertex 32.663 -8.70883 18
      vertex 31.0602 -10.5211 18
      vertex 32.5269 -11.3137 18
    endloop
  endfacet
  facet normal 0 0 1
    outer loop
      vertex 32.5269 -11.3137 18
      vertex 31.7142 -11.5 18
      vertex 31.7493 -11.5712 18
    endloop
  endfacet
  facet normal 0 0 1
    outer loop
      vertex 32.5269 -11.3137 18
      vertex 31.0602 -10.5211 18
      vertex 31.7142 -11.5 18
    endloop
  endfacet
  facet normal 0 0 1
    outer loop
      vertex 30.284 -9.63603 18
      vertex 31.9846 -7.93533 18
      vertex 30.863 -6.95169 18
    endloop
  endfacet
  facet normal 0 0 1
    outer loop
      vertex 32.663 -8.70883 18
      vertex 30.284 -9.63603 18
      vertex 31.0602 -10.5211 18
    endloop
  endfacet
  facet normal 0 0 1
    outer loop
      vertex 29.3988 -8.85982 18
      vertex 30.863 -6.95169 18
      vertex 29.6226 -6.12285 18
    endloop
  endfacet
  facet normal 0 0 1
    outer loop
      vertex 30.863 -6.95169 18
      vertex 29.3988 -8.85982 18
      vertex 30.284 -9.63603 18
    endloop
  endfacet
  facet normal 0 0 1
    outer loop
      vertex 29.6226 -6.12285 18
      vertex 28.42 -8.20576 18
      vertex 29.3988 -8.85982 18
    endloop
  endfacet
  facet normal 0 0 1
    outer loop
      vertex 28.2845 -5.46301 18
      vertex 28.42 -8.20576 18
      vertex 29.6226 -6.12285 18
    endloop
  endfacet
  facet normal 0 0 1
    outer loop
      vertex 28.2845 -5.46301 18
      vertex 27.3641 -7.68507 18
      vertex 28.42 -8.20576 18
    endloop
  endfacet
  facet normal 0 0 1
    outer loop
      vertex 26.8719 -4.98346 18
      vertex 27.3641 -7.68507 18
      vertex 28.2845 -5.46301 18
    endloop
  endfacet
  facet normal 0 0 1
    outer loop
      vertex 26.8719 -4.98346 18
      vertex 26.2494 -7.30666 18
      vertex 27.3641 -7.68507 18
    endloop
  endfacet
  facet normal 0 0 1
    outer loop
      vertex 25.4086 -4.69243 18
      vertex 26.2494 -7.30666 18
      vertex 26.8719 -4.98346 18
    endloop
  endfacet
  facet normal 0 0 1
    outer loop
      vertex 25.4086 -4.69243 18
      vertex 25.0947 -7.077 18
      vertex 26.2494 -7.30666 18
    endloop
  endfacet
  facet normal 0 0 1
    outer loop
      vertex 23.92 -4.59485 18
      vertex 25.0947 -7.077 18
      vertex 25.4086 -4.69243 18
    endloop
  endfacet
  facet normal 0 0 1
    outer loop
      vertex 23.92 -4.59485 18
      vertex 23.92 -7 18
      vertex 25.0947 -7.077 18
    endloop
  endfacet
  facet normal 0 0 1
    outer loop
      vertex 23.92 -4.59485 18
      vertex 22.7453 -7.077 18
      vertex 23.92 -7 18
    endloop
  endfacet
  facet normal -0 0 1
    outer loop
      vertex 22.4313 -4.69243 18
      vertex 22.7453 -7.077 18
      vertex 23.92 -4.59485 18
    endloop
  endfacet
  facet normal 0 0 1
    outer loop
      vertex 22.4313 -4.69243 18
      vertex 21.5906 -7.30666 18
      vertex 22.7453 -7.077 18
    endloop
  endfacet
  facet normal -0 0 1
    outer loop
      vertex 20.9681 -4.98346 18
      vertex 21.5906 -7.30666 18
      vertex 22.4313 -4.69243 18
    endloop
  endfacet
  facet normal 0 0 1
    outer loop
      vertex 20.9681 -4.98346 18
      vertex 20.4758 -7.68507 18
      vertex 21.5906 -7.30666 18
    endloop
  endfacet
  facet normal -0 0 1
    outer loop
      vertex 19.5554 -5.46301 18
      vertex 20.4758 -7.68507 18
      vertex 20.9681 -4.98346 18
    endloop
  endfacet
  facet normal 0 0 1
    outer loop
      vertex 19.5554 -5.46301 18
      vertex 19.42 -8.20576 18
      vertex 20.4758 -7.68507 18
    endloop
  endfacet
  facet normal -0 0 1
    outer loop
      vertex 18.2174 -6.12285 18
      vertex 19.42 -8.20576 18
      vertex 19.5554 -5.46301 18
    endloop
  endfacet
  facet normal -0 0 1
    outer loop
      vertex 17.02 -6.92294 18
      vertex 19.42 -8.20576 18
      vertex 18.2174 -6.12285 18
    endloop
  endfacet
  facet normal 0 0 1
    outer loop
      vertex 19.42 -8.20576 18
      vertex 17.02 -6.92294 18
      vertex 18.4411 -8.85982 18
    endloop
  endfacet
  facet normal 0 0 1
    outer loop
      vertex 18.4411 -8.85982 18
      vertex 17.02 -6.92294 18
      vertex 17.556 -9.63603 18
    endloop
  endfacet
  facet normal 0 0 1
    outer loop
      vertex 16.4839 -9.63603 18
      vertex 17.556 -9.63603 18
      vertex 17.02 -6.92294 18
    endloop
  endfacet
  facet normal 0 0 1
    outer loop
      vertex 17.556 -9.63603 18
      vertex 16.4839 -9.63603 18
      vertex 17.02 -10.2473 18
    endloop
  endfacet
  facet normal 0 0 1
    outer loop
      vertex 14.62 -8.20576 18
      vertex 17.02 -6.92294 18
      vertex 15.8226 -6.12285 18
    endloop
  endfacet
  facet normal 0 0 1
    outer loop
      vertex 17.02 -6.92294 18
      vertex 15.5988 -8.85982 18
      vertex 16.4839 -9.63603 18
    endloop
  endfacet
  facet normal 0 0 1
    outer loop
      vertex 17.02 -6.92294 18
      vertex 14.62 -8.20576 18
      vertex 15.5988 -8.85982 18
    endloop
  endfacet
  facet normal 0 0 1
    outer loop
      vertex 14.4846 -5.46301 18
      vertex 14.62 -8.20576 18
      vertex 15.8226 -6.12285 18
    endloop
  endfacet
  facet normal 0 0 1
    outer loop
      vertex 14.4846 -5.46301 18
      vertex 13.5641 -7.68507 18
      vertex 14.62 -8.20576 18
    endloop
  endfacet
  facet normal 0 0 1
    outer loop
      vertex 13.0719 -4.98346 18
      vertex 13.5641 -7.68507 18
      vertex 14.4846 -5.46301 18
    endloop
  endfacet
  facet normal 0 0 1
    outer loop
      vertex 13.0719 -4.98346 18
      vertex 12.4494 -7.30666 18
      vertex 13.5641 -7.68507 18
    endloop
  endfacet
  facet normal 0 0 1
    outer loop
      vertex 11.6086 -4.69243 18
      vertex 12.4494 -7.30666 18
      vertex 13.0719 -4.98346 18
    endloop
  endfacet
  facet normal 0 0 1
    outer loop
      vertex 11.6086 -4.69243 18
      vertex 11.2947 -7.077 18
      vertex 12.4494 -7.30666 18
    endloop
  endfacet
  facet normal 0 0 1
    outer loop
      vertex 10.12 -4.59485 18
      vertex 11.2947 -7.077 18
      vertex 11.6086 -4.69243 18
    endloop
  endfacet
  facet normal 0 0 1
    outer loop
      vertex 10.12 -4.59485 18
      vertex 10.12 -7 18
      vertex 11.2947 -7.077 18
    endloop
  endfacet
  facet normal 0 0 1
    outer loop
      vertex 10.12 -4.59485 18
      vertex 8.94525 -7.077 18
      vertex 10.12 -7 18
    endloop
  endfacet
  facet normal -0 0 1
    outer loop
      vertex 8.63133 -4.69243 18
      vertex 8.94525 -7.077 18
      vertex 10.12 -4.59485 18
    endloop
  endfacet
  facet normal 0 0 1
    outer loop
      vertex 8.63133 -4.69243 18
      vertex 7.79062 -7.30666 18
      vertex 8.94525 -7.077 18
    endloop
  endfacet
  facet normal -0 0 1
    outer loop
      vertex 7.16812 -4.98346 18
      vertex 7.79062 -7.30666 18
      vertex 8.63133 -4.69243 18
    endloop
  endfacet
  facet normal 0 0 1
    outer loop
      vertex 7.16812 -4.98346 18
      vertex 6.67584 -7.68507 18
      vertex 7.79062 -7.30666 18
    endloop
  endfacet
  facet normal -0 0 1
    outer loop
      vertex 5.75543 -5.46301 18
      vertex 6.67584 -7.68507 18
      vertex 7.16812 -4.98346 18
    endloop
  endfacet
  facet normal 0 0 1
    outer loop
      vertex 5.75543 -5.46301 18
      vertex 5.62 -8.20576 18
      vertex 6.67584 -7.68507 18
    endloop
  endfacet
  facet normal -0 0 1
    outer loop
      vertex 4.41742 -6.12285 18
      vertex 5.62 -8.20576 18
      vertex 5.75543 -5.46301 18
    endloop
  endfacet
  facet normal 0 0 1
    outer loop
      vertex 5.62 -8.20576 18
      vertex 4.41742 -6.12285 18
      vertex 4.64114 -8.85982 18
    endloop
  endfacet
  facet normal -0 0 1
    outer loop
      vertex 3.17699 -6.95168 18
      vertex 4.64114 -8.85982 18
      vertex 4.41742 -6.12285 18
    endloop
  endfacet
  facet normal 0 0 1
    outer loop
      vertex 4.64114 -8.85982 18
      vertex 3.17699 -6.95168 18
      vertex 3.75603 -9.63603 18
    endloop
  endfacet
  facet normal -0 0 1
    outer loop
      vertex 2.05534 -7.93533 18
      vertex 3.75603 -9.63603 18
      vertex 3.17699 -6.95168 18
    endloop
  endfacet
  facet normal 0 0 1
    outer loop
      vertex 3.75603 -9.63603 18
      vertex 2.05534 -7.93533 18
      vertex 2.97981 -10.5211 18
    endloop
  endfacet
  facet normal -0 0 1
    outer loop
      vertex 1.07167 -9.05698 18
      vertex 2.97981 -10.5211 18
      vertex 2.05534 -7.93533 18
    endloop
  endfacet
  facet normal 0 0 1
    outer loop
      vertex 2.97981 -10.5211 18
      vertex 1.07167 -9.05698 18
      vertex 2.32576 -11.5 18
    endloop
  endfacet
  facet normal -0 0 1
    outer loop
      vertex 0.242844 -10.2974 18
      vertex 2.32576 -11.5 18
      vertex 1.07167 -9.05698 18
    endloop
  endfacet
  facet normal -0 0 1
    outer loop
      vertex 0 -10.7899 18
      vertex 2.32576 -11.5 18
      vertex 0.242844 -10.2974 18
    endloop
  endfacet
  facet normal 0 0 1
    outer loop
      vertex 2.32576 -11.5 18
      vertex 0 -10.7899 18
      vertex 1.80507 -12.5558 18
    endloop
  endfacet
  facet normal 0 0 1
    outer loop
      vertex 1.80507 -12.5558 18
      vertex 0 -10.7899 18
      vertex 1.42667 -13.6706 18
    endloop
  endfacet
  facet normal 0 0 1
    outer loop
      vertex -1.42667 -13.6706 18
      vertex 1.42667 -13.6706 18
      vertex 0 -10.7899 18
    endloop
  endfacet
  facet normal 0 0 1
    outer loop
      vertex 1.42667 -13.6706 18
      vertex -1.42667 -13.6706 18
      vertex 1.19699 -14.8253 18
    endloop
  endfacet
  facet normal 0 -0 1
    outer loop
      vertex -1.19699 -14.8253 18
      vertex 1.19699 -14.8253 18
      vertex -1.42667 -13.6706 18
    endloop
  endfacet
  facet normal 0 0 1
    outer loop
      vertex -2.32576 -11.5 18
      vertex 0 -10.7899 18
      vertex -0.242844 -10.2974 18
    endloop
  endfacet
  facet normal 0 0 1
    outer loop
      vertex -2.32576 -11.5 18
      vertex -0.242844 -10.2974 18
      vertex -1.07167 -9.05698 18
    endloop
  endfacet
  facet normal 0 -0 1
    outer loop
      vertex 0 -16 18
      vertex 1.19699 -14.8253 18
      vertex -1.19699 -14.8253 18
    endloop
  endfacet
  facet normal 0 0 1
    outer loop
      vertex 0 -16 18
      vertex -1.19699 -14.8253 18
      vertex -1.12062 -15.9904 18
    endloop
  endfacet
  facet normal 0 0 1
    outer loop
      vertex 1.19699 -14.8253 18
      vertex 0 -16 18
      vertex 1.12062 -15.9904 18
    endloop
  endfacet
  facet normal 0 0 1
    outer loop
      vertex 0 -10.7899 18
      vertex -1.80507 -12.5558 18
      vertex -1.42667 -13.6706 18
    endloop
  endfacet
  facet normal 0 0 1
    outer loop
      vertex -2.97981 -10.5211 18
      vertex -1.07167 -9.05698 18
      vertex -2.05534 -7.93533 18
    endloop
  endfacet
  facet normal 0 0 1
    outer loop
      vertex 0 -10.7899 18
      vertex -2.32576 -11.5 18
      vertex -1.80507 -12.5558 18
    endloop
  endfacet
  facet normal 0 0 1
    outer loop
      vertex -1.07167 -9.05698 18
      vertex -2.97981 -10.5211 18
      vertex -2.32576 -11.5 18
    endloop
  endfacet
  facet normal 0 0 1
    outer loop
      vertex -3.75603 -9.63603 18
      vertex -2.05534 -7.93533 18
      vertex -3.17699 -6.95168 18
    endloop
  endfacet
  facet normal 0 0 1
    outer loop
      vertex -2.05534 -7.93533 18
      vertex -3.75603 -9.63603 18
      vertex -2.97981 -10.5211 18
    endloop
  endfacet
  facet normal 0 0 1
    outer loop
      vertex -4.64114 -8.85982 18
      vertex -3.17699 -6.95168 18
      vertex -4.41742 -6.12285 18
    endloop
  endfacet
  facet normal 0 0 1
    outer loop
      vertex -3.17699 -6.95168 18
      vertex -4.64114 -8.85982 18
      vertex -3.75603 -9.63603 18
    endloop
  endfacet
  facet normal 0 0 1
    outer loop
      vertex -4.41742 -6.12285 18
      vertex -5.62 -8.20576 18
      vertex -4.64114 -8.85982 18
    endloop
  endfacet
  facet normal 0 0 1
    outer loop
      vertex -5.75543 -5.46301 18
      vertex -5.62 -8.20576 18
      vertex -4.41742 -6.12285 18
    endloop
  endfacet
  facet normal 0 0 1
    outer loop
      vertex -5.75543 -5.46301 18
      vertex -6.67584 -7.68507 18
      vertex -5.62 -8.20576 18
    endloop
  endfacet
  facet normal 0 0 1
    outer loop
      vertex -7.16812 -4.98346 18
      vertex -6.67584 -7.68507 18
      vertex -5.75543 -5.46301 18
    endloop
  endfacet
  facet normal 0 0 1
    outer loop
      vertex -7.16812 -4.98346 18
      vertex -7.79062 -7.30666 18
      vertex -6.67584 -7.68507 18
    endloop
  endfacet
  facet normal 0 0 1
    outer loop
      vertex -8.63133 -4.69243 18
      vertex -7.79062 -7.30666 18
      vertex -7.16812 -4.98346 18
    endloop
  endfacet
  facet normal 0 0 1
    outer loop
      vertex -8.63133 -4.69243 18
      vertex -8.94525 -7.077 18
      vertex -7.79062 -7.30666 18
    endloop
  endfacet
  facet normal 0 0 1
    outer loop
      vertex -10.12 -4.59485 18
      vertex -8.94525 -7.077 18
      vertex -8.63133 -4.69243 18
    endloop
  endfacet
  facet normal 0 0 1
    outer loop
      vertex -10.12 -4.59485 18
      vertex -10.12 -7 18
      vertex -8.94525 -7.077 18
    endloop
  endfacet
  facet normal 0 0 1
    outer loop
      vertex -10.12 -4.59485 18
      vertex -11.2947 -7.077 18
      vertex -10.12 -7 18
    endloop
  endfacet
  facet normal -0 0 1
    outer loop
      vertex -11.6086 -4.69243 18
      vertex -11.2947 -7.077 18
      vertex -10.12 -4.59485 18
    endloop
  endfacet
  facet normal 0 0 1
    outer loop
      vertex -11.6086 -4.69243 18
      vertex -12.4494 -7.30666 18
      vertex -11.2947 -7.077 18
    endloop
  endfacet
  facet normal -0 0 1
    outer loop
      vertex -13.0719 -4.98346 18
      vertex -12.4494 -7.30666 18
      vertex -11.6086 -4.69243 18
    endloop
  endfacet
  facet normal 0 0 1
    outer loop
      vertex -13.0719 -4.98346 18
      vertex -13.5641 -7.68507 18
      vertex -12.4494 -7.30666 18
    endloop
  endfacet
  facet normal -0 0 1
    outer loop
      vertex -14.4846 -5.46301 18
      vertex -13.5641 -7.68507 18
      vertex -13.0719 -4.98346 18
    endloop
  endfacet
  facet normal 0 0 1
    outer loop
      vertex -14.4846 -5.46301 18
      vertex -14.62 -8.20576 18
      vertex -13.5641 -7.68507 18
    endloop
  endfacet
  facet normal -0 0 1
    outer loop
      vertex -15.8226 -6.12285 18
      vertex -14.62 -8.20576 18
      vertex -14.4846 -5.46301 18
    endloop
  endfacet
  facet normal -0 0 1
    outer loop
      vertex -17.02 -6.92294 18
      vertex -14.62 -8.20576 18
      vertex -15.8226 -6.12285 18
    endloop
  endfacet
  facet normal 0 0 1
    outer loop
      vertex -14.62 -8.20576 18
      vertex -17.02 -6.92294 18
      vertex -15.5988 -8.85982 18
    endloop
  endfacet
  facet normal 0 0 1
    outer loop
      vertex -15.5988 -8.85982 18
      vertex -17.02 -6.92294 18
      vertex -16.4839 -9.63603 18
    endloop
  endfacet
  facet normal 0 0 1
    outer loop
      vertex -17.556 -9.63603 18
      vertex -16.4839 -9.63603 18
      vertex -17.02 -6.92294 18
    endloop
  endfacet
  facet normal 0 0 1
    outer loop
      vertex -16.4839 -9.63603 18
      vertex -17.556 -9.63603 18
      vertex -17.02 -10.2473 18
    endloop
  endfacet
  facet normal 0 0 1
    outer loop
      vertex -19.42 -8.20576 18
      vertex -17.02 -6.92294 18
      vertex -18.2174 -6.12285 18
    endloop
  endfacet
  facet normal 0 0 1
    outer loop
      vertex -17.02 -6.92294 18
      vertex -18.4411 -8.85982 18
      vertex -17.556 -9.63603 18
    endloop
  endfacet
  facet normal 0 0 1
    outer loop
      vertex -17.02 -6.92294 18
      vertex -19.42 -8.20576 18
      vertex -18.4411 -8.85982 18
    endloop
  endfacet
  facet normal 0 0 1
    outer loop
      vertex -19.5554 -5.46301 18
      vertex -19.42 -8.20576 18
      vertex -18.2174 -6.12285 18
    endloop
  endfacet
  facet normal 0 0 1
    outer loop
      vertex -19.5554 -5.46301 18
      vertex -20.4758 -7.68507 18
      vertex -19.42 -8.20576 18
    endloop
  endfacet
  facet normal 0 0 1
    outer loop
      vertex -20.9681 -4.98346 18
      vertex -20.4758 -7.68507 18
      vertex -19.5554 -5.46301 18
    endloop
  endfacet
  facet normal 0 0 1
    outer loop
      vertex -20.9681 -4.98346 18
      vertex -21.5906 -7.30666 18
      vertex -20.4758 -7.68507 18
    endloop
  endfacet
  facet normal 0 0 1
    outer loop
      vertex -22.4313 -4.69243 18
      vertex -21.5906 -7.30666 18
      vertex -20.9681 -4.98346 18
    endloop
  endfacet
  facet normal 0 0 1
    outer loop
      vertex -22.4313 -4.69243 18
      vertex -22.7453 -7.077 18
      vertex -21.5906 -7.30666 18
    endloop
  endfacet
  facet normal 0 0 1
    outer loop
      vertex -23.92 -4.59485 18
      vertex -22.7453 -7.077 18
      vertex -22.4313 -4.69243 18
    endloop
  endfacet
  facet normal 0 0 1
    outer loop
      vertex -23.92 -4.59485 18
      vertex -23.92 -7 18
      vertex -22.7453 -7.077 18
    endloop
  endfacet
  facet normal 0 0 1
    outer loop
      vertex -23.92 -4.59485 18
      vertex -25.0947 -7.077 18
      vertex -23.92 -7 18
    endloop
  endfacet
  facet normal -0 0 1
    outer loop
      vertex -25.4086 -4.69243 18
      vertex -25.0947 -7.077 18
      vertex -23.92 -4.59485 18
    endloop
  endfacet
  facet normal 0 0 1
    outer loop
      vertex -25.4086 -4.69243 18
      vertex -26.2494 -7.30666 18
      vertex -25.0947 -7.077 18
    endloop
  endfacet
  facet normal -0 0 1
    outer loop
      vertex -26.8719 -4.98346 18
      vertex -26.2494 -7.30666 18
      vertex -25.4086 -4.69243 18
    endloop
  endfacet
  facet normal 0 0 1
    outer loop
      vertex -26.8719 -4.98346 18
      vertex -27.3641 -7.68507 18
      vertex -26.2494 -7.30666 18
    endloop
  endfacet
  facet normal -0 0 1
    outer loop
      vertex -28.2845 -5.46301 18
      vertex -27.3641 -7.68507 18
      vertex -26.8719 -4.98346 18
    endloop
  endfacet
  facet normal 0 0 1
    outer loop
      vertex -28.2845 -5.46301 18
      vertex -28.42 -8.20576 18
      vertex -27.3641 -7.68507 18
    endloop
  endfacet
  facet normal -0 0 1
    outer loop
      vertex -29.6226 -6.12285 18
      vertex -28.42 -8.20576 18
      vertex -28.2845 -5.46301 18
    endloop
  endfacet
  facet normal 0 0 1
    outer loop
      vertex -28.42 -8.20576 18
      vertex -29.6226 -6.12285 18
      vertex -29.3988 -8.85982 18
    endloop
  endfacet
  facet normal -0 0 1
    outer loop
      vertex -30.863 -6.95169 18
      vertex -29.3988 -8.85982 18
      vertex -29.6226 -6.12285 18
    endloop
  endfacet
  facet normal 0 0 1
    outer loop
      vertex -29.3988 -8.85982 18
      vertex -30.863 -6.95169 18
      vertex -30.284 -9.63603 18
    endloop
  endfacet
  facet normal -0 0 1
    outer loop
      vertex -31.9846 -7.93533 18
      vertex -30.284 -9.63603 18
      vertex -30.863 -6.95169 18
    endloop
  endfacet
  facet normal -0 0 1
    outer loop
      vertex -32.663 -8.70883 18
      vertex -30.284 -9.63603 18
      vertex -31.9846 -7.93533 18
    endloop
  endfacet
  facet normal 0 0 1
    outer loop
      vertex -30.284 -9.63603 18
      vertex -32.663 -8.70883 18
      vertex -31.0602 -10.5211 18
    endloop
  endfacet
  facet normal 0 -0 1
    outer loop
      vertex -32.5269 -11.3137 18
      vertex -31.0602 -10.5211 18
      vertex -32.663 -8.70883 18
    endloop
  endfacet
  facet normal 0 0 1
    outer loop
      vertex -31.0602 -10.5211 18
      vertex -32.5269 -11.3137 18
      vertex -31.7142 -11.5 18
    endloop
  endfacet
  facet normal 0 0 1
    outer loop
      vertex -31.7142 -11.5 18
      vertex -32.5269 -11.3137 18
      vertex -31.7493 -11.5712 18
    endloop
  endfacet
  facet normal 0 0 1
    outer loop
      vertex -34.0837 -10.7449 18
      vertex -32.663 -8.70883 18
      vertex -33.2229 -8.50426 18
    endloop
  endfacet
  facet normal 0 0 1
    outer loop
      vertex -32.663 -8.70883 18
      vertex -34.0837 -10.7449 18
      vertex -32.5269 -11.3137 18
    endloop
  endfacet
  facet normal 0 0 1
    outer loop
      vertex -34.6209 -7.94058 18
      vertex -34.0837 -10.7449 18
      vertex -33.2229 -8.50426 18
    endloop
  endfacet
  facet normal 0 0 1
    outer loop
      vertex -34.6209 -7.94058 18
      vertex -35.5585 -10.1503 18
      vertex -34.0837 -10.7449 18
    endloop
  endfacet
  facet normal 0 0 1
    outer loop
      vertex -35.9272 -7.35834 18
      vertex -35.5585 -10.1503 18
      vertex -34.6209 -7.94058 18
    endloop
  endfacet
  facet normal 0 0 1
    outer loop
      vertex -35.9272 -7.35834 18
      vertex -36.9475 -9.53117 18
      vertex -35.5585 -10.1503 18
    endloop
  endfacet
  facet normal 0 0 1
    outer loop
      vertex -37.1379 -6.76041 18
      vertex -36.9475 -9.53117 18
      vertex -35.9272 -7.35834 18
    endloop
  endfacet
  facet normal 0 0 1
    outer loop
      vertex -37.1379 -6.76041 18
      vertex -38.2476 -8.88911 18
      vertex -36.9475 -9.53117 18
    endloop
  endfacet
  facet normal 0 0 1
    outer loop
      vertex -38.2491 -6.15004 18
      vertex -38.2476 -8.88911 18
      vertex -37.1379 -6.76041 18
    endloop
  endfacet
  facet normal 0 0 1
    outer loop
      vertex -39.4555 -8.22563 18
      vertex -38.2491 -6.15004 18
      vertex -39.2574 -5.53098 18
    endloop
  endfacet
  facet normal 0 0 1
    outer loop
      vertex -38.2491 -6.15004 18
      vertex -39.4555 -8.22563 18
      vertex -38.2476 -8.88911 18
    endloop
  endfacet
  facet normal 0 0 1
    outer loop
      vertex -40.5684 -7.54234 18
      vertex -39.2574 -5.53098 18
      vertex -40.1593 -4.90776 18
    endloop
  endfacet
  facet normal 0 0 1
    outer loop
      vertex -39.2574 -5.53098 18
      vertex -40.5684 -7.54234 18
      vertex -39.4555 -8.22563 18
    endloop
  endfacet
  facet normal 0 0 1
    outer loop
      vertex -41.5835 -6.84088 18
      vertex -40.1593 -4.90776 18
      vertex -40.9522 -4.28558 18
    endloop
  endfacet
  facet normal 0 0 1
    outer loop
      vertex -40.1593 -4.90776 18
      vertex -41.5835 -6.84088 18
      vertex -40.5684 -7.54234 18
    endloop
  endfacet
  facet normal 0 0 1
    outer loop
      vertex -42.4984 -6.12292 18
      vertex -40.9522 -4.28558 18
      vertex -41.6348 -3.67007 18
    endloop
  endfacet
  facet normal 0 0 1
    outer loop
      vertex -43.311 -5.39023 18
      vertex -41.6348 -3.67007 18
      vertex -42.2066 -3.06801 18
    endloop
  endfacet
  facet normal 0 0 1
    outer loop
      vertex -40.9522 -4.28558 18
      vertex -42.4984 -6.12292 18
      vertex -41.5835 -6.84088 18
    endloop
  endfacet
  facet normal 0 0 1
    outer loop
      vertex -44.0192 -4.64455 18
      vertex -42.2066 -3.06801 18
      vertex -42.6695 -2.48621 18
    endloop
  endfacet
  facet normal 0 0 1
    outer loop
      vertex -44.6214 -3.88768 18
      vertex -42.6695 -2.48621 18
      vertex -43.0278 -1.9313 18
    endloop
  endfacet
  facet normal 0 0 1
    outer loop
      vertex -45.1161 -3.12144 18
      vertex -43.0278 -1.9313 18
      vertex -43.2891 -1.40746 18
    endloop
  endfacet
  facet normal 0 0 1
    outer loop
      vertex -41.6348 -3.67007 18
      vertex -43.311 -5.39023 18
      vertex -42.4984 -6.12292 18
    endloop
  endfacet
  facet normal 0 0 1
    outer loop
      vertex -45.5021 -2.34769 18
      vertex -43.2891 -1.40746 18
      vertex -43.4636 -0.91539 18
    endloop
  endfacet
  facet normal 0 0 1
    outer loop
      vertex -45.7785 -1.56827 18
      vertex -43.4636 -0.91539 18
      vertex -43.5623 -0.450089 18
    endloop
  endfacet
  facet normal 0 0 1
    outer loop
      vertex -45.9446 -0.78508 18
      vertex -43.5623 -0.450089 18
      vertex -43.594 0 18
    endloop
  endfacet
  facet normal 0 0 1
    outer loop
      vertex -43.2891 1.40746 18
      vertex -45.5021 2.34769 18
      vertex -43.4636 0.91539 18
    endloop
  endfacet
  facet normal 0 0 1
    outer loop
      vertex -42.2066 -3.06801 18
      vertex -44.0192 -4.64455 18
      vertex -43.311 -5.39023 18
    endloop
  endfacet
  facet normal -0 0 1
    outer loop
      vertex -45.7785 1.56827 18
      vertex -43.4636 0.91539 18
      vertex -45.5021 2.34769 18
    endloop
  endfacet
  facet normal 0 0 1
    outer loop
      vertex -42.6695 -2.48621 18
      vertex -44.6214 -3.88768 18
      vertex -44.0192 -4.64455 18
    endloop
  endfacet
  facet normal 0 0 1
    outer loop
      vertex -43.4636 0.91539 18
      vertex -45.7785 1.56827 18
      vertex -43.5623 0.450089 18
    endloop
  endfacet
  facet normal 0 0 1
    outer loop
      vertex -43.0278 -1.9313 18
      vertex -45.1161 -3.12144 18
      vertex -44.6214 -3.88768 18
    endloop
  endfacet
  facet normal -0 0 1
    outer loop
      vertex -45.9446 0.78508 18
      vertex -43.5623 0.450089 18
      vertex -45.7785 1.56827 18
    endloop
  endfacet
  facet normal 0 0 1
    outer loop
      vertex -43.2891 -1.40746 18
      vertex -45.5021 -2.34769 18
      vertex -45.1161 -3.12144 18
    endloop
  endfacet
  facet normal 0 0 1
    outer loop
      vertex -43.5623 0.450089 18
      vertex -45.9446 0.78508 18
      vertex -43.594 0 18
    endloop
  endfacet
  facet normal 0 0 1
    outer loop
      vertex -43.4636 -0.91539 18
      vertex -45.7785 -1.56827 18
      vertex -45.5021 -2.34769 18
    endloop
  endfacet
  facet normal 0 0 1
    outer loop
      vertex -46 0 18
      vertex -43.594 0 18
      vertex -45.9446 0.78508 18
    endloop
  endfacet
  facet normal 0 0 1
    outer loop
      vertex -43.5623 -0.450089 18
      vertex -45.9446 -0.78508 18
      vertex -45.7785 -1.56827 18
    endloop
  endfacet
  facet normal 0 0 1
    outer loop
      vertex -43.594 0 18
      vertex -46 0 18
      vertex -45.9446 -0.78508 18
    endloop
  endfacet
  facet normal -0 0 1
    outer loop
      vertex -6.67018 26.9 18
      vertex -4.69649 25.3553 18
      vertex -5.32982 26.9 18
    endloop
  endfacet
  facet normal 0 0 1
    outer loop
      vertex -4.69649 25.3553 18
      vertex -7.79422 24.5 18
      vertex -6.09286 22.5237 18
    endloop
  endfacet
  facet normal 0 0 1
    outer loop
      vertex -4.69649 25.3553 18
      vertex -6.67018 26.9 18
      vertex -7.79422 24.5 18
    endloop
  endfacet
  facet normal -0 0 1
    outer loop
      vertex -8.31491 23.4441 18
      vertex -6.09286 22.5237 18
      vertex -7.79422 24.5 18
    endloop
  endfacet
  facet normal 0 0 1
    outer loop
      vertex -6.09286 22.5237 18
      vertex -8.31491 23.4441 18
      vertex -6.37013 21.7068 18
    endloop
  endfacet
  facet normal -0 0 1
    outer loop
      vertex -8.69333 22.3294 18
      vertex -6.37013 21.7068 18
      vertex -8.31491 23.4441 18
    endloop
  endfacet
  facet normal 0 0 1
    outer loop
      vertex -6.37013 21.7068 18
      vertex -8.69333 22.3294 18
      vertex -6.53841 20.8609 18
    endloop
  endfacet
  facet normal -0 0 1
    outer loop
      vertex -8.92299 21.1747 18
      vertex -6.53841 20.8609 18
      vertex -8.69333 22.3294 18
    endloop
  endfacet
  facet normal 0 0 1
    outer loop
      vertex -9 20 18
      vertex -6.53841 20.8609 18
      vertex -8.92299 21.1747 18
    endloop
  endfacet
  facet normal 0 0 1
    outer loop
      vertex -6.53841 20.8609 18
      vertex -9 20 18
      vertex -6.60001 19.9212 18
    endloop
  endfacet
  facet normal 0 0 1
    outer loop
      vertex -9 15.6905 18
      vertex -6.60001 19.9212 18
      vertex -9 20 18
    endloop
  endfacet
  facet normal 0 0 1
    outer loop
      vertex -6.60001 19.9212 18
      vertex -9 15.6905 18
      vertex -6.60001 13.4707 18
    endloop
  endfacet
  facet normal 0 0 1
    outer loop
      vertex -9 15.6905 18
      vertex -10.9686 13.1295 18
      vertex -6.60001 13.4707 18
    endloop
  endfacet
  facet normal -0 0 1
    outer loop
      vertex -11.1771 15.5205 18
      vertex -10.9686 13.1295 18
      vertex -9 15.6905 18
    endloop
  endfacet
  facet normal 0 0 1
    outer loop
      vertex -11.1771 15.5205 18
      vertex -13.1015 12.9242 18
      vertex -10.9686 13.1295 18
    endloop
  endfacet
  facet normal -0 0 1
    outer loop
      vertex -13.3531 15.311 18
      vertex -13.1015 12.9242 18
      vertex -11.1771 15.5205 18
    endloop
  endfacet
  facet normal 0 0 1
    outer loop
      vertex -13.3531 15.311 18
      vertex -15.2006 12.683 18
      vertex -13.1015 12.9242 18
    endloop
  endfacet
  facet normal -0 0 1
    outer loop
      vertex -15.4969 15.0647 18
      vertex -15.2006 12.683 18
      vertex -13.3531 15.311 18
    endloop
  endfacet
  facet normal 0 0 1
    outer loop
      vertex -15.4969 15.0647 18
      vertex -17.2603 12.4066 18
      vertex -15.2006 12.683 18
    endloop
  endfacet
  facet normal -0 0 1
    outer loop
      vertex -17.6034 14.7821 18
      vertex -17.2603 12.4066 18
      vertex -15.4969 15.0647 18
    endloop
  endfacet
  facet normal 0 0 1
    outer loop
      vertex -17.6034 14.7821 18
      vertex -19.2778 12.0956 18
      vertex -17.2603 12.4066 18
    endloop
  endfacet
  facet normal -0 0 1
    outer loop
      vertex -19.6675 14.4638 18
      vertex -19.2778 12.0956 18
      vertex -17.6034 14.7821 18
    endloop
  endfacet
  facet normal 0 0 1
    outer loop
      vertex -19.6675 14.4638 18
      vertex -21.2454 11.7511 18
      vertex -19.2778 12.0956 18
    endloop
  endfacet
  facet normal -0 0 1
    outer loop
      vertex -21.6842 14.1107 18
      vertex -21.2454 11.7511 18
      vertex -19.6675 14.4638 18
    endloop
  endfacet
  facet normal 0 0 1
    outer loop
      vertex -21.6842 14.1107 18
      vertex -23.1583 11.3741 18
      vertex -21.2454 11.7511 18
    endloop
  endfacet
  facet normal -0 0 1
    outer loop
      vertex -23.6487 13.7236 18
      vertex -23.1583 11.3741 18
      vertex -21.6842 14.1107 18
    endloop
  endfacet
  facet normal 0 0 1
    outer loop
      vertex -23.6487 13.7236 18
      vertex -25.0129 10.9657 18
      vertex -23.1583 11.3741 18
    endloop
  endfacet
  facet normal -0 0 1
    outer loop
      vertex -25.5562 13.3035 18
      vertex -25.0129 10.9657 18
      vertex -23.6487 13.7236 18
    endloop
  endfacet
  facet normal 0 0 1
    outer loop
      vertex -25.5562 13.3035 18
      vertex -26.8023 10.5273 18
      vertex -25.0129 10.9657 18
    endloop
  endfacet
  facet normal -0 0 1
    outer loop
      vertex -27.4022 12.8513 18
      vertex -26.8023 10.5273 18
      vertex -25.5562 13.3035 18
    endloop
  endfacet
  facet normal 0 0 1
    outer loop
      vertex -27.4022 12.8513 18
      vertex -28.5228 10.0603 18
      vertex -26.8023 10.5273 18
    endloop
  endfacet
  facet normal -0 0 1
    outer loop
      vertex -29.1821 12.3682 18
      vertex -28.5228 10.0603 18
      vertex -27.4022 12.8513 18
    endloop
  endfacet
  facet normal 0 0 1
    outer loop
      vertex -29.1821 12.3682 18
      vertex -30.1693 9.56628 18
      vertex -28.5228 10.0603 18
    endloop
  endfacet
  facet normal -0 0 1
    outer loop
      vertex -30.8917 11.8552 18
      vertex -30.1693 9.56628 18
      vertex -29.1821 12.3682 18
    endloop
  endfacet
  facet normal 0 0 1
    outer loop
      vertex -30.8917 11.8552 18
      vertex -31.7377 9.04691 18
      vertex -30.1693 9.56628 18
    endloop
  endfacet
  facet normal -0 0 1
    outer loop
      vertex -32.5269 11.3137 18
      vertex -31.7377 9.04691 18
      vertex -30.8917 11.8552 18
    endloop
  endfacet
  facet normal 0 0 1
    outer loop
      vertex -32.5269 11.3137 18
      vertex -33.2229 8.50426 18
      vertex -31.7377 9.04691 18
    endloop
  endfacet
  facet normal -0 0 1
    outer loop
      vertex -34.0837 10.7449 18
      vertex -33.2229 8.50426 18
      vertex -32.5269 11.3137 18
    endloop
  endfacet
  facet normal 0 0 1
    outer loop
      vertex -34.0837 10.7449 18
      vertex -34.6209 7.94058 18
      vertex -33.2229 8.50426 18
    endloop
  endfacet
  facet normal -0 0 1
    outer loop
      vertex -35.5585 10.1503 18
      vertex -34.6209 7.94058 18
      vertex -34.0837 10.7449 18
    endloop
  endfacet
  facet normal 0 0 1
    outer loop
      vertex -35.5585 10.1503 18
      vertex -35.9272 7.35834 18
      vertex -34.6209 7.94058 18
    endloop
  endfacet
  facet normal -0 0 1
    outer loop
      vertex -36.9475 9.53117 18
      vertex -35.9272 7.35834 18
      vertex -35.5585 10.1503 18
    endloop
  endfacet
  facet normal 0 0 1
    outer loop
      vertex -36.9475 9.53117 18
      vertex -37.1379 6.76041 18
      vertex -35.9272 7.35834 18
    endloop
  endfacet
  facet normal -0 0 1
    outer loop
      vertex -38.2476 8.88911 18
      vertex -37.1379 6.76041 18
      vertex -36.9475 9.53117 18
    endloop
  endfacet
  facet normal 0 0 1
    outer loop
      vertex -38.2476 8.88911 18
      vertex -38.2491 6.15004 18
      vertex -37.1379 6.76041 18
    endloop
  endfacet
  facet normal -0 0 1
    outer loop
      vertex -39.4555 8.22563 18
      vertex -38.2491 6.15004 18
      vertex -38.2476 8.88911 18
    endloop
  endfacet
  facet normal 0 0 1
    outer loop
      vertex -38.2491 6.15004 18
      vertex -39.4555 8.22563 18
      vertex -39.2574 5.53098 18
    endloop
  endfacet
  facet normal -0 0 1
    outer loop
      vertex -40.5684 7.54234 18
      vertex -39.2574 5.53098 18
      vertex -39.4555 8.22563 18
    endloop
  endfacet
  facet normal 0 0 1
    outer loop
      vertex -39.2574 5.53098 18
      vertex -40.5684 7.54234 18
      vertex -40.1593 4.90776 18
    endloop
  endfacet
  facet normal -0 0 1
    outer loop
      vertex -41.5835 6.84088 18
      vertex -40.1593 4.90776 18
      vertex -40.5684 7.54234 18
    endloop
  endfacet
  facet normal 0 0 1
    outer loop
      vertex -40.1593 4.90776 18
      vertex -41.5835 6.84088 18
      vertex -40.9522 4.28558 18
    endloop
  endfacet
  facet normal -0 0 1
    outer loop
      vertex -42.4984 6.12292 18
      vertex -40.9522 4.28558 18
      vertex -41.5835 6.84088 18
    endloop
  endfacet
  facet normal 0 0 1
    outer loop
      vertex -40.9522 4.28558 18
      vertex -42.4984 6.12292 18
      vertex -41.6348 3.67007 18
    endloop
  endfacet
  facet normal -0 0 1
    outer loop
      vertex -43.311 5.39023 18
      vertex -41.6348 3.67007 18
      vertex -42.4984 6.12292 18
    endloop
  endfacet
  facet normal 0 0 1
    outer loop
      vertex -41.6348 3.67007 18
      vertex -43.311 5.39023 18
      vertex -42.2066 3.06801 18
    endloop
  endfacet
  facet normal -0 0 1
    outer loop
      vertex -44.0192 4.64455 18
      vertex -42.2066 3.06801 18
      vertex -43.311 5.39023 18
    endloop
  endfacet
  facet normal 0 0 1
    outer loop
      vertex -42.2066 3.06801 18
      vertex -44.0192 4.64455 18
      vertex -42.6695 2.48621 18
    endloop
  endfacet
  facet normal -0 0 1
    outer loop
      vertex -44.6214 3.88768 18
      vertex -42.6695 2.48621 18
      vertex -44.0192 4.64455 18
    endloop
  endfacet
  facet normal 0 0 1
    outer loop
      vertex -42.6695 2.48621 18
      vertex -44.6214 3.88768 18
      vertex -43.0278 1.9313 18
    endloop
  endfacet
  facet normal -0 0 1
    outer loop
      vertex -45.1161 3.12144 18
      vertex -43.0278 1.9313 18
      vertex -44.6214 3.88768 18
    endloop
  endfacet
  facet normal 0 0 1
    outer loop
      vertex -43.0278 1.9313 18
      vertex -45.1161 3.12144 18
      vertex -43.2891 1.40746 18
    endloop
  endfacet
  facet normal -0 0 1
    outer loop
      vertex -45.5021 2.34769 18
      vertex -43.2891 1.40746 18
      vertex -45.1161 3.12144 18
    endloop
  endfacet
  facet normal 0.997859 -0.0654077 6.90221e-20
    outer loop
      vertex 1.12062 -15.9904 18
      vertex 1.19699 -14.8253 4
      vertex 1.19699 -14.8253 18
    endloop
  endfacet
  facet normal 0.997859 -0.0654077 6.90221e-20
    outer loop
      vertex 1.19699 -14.8253 4
      vertex 1.12062 -15.9904 18
      vertex 1.12062 -15.9904 4
    endloop
  endfacet
  facet normal 0.980786 -0.195087 -1.28063e-18
    outer loop
      vertex 1.19699 -14.8253 18
      vertex 1.42667 -13.6706 4
      vertex 1.42667 -13.6706 18
    endloop
  endfacet
  facet normal 0.980786 -0.195087 -1.28063e-18
    outer loop
      vertex 1.42667 -13.6706 4
      vertex 1.19699 -14.8253 18
      vertex 1.19699 -14.8253 4
    endloop
  endfacet
  facet normal 0.946936 -0.321421 -8.94532e-19
    outer loop
      vertex 1.42667 -13.6706 18
      vertex 1.80507 -12.5558 4
      vertex 1.80507 -12.5558 18
    endloop
  endfacet
  facet normal 0.946936 -0.321421 -8.94532e-19
    outer loop
      vertex 1.80507 -12.5558 4
      vertex 1.42667 -13.6706 18
      vertex 1.42667 -13.6706 4
    endloop
  endfacet
  facet normal 0.896864 -0.442307 -9.92849e-19
    outer loop
      vertex 1.80507 -12.5558 18
      vertex 2.32576 -11.5 4
      vertex 2.32576 -11.5 18
    endloop
  endfacet
  facet normal 0.896864 -0.442307 -9.92849e-19
    outer loop
      vertex 2.32576 -11.5 4
      vertex 1.80507 -12.5558 18
      vertex 1.80507 -12.5558 4
    endloop
  endfacet
  facet normal 0.831481 -0.555553 2.82581e-19
    outer loop
      vertex 2.32576 -11.5 18
      vertex 2.97981 -10.5211 4
      vertex 2.97981 -10.5211 18
    endloop
  endfacet
  facet normal 0.831481 -0.555553 2.82581e-19
    outer loop
      vertex 2.97981 -10.5211 4
      vertex 2.32576 -11.5 18
      vertex 2.32576 -11.5 4
    endloop
  endfacet
  facet normal 0.751825 -0.659362 -7.11347e-19
    outer loop
      vertex 2.97981 -10.5211 18
      vertex 3.75603 -9.63603 4
      vertex 3.75603 -9.63603 18
    endloop
  endfacet
  facet normal 0.751825 -0.659362 -7.11347e-19
    outer loop
      vertex 3.75603 -9.63603 4
      vertex 2.97981 -10.5211 18
      vertex 2.97981 -10.5211 4
    endloop
  endfacet
  facet normal 0.659341 -0.751844 0
    outer loop
      vertex 3.75603 -9.63603 4
      vertex 4.64114 -8.85982 18
      vertex 3.75603 -9.63603 18
    endloop
  endfacet
  facet normal 0.659341 -0.751844 0
    outer loop
      vertex 4.64114 -8.85982 18
      vertex 3.75603 -9.63603 4
      vertex 4.64114 -8.85982 4
    endloop
  endfacet
  facet normal 0.555574 -0.831467 0
    outer loop
      vertex 4.64114 -8.85982 4
      vertex 5.62 -8.20576 18
      vertex 4.64114 -8.85982 18
    endloop
  endfacet
  facet normal 0.555574 -0.831467 0
    outer loop
      vertex 5.62 -8.20576 18
      vertex 4.64114 -8.85982 4
      vertex 5.62 -8.20576 4
    endloop
  endfacet
  facet normal 0.442294 -0.89687 0
    outer loop
      vertex 5.62 -8.20576 4
      vertex 6.67584 -7.68507 18
      vertex 5.62 -8.20576 18
    endloop
  endfacet
  facet normal 0.442294 -0.89687 0
    outer loop
      vertex 6.67584 -7.68507 18
      vertex 5.62 -8.20576 4
      vertex 6.67584 -7.68507 4
    endloop
  endfacet
  facet normal 0.321434 -0.946932 0
    outer loop
      vertex 6.67584 -7.68507 4
      vertex 7.79062 -7.30666 18
      vertex 6.67584 -7.68507 18
    endloop
  endfacet
  facet normal 0.321434 -0.946932 0
    outer loop
      vertex 7.79062 -7.30666 18
      vertex 6.67584 -7.68507 4
      vertex 7.79062 -7.30666 4
    endloop
  endfacet
  facet normal 0.195082 -0.980787 0
    outer loop
      vertex 7.79062 -7.30666 4
      vertex 8.94525 -7.077 18
      vertex 7.79062 -7.30666 18
    endloop
  endfacet
  facet normal 0.195082 -0.980787 0
    outer loop
      vertex 8.94525 -7.077 18
      vertex 7.79062 -7.30666 4
      vertex 8.94525 -7.077 4
    endloop
  endfacet
  facet normal 0.0654055 -0.997859 0
    outer loop
      vertex 8.94525 -7.077 4
      vertex 10.12 -7 18
      vertex 8.94525 -7.077 18
    endloop
  endfacet
  facet normal 0.0654055 -0.997859 0
    outer loop
      vertex 10.12 -7 18
      vertex 8.94525 -7.077 4
      vertex 10.12 -7 4
    endloop
  endfacet
  facet normal -0.0654083 -0.997859 0
    outer loop
      vertex 10.12 -7 4
      vertex 11.2947 -7.077 18
      vertex 10.12 -7 18
    endloop
  endfacet
  facet normal -0.0654083 -0.997859 -0
    outer loop
      vertex 11.2947 -7.077 18
      vertex 10.12 -7 4
      vertex 11.2947 -7.077 4
    endloop
  endfacet
  facet normal -0.195071 -0.980789 0
    outer loop
      vertex 11.2947 -7.077 4
      vertex 12.4494 -7.30666 18
      vertex 11.2947 -7.077 18
    endloop
  endfacet
  facet normal -0.195071 -0.980789 -0
    outer loop
      vertex 12.4494 -7.30666 18
      vertex 11.2947 -7.077 4
      vertex 12.4494 -7.30666 4
    endloop
  endfacet
  facet normal -0.321455 -0.946925 0
    outer loop
      vertex 12.4494 -7.30666 4
      vertex 13.5641 -7.68507 18
      vertex 12.4494 -7.30666 18
    endloop
  endfacet
  facet normal -0.321455 -0.946925 -0
    outer loop
      vertex 13.5641 -7.68507 18
      vertex 12.4494 -7.30666 4
      vertex 13.5641 -7.68507 4
    endloop
  endfacet
  facet normal -0.442273 -0.89688 0
    outer loop
      vertex 13.5641 -7.68507 4
      vertex 14.62 -8.20576 18
      vertex 13.5641 -7.68507 18
    endloop
  endfacet
  facet normal -0.442273 -0.89688 -0
    outer loop
      vertex 14.62 -8.20576 18
      vertex 13.5641 -7.68507 4
      vertex 14.62 -8.20576 4
    endloop
  endfacet
  facet normal -0.555598 -0.831451 0
    outer loop
      vertex 14.62 -8.20576 4
      vertex 15.5988 -8.85982 18
      vertex 14.62 -8.20576 18
    endloop
  endfacet
  facet normal -0.555598 -0.831451 -0
    outer loop
      vertex 15.5988 -8.85982 18
      vertex 14.62 -8.20576 4
      vertex 15.5988 -8.85982 4
    endloop
  endfacet
  facet normal -0.659345 -0.751841 0
    outer loop
      vertex 15.5988 -8.85982 4
      vertex 16.4839 -9.63603 18
      vertex 15.5988 -8.85982 18
    endloop
  endfacet
  facet normal -0.659345 -0.751841 -0
    outer loop
      vertex 16.4839 -9.63603 18
      vertex 15.5988 -8.85982 4
      vertex 16.4839 -9.63603 4
    endloop
  endfacet
  facet normal -0.751821 -0.659367 -1.0512e-21
    outer loop
      vertex 17.02 -10.2473 4
      vertex 16.4839 -9.63603 18
      vertex 16.4839 -9.63603 4
    endloop
  endfacet
  facet normal -0.751821 -0.659367 -1.0512e-21
    outer loop
      vertex 16.4839 -9.63603 18
      vertex 17.02 -10.2473 4
      vertex 17.02 -10.2473 18
    endloop
  endfacet
  facet normal 0.751882 -0.659298 2.25605e-18
    outer loop
      vertex 17.02 -10.2473 18
      vertex 17.556 -9.63603 4
      vertex 17.556 -9.63603 18
    endloop
  endfacet
  facet normal 0.751882 -0.659298 2.25605e-18
    outer loop
      vertex 17.556 -9.63603 4
      vertex 17.02 -10.2473 18
      vertex 17.02 -10.2473 4
    endloop
  endfacet
  facet normal 0.659345 -0.751841 0
    outer loop
      vertex 17.556 -9.63603 4
      vertex 18.4411 -8.85982 18
      vertex 17.556 -9.63603 18
    endloop
  endfacet
  facet normal 0.659345 -0.751841 0
    outer loop
      vertex 18.4411 -8.85982 18
      vertex 17.556 -9.63603 4
      vertex 18.4411 -8.85982 4
    endloop
  endfacet
  facet normal 0.555558 -0.831477 0
    outer loop
      vertex 18.4411 -8.85982 4
      vertex 19.42 -8.20576 18
      vertex 18.4411 -8.85982 18
    endloop
  endfacet
  facet normal 0.555558 -0.831477 0
    outer loop
      vertex 19.42 -8.20576 18
      vertex 18.4411 -8.85982 4
      vertex 19.42 -8.20576 4
    endloop
  endfacet
  facet normal 0.442307 -0.896864 0
    outer loop
      vertex 19.42 -8.20576 4
      vertex 20.4758 -7.68507 18
      vertex 19.42 -8.20576 18
    endloop
  endfacet
  facet normal 0.442307 -0.896864 0
    outer loop
      vertex 20.4758 -7.68507 18
      vertex 19.42 -8.20576 4
      vertex 20.4758 -7.68507 4
    endloop
  endfacet
  facet normal 0.321429 -0.946934 0
    outer loop
      vertex 20.4758 -7.68507 4
      vertex 21.5906 -7.30666 18
      vertex 20.4758 -7.68507 18
    endloop
  endfacet
  facet normal 0.321429 -0.946934 0
    outer loop
      vertex 21.5906 -7.30666 18
      vertex 20.4758 -7.68507 4
      vertex 21.5906 -7.30666 4
    endloop
  endfacet
  facet normal 0.195071 -0.980789 0
    outer loop
      vertex 21.5906 -7.30666 4
      vertex 22.7453 -7.077 18
      vertex 21.5906 -7.30666 18
    endloop
  endfacet
  facet normal 0.195071 -0.980789 0
    outer loop
      vertex 22.7453 -7.077 18
      vertex 21.5906 -7.30666 4
      vertex 22.7453 -7.077 4
    endloop
  endfacet
  facet normal 0.0654083 -0.997859 0
    outer loop
      vertex 22.7453 -7.077 4
      vertex 23.92 -7 18
      vertex 22.7453 -7.077 18
    endloop
  endfacet
  facet normal 0.0654083 -0.997859 0
    outer loop
      vertex 23.92 -7 18
      vertex 22.7453 -7.077 4
      vertex 23.92 -7 4
    endloop
  endfacet
  facet normal -0.0654083 -0.997859 0
    outer loop
      vertex 23.92 -7 4
      vertex 25.0947 -7.077 18
      vertex 23.92 -7 18
    endloop
  endfacet
  facet normal -0.0654083 -0.997859 -0
    outer loop
      vertex 25.0947 -7.077 18
      vertex 23.92 -7 4
      vertex 25.0947 -7.077 4
    endloop
  endfacet
  facet normal -0.195071 -0.980789 0
    outer loop
      vertex 25.0947 -7.077 4
      vertex 26.2494 -7.30666 18
      vertex 25.0947 -7.077 18
    endloop
  endfacet
  facet normal -0.195071 -0.980789 -0
    outer loop
      vertex 26.2494 -7.30666 18
      vertex 25.0947 -7.077 4
      vertex 26.2494 -7.30666 4
    endloop
  endfacet
  facet normal -0.321455 -0.946925 0
    outer loop
      vertex 26.2494 -7.30666 4
      vertex 27.3641 -7.68507 18
      vertex 26.2494 -7.30666 18
    endloop
  endfacet
  facet normal -0.321455 -0.946925 -0
    outer loop
      vertex 27.3641 -7.68507 18
      vertex 26.2494 -7.30666 4
      vertex 27.3641 -7.68507 4
    endloop
  endfacet
  facet normal -0.442273 -0.89688 0
    outer loop
      vertex 27.3641 -7.68507 4
      vertex 28.42 -8.20576 18
      vertex 27.3641 -7.68507 18
    endloop
  endfacet
  facet normal -0.442273 -0.89688 -0
    outer loop
      vertex 28.42 -8.20576 18
      vertex 27.3641 -7.68507 4
      vertex 28.42 -8.20576 4
    endloop
  endfacet
  facet normal -0.555598 -0.831451 0
    outer loop
      vertex 28.42 -8.20576 4
      vertex 29.3988 -8.85982 18
      vertex 28.42 -8.20576 18
    endloop
  endfacet
  facet normal -0.555598 -0.831451 -0
    outer loop
      vertex 29.3988 -8.85982 18
      vertex 28.42 -8.20576 4
      vertex 29.3988 -8.85982 4
    endloop
  endfacet
  facet normal -0.659303 -0.751878 0
    outer loop
      vertex 29.3988 -8.85982 4
      vertex 30.284 -9.63603 18
      vertex 29.3988 -8.85982 18
    endloop
  endfacet
  facet normal -0.659303 -0.751878 -0
    outer loop
      vertex 30.284 -9.63603 18
      vertex 29.3988 -8.85982 4
      vertex 30.284 -9.63603 4
    endloop
  endfacet
  facet normal -0.751834 -0.659353 -2.94566e-18
    outer loop
      vertex 31.0602 -10.5211 4
      vertex 30.284 -9.63603 18
      vertex 30.284 -9.63603 4
    endloop
  endfacet
  facet normal -0.751834 -0.659353 -2.94566e-18
    outer loop
      vertex 30.284 -9.63603 18
      vertex 31.0602 -10.5211 4
      vertex 31.0602 -10.5211 18
    endloop
  endfacet
  facet normal -0.831501 -0.555523 -1.21926e-18
    outer loop
      vertex 31.7142 -11.5 4
      vertex 31.0602 -10.5211 18
      vertex 31.0602 -10.5211 4
    endloop
  endfacet
  facet normal -0.831501 -0.555523 -1.21926e-18
    outer loop
      vertex 31.0602 -10.5211 18
      vertex 31.7142 -11.5 4
      vertex 31.7142 -11.5 18
    endloop
  endfacet
  facet normal -0.896932 -0.442168 -1.2467e-19
    outer loop
      vertex 31.7493 -11.5712 4
      vertex 31.7142 -11.5 18
      vertex 31.7142 -11.5 4
    endloop
  endfacet
  facet normal -0.896932 -0.442168 -1.2467e-19
    outer loop
      vertex 31.7142 -11.5 18
      vertex 31.7493 -11.5712 4
      vertex 31.7493 -11.5712 18
    endloop
  endfacet
  facet normal 0.314359 -0.949304 0
    outer loop
      vertex 31.7493 -11.5712 4
      vertex 32.5269 -11.3137 18
      vertex 31.7493 -11.5712 18
    endloop
  endfacet
  facet normal 0.314359 -0.949304 0
    outer loop
      vertex 32.5269 -11.3137 18
      vertex 31.7493 -11.5712 4
      vertex 32.5269 -11.3137 4
    endloop
  endfacet
  facet normal 0.343177 -0.939271 0
    outer loop
      vertex 32.5269 -11.3137 4
      vertex 34.0837 -10.7449 18
      vertex 32.5269 -11.3137 18
    endloop
  endfacet
  facet normal 0.343177 -0.939271 0
    outer loop
      vertex 34.0837 -10.7449 18
      vertex 32.5269 -11.3137 4
      vertex 34.0837 -10.7449 4
    endloop
  endfacet
  facet normal 0.373926 -0.927458 0
    outer loop
      vertex 34.0837 -10.7449 4
      vertex 35.5585 -10.1503 18
      vertex 34.0837 -10.7449 18
    endloop
  endfacet
  facet normal 0.373926 -0.927458 0
    outer loop
      vertex 35.5585 -10.1503 18
      vertex 34.0837 -10.7449 4
      vertex 35.5585 -10.1503 4
    endloop
  endfacet
  facet normal 0.407125 -0.913373 0
    outer loop
      vertex 35.5585 -10.1503 4
      vertex 36.9475 -9.53117 18
      vertex 35.5585 -10.1503 18
    endloop
  endfacet
  facet normal 0.407125 -0.913373 0
    outer loop
      vertex 36.9475 -9.53117 18
      vertex 35.5585 -10.1503 4
      vertex 36.9475 -9.53117 4
    endloop
  endfacet
  facet normal 0.4428 -0.89662 0
    outer loop
      vertex 36.9475 -9.53117 4
      vertex 38.2476 -8.88911 18
      vertex 36.9475 -9.53117 18
    endloop
  endfacet
  facet normal 0.4428 -0.89662 0
    outer loop
      vertex 38.2476 -8.88911 18
      vertex 36.9475 -9.53117 4
      vertex 38.2476 -8.88911 4
    endloop
  endfacet
  facet normal 0.481437 -0.876481 0
    outer loop
      vertex 38.2476 -8.88911 4
      vertex 39.4555 -8.22563 18
      vertex 38.2476 -8.88911 18
    endloop
  endfacet
  facet normal 0.481437 -0.876481 0
    outer loop
      vertex 39.4555 -8.22563 18
      vertex 38.2476 -8.88911 4
      vertex 39.4555 -8.22563 4
    endloop
  endfacet
  facet normal 0.523224 -0.852195 0
    outer loop
      vertex 39.4555 -8.22563 4
      vertex 40.5684 -7.54234 18
      vertex 39.4555 -8.22563 18
    endloop
  endfacet
  facet normal 0.523224 -0.852195 0
    outer loop
      vertex 40.5684 -7.54234 18
      vertex 39.4555 -8.22563 4
      vertex 40.5684 -7.54234 4
    endloop
  endfacet
  facet normal 0.568497 -0.822686 0
    outer loop
      vertex 40.5684 -7.54234 4
      vertex 41.5835 -6.84088 18
      vertex 40.5684 -7.54234 18
    endloop
  endfacet
  facet normal 0.568497 -0.822686 0
    outer loop
      vertex 41.5835 -6.84088 18
      vertex 40.5684 -7.54234 4
      vertex 41.5835 -6.84088 4
    endloop
  endfacet
  facet normal 0.617348 -0.78669 0
    outer loop
      vertex 41.5835 -6.84088 4
      vertex 42.4984 -6.12292 18
      vertex 41.5835 -6.84088 18
    endloop
  endfacet
  facet normal 0.617348 -0.78669 0
    outer loop
      vertex 42.4984 -6.12292 18
      vertex 41.5835 -6.84088 4
      vertex 42.4984 -6.12292 4
    endloop
  endfacet
  facet normal 0.669646 -0.74268 0
    outer loop
      vertex 42.4984 -6.12292 4
      vertex 43.311 -5.39023 18
      vertex 42.4984 -6.12292 18
    endloop
  endfacet
  facet normal 0.669646 -0.74268 0
    outer loop
      vertex 43.311 -5.39023 18
      vertex 42.4984 -6.12292 4
      vertex 43.311 -5.39023 4
    endloop
  endfacet
  facet normal 0.725095 -0.688649 1.11095e-18
    outer loop
      vertex 43.311 -5.39023 18
      vertex 44.0192 -4.64455 4
      vertex 44.0192 -4.64455 18
    endloop
  endfacet
  facet normal 0.725095 -0.688649 1.11095e-18
    outer loop
      vertex 44.0192 -4.64455 4
      vertex 43.311 -5.39023 18
      vertex 43.311 -5.39023 4
    endloop
  endfacet
  facet normal 0.782528 -0.622615 1.31137e-18
    outer loop
      vertex 44.0192 -4.64455 18
      vertex 44.6214 -3.88768 4
      vertex 44.6214 -3.88768 18
    endloop
  endfacet
  facet normal 0.782528 -0.622615 1.31137e-18
    outer loop
      vertex 44.6214 -3.88768 4
      vertex 44.0192 -4.64455 18
      vertex 44.0192 -4.64455 4
    endloop
  endfacet
  facet normal 0.840121 -0.542399 1.65361e-18
    outer loop
      vertex 44.6214 -3.88768 18
      vertex 45.1161 -3.12144 4
      vertex 45.1161 -3.12144 18
    endloop
  endfacet
  facet normal 0.840121 -0.542399 1.65361e-18
    outer loop
      vertex 45.1161 -3.12144 4
      vertex 44.6214 -3.88768 18
      vertex 44.6214 -3.88768 4
    endloop
  endfacet
  facet normal 0.894832 -0.446404 1.61265e-18
    outer loop
      vertex 45.1161 -3.12144 18
      vertex 45.5021 -2.34769 4
      vertex 45.5021 -2.34769 18
    endloop
  endfacet
  facet normal 0.894832 -0.446404 1.61265e-18
    outer loop
      vertex 45.5021 -2.34769 4
      vertex 45.1161 -3.12144 18
      vertex 45.1161 -3.12144 4
    endloop
  endfacet
  facet normal 0.942492 -0.334229 -8.27698e-19
    outer loop
      vertex 45.5021 -2.34769 18
      vertex 45.7785 -1.56827 4
      vertex 45.7785 -1.56827 18
    endloop
  endfacet
  facet normal 0.942492 -0.334229 -8.27698e-19
    outer loop
      vertex 45.7785 -1.56827 4
      vertex 45.5021 -2.34769 18
      vertex 45.5021 -2.34769 4
    endloop
  endfacet
  facet normal 0.978242 -0.207467 3.98028e-19
    outer loop
      vertex 45.7785 -1.56827 18
      vertex 45.9446 -0.78508 4
      vertex 45.9446 -0.78508 18
    endloop
  endfacet
  facet normal 0.978242 -0.207467 3.98028e-19
    outer loop
      vertex 45.9446 -0.78508 4
      vertex 45.7785 -1.56827 18
      vertex 45.7785 -1.56827 4
    endloop
  endfacet
  facet normal 0.997519 -0.070391 -2.64642e-19
    outer loop
      vertex 45.9446 -0.78508 18
      vertex 46 0 4
      vertex 46 0 18
    endloop
  endfacet
  facet normal 0.997519 -0.070391 -2.64642e-19
    outer loop
      vertex 46 0 4
      vertex 45.9446 -0.78508 18
      vertex 45.9446 -0.78508 4
    endloop
  endfacet
  facet normal 0.997519 0.070391 2.64642e-19
    outer loop
      vertex 46 0 18
      vertex 45.9446 0.78508 4
      vertex 45.9446 0.78508 18
    endloop
  endfacet
  facet normal 0.997519 0.070391 2.64642e-19
    outer loop
      vertex 45.9446 0.78508 4
      vertex 46 0 18
      vertex 46 0 4
    endloop
  endfacet
  facet normal 0.978242 0.207467 -3.98028e-19
    outer loop
      vertex 45.9446 0.78508 18
      vertex 45.7785 1.56827 4
      vertex 45.7785 1.56827 18
    endloop
  endfacet
  facet normal 0.978242 0.207467 -3.98028e-19
    outer loop
      vertex 45.7785 1.56827 4
      vertex 45.9446 0.78508 18
      vertex 45.9446 0.78508 4
    endloop
  endfacet
  facet normal 0.942492 0.334229 8.27698e-19
    outer loop
      vertex 45.7785 1.56827 18
      vertex 45.5021 2.34769 4
      vertex 45.5021 2.34769 18
    endloop
  endfacet
  facet normal 0.942492 0.334229 8.27698e-19
    outer loop
      vertex 45.5021 2.34769 4
      vertex 45.7785 1.56827 18
      vertex 45.7785 1.56827 4
    endloop
  endfacet
  facet normal 0.894832 0.446404 -1.61265e-18
    outer loop
      vertex 45.5021 2.34769 18
      vertex 45.1161 3.12144 4
      vertex 45.1161 3.12144 18
    endloop
  endfacet
  facet normal 0.894832 0.446404 -1.61265e-18
    outer loop
      vertex 45.1161 3.12144 4
      vertex 45.5021 2.34769 18
      vertex 45.5021 2.34769 4
    endloop
  endfacet
  facet normal 0.840121 0.542399 -1.65361e-18
    outer loop
      vertex 45.1161 3.12144 18
      vertex 44.6214 3.88768 4
      vertex 44.6214 3.88768 18
    endloop
  endfacet
  facet normal 0.840121 0.542399 -1.65361e-18
    outer loop
      vertex 44.6214 3.88768 4
      vertex 45.1161 3.12144 18
      vertex 45.1161 3.12144 4
    endloop
  endfacet
  facet normal 0.782528 0.622615 -1.31137e-18
    outer loop
      vertex 44.6214 3.88768 18
      vertex 44.0192 4.64455 4
      vertex 44.0192 4.64455 18
    endloop
  endfacet
  facet normal 0.782528 0.622615 -1.31137e-18
    outer loop
      vertex 44.0192 4.64455 4
      vertex 44.6214 3.88768 18
      vertex 44.6214 3.88768 4
    endloop
  endfacet
  facet normal 0.725095 0.688649 -1.11095e-18
    outer loop
      vertex 44.0192 4.64455 18
      vertex 43.311 5.39023 4
      vertex 43.311 5.39023 18
    endloop
  endfacet
  facet normal 0.725095 0.688649 -1.11095e-18
    outer loop
      vertex 43.311 5.39023 4
      vertex 44.0192 4.64455 18
      vertex 44.0192 4.64455 4
    endloop
  endfacet
  facet normal 0.669646 0.74268 -0
    outer loop
      vertex 43.311 5.39023 4
      vertex 42.4984 6.12292 18
      vertex 43.311 5.39023 18
    endloop
  endfacet
  facet normal 0.669646 0.74268 0
    outer loop
      vertex 42.4984 6.12292 18
      vertex 43.311 5.39023 4
      vertex 42.4984 6.12292 4
    endloop
  endfacet
  facet normal 0.617348 0.78669 -0
    outer loop
      vertex 42.4984 6.12292 4
      vertex 41.5835 6.84088 18
      vertex 42.4984 6.12292 18
    endloop
  endfacet
  facet normal 0.617348 0.78669 0
    outer loop
      vertex 41.5835 6.84088 18
      vertex 42.4984 6.12292 4
      vertex 41.5835 6.84088 4
    endloop
  endfacet
  facet normal 0.568497 0.822686 -0
    outer loop
      vertex 41.5835 6.84088 4
      vertex 40.5684 7.54234 18
      vertex 41.5835 6.84088 18
    endloop
  endfacet
  facet normal 0.568497 0.822686 0
    outer loop
      vertex 40.5684 7.54234 18
      vertex 41.5835 6.84088 4
      vertex 40.5684 7.54234 4
    endloop
  endfacet
  facet normal 0.523224 0.852195 -0
    outer loop
      vertex 40.5684 7.54234 4
      vertex 39.4555 8.22563 18
      vertex 40.5684 7.54234 18
    endloop
  endfacet
  facet normal 0.523224 0.852195 0
    outer loop
      vertex 39.4555 8.22563 18
      vertex 40.5684 7.54234 4
      vertex 39.4555 8.22563 4
    endloop
  endfacet
  facet normal 0.481437 0.876481 -0
    outer loop
      vertex 39.4555 8.22563 4
      vertex 38.2476 8.88911 18
      vertex 39.4555 8.22563 18
    endloop
  endfacet
  facet normal 0.481437 0.876481 0
    outer loop
      vertex 38.2476 8.88911 18
      vertex 39.4555 8.22563 4
      vertex 38.2476 8.88911 4
    endloop
  endfacet
  facet normal 0.4428 0.89662 -0
    outer loop
      vertex 38.2476 8.88911 4
      vertex 36.9475 9.53117 18
      vertex 38.2476 8.88911 18
    endloop
  endfacet
  facet normal 0.4428 0.89662 0
    outer loop
      vertex 36.9475 9.53117 18
      vertex 38.2476 8.88911 4
      vertex 36.9475 9.53117 4
    endloop
  endfacet
  facet normal 0.407125 0.913373 -0
    outer loop
      vertex 36.9475 9.53117 4
      vertex 35.5585 10.1503 18
      vertex 36.9475 9.53117 18
    endloop
  endfacet
  facet normal 0.407125 0.913373 0
    outer loop
      vertex 35.5585 10.1503 18
      vertex 36.9475 9.53117 4
      vertex 35.5585 10.1503 4
    endloop
  endfacet
  facet normal 0.373926 0.927458 -0
    outer loop
      vertex 35.5585 10.1503 4
      vertex 34.0837 10.7449 18
      vertex 35.5585 10.1503 18
    endloop
  endfacet
  facet normal 0.373926 0.927458 0
    outer loop
      vertex 34.0837 10.7449 18
      vertex 35.5585 10.1503 4
      vertex 34.0837 10.7449 4
    endloop
  endfacet
  facet normal 0.343177 0.939271 -0
    outer loop
      vertex 34.0837 10.7449 4
      vertex 32.5269 11.3137 18
      vertex 34.0837 10.7449 18
    endloop
  endfacet
  facet normal 0.343177 0.939271 0
    outer loop
      vertex 32.5269 11.3137 18
      vertex 34.0837 10.7449 4
      vertex 32.5269 11.3137 4
    endloop
  endfacet
  facet normal 0.314364 0.949303 -0
    outer loop
      vertex 32.5269 11.3137 4
      vertex 30.8917 11.8552 18
      vertex 32.5269 11.3137 18
    endloop
  endfacet
  facet normal 0.314364 0.949303 0
    outer loop
      vertex 30.8917 11.8552 18
      vertex 32.5269 11.3137 4
      vertex 30.8917 11.8552 4
    endloop
  endfacet
  facet normal 0.28741 0.957808 -0
    outer loop
      vertex 30.8917 11.8552 4
      vertex 29.1821 12.3682 18
      vertex 30.8917 11.8552 18
    endloop
  endfacet
  facet normal 0.28741 0.957808 0
    outer loop
      vertex 29.1821 12.3682 18
      vertex 30.8917 11.8552 4
      vertex 29.1821 12.3682 4
    endloop
  endfacet
  facet normal 0.261943 0.965083 -0
    outer loop
      vertex 29.1821 12.3682 4
      vertex 27.4022 12.8513 18
      vertex 29.1821 12.3682 18
    endloop
  endfacet
  facet normal 0.261943 0.965083 0
    outer loop
      vertex 27.4022 12.8513 18
      vertex 29.1821 12.3682 4
      vertex 27.4022 12.8513 4
    endloop
  endfacet
  facet normal 0.237927 0.971283 -0
    outer loop
      vertex 27.4022 12.8513 4
      vertex 25.5562 13.3035 18
      vertex 27.4022 12.8513 18
    endloop
  endfacet
  facet normal 0.237927 0.971283 0
    outer loop
      vertex 25.5562 13.3035 18
      vertex 27.4022 12.8513 4
      vertex 25.5562 13.3035 4
    endloop
  endfacet
  facet normal 0.215082 0.976596 -0
    outer loop
      vertex 25.5562 13.3035 4
      vertex 23.6487 13.7236 18
      vertex 25.5562 13.3035 18
    endloop
  endfacet
  facet normal 0.215082 0.976596 0
    outer loop
      vertex 23.6487 13.7236 18
      vertex 25.5562 13.3035 4
      vertex 23.6487 13.7236 4
    endloop
  endfacet
  facet normal 0.19333 0.981134 -0
    outer loop
      vertex 23.6487 13.7236 4
      vertex 21.6842 14.1107 18
      vertex 23.6487 13.7236 18
    endloop
  endfacet
  facet normal 0.19333 0.981134 0
    outer loop
      vertex 21.6842 14.1107 18
      vertex 23.6487 13.7236 4
      vertex 21.6842 14.1107 4
    endloop
  endfacet
  facet normal 0.172464 0.985016 -0
    outer loop
      vertex 21.6842 14.1107 4
      vertex 19.6675 14.4638 18
      vertex 21.6842 14.1107 18
    endloop
  endfacet
  facet normal 0.172464 0.985016 0
    outer loop
      vertex 19.6675 14.4638 18
      vertex 21.6842 14.1107 4
      vertex 19.6675 14.4638 4
    endloop
  endfacet
  facet normal 0.152406 0.988318 -0
    outer loop
      vertex 19.6675 14.4638 4
      vertex 17.6034 14.7821 18
      vertex 19.6675 14.4638 18
    endloop
  endfacet
  facet normal 0.152406 0.988318 0
    outer loop
      vertex 17.6034 14.7821 18
      vertex 19.6675 14.4638 4
      vertex 17.6034 14.7821 4
    endloop
  endfacet
  facet normal 0.132965 0.991121 -0
    outer loop
      vertex 17.6034 14.7821 4
      vertex 15.4969 15.0647 18
      vertex 17.6034 14.7821 18
    endloop
  endfacet
  facet normal 0.132965 0.991121 0
    outer loop
      vertex 15.4969 15.0647 18
      vertex 17.6034 14.7821 4
      vertex 15.4969 15.0647 4
    endloop
  endfacet
  facet normal 0.114139 0.993465 -0
    outer loop
      vertex 15.4969 15.0647 4
      vertex 13.3531 15.311 18
      vertex 15.4969 15.0647 18
    endloop
  endfacet
  facet normal 0.114139 0.993465 0
    outer loop
      vertex 13.3531 15.311 18
      vertex 15.4969 15.0647 4
      vertex 13.3531 15.311 4
    endloop
  endfacet
  facet normal 0.0958344 0.995397 -0
    outer loop
      vertex 13.3531 15.311 4
      vertex 11.1771 15.5205 18
      vertex 13.3531 15.311 18
    endloop
  endfacet
  facet normal 0.0958344 0.995397 0
    outer loop
      vertex 11.1771 15.5205 18
      vertex 13.3531 15.311 4
      vertex 11.1771 15.5205 4
    endloop
  endfacet
  facet normal 0.0778486 0.996965 -0
    outer loop
      vertex 11.1771 15.5205 4
      vertex 9 15.6905 18
      vertex 11.1771 15.5205 18
    endloop
  endfacet
  facet normal 0.0778486 0.996965 0
    outer loop
      vertex 9 15.6905 18
      vertex 11.1771 15.5205 4
      vertex 9 15.6905 4
    endloop
  endfacet
  facet normal 1 -0 0
    outer loop
      vertex 9 15.6905 18
      vertex 9 20 4
      vertex 9 20 18
    endloop
  endfacet
  facet normal 1 0 0
    outer loop
      vertex 9 20 4
      vertex 9 15.6905 18
      vertex 9 15.6905 4
    endloop
  endfacet
  facet normal 0.997858 0.0654167 3.51353e-19
    outer loop
      vertex 9 20 18
      vertex 8.92299 21.1747 4
      vertex 8.92299 21.1747 18
    endloop
  endfacet
  facet normal 0.997858 0.0654167 3.51353e-19
    outer loop
      vertex 8.92299 21.1747 4
      vertex 9 20 18
      vertex 9 20 4
    endloop
  endfacet
  facet normal 0.980789 0.195071 -1.46202e-19
    outer loop
      vertex 8.92299 21.1747 18
      vertex 8.69333 22.3294 4
      vertex 8.69333 22.3294 18
    endloop
  endfacet
  facet normal 0.980789 0.195071 -1.46202e-19
    outer loop
      vertex 8.69333 22.3294 4
      vertex 8.92299 21.1747 18
      vertex 8.92299 21.1747 4
    endloop
  endfacet
  facet normal 0.946922 0.321463 3.46366e-19
    outer loop
      vertex 8.69333 22.3294 18
      vertex 8.31491 23.4441 4
      vertex 8.31491 23.4441 18
    endloop
  endfacet
  facet normal 0.946922 0.321463 3.46366e-19
    outer loop
      vertex 8.31491 23.4441 4
      vertex 8.69333 22.3294 18
      vertex 8.69333 22.3294 4
    endloop
  endfacet
  facet normal 0.89688 0.442273 9.17281e-19
    outer loop
      vertex 8.31491 23.4441 18
      vertex 7.79422 24.5 4
      vertex 7.79422 24.5 18
    endloop
  endfacet
  facet normal 0.89688 0.442273 9.17281e-19
    outer loop
      vertex 7.79422 24.5 4
      vertex 8.31491 23.4441 18
      vertex 8.31491 23.4441 4
    endloop
  endfacet
  facet normal 0 -1 0
    outer loop
      vertex 7.79422 24.5 4
      vertex 10 24.5 18
      vertex 7.79422 24.5 18
    endloop
  endfacet
  facet normal 0 -1 -0
    outer loop
      vertex 10 24.5 18
      vertex 7.79422 24.5 4
      vertex 10 24.5 4
    endloop
  endfacet
  facet normal 0.948683 0.316228 0
    outer loop
      vertex 10 24.5 18
      vertex 6 36.5 4
      vertex 6 36.5 18
    endloop
  endfacet
  facet normal 0.948683 0.316228 0
    outer loop
      vertex 6 36.5 4
      vertex 10 24.5 18
      vertex 10 24.5 4
    endloop
  endfacet
  facet normal -0.948683 0.316227 -6.59608e-18
    outer loop
      vertex 3.28917 28.3675 4
      vertex 6 36.5 18
      vertex 6 36.5 4
    endloop
  endfacet
  facet normal -0.948683 0.316227 -6.59608e-18
    outer loop
      vertex 6 36.5 18
      vertex 3.28917 28.3675 4
      vertex 3.28917 28.3675 18
    endloop
  endfacet
  facet normal 0.321429 0.946934 -0
    outer loop
      vertex 3.28917 28.3675 4
      vertex 2.32936 28.6933 18
      vertex 3.28917 28.3675 18
    endloop
  endfacet
  facet normal 0.321429 0.946934 0
    outer loop
      vertex 2.32936 28.6933 18
      vertex 3.28917 28.3675 4
      vertex 2.32936 28.6933 4
    endloop
  endfacet
  facet normal 0.195115 0.98078 -0
    outer loop
      vertex 2.32936 28.6933 4
      vertex 1.17473 28.923 18
      vertex 2.32936 28.6933 18
    endloop
  endfacet
  facet normal 0.195115 0.98078 0
    outer loop
      vertex 1.17473 28.923 18
      vertex 2.32936 28.6933 4
      vertex 1.17473 28.923 4
    endloop
  endfacet
  facet normal 0.0654066 0.997859 -0
    outer loop
      vertex 1.17473 28.923 4
      vertex 0 29 18
      vertex 1.17473 28.923 18
    endloop
  endfacet
  facet normal 0.0654066 0.997859 0
    outer loop
      vertex 0 29 18
      vertex 1.17473 28.923 4
      vertex 0 29 4
    endloop
  endfacet
  facet normal -0.0654066 0.997859 0
    outer loop
      vertex 0 29 4
      vertex -1.17473 28.923 18
      vertex 0 29 18
    endloop
  endfacet
  facet normal -0.0654066 0.997859 0
    outer loop
      vertex -1.17473 28.923 18
      vertex 0 29 4
      vertex -1.17473 28.923 4
    endloop
  endfacet
  facet normal -0.195115 0.98078 0
    outer loop
      vertex -1.17473 28.923 4
      vertex -2.32936 28.6933 18
      vertex -1.17473 28.923 18
    endloop
  endfacet
  facet normal -0.195115 0.98078 0
    outer loop
      vertex -2.32936 28.6933 18
      vertex -1.17473 28.923 4
      vertex -2.32936 28.6933 4
    endloop
  endfacet
  facet normal -0.321429 0.946934 0
    outer loop
      vertex -2.32936 28.6933 4
      vertex -3.28917 28.3675 18
      vertex -2.32936 28.6933 18
    endloop
  endfacet
  facet normal -0.321429 0.946934 0
    outer loop
      vertex -3.28917 28.3675 18
      vertex -2.32936 28.6933 4
      vertex -3.28917 28.3675 4
    endloop
  endfacet
  facet normal 0.948683 0.316227 6.59608e-18
    outer loop
      vertex -3.28917 28.3675 18
      vertex -6 36.5 4
      vertex -6 36.5 18
    endloop
  endfacet
  facet normal 0.948683 0.316227 6.59608e-18
    outer loop
      vertex -6 36.5 4
      vertex -3.28917 28.3675 18
      vertex -3.28917 28.3675 4
    endloop
  endfacet
  facet normal -0.948683 0.316228 0
    outer loop
      vertex -10 24.5 4
      vertex -6 36.5 18
      vertex -6 36.5 4
    endloop
  endfacet
  facet normal -0.948683 0.316228 0
    outer loop
      vertex -6 36.5 18
      vertex -10 24.5 4
      vertex -10 24.5 18
    endloop
  endfacet
  facet normal 0 -1 0
    outer loop
      vertex -10 24.5 4
      vertex -7.79422 24.5 18
      vertex -10 24.5 18
    endloop
  endfacet
  facet normal 0 -1 -0
    outer loop
      vertex -7.79422 24.5 18
      vertex -10 24.5 4
      vertex -7.79422 24.5 4
    endloop
  endfacet
  facet normal -0.89688 0.442273 -9.17281e-19
    outer loop
      vertex -8.31491 23.4441 4
      vertex -7.79422 24.5 18
      vertex -7.79422 24.5 4
    endloop
  endfacet
  facet normal -0.89688 0.442273 -9.17281e-19
    outer loop
      vertex -7.79422 24.5 18
      vertex -8.31491 23.4441 4
      vertex -8.31491 23.4441 18
    endloop
  endfacet
  facet normal -0.946922 0.321463 -3.46366e-19
    outer loop
      vertex -8.69333 22.3294 4
      vertex -8.31491 23.4441 18
      vertex -8.31491 23.4441 4
    endloop
  endfacet
  facet normal -0.946922 0.321463 -3.46366e-19
    outer loop
      vertex -8.31491 23.4441 18
      vertex -8.69333 22.3294 4
      vertex -8.69333 22.3294 18
    endloop
  endfacet
  facet normal -0.980789 0.195071 1.46202e-19
    outer loop
      vertex -8.92299 21.1747 4
      vertex -8.69333 22.3294 18
      vertex -8.69333 22.3294 4
    endloop
  endfacet
  facet normal -0.980789 0.195071 1.46202e-19
    outer loop
      vertex -8.69333 22.3294 18
      vertex -8.92299 21.1747 4
      vertex -8.92299 21.1747 18
    endloop
  endfacet
  facet normal -0.997858 0.0654167 -3.51353e-19
    outer loop
      vertex -9 20 4
      vertex -8.92299 21.1747 18
      vertex -8.92299 21.1747 4
    endloop
  endfacet
  facet normal -0.997858 0.0654167 -3.51353e-19
    outer loop
      vertex -8.92299 21.1747 18
      vertex -9 20 4
      vertex -9 20 18
    endloop
  endfacet
  facet normal -1 0 0
    outer loop
      vertex -9 15.6905 4
      vertex -9 20 18
      vertex -9 20 4
    endloop
  endfacet
  facet normal -1 -0 0
    outer loop
      vertex -9 20 18
      vertex -9 15.6905 4
      vertex -9 15.6905 18
    endloop
  endfacet
  facet normal -0.0778486 0.996965 0
    outer loop
      vertex -9 15.6905 4
      vertex -11.1771 15.5205 18
      vertex -9 15.6905 18
    endloop
  endfacet
  facet normal -0.0778486 0.996965 0
    outer loop
      vertex -11.1771 15.5205 18
      vertex -9 15.6905 4
      vertex -11.1771 15.5205 4
    endloop
  endfacet
  facet normal -0.0958344 0.995397 0
    outer loop
      vertex -11.1771 15.5205 4
      vertex -13.3531 15.311 18
      vertex -11.1771 15.5205 18
    endloop
  endfacet
  facet normal -0.0958344 0.995397 0
    outer loop
      vertex -13.3531 15.311 18
      vertex -11.1771 15.5205 4
      vertex -13.3531 15.311 4
    endloop
  endfacet
  facet normal -0.114139 0.993465 0
    outer loop
      vertex -13.3531 15.311 4
      vertex -15.4969 15.0647 18
      vertex -13.3531 15.311 18
    endloop
  endfacet
  facet normal -0.114139 0.993465 0
    outer loop
      vertex -15.4969 15.0647 18
      vertex -13.3531 15.311 4
      vertex -15.4969 15.0647 4
    endloop
  endfacet
  facet normal -0.132965 0.991121 0
    outer loop
      vertex -15.4969 15.0647 4
      vertex -17.6034 14.7821 18
      vertex -15.4969 15.0647 18
    endloop
  endfacet
  facet normal -0.132965 0.991121 0
    outer loop
      vertex -17.6034 14.7821 18
      vertex -15.4969 15.0647 4
      vertex -17.6034 14.7821 4
    endloop
  endfacet
  facet normal -0.152406 0.988318 0
    outer loop
      vertex -17.6034 14.7821 4
      vertex -19.6675 14.4638 18
      vertex -17.6034 14.7821 18
    endloop
  endfacet
  facet normal -0.152406 0.988318 0
    outer loop
      vertex -19.6675 14.4638 18
      vertex -17.6034 14.7821 4
      vertex -19.6675 14.4638 4
    endloop
  endfacet
  facet normal -0.172464 0.985016 0
    outer loop
      vertex -19.6675 14.4638 4
      vertex -21.6842 14.1107 18
      vertex -19.6675 14.4638 18
    endloop
  endfacet
  facet normal -0.172464 0.985016 0
    outer loop
      vertex -21.6842 14.1107 18
      vertex -19.6675 14.4638 4
      vertex -21.6842 14.1107 4
    endloop
  endfacet
  facet normal -0.19333 0.981134 0
    outer loop
      vertex -21.6842 14.1107 4
      vertex -23.6487 13.7236 18
      vertex -21.6842 14.1107 18
    endloop
  endfacet
  facet normal -0.19333 0.981134 0
    outer loop
      vertex -23.6487 13.7236 18
      vertex -21.6842 14.1107 4
      vertex -23.6487 13.7236 4
    endloop
  endfacet
  facet normal -0.215082 0.976596 0
    outer loop
      vertex -23.6487 13.7236 4
      vertex -25.5562 13.3035 18
      vertex -23.6487 13.7236 18
    endloop
  endfacet
  facet normal -0.215082 0.976596 0
    outer loop
      vertex -25.5562 13.3035 18
      vertex -23.6487 13.7236 4
      vertex -25.5562 13.3035 4
    endloop
  endfacet
  facet normal -0.237927 0.971283 0
    outer loop
      vertex -25.5562 13.3035 4
      vertex -27.4022 12.8513 18
      vertex -25.5562 13.3035 18
    endloop
  endfacet
  facet normal -0.237927 0.971283 0
    outer loop
      vertex -27.4022 12.8513 18
      vertex -25.5562 13.3035 4
      vertex -27.4022 12.8513 4
    endloop
  endfacet
  facet normal -0.261943 0.965083 0
    outer loop
      vertex -27.4022 12.8513 4
      vertex -29.1821 12.3682 18
      vertex -27.4022 12.8513 18
    endloop
  endfacet
  facet normal -0.261943 0.965083 0
    outer loop
      vertex -29.1821 12.3682 18
      vertex -27.4022 12.8513 4
      vertex -29.1821 12.3682 4
    endloop
  endfacet
  facet normal -0.28741 0.957808 0
    outer loop
      vertex -29.1821 12.3682 4
      vertex -30.8917 11.8552 18
      vertex -29.1821 12.3682 18
    endloop
  endfacet
  facet normal -0.28741 0.957808 0
    outer loop
      vertex -30.8917 11.8552 18
      vertex -29.1821 12.3682 4
      vertex -30.8917 11.8552 4
    endloop
  endfacet
  facet normal -0.314364 0.949303 0
    outer loop
      vertex -30.8917 11.8552 4
      vertex -32.5269 11.3137 18
      vertex -30.8917 11.8552 18
    endloop
  endfacet
  facet normal -0.314364 0.949303 0
    outer loop
      vertex -32.5269 11.3137 18
      vertex -30.8917 11.8552 4
      vertex -32.5269 11.3137 4
    endloop
  endfacet
  facet normal -0.343177 0.939271 0
    outer loop
      vertex -32.5269 11.3137 4
      vertex -34.0837 10.7449 18
      vertex -32.5269 11.3137 18
    endloop
  endfacet
  facet normal -0.343177 0.939271 0
    outer loop
      vertex -34.0837 10.7449 18
      vertex -32.5269 11.3137 4
      vertex -34.0837 10.7449 4
    endloop
  endfacet
  facet normal -0.373926 0.927458 0
    outer loop
      vertex -34.0837 10.7449 4
      vertex -35.5585 10.1503 18
      vertex -34.0837 10.7449 18
    endloop
  endfacet
  facet normal -0.373926 0.927458 0
    outer loop
      vertex -35.5585 10.1503 18
      vertex -34.0837 10.7449 4
      vertex -35.5585 10.1503 4
    endloop
  endfacet
  facet normal -0.407125 0.913373 0
    outer loop
      vertex -35.5585 10.1503 4
      vertex -36.9475 9.53117 18
      vertex -35.5585 10.1503 18
    endloop
  endfacet
  facet normal -0.407125 0.913373 0
    outer loop
      vertex -36.9475 9.53117 18
      vertex -35.5585 10.1503 4
      vertex -36.9475 9.53117 4
    endloop
  endfacet
  facet normal -0.4428 0.89662 0
    outer loop
      vertex -36.9475 9.53117 4
      vertex -38.2476 8.88911 18
      vertex -36.9475 9.53117 18
    endloop
  endfacet
  facet normal -0.4428 0.89662 0
    outer loop
      vertex -38.2476 8.88911 18
      vertex -36.9475 9.53117 4
      vertex -38.2476 8.88911 4
    endloop
  endfacet
  facet normal -0.481437 0.876481 0
    outer loop
      vertex -38.2476 8.88911 4
      vertex -39.4555 8.22563 18
      vertex -38.2476 8.88911 18
    endloop
  endfacet
  facet normal -0.481437 0.876481 0
    outer loop
      vertex -39.4555 8.22563 18
      vertex -38.2476 8.88911 4
      vertex -39.4555 8.22563 4
    endloop
  endfacet
  facet normal -0.523224 0.852195 0
    outer loop
      vertex -39.4555 8.22563 4
      vertex -40.5684 7.54234 18
      vertex -39.4555 8.22563 18
    endloop
  endfacet
  facet normal -0.523224 0.852195 0
    outer loop
      vertex -40.5684 7.54234 18
      vertex -39.4555 8.22563 4
      vertex -40.5684 7.54234 4
    endloop
  endfacet
  facet normal -0.568497 0.822686 0
    outer loop
      vertex -40.5684 7.54234 4
      vertex -41.5835 6.84088 18
      vertex -40.5684 7.54234 18
    endloop
  endfacet
  facet normal -0.568497 0.822686 0
    outer loop
      vertex -41.5835 6.84088 18
      vertex -40.5684 7.54234 4
      vertex -41.5835 6.84088 4
    endloop
  endfacet
  facet normal -0.617348 0.78669 0
    outer loop
      vertex -41.5835 6.84088 4
      vertex -42.4984 6.12292 18
      vertex -41.5835 6.84088 18
    endloop
  endfacet
  facet normal -0.617348 0.78669 0
    outer loop
      vertex -42.4984 6.12292 18
      vertex -41.5835 6.84088 4
      vertex -42.4984 6.12292 4
    endloop
  endfacet
  facet normal -0.669646 0.74268 0
    outer loop
      vertex -42.4984 6.12292 4
      vertex -43.311 5.39023 18
      vertex -42.4984 6.12292 18
    endloop
  endfacet
  facet normal -0.669646 0.74268 0
    outer loop
      vertex -43.311 5.39023 18
      vertex -42.4984 6.12292 4
      vertex -43.311 5.39023 4
    endloop
  endfacet
  facet normal -0.725095 0.688649 1.11095e-18
    outer loop
      vertex -44.0192 4.64455 4
      vertex -43.311 5.39023 18
      vertex -43.311 5.39023 4
    endloop
  endfacet
  facet normal -0.725095 0.688649 1.11095e-18
    outer loop
      vertex -43.311 5.39023 18
      vertex -44.0192 4.64455 4
      vertex -44.0192 4.64455 18
    endloop
  endfacet
  facet normal -0.782528 0.622615 1.31137e-18
    outer loop
      vertex -44.6214 3.88768 4
      vertex -44.0192 4.64455 18
      vertex -44.0192 4.64455 4
    endloop
  endfacet
  facet normal -0.782528 0.622615 1.31137e-18
    outer loop
      vertex -44.0192 4.64455 18
      vertex -44.6214 3.88768 4
      vertex -44.6214 3.88768 18
    endloop
  endfacet
  facet normal -0.840121 0.542399 1.65361e-18
    outer loop
      vertex -45.1161 3.12144 4
      vertex -44.6214 3.88768 18
      vertex -44.6214 3.88768 4
    endloop
  endfacet
  facet normal -0.840121 0.542399 1.65361e-18
    outer loop
      vertex -44.6214 3.88768 18
      vertex -45.1161 3.12144 4
      vertex -45.1161 3.12144 18
    endloop
  endfacet
  facet normal -0.894832 0.446404 1.61265e-18
    outer loop
      vertex -45.5021 2.34769 4
      vertex -45.1161 3.12144 18
      vertex -45.1161 3.12144 4
    endloop
  endfacet
  facet normal -0.894832 0.446404 1.61265e-18
    outer loop
      vertex -45.1161 3.12144 18
      vertex -45.5021 2.34769 4
      vertex -45.5021 2.34769 18
    endloop
  endfacet
  facet normal -0.942492 0.334229 -8.27698e-19
    outer loop
      vertex -45.7785 1.56827 4
      vertex -45.5021 2.34769 18
      vertex -45.5021 2.34769 4
    endloop
  endfacet
  facet normal -0.942492 0.334229 -8.27698e-19
    outer loop
      vertex -45.5021 2.34769 18
      vertex -45.7785 1.56827 4
      vertex -45.7785 1.56827 18
    endloop
  endfacet
  facet normal -0.978242 0.207467 3.98028e-19
    outer loop
      vertex -45.9446 0.78508 4
      vertex -45.7785 1.56827 18
      vertex -45.7785 1.56827 4
    endloop
  endfacet
  facet normal -0.978242 0.207467 3.98028e-19
    outer loop
      vertex -45.7785 1.56827 18
      vertex -45.9446 0.78508 4
      vertex -45.9446 0.78508 18
    endloop
  endfacet
  facet normal -0.997519 0.070391 -2.64642e-19
    outer loop
      vertex -46 0 4
      vertex -45.9446 0.78508 18
      vertex -45.9446 0.78508 4
    endloop
  endfacet
  facet normal -0.997519 0.070391 -2.64642e-19
    outer loop
      vertex -45.9446 0.78508 18
      vertex -46 0 4
      vertex -46 0 18
    endloop
  endfacet
  facet normal -0.997519 -0.070391 2.64642e-19
    outer loop
      vertex -45.9446 -0.78508 4
      vertex -46 0 18
      vertex -46 0 4
    endloop
  endfacet
  facet normal -0.997519 -0.070391 2.64642e-19
    outer loop
      vertex -46 0 18
      vertex -45.9446 -0.78508 4
      vertex -45.9446 -0.78508 18
    endloop
  endfacet
  facet normal -0.978242 -0.207467 -3.98028e-19
    outer loop
      vertex -45.7785 -1.56827 4
      vertex -45.9446 -0.78508 18
      vertex -45.9446 -0.78508 4
    endloop
  endfacet
  facet normal -0.978242 -0.207467 -3.98028e-19
    outer loop
      vertex -45.9446 -0.78508 18
      vertex -45.7785 -1.56827 4
      vertex -45.7785 -1.56827 18
    endloop
  endfacet
  facet normal -0.942492 -0.334229 8.27698e-19
    outer loop
      vertex -45.5021 -2.34769 4
      vertex -45.7785 -1.56827 18
      vertex -45.7785 -1.56827 4
    endloop
  endfacet
  facet normal -0.942492 -0.334229 8.27698e-19
    outer loop
      vertex -45.7785 -1.56827 18
      vertex -45.5021 -2.34769 4
      vertex -45.5021 -2.34769 18
    endloop
  endfacet
  facet normal -0.894832 -0.446404 -1.61265e-18
    outer loop
      vertex -45.1161 -3.12144 4
      vertex -45.5021 -2.34769 18
      vertex -45.5021 -2.34769 4
    endloop
  endfacet
  facet normal -0.894832 -0.446404 -1.61265e-18
    outer loop
      vertex -45.5021 -2.34769 18
      vertex -45.1161 -3.12144 4
      vertex -45.1161 -3.12144 18
    endloop
  endfacet
  facet normal -0.840121 -0.542399 -1.65361e-18
    outer loop
      vertex -44.6214 -3.88768 4
      vertex -45.1161 -3.12144 18
      vertex -45.1161 -3.12144 4
    endloop
  endfacet
  facet normal -0.840121 -0.542399 -1.65361e-18
    outer loop
      vertex -45.1161 -3.12144 18
      vertex -44.6214 -3.88768 4
      vertex -44.6214 -3.88768 18
    endloop
  endfacet
  facet normal -0.782528 -0.622615 -1.31137e-18
    outer loop
      vertex -44.0192 -4.64455 4
      vertex -44.6214 -3.88768 18
      vertex -44.6214 -3.88768 4
    endloop
  endfacet
  facet normal -0.782528 -0.622615 -1.31137e-18
    outer loop
      vertex -44.6214 -3.88768 18
      vertex -44.0192 -4.64455 4
      vertex -44.0192 -4.64455 18
    endloop
  endfacet
  facet normal -0.725095 -0.688649 -1.11095e-18
    outer loop
      vertex -43.311 -5.39023 4
      vertex -44.0192 -4.64455 18
      vertex -44.0192 -4.64455 4
    endloop
  endfacet
  facet normal -0.725095 -0.688649 -1.11095e-18
    outer loop
      vertex -44.0192 -4.64455 18
      vertex -43.311 -5.39023 4
      vertex -43.311 -5.39023 18
    endloop
  endfacet
  facet normal -0.669646 -0.74268 0
    outer loop
      vertex -43.311 -5.39023 4
      vertex -42.4984 -6.12292 18
      vertex -43.311 -5.39023 18
    endloop
  endfacet
  facet normal -0.669646 -0.74268 -0
    outer loop
      vertex -42.4984 -6.12292 18
      vertex -43.311 -5.39023 4
      vertex -42.4984 -6.12292 4
    endloop
  endfacet
  facet normal -0.617348 -0.78669 0
    outer loop
      vertex -42.4984 -6.12292 4
      vertex -41.5835 -6.84088 18
      vertex -42.4984 -6.12292 18
    endloop
  endfacet
  facet normal -0.617348 -0.78669 -0
    outer loop
      vertex -41.5835 -6.84088 18
      vertex -42.4984 -6.12292 4
      vertex -41.5835 -6.84088 4
    endloop
  endfacet
  facet normal -0.568497 -0.822686 0
    outer loop
      vertex -41.5835 -6.84088 4
      vertex -40.5684 -7.54234 18
      vertex -41.5835 -6.84088 18
    endloop
  endfacet
  facet normal -0.568497 -0.822686 -0
    outer loop
      vertex -40.5684 -7.54234 18
      vertex -41.5835 -6.84088 4
      vertex -40.5684 -7.54234 4
    endloop
  endfacet
  facet normal -0.523224 -0.852195 0
    outer loop
      vertex -40.5684 -7.54234 4
      vertex -39.4555 -8.22563 18
      vertex -40.5684 -7.54234 18
    endloop
  endfacet
  facet normal -0.523224 -0.852195 -0
    outer loop
      vertex -39.4555 -8.22563 18
      vertex -40.5684 -7.54234 4
      vertex -39.4555 -8.22563 4
    endloop
  endfacet
  facet normal -0.481437 -0.876481 0
    outer loop
      vertex -39.4555 -8.22563 4
      vertex -38.2476 -8.88911 18
      vertex -39.4555 -8.22563 18
    endloop
  endfacet
  facet normal -0.481437 -0.876481 -0
    outer loop
      vertex -38.2476 -8.88911 18
      vertex -39.4555 -8.22563 4
      vertex -38.2476 -8.88911 4
    endloop
  endfacet
  facet normal -0.4428 -0.89662 0
    outer loop
      vertex -38.2476 -8.88911 4
      vertex -36.9475 -9.53117 18
      vertex -38.2476 -8.88911 18
    endloop
  endfacet
  facet normal -0.4428 -0.89662 -0
    outer loop
      vertex -36.9475 -9.53117 18
      vertex -38.2476 -8.88911 4
      vertex -36.9475 -9.53117 4
    endloop
  endfacet
  facet normal -0.407125 -0.913373 0
    outer loop
      vertex -36.9475 -9.53117 4
      vertex -35.5585 -10.1503 18
      vertex -36.9475 -9.53117 18
    endloop
  endfacet
  facet normal -0.407125 -0.913373 -0
    outer loop
      vertex -35.5585 -10.1503 18
      vertex -36.9475 -9.53117 4
      vertex -35.5585 -10.1503 4
    endloop
  endfacet
  facet normal -0.373926 -0.927458 0
    outer loop
      vertex -35.5585 -10.1503 4
      vertex -34.0837 -10.7449 18
      vertex -35.5585 -10.1503 18
    endloop
  endfacet
  facet normal -0.373926 -0.927458 -0
    outer loop
      vertex -34.0837 -10.7449 18
      vertex -35.5585 -10.1503 4
      vertex -34.0837 -10.7449 4
    endloop
  endfacet
  facet normal -0.343177 -0.939271 0
    outer loop
      vertex -34.0837 -10.7449 4
      vertex -32.5269 -11.3137 18
      vertex -34.0837 -10.7449 18
    endloop
  endfacet
  facet normal -0.343177 -0.939271 -0
    outer loop
      vertex -32.5269 -11.3137 18
      vertex -34.0837 -10.7449 4
      vertex -32.5269 -11.3137 4
    endloop
  endfacet
  facet normal -0.314359 -0.949304 0
    outer loop
      vertex -32.5269 -11.3137 4
      vertex -31.7493 -11.5712 18
      vertex -32.5269 -11.3137 18
    endloop
  endfacet
  facet normal -0.314359 -0.949304 -0
    outer loop
      vertex -31.7493 -11.5712 18
      vertex -32.5269 -11.3137 4
      vertex -31.7493 -11.5712 4
    endloop
  endfacet
  facet normal 0.896932 -0.442168 1.2467e-19
    outer loop
      vertex -31.7493 -11.5712 18
      vertex -31.7142 -11.5 4
      vertex -31.7142 -11.5 18
    endloop
  endfacet
  facet normal 0.896932 -0.442168 1.2467e-19
    outer loop
      vertex -31.7142 -11.5 4
      vertex -31.7493 -11.5712 18
      vertex -31.7493 -11.5712 4
    endloop
  endfacet
  facet normal 0.831501 -0.555523 1.21926e-18
    outer loop
      vertex -31.7142 -11.5 18
      vertex -31.0602 -10.5211 4
      vertex -31.0602 -10.5211 18
    endloop
  endfacet
  facet normal 0.831501 -0.555523 1.21926e-18
    outer loop
      vertex -31.0602 -10.5211 4
      vertex -31.7142 -11.5 18
      vertex -31.7142 -11.5 4
    endloop
  endfacet
  facet normal 0.751834 -0.659353 2.94566e-18
    outer loop
      vertex -31.0602 -10.5211 18
      vertex -30.284 -9.63603 4
      vertex -30.284 -9.63603 18
    endloop
  endfacet
  facet normal 0.751834 -0.659353 2.94566e-18
    outer loop
      vertex -30.284 -9.63603 4
      vertex -31.0602 -10.5211 18
      vertex -31.0602 -10.5211 4
    endloop
  endfacet
  facet normal 0.659303 -0.751878 0
    outer loop
      vertex -30.284 -9.63603 4
      vertex -29.3988 -8.85982 18
      vertex -30.284 -9.63603 18
    endloop
  endfacet
  facet normal 0.659303 -0.751878 0
    outer loop
      vertex -29.3988 -8.85982 18
      vertex -30.284 -9.63603 4
      vertex -29.3988 -8.85982 4
    endloop
  endfacet
  facet normal 0.555598 -0.831451 0
    outer loop
      vertex -29.3988 -8.85982 4
      vertex -28.42 -8.20576 18
      vertex -29.3988 -8.85982 18
    endloop
  endfacet
  facet normal 0.555598 -0.831451 0
    outer loop
      vertex -28.42 -8.20576 18
      vertex -29.3988 -8.85982 4
      vertex -28.42 -8.20576 4
    endloop
  endfacet
  facet normal 0.442273 -0.89688 0
    outer loop
      vertex -28.42 -8.20576 4
      vertex -27.3641 -7.68507 18
      vertex -28.42 -8.20576 18
    endloop
  endfacet
  facet normal 0.442273 -0.89688 0
    outer loop
      vertex -27.3641 -7.68507 18
      vertex -28.42 -8.20576 4
      vertex -27.3641 -7.68507 4
    endloop
  endfacet
  facet normal 0.321455 -0.946925 0
    outer loop
      vertex -27.3641 -7.68507 4
      vertex -26.2494 -7.30666 18
      vertex -27.3641 -7.68507 18
    endloop
  endfacet
  facet normal 0.321455 -0.946925 0
    outer loop
      vertex -26.2494 -7.30666 18
      vertex -27.3641 -7.68507 4
      vertex -26.2494 -7.30666 4
    endloop
  endfacet
  facet normal 0.195071 -0.980789 0
    outer loop
      vertex -26.2494 -7.30666 4
      vertex -25.0947 -7.077 18
      vertex -26.2494 -7.30666 18
    endloop
  endfacet
  facet normal 0.195071 -0.980789 0
    outer loop
      vertex -25.0947 -7.077 18
      vertex -26.2494 -7.30666 4
      vertex -25.0947 -7.077 4
    endloop
  endfacet
  facet normal 0.0654083 -0.997859 0
    outer loop
      vertex -25.0947 -7.077 4
      vertex -23.92 -7 18
      vertex -25.0947 -7.077 18
    endloop
  endfacet
  facet normal 0.0654083 -0.997859 0
    outer loop
      vertex -23.92 -7 18
      vertex -25.0947 -7.077 4
      vertex -23.92 -7 4
    endloop
  endfacet
  facet normal -0.0654083 -0.997859 0
    outer loop
      vertex -23.92 -7 4
      vertex -22.7453 -7.077 18
      vertex -23.92 -7 18
    endloop
  endfacet
  facet normal -0.0654083 -0.997859 -0
    outer loop
      vertex -22.7453 -7.077 18
      vertex -23.92 -7 4
      vertex -22.7453 -7.077 4
    endloop
  endfacet
  facet normal -0.195071 -0.980789 0
    outer loop
      vertex -22.7453 -7.077 4
      vertex -21.5906 -7.30666 18
      vertex -22.7453 -7.077 18
    endloop
  endfacet
  facet normal -0.195071 -0.980789 -0
    outer loop
      vertex -21.5906 -7.30666 18
      vertex -22.7453 -7.077 4
      vertex -21.5906 -7.30666 4
    endloop
  endfacet
  facet normal -0.321429 -0.946934 0
    outer loop
      vertex -21.5906 -7.30666 4
      vertex -20.4758 -7.68507 18
      vertex -21.5906 -7.30666 18
    endloop
  endfacet
  facet normal -0.321429 -0.946934 -0
    outer loop
      vertex -20.4758 -7.68507 18
      vertex -21.5906 -7.30666 4
      vertex -20.4758 -7.68507 4
    endloop
  endfacet
  facet normal -0.442307 -0.896864 0
    outer loop
      vertex -20.4758 -7.68507 4
      vertex -19.42 -8.20576 18
      vertex -20.4758 -7.68507 18
    endloop
  endfacet
  facet normal -0.442307 -0.896864 -0
    outer loop
      vertex -19.42 -8.20576 18
      vertex -20.4758 -7.68507 4
      vertex -19.42 -8.20576 4
    endloop
  endfacet
  facet normal -0.555558 -0.831477 0
    outer loop
      vertex -19.42 -8.20576 4
      vertex -18.4411 -8.85982 18
      vertex -19.42 -8.20576 18
    endloop
  endfacet
  facet normal -0.555558 -0.831477 -0
    outer loop
      vertex -18.4411 -8.85982 18
      vertex -19.42 -8.20576 4
      vertex -18.4411 -8.85982 4
    endloop
  endfacet
  facet normal -0.659345 -0.751841 0
    outer loop
      vertex -18.4411 -8.85982 4
      vertex -17.556 -9.63603 18
      vertex -18.4411 -8.85982 18
    endloop
  endfacet
  facet normal -0.659345 -0.751841 -0
    outer loop
      vertex -17.556 -9.63603 18
      vertex -18.4411 -8.85982 4
      vertex -17.556 -9.63603 4
    endloop
  endfacet
  facet normal -0.751882 -0.659298 -2.25605e-18
    outer loop
      vertex -17.02 -10.2473 4
      vertex -17.556 -9.63603 18
      vertex -17.556 -9.63603 4
    endloop
  endfacet
  facet normal -0.751882 -0.659298 -2.25605e-18
    outer loop
      vertex -17.556 -9.63603 18
      vertex -17.02 -10.2473 4
      vertex -17.02 -10.2473 18
    endloop
  endfacet
  facet normal 0.751821 -0.659367 1.0512e-21
    outer loop
      vertex -17.02 -10.2473 18
      vertex -16.4839 -9.63603 4
      vertex -16.4839 -9.63603 18
    endloop
  endfacet
  facet normal 0.751821 -0.659367 1.0512e-21
    outer loop
      vertex -16.4839 -9.63603 4
      vertex -17.02 -10.2473 18
      vertex -17.02 -10.2473 4
    endloop
  endfacet
  facet normal 0.659345 -0.751841 0
    outer loop
      vertex -16.4839 -9.63603 4
      vertex -15.5988 -8.85982 18
      vertex -16.4839 -9.63603 18
    endloop
  endfacet
  facet normal 0.659345 -0.751841 0
    outer loop
      vertex -15.5988 -8.85982 18
      vertex -16.4839 -9.63603 4
      vertex -15.5988 -8.85982 4
    endloop
  endfacet
  facet normal 0.555598 -0.831451 0
    outer loop
      vertex -15.5988 -8.85982 4
      vertex -14.62 -8.20576 18
      vertex -15.5988 -8.85982 18
    endloop
  endfacet
  facet normal 0.555598 -0.831451 0
    outer loop
      vertex -14.62 -8.20576 18
      vertex -15.5988 -8.85982 4
      vertex -14.62 -8.20576 4
    endloop
  endfacet
  facet normal 0.442273 -0.89688 0
    outer loop
      vertex -14.62 -8.20576 4
      vertex -13.5641 -7.68507 18
      vertex -14.62 -8.20576 18
    endloop
  endfacet
  facet normal 0.442273 -0.89688 0
    outer loop
      vertex -13.5641 -7.68507 18
      vertex -14.62 -8.20576 4
      vertex -13.5641 -7.68507 4
    endloop
  endfacet
  facet normal 0.321455 -0.946925 0
    outer loop
      vertex -13.5641 -7.68507 4
      vertex -12.4494 -7.30666 18
      vertex -13.5641 -7.68507 18
    endloop
  endfacet
  facet normal 0.321455 -0.946925 0
    outer loop
      vertex -12.4494 -7.30666 18
      vertex -13.5641 -7.68507 4
      vertex -12.4494 -7.30666 4
    endloop
  endfacet
  facet normal 0.195071 -0.980789 0
    outer loop
      vertex -12.4494 -7.30666 4
      vertex -11.2947 -7.077 18
      vertex -12.4494 -7.30666 18
    endloop
  endfacet
  facet normal 0.195071 -0.980789 0
    outer loop
      vertex -11.2947 -7.077 18
      vertex -12.4494 -7.30666 4
      vertex -11.2947 -7.077 4
    endloop
  endfacet
  facet normal 0.0654083 -0.997859 0
    outer loop
      vertex -11.2947 -7.077 4
      vertex -10.12 -7 18
      vertex -11.2947 -7.077 18
    endloop
  endfacet
  facet normal 0.0654083 -0.997859 0
    outer loop
      vertex -10.12 -7 18
      vertex -11.2947 -7.077 4
      vertex -10.12 -7 4
    endloop
  endfacet
  facet normal -0.0654055 -0.997859 0
    outer loop
      vertex -10.12 -7 4
      vertex -8.94525 -7.077 18
      vertex -10.12 -7 18
    endloop
  endfacet
  facet normal -0.0654055 -0.997859 -0
    outer loop
      vertex -8.94525 -7.077 18
      vertex -10.12 -7 4
      vertex -8.94525 -7.077 4
    endloop
  endfacet
  facet normal -0.195082 -0.980787 0
    outer loop
      vertex -8.94525 -7.077 4
      vertex -7.79062 -7.30666 18
      vertex -8.94525 -7.077 18
    endloop
  endfacet
  facet normal -0.195082 -0.980787 -0
    outer loop
      vertex -7.79062 -7.30666 18
      vertex -8.94525 -7.077 4
      vertex -7.79062 -7.30666 4
    endloop
  endfacet
  facet normal -0.321434 -0.946932 0
    outer loop
      vertex -7.79062 -7.30666 4
      vertex -6.67584 -7.68507 18
      vertex -7.79062 -7.30666 18
    endloop
  endfacet
  facet normal -0.321434 -0.946932 -0
    outer loop
      vertex -6.67584 -7.68507 18
      vertex -7.79062 -7.30666 4
      vertex -6.67584 -7.68507 4
    endloop
  endfacet
  facet normal -0.442294 -0.89687 0
    outer loop
      vertex -6.67584 -7.68507 4
      vertex -5.62 -8.20576 18
      vertex -6.67584 -7.68507 18
    endloop
  endfacet
  facet normal -0.442294 -0.89687 -0
    outer loop
      vertex -5.62 -8.20576 18
      vertex -6.67584 -7.68507 4
      vertex -5.62 -8.20576 4
    endloop
  endfacet
  facet normal -0.555574 -0.831467 0
    outer loop
      vertex -5.62 -8.20576 4
      vertex -4.64114 -8.85982 18
      vertex -5.62 -8.20576 18
    endloop
  endfacet
  facet normal -0.555574 -0.831467 -0
    outer loop
      vertex -4.64114 -8.85982 18
      vertex -5.62 -8.20576 4
      vertex -4.64114 -8.85982 4
    endloop
  endfacet
  facet normal -0.659341 -0.751844 0
    outer loop
      vertex -4.64114 -8.85982 4
      vertex -3.75603 -9.63603 18
      vertex -4.64114 -8.85982 18
    endloop
  endfacet
  facet normal -0.659341 -0.751844 -0
    outer loop
      vertex -3.75603 -9.63603 18
      vertex -4.64114 -8.85982 4
      vertex -3.75603 -9.63603 4
    endloop
  endfacet
  facet normal -0.751825 -0.659362 7.11347e-19
    outer loop
      vertex -2.97981 -10.5211 4
      vertex -3.75603 -9.63603 18
      vertex -3.75603 -9.63603 4
    endloop
  endfacet
  facet normal -0.751825 -0.659362 7.11347e-19
    outer loop
      vertex -3.75603 -9.63603 18
      vertex -2.97981 -10.5211 4
      vertex -2.97981 -10.5211 18
    endloop
  endfacet
  facet normal -0.831481 -0.555553 -2.82581e-19
    outer loop
      vertex -2.32576 -11.5 4
      vertex -2.97981 -10.5211 18
      vertex -2.97981 -10.5211 4
    endloop
  endfacet
  facet normal -0.831481 -0.555553 -2.82581e-19
    outer loop
      vertex -2.97981 -10.5211 18
      vertex -2.32576 -11.5 4
      vertex -2.32576 -11.5 18
    endloop
  endfacet
  facet normal -0.896864 -0.442307 9.92849e-19
    outer loop
      vertex -1.80507 -12.5558 4
      vertex -2.32576 -11.5 18
      vertex -2.32576 -11.5 4
    endloop
  endfacet
  facet normal -0.896864 -0.442307 9.92849e-19
    outer loop
      vertex -2.32576 -11.5 18
      vertex -1.80507 -12.5558 4
      vertex -1.80507 -12.5558 18
    endloop
  endfacet
  facet normal -0.946936 -0.321421 8.94532e-19
    outer loop
      vertex -1.42667 -13.6706 4
      vertex -1.80507 -12.5558 18
      vertex -1.80507 -12.5558 4
    endloop
  endfacet
  facet normal -0.946936 -0.321421 8.94532e-19
    outer loop
      vertex -1.80507 -12.5558 18
      vertex -1.42667 -13.6706 4
      vertex -1.42667 -13.6706 18
    endloop
  endfacet
  facet normal -0.980786 -0.195087 1.28063e-18
    outer loop
      vertex -1.19699 -14.8253 4
      vertex -1.42667 -13.6706 18
      vertex -1.42667 -13.6706 4
    endloop
  endfacet
  facet normal -0.980786 -0.195087 1.28063e-18
    outer loop
      vertex -1.42667 -13.6706 18
      vertex -1.19699 -14.8253 4
      vertex -1.19699 -14.8253 18
    endloop
  endfacet
  facet normal -0.997859 -0.0654077 -6.90221e-20
    outer loop
      vertex -1.12062 -15.9904 4
      vertex -1.19699 -14.8253 18
      vertex -1.19699 -14.8253 4
    endloop
  endfacet
  facet normal -0.997859 -0.0654077 -6.90221e-20
    outer loop
      vertex -1.19699 -14.8253 18
      vertex -1.12062 -15.9904 4
      vertex -1.12062 -15.9904 18
    endloop
  endfacet
  facet normal -0.00856637 -0.999963 0
    outer loop
      vertex -1.12062 -15.9904 4
      vertex 0 -16 18
      vertex -1.12062 -15.9904 18
    endloop
  endfacet
  facet normal -0.00856637 -0.999963 -0
    outer loop
      vertex 0 -16 18
      vertex -1.12062 -15.9904 4
      vertex 0 -16 4
    endloop
  endfacet
  facet normal 0.00856637 -0.999963 0
    outer loop
      vertex 0 -16 4
      vertex 1.12062 -15.9904 18
      vertex 0 -16 18
    endloop
  endfacet
  facet normal 0.00856637 -0.999963 0
    outer loop
      vertex 1.12062 -15.9904 18
      vertex 0 -16 4
      vertex 1.12062 -15.9904 4
    endloop
  endfacet
  facet normal 0.948681 -0.316233 2.21751e-18
    outer loop
      vertex -6.67018 26.9 18
      vertex -6 28.9105 0
      vertex -6 28.9105 18
    endloop
  endfacet
  facet normal 0.948681 -0.316233 2.21751e-18
    outer loop
      vertex -6 28.9105 0
      vertex -6.67018 26.9 18
      vertex -6.67018 26.9 0
    endloop
  endfacet
  facet normal 0 1 -0
    outer loop
      vertex -5.32982 26.9 0
      vertex -6.67018 26.9 18
      vertex -5.32982 26.9 18
    endloop
  endfacet
  facet normal 0 1 0
    outer loop
      vertex -6.67018 26.9 18
      vertex -5.32982 26.9 0
      vertex -6.67018 26.9 0
    endloop
  endfacet
  facet normal -0.948681 -0.316233 -2.21751e-18
    outer loop
      vertex -5.32982 26.9 0
      vertex -6 28.9105 18
      vertex -6 28.9105 0
    endloop
  endfacet
  facet normal -0.948681 -0.316233 -2.21751e-18
    outer loop
      vertex -6 28.9105 18
      vertex -5.32982 26.9 0
      vertex -5.32982 26.9 18
    endloop
  endfacet
  facet normal 0.948681 -0.316233 2.21751e-18
    outer loop
      vertex 5.32982 26.9 18
      vertex 6 28.9105 0
      vertex 6 28.9105 18
    endloop
  endfacet
  facet normal 0.948681 -0.316233 2.21751e-18
    outer loop
      vertex 6 28.9105 0
      vertex 5.32982 26.9 18
      vertex 5.32982 26.9 0
    endloop
  endfacet
  facet normal 0 1 -0
    outer loop
      vertex 6.67018 26.9 0
      vertex 5.32982 26.9 18
      vertex 6.67018 26.9 18
    endloop
  endfacet
  facet normal 0 1 0
    outer loop
      vertex 5.32982 26.9 18
      vertex 6.67018 26.9 0
      vertex 5.32982 26.9 0
    endloop
  endfacet
  facet normal -0.948681 -0.316233 -2.21751e-18
    outer loop
      vertex 6.67018 26.9 0
      vertex 6 28.9105 18
      vertex 6 28.9105 0
    endloop
  endfacet
  facet normal -0.948681 -0.316233 -2.21751e-18
    outer loop
      vertex 6 28.9105 18
      vertex 6.67018 26.9 0
      vertex 6.67018 26.9 18
    endloop
  endfacet
  facet normal -0.831468 0.555572 -5.69992e-19
    outer loop
      vertex 0.242844 -10.2974 0
      vertex 1.07167 -9.05698 18
      vertex 1.07167 -9.05698 0
    endloop
  endfacet
  facet normal -0.831468 0.555572 -5.69992e-19
    outer loop
      vertex 1.07167 -9.05698 18
      vertex 0.242844 -10.2974 0
      vertex 0.242844 -10.2974 18
    endloop
  endfacet
  facet normal -0.751837 0.659349 2.61836e-18
    outer loop
      vertex 1.07167 -9.05698 0
      vertex 2.05534 -7.93533 18
      vertex 2.05534 -7.93533 0
    endloop
  endfacet
  facet normal -0.751837 0.659349 2.61836e-18
    outer loop
      vertex 2.05534 -7.93533 18
      vertex 1.07167 -9.05698 0
      vertex 1.07167 -9.05698 18
    endloop
  endfacet
  facet normal -0.659342 0.751843 0
    outer loop
      vertex 3.17699 -6.95168 0
      vertex 2.05534 -7.93533 18
      vertex 3.17699 -6.95168 18
    endloop
  endfacet
  facet normal -0.659342 0.751843 0
    outer loop
      vertex 2.05534 -7.93533 18
      vertex 3.17699 -6.95168 0
      vertex 2.05534 -7.93533 0
    endloop
  endfacet
  facet normal -0.555571 0.831469 0
    outer loop
      vertex 4.41742 -6.12285 0
      vertex 3.17699 -6.95168 18
      vertex 4.41742 -6.12285 18
    endloop
  endfacet
  facet normal -0.555571 0.831469 0
    outer loop
      vertex 3.17699 -6.95168 18
      vertex 4.41742 -6.12285 0
      vertex 3.17699 -6.95168 0
    endloop
  endfacet
  facet normal -0.442292 0.896871 0
    outer loop
      vertex 5.75543 -5.46301 0
      vertex 4.41742 -6.12285 18
      vertex 5.75543 -5.46301 18
    endloop
  endfacet
  facet normal -0.442292 0.896871 0
    outer loop
      vertex 4.41742 -6.12285 18
      vertex 5.75543 -5.46301 0
      vertex 4.41742 -6.12285 0
    endloop
  endfacet
  facet normal -0.321443 0.946929 0
    outer loop
      vertex 7.16812 -4.98346 0
      vertex 5.75543 -5.46301 18
      vertex 7.16812 -4.98346 18
    endloop
  endfacet
  facet normal -0.321443 0.946929 0
    outer loop
      vertex 5.75543 -5.46301 18
      vertex 7.16812 -4.98346 0
      vertex 5.75543 -5.46301 0
    endloop
  endfacet
  facet normal -0.195077 0.980788 0
    outer loop
      vertex 8.63133 -4.69243 0
      vertex 7.16812 -4.98346 18
      vertex 8.63133 -4.69243 18
    endloop
  endfacet
  facet normal -0.195077 0.980788 0
    outer loop
      vertex 7.16812 -4.98346 18
      vertex 8.63133 -4.69243 0
      vertex 7.16812 -4.98346 0
    endloop
  endfacet
  facet normal -0.0654081 0.997859 0
    outer loop
      vertex 10.12 -4.59485 0
      vertex 8.63133 -4.69243 18
      vertex 10.12 -4.59485 18
    endloop
  endfacet
  facet normal -0.0654081 0.997859 0
    outer loop
      vertex 8.63133 -4.69243 18
      vertex 10.12 -4.59485 0
      vertex 8.63133 -4.69243 0
    endloop
  endfacet
  facet normal 0.0654111 0.997858 -0
    outer loop
      vertex 11.6086 -4.69243 0
      vertex 10.12 -4.59485 18
      vertex 11.6086 -4.69243 18
    endloop
  endfacet
  facet normal 0.0654111 0.997858 0
    outer loop
      vertex 10.12 -4.59485 18
      vertex 11.6086 -4.69243 0
      vertex 10.12 -4.59485 0
    endloop
  endfacet
  facet normal 0.195066 0.98079 -0
    outer loop
      vertex 13.0719 -4.98346 0
      vertex 11.6086 -4.69243 18
      vertex 13.0719 -4.98346 18
    endloop
  endfacet
  facet normal 0.195066 0.98079 0
    outer loop
      vertex 11.6086 -4.69243 18
      vertex 13.0719 -4.98346 0
      vertex 11.6086 -4.69243 0
    endloop
  endfacet
  facet normal 0.321441 0.94693 -0
    outer loop
      vertex 14.4846 -5.46301 0
      vertex 13.0719 -4.98346 18
      vertex 14.4846 -5.46301 18
    endloop
  endfacet
  facet normal 0.321441 0.94693 0
    outer loop
      vertex 13.0719 -4.98346 18
      vertex 14.4846 -5.46301 0
      vertex 13.0719 -4.98346 0
    endloop
  endfacet
  facet normal 0.442295 0.89687 -0
    outer loop
      vertex 15.8226 -6.12285 0
      vertex 14.4846 -5.46301 18
      vertex 15.8226 -6.12285 18
    endloop
  endfacet
  facet normal 0.442295 0.89687 0
    outer loop
      vertex 14.4846 -5.46301 18
      vertex 15.8226 -6.12285 0
      vertex 14.4846 -5.46301 0
    endloop
  endfacet
  facet normal 0.555576 0.831465 -0
    outer loop
      vertex 17.02 -6.92294 0
      vertex 15.8226 -6.12285 18
      vertex 17.02 -6.92294 18
    endloop
  endfacet
  facet normal 0.555576 0.831465 0
    outer loop
      vertex 15.8226 -6.12285 18
      vertex 17.02 -6.92294 0
      vertex 15.8226 -6.12285 0
    endloop
  endfacet
  facet normal -0.555576 0.831465 0
    outer loop
      vertex 18.2174 -6.12285 0
      vertex 17.02 -6.92294 18
      vertex 18.2174 -6.12285 18
    endloop
  endfacet
  facet normal -0.555576 0.831465 0
    outer loop
      vertex 17.02 -6.92294 18
      vertex 18.2174 -6.12285 0
      vertex 17.02 -6.92294 0
    endloop
  endfacet
  facet normal -0.442295 0.89687 0
    outer loop
      vertex 19.5554 -5.46301 0
      vertex 18.2174 -6.12285 18
      vertex 19.5554 -5.46301 18
    endloop
  endfacet
  facet normal -0.442295 0.89687 0
    outer loop
      vertex 18.2174 -6.12285 18
      vertex 19.5554 -5.46301 0
      vertex 18.2174 -6.12285 0
    endloop
  endfacet
  facet normal -0.321441 0.94693 0
    outer loop
      vertex 20.9681 -4.98346 0
      vertex 19.5554 -5.46301 18
      vertex 20.9681 -4.98346 18
    endloop
  endfacet
  facet normal -0.321441 0.94693 0
    outer loop
      vertex 19.5554 -5.46301 18
      vertex 20.9681 -4.98346 0
      vertex 19.5554 -5.46301 0
    endloop
  endfacet
  facet normal -0.195078 0.980788 0
    outer loop
      vertex 22.4313 -4.69243 0
      vertex 20.9681 -4.98346 18
      vertex 22.4313 -4.69243 18
    endloop
  endfacet
  facet normal -0.195078 0.980788 0
    outer loop
      vertex 20.9681 -4.98346 18
      vertex 22.4313 -4.69243 0
      vertex 20.9681 -4.98346 0
    endloop
  endfacet
  facet normal -0.0654068 0.997859 0
    outer loop
      vertex 23.92 -4.59485 0
      vertex 22.4313 -4.69243 18
      vertex 23.92 -4.59485 18
    endloop
  endfacet
  facet normal -0.0654068 0.997859 0
    outer loop
      vertex 22.4313 -4.69243 18
      vertex 23.92 -4.59485 0
      vertex 22.4313 -4.69243 0
    endloop
  endfacet
  facet normal 0.0654111 0.997858 -0
    outer loop
      vertex 25.4086 -4.69243 0
      vertex 23.92 -4.59485 18
      vertex 25.4086 -4.69243 18
    endloop
  endfacet
  facet normal 0.0654111 0.997858 0
    outer loop
      vertex 23.92 -4.59485 18
      vertex 25.4086 -4.69243 0
      vertex 23.92 -4.59485 0
    endloop
  endfacet
  facet normal 0.195066 0.98079 -0
    outer loop
      vertex 26.8719 -4.98346 0
      vertex 25.4086 -4.69243 18
      vertex 26.8719 -4.98346 18
    endloop
  endfacet
  facet normal 0.195066 0.98079 0
    outer loop
      vertex 25.4086 -4.69243 18
      vertex 26.8719 -4.98346 0
      vertex 25.4086 -4.69243 0
    endloop
  endfacet
  facet normal 0.321462 0.946923 -0
    outer loop
      vertex 28.2845 -5.46301 0
      vertex 26.8719 -4.98346 18
      vertex 28.2845 -5.46301 18
    endloop
  endfacet
  facet normal 0.321462 0.946923 0
    outer loop
      vertex 26.8719 -4.98346 18
      vertex 28.2845 -5.46301 0
      vertex 26.8719 -4.98346 0
    endloop
  endfacet
  facet normal 0.442268 0.896883 -0
    outer loop
      vertex 29.6226 -6.12285 0
      vertex 28.2845 -5.46301 18
      vertex 29.6226 -6.12285 18
    endloop
  endfacet
  facet normal 0.442268 0.896883 0
    outer loop
      vertex 28.2845 -5.46301 18
      vertex 29.6226 -6.12285 0
      vertex 28.2845 -5.46301 0
    endloop
  endfacet
  facet normal 0.555585 0.83146 -0
    outer loop
      vertex 30.863 -6.95169 0
      vertex 29.6226 -6.12285 18
      vertex 30.863 -6.95169 18
    endloop
  endfacet
  facet normal 0.555585 0.83146 0
    outer loop
      vertex 29.6226 -6.12285 18
      vertex 30.863 -6.95169 0
      vertex 29.6226 -6.12285 0
    endloop
  endfacet
  facet normal 0.659355 0.751832 -0
    outer loop
      vertex 31.9846 -7.93533 0
      vertex 30.863 -6.95169 18
      vertex 31.9846 -7.93533 18
    endloop
  endfacet
  facet normal 0.659355 0.751832 0
    outer loop
      vertex 30.863 -6.95169 18
      vertex 31.9846 -7.93533 0
      vertex 30.863 -6.95169 0
    endloop
  endfacet
  facet normal 0.751812 0.659378 9.61956e-19
    outer loop
      vertex 32.663 -8.70883 18
      vertex 31.9846 -7.93533 0
      vertex 31.9846 -7.93533 18
    endloop
  endfacet
  facet normal 0.751812 0.659378 9.61956e-19
    outer loop
      vertex 31.9846 -7.93533 0
      vertex 32.663 -8.70883 18
      vertex 32.663 -8.70883 0
    endloop
  endfacet
  facet normal -0.34318 0.93927 0
    outer loop
      vertex 33.2229 -8.50426 0
      vertex 32.663 -8.70883 18
      vertex 33.2229 -8.50426 18
    endloop
  endfacet
  facet normal -0.34318 0.93927 0
    outer loop
      vertex 32.663 -8.70883 18
      vertex 33.2229 -8.50426 0
      vertex 32.663 -8.70883 0
    endloop
  endfacet
  facet normal -0.373951 0.927448 0
    outer loop
      vertex 34.6209 -7.94058 0
      vertex 33.2229 -8.50426 18
      vertex 34.6209 -7.94058 18
    endloop
  endfacet
  facet normal -0.373951 0.927448 0
    outer loop
      vertex 33.2229 -8.50426 18
      vertex 34.6209 -7.94058 0
      vertex 33.2229 -8.50426 0
    endloop
  endfacet
  facet normal -0.407109 0.91338 0
    outer loop
      vertex 35.9272 -7.35834 0
      vertex 34.6209 -7.94058 18
      vertex 35.9272 -7.35834 18
    endloop
  endfacet
  facet normal -0.407109 0.91338 0
    outer loop
      vertex 34.6209 -7.94058 18
      vertex 35.9272 -7.35834 0
      vertex 34.6209 -7.94058 0
    endloop
  endfacet
  facet normal -0.442812 0.896614 0
    outer loop
      vertex 37.1379 -6.76041 0
      vertex 35.9272 -7.35834 18
      vertex 37.1379 -6.76041 18
    endloop
  endfacet
  facet normal -0.442812 0.896614 0
    outer loop
      vertex 35.9272 -7.35834 18
      vertex 37.1379 -6.76041 0
      vertex 35.9272 -7.35834 0
    endloop
  endfacet
  facet normal -0.48144 0.876479 0
    outer loop
      vertex 38.2491 -6.15004 0
      vertex 37.1379 -6.76041 18
      vertex 38.2491 -6.15004 18
    endloop
  endfacet
  facet normal -0.48144 0.876479 0
    outer loop
      vertex 37.1379 -6.76041 18
      vertex 38.2491 -6.15004 0
      vertex 37.1379 -6.76041 0
    endloop
  endfacet
  facet normal -0.523219 0.852198 0
    outer loop
      vertex 39.2574 -5.53098 0
      vertex 38.2491 -6.15004 18
      vertex 39.2574 -5.53098 18
    endloop
  endfacet
  facet normal -0.523219 0.852198 0
    outer loop
      vertex 38.2491 -6.15004 18
      vertex 39.2574 -5.53098 0
      vertex 38.2491 -6.15004 0
    endloop
  endfacet
  facet normal -0.568487 0.822692 0
    outer loop
      vertex 40.1593 -4.90776 0
      vertex 39.2574 -5.53098 18
      vertex 40.1593 -4.90776 18
    endloop
  endfacet
  facet normal -0.568487 0.822692 0
    outer loop
      vertex 39.2574 -5.53098 18
      vertex 40.1593 -4.90776 0
      vertex 39.2574 -5.53098 0
    endloop
  endfacet
  facet normal -0.617323 0.78671 0
    outer loop
      vertex 40.9522 -4.28558 0
      vertex 40.1593 -4.90776 18
      vertex 40.9522 -4.28558 18
    endloop
  endfacet
  facet normal -0.617323 0.78671 0
    outer loop
      vertex 40.1593 -4.90776 18
      vertex 40.9522 -4.28558 0
      vertex 40.1593 -4.90776 0
    endloop
  endfacet
  facet normal -0.669668 0.742661 0
    outer loop
      vertex 41.6348 -3.67007 0
      vertex 40.9522 -4.28558 18
      vertex 41.6348 -3.67007 18
    endloop
  endfacet
  facet normal -0.669668 0.742661 0
    outer loop
      vertex 40.9522 -4.28558 18
      vertex 41.6348 -3.67007 0
      vertex 40.9522 -4.28558 0
    endloop
  endfacet
  facet normal -0.725094 0.68865 -9.51458e-19
    outer loop
      vertex 41.6348 -3.67007 0
      vertex 42.2066 -3.06801 18
      vertex 42.2066 -3.06801 0
    endloop
  endfacet
  facet normal -0.725094 0.68865 -9.51458e-19
    outer loop
      vertex 42.2066 -3.06801 18
      vertex 41.6348 -3.67007 0
      vertex 41.6348 -3.67007 18
    endloop
  endfacet
  facet normal -0.782533 0.62261 -1.7214e-18
    outer loop
      vertex 42.2066 -3.06801 0
      vertex 42.6695 -2.48621 18
      vertex 42.6695 -2.48621 0
    endloop
  endfacet
  facet normal -0.782533 0.62261 -1.7214e-18
    outer loop
      vertex 42.6695 -2.48621 18
      vertex 42.2066 -3.06801 0
      vertex 42.2066 -3.06801 18
    endloop
  endfacet
  facet normal -0.840094 0.542441 -2.14012e-19
    outer loop
      vertex 42.6695 -2.48621 0
      vertex 43.0278 -1.9313 18
      vertex 43.0278 -1.9313 0
    endloop
  endfacet
  facet normal -0.840094 0.542441 -2.14012e-19
    outer loop
      vertex 43.0278 -1.9313 18
      vertex 42.6695 -2.48621 0
      vertex 42.6695 -2.48621 18
    endloop
  endfacet
  facet normal -0.89485 0.446366 -1.27613e-18
    outer loop
      vertex 43.0278 -1.9313 0
      vertex 43.2891 -1.40746 18
      vertex 43.2891 -1.40746 0
    endloop
  endfacet
  facet normal -0.89485 0.446366 -1.27613e-18
    outer loop
      vertex 43.2891 -1.40746 18
      vertex 43.0278 -1.9313 0
      vertex 43.0278 -1.9313 18
    endloop
  endfacet
  facet normal -0.942491 0.33423 -7.14559e-19
    outer loop
      vertex 43.2891 -1.40746 0
      vertex 43.4636 -0.91539 18
      vertex 43.4636 -0.91539 0
    endloop
  endfacet
  facet normal -0.942491 0.33423 -7.14559e-19
    outer loop
      vertex 43.4636 -0.91539 18
      vertex 43.2891 -1.40746 0
      vertex 43.2891 -1.40746 18
    endloop
  endfacet
  facet normal -0.978234 0.207504 -1.09586e-19
    outer loop
      vertex 43.4636 -0.91539 0
      vertex 43.5623 -0.450089 18
      vertex 43.5623 -0.450089 0
    endloop
  endfacet
  facet normal -0.978234 0.207504 -1.09586e-19
    outer loop
      vertex 43.5623 -0.450089 18
      vertex 43.4636 -0.91539 0
      vertex 43.4636 -0.91539 18
    endloop
  endfacet
  facet normal -0.997529 0.0702565 -4.40407e-20
    outer loop
      vertex 43.5623 -0.450089 0
      vertex 43.594 0 18
      vertex 43.594 0 0
    endloop
  endfacet
  facet normal -0.997529 0.0702565 -4.40407e-20
    outer loop
      vertex 43.594 0 18
      vertex 43.5623 -0.450089 0
      vertex 43.5623 -0.450089 18
    endloop
  endfacet
  facet normal -0.997529 -0.0702565 4.40407e-20
    outer loop
      vertex 43.594 0 0
      vertex 43.5623 0.450089 18
      vertex 43.5623 0.450089 0
    endloop
  endfacet
  facet normal -0.997529 -0.0702565 4.40407e-20
    outer loop
      vertex 43.5623 0.450089 18
      vertex 43.594 0 0
      vertex 43.594 0 18
    endloop
  endfacet
  facet normal -0.978234 -0.207504 1.09586e-19
    outer loop
      vertex 43.5623 0.450089 0
      vertex 43.4636 0.91539 18
      vertex 43.4636 0.91539 0
    endloop
  endfacet
  facet normal -0.978234 -0.207504 1.09586e-19
    outer loop
      vertex 43.4636 0.91539 18
      vertex 43.5623 0.450089 0
      vertex 43.5623 0.450089 18
    endloop
  endfacet
  facet normal -0.942491 -0.33423 7.14559e-19
    outer loop
      vertex 43.4636 0.91539 0
      vertex 43.2891 1.40746 18
      vertex 43.2891 1.40746 0
    endloop
  endfacet
  facet normal -0.942491 -0.33423 7.14559e-19
    outer loop
      vertex 43.2891 1.40746 18
      vertex 43.4636 0.91539 0
      vertex 43.4636 0.91539 18
    endloop
  endfacet
  facet normal -0.89485 -0.446366 1.27613e-18
    outer loop
      vertex 43.2891 1.40746 0
      vertex 43.0278 1.9313 18
      vertex 43.0278 1.9313 0
    endloop
  endfacet
  facet normal -0.89485 -0.446366 1.27613e-18
    outer loop
      vertex 43.0278 1.9313 18
      vertex 43.2891 1.40746 0
      vertex 43.2891 1.40746 18
    endloop
  endfacet
  facet normal -0.840094 -0.542441 2.14012e-19
    outer loop
      vertex 43.0278 1.9313 0
      vertex 42.6695 2.48621 18
      vertex 42.6695 2.48621 0
    endloop
  endfacet
  facet normal -0.840094 -0.542441 2.14012e-19
    outer loop
      vertex 42.6695 2.48621 18
      vertex 43.0278 1.9313 0
      vertex 43.0278 1.9313 18
    endloop
  endfacet
  facet normal -0.782533 -0.62261 1.7214e-18
    outer loop
      vertex 42.6695 2.48621 0
      vertex 42.2066 3.06801 18
      vertex 42.2066 3.06801 0
    endloop
  endfacet
  facet normal -0.782533 -0.62261 1.7214e-18
    outer loop
      vertex 42.2066 3.06801 18
      vertex 42.6695 2.48621 0
      vertex 42.6695 2.48621 18
    endloop
  endfacet
  facet normal -0.725094 -0.68865 9.51458e-19
    outer loop
      vertex 42.2066 3.06801 0
      vertex 41.6348 3.67007 18
      vertex 41.6348 3.67007 0
    endloop
  endfacet
  facet normal -0.725094 -0.68865 9.51458e-19
    outer loop
      vertex 41.6348 3.67007 18
      vertex 42.2066 3.06801 0
      vertex 42.2066 3.06801 18
    endloop
  endfacet
  facet normal -0.669668 -0.742661 0
    outer loop
      vertex 40.9522 4.28558 0
      vertex 41.6348 3.67007 18
      vertex 40.9522 4.28558 18
    endloop
  endfacet
  facet normal -0.669668 -0.742661 -0
    outer loop
      vertex 41.6348 3.67007 18
      vertex 40.9522 4.28558 0
      vertex 41.6348 3.67007 0
    endloop
  endfacet
  facet normal -0.617323 -0.78671 0
    outer loop
      vertex 40.1593 4.90776 0
      vertex 40.9522 4.28558 18
      vertex 40.1593 4.90776 18
    endloop
  endfacet
  facet normal -0.617323 -0.78671 -0
    outer loop
      vertex 40.9522 4.28558 18
      vertex 40.1593 4.90776 0
      vertex 40.9522 4.28558 0
    endloop
  endfacet
  facet normal -0.568487 -0.822692 0
    outer loop
      vertex 39.2574 5.53098 0
      vertex 40.1593 4.90776 18
      vertex 39.2574 5.53098 18
    endloop
  endfacet
  facet normal -0.568487 -0.822692 -0
    outer loop
      vertex 40.1593 4.90776 18
      vertex 39.2574 5.53098 0
      vertex 40.1593 4.90776 0
    endloop
  endfacet
  facet normal -0.523219 -0.852198 0
    outer loop
      vertex 38.2491 6.15004 0
      vertex 39.2574 5.53098 18
      vertex 38.2491 6.15004 18
    endloop
  endfacet
  facet normal -0.523219 -0.852198 -0
    outer loop
      vertex 39.2574 5.53098 18
      vertex 38.2491 6.15004 0
      vertex 39.2574 5.53098 0
    endloop
  endfacet
  facet normal -0.48144 -0.876479 0
    outer loop
      vertex 37.1379 6.76041 0
      vertex 38.2491 6.15004 18
      vertex 37.1379 6.76041 18
    endloop
  endfacet
  facet normal -0.48144 -0.876479 -0
    outer loop
      vertex 38.2491 6.15004 18
      vertex 37.1379 6.76041 0
      vertex 38.2491 6.15004 0
    endloop
  endfacet
  facet normal -0.442812 -0.896614 0
    outer loop
      vertex 35.9272 7.35834 0
      vertex 37.1379 6.76041 18
      vertex 35.9272 7.35834 18
    endloop
  endfacet
  facet normal -0.442812 -0.896614 -0
    outer loop
      vertex 37.1379 6.76041 18
      vertex 35.9272 7.35834 0
      vertex 37.1379 6.76041 0
    endloop
  endfacet
  facet normal -0.407109 -0.91338 0
    outer loop
      vertex 34.6209 7.94058 0
      vertex 35.9272 7.35834 18
      vertex 34.6209 7.94058 18
    endloop
  endfacet
  facet normal -0.407109 -0.91338 -0
    outer loop
      vertex 35.9272 7.35834 18
      vertex 34.6209 7.94058 0
      vertex 35.9272 7.35834 0
    endloop
  endfacet
  facet normal -0.373951 -0.927448 0
    outer loop
      vertex 33.2229 8.50426 0
      vertex 34.6209 7.94058 18
      vertex 33.2229 8.50426 18
    endloop
  endfacet
  facet normal -0.373951 -0.927448 -0
    outer loop
      vertex 34.6209 7.94058 18
      vertex 33.2229 8.50426 0
      vertex 34.6209 7.94058 0
    endloop
  endfacet
  facet normal -0.343182 -0.939269 0
    outer loop
      vertex 31.7377 9.04691 0
      vertex 33.2229 8.50426 18
      vertex 31.7377 9.04691 18
    endloop
  endfacet
  facet normal -0.343182 -0.939269 -0
    outer loop
      vertex 33.2229 8.50426 18
      vertex 31.7377 9.04691 0
      vertex 33.2229 8.50426 0
    endloop
  endfacet
  facet normal -0.314359 -0.949304 0
    outer loop
      vertex 30.1693 9.56628 0
      vertex 31.7377 9.04691 18
      vertex 30.1693 9.56628 18
    endloop
  endfacet
  facet normal -0.314359 -0.949304 -0
    outer loop
      vertex 31.7377 9.04691 18
      vertex 30.1693 9.56628 0
      vertex 31.7377 9.04691 0
    endloop
  endfacet
  facet normal -0.287385 -0.957815 0
    outer loop
      vertex 28.5228 10.0603 0
      vertex 30.1693 9.56628 18
      vertex 28.5228 10.0603 18
    endloop
  endfacet
  facet normal -0.287385 -0.957815 -0
    outer loop
      vertex 30.1693 9.56628 18
      vertex 28.5228 10.0603 0
      vertex 30.1693 9.56628 0
    endloop
  endfacet
  facet normal -0.261954 -0.96508 0
    outer loop
      vertex 26.8023 10.5273 0
      vertex 28.5228 10.0603 18
      vertex 26.8023 10.5273 18
    endloop
  endfacet
  facet normal -0.261954 -0.96508 -0
    outer loop
      vertex 28.5228 10.0603 18
      vertex 26.8023 10.5273 0
      vertex 28.5228 10.0603 0
    endloop
  endfacet
  facet normal -0.237961 -0.971275 0
    outer loop
      vertex 25.0129 10.9657 0
      vertex 26.8023 10.5273 18
      vertex 25.0129 10.9657 18
    endloop
  endfacet
  facet normal -0.237961 -0.971275 -0
    outer loop
      vertex 26.8023 10.5273 18
      vertex 25.0129 10.9657 0
      vertex 26.8023 10.5273 0
    endloop
  endfacet
  facet normal -0.215057 -0.976602 0
    outer loop
      vertex 23.1583 11.3741 0
      vertex 25.0129 10.9657 18
      vertex 23.1583 11.3741 18
    endloop
  endfacet
  facet normal -0.215057 -0.976602 -0
    outer loop
      vertex 25.0129 10.9657 18
      vertex 23.1583 11.3741 0
      vertex 25.0129 10.9657 0
    endloop
  endfacet
  facet normal -0.193363 -0.981127 0
    outer loop
      vertex 21.2454 11.7511 0
      vertex 23.1583 11.3741 18
      vertex 21.2454 11.7511 18
    endloop
  endfacet
  facet normal -0.193363 -0.981127 -0
    outer loop
      vertex 23.1583 11.3741 18
      vertex 21.2454 11.7511 0
      vertex 23.1583 11.3741 0
    endloop
  endfacet
  facet normal -0.172463 -0.985016 0
    outer loop
      vertex 19.2778 12.0956 0
      vertex 21.2454 11.7511 18
      vertex 19.2778 12.0956 18
    endloop
  endfacet
  facet normal -0.172463 -0.985016 -0
    outer loop
      vertex 21.2454 11.7511 18
      vertex 19.2778 12.0956 0
      vertex 21.2454 11.7511 0
    endloop
  endfacet
  facet normal -0.152352 -0.988326 0
    outer loop
      vertex 17.2603 12.4066 0
      vertex 19.2778 12.0956 18
      vertex 17.2603 12.4066 18
    endloop
  endfacet
  facet normal -0.152352 -0.988326 -0
    outer loop
      vertex 19.2778 12.0956 18
      vertex 17.2603 12.4066 0
      vertex 19.2778 12.0956 0
    endloop
  endfacet
  facet normal -0.133002 -0.991116 0
    outer loop
      vertex 15.2006 12.683 0
      vertex 17.2603 12.4066 18
      vertex 15.2006 12.683 18
    endloop
  endfacet
  facet normal -0.133002 -0.991116 -0
    outer loop
      vertex 17.2603 12.4066 18
      vertex 15.2006 12.683 0
      vertex 17.2603 12.4066 0
    endloop
  endfacet
  facet normal -0.114155 -0.993463 0
    outer loop
      vertex 13.1015 12.9242 0
      vertex 15.2006 12.683 18
      vertex 13.1015 12.9242 18
    endloop
  endfacet
  facet normal -0.114155 -0.993463 -0
    outer loop
      vertex 15.2006 12.683 18
      vertex 13.1015 12.9242 0
      vertex 15.2006 12.683 0
    endloop
  endfacet
  facet normal -0.0958111 -0.9954 0
    outer loop
      vertex 10.9686 13.1295 0
      vertex 13.1015 12.9242 18
      vertex 10.9686 13.1295 18
    endloop
  endfacet
  facet normal -0.0958111 -0.9954 -0
    outer loop
      vertex 13.1015 12.9242 18
      vertex 10.9686 13.1295 0
      vertex 13.1015 12.9242 0
    endloop
  endfacet
  facet normal -0.0778659 -0.996964 0
    outer loop
      vertex 6.60001 13.4707 0
      vertex 10.9686 13.1295 18
      vertex 6.60001 13.4707 18
    endloop
  endfacet
  facet normal -0.0778659 -0.996964 -0
    outer loop
      vertex 10.9686 13.1295 18
      vertex 6.60001 13.4707 0
      vertex 10.9686 13.1295 0
    endloop
  endfacet
  facet normal -1 0 0
    outer loop
      vertex 6.60001 13.4707 0
      vertex 6.60001 19.9212 18
      vertex 6.60001 19.9212 0
    endloop
  endfacet
  facet normal -1 -0 0
    outer loop
      vertex 6.60001 19.9212 18
      vertex 6.60001 13.4707 0
      vertex 6.60001 13.4707 18
    endloop
  endfacet
  facet normal -0.997858 -0.0654124 1.43017e-19
    outer loop
      vertex 6.60001 19.9212 0
      vertex 6.53841 20.8609 18
      vertex 6.53841 20.8609 0
    endloop
  endfacet
  facet normal -0.997858 -0.0654124 1.43017e-19
    outer loop
      vertex 6.53841 20.8609 18
      vertex 6.60001 19.9212 0
      vertex 6.60001 19.9212 18
    endloop
  endfacet
  facet normal -0.980781 -0.195113 -2.63832e-19
    outer loop
      vertex 6.53841 20.8609 0
      vertex 6.37013 21.7068 18
      vertex 6.37013 21.7068 0
    endloop
  endfacet
  facet normal -0.980781 -0.195113 -2.63832e-19
    outer loop
      vertex 6.37013 21.7068 18
      vertex 6.53841 20.8609 0
      vertex 6.53841 20.8609 18
    endloop
  endfacet
  facet normal -0.946941 -0.321408 3.66555e-19
    outer loop
      vertex 6.37013 21.7068 0
      vertex 6.09286 22.5237 18
      vertex 6.09286 22.5237 0
    endloop
  endfacet
  facet normal -0.946941 -0.321408 3.66555e-19
    outer loop
      vertex 6.09286 22.5237 18
      vertex 6.37013 21.7068 0
      vertex 6.37013 21.7068 18
    endloop
  endfacet
  facet normal -0.896875 -0.442283 -1.9994e-18
    outer loop
      vertex 6.09286 22.5237 0
      vertex 4.69649 25.3553 18
      vertex 4.69649 25.3553 0
    endloop
  endfacet
  facet normal -0.896875 -0.442283 -1.9994e-18
    outer loop
      vertex 4.69649 25.3553 18
      vertex 6.09286 22.5237 0
      vertex 6.09286 22.5237 18
    endloop
  endfacet
  facet normal -0.321423 -0.946936 0
    outer loop
      vertex 1.70682 26.3701 0
      vertex 4.69649 25.3553 18
      vertex 1.70682 26.3701 18
    endloop
  endfacet
  facet normal -0.321423 -0.946936 -0
    outer loop
      vertex 4.69649 25.3553 18
      vertex 1.70682 26.3701 0
      vertex 4.69649 25.3553 0
    endloop
  endfacet
  facet normal -0.195127 -0.980778 0
    outer loop
      vertex 0.860886 26.5384 0
      vertex 1.70682 26.3701 18
      vertex 0.860886 26.5384 18
    endloop
  endfacet
  facet normal -0.195127 -0.980778 -0
    outer loop
      vertex 1.70682 26.3701 18
      vertex 0.860886 26.5384 0
      vertex 1.70682 26.3701 0
    endloop
  endfacet
  facet normal -0.0653738 -0.997861 0
    outer loop
      vertex 0 26.5948 0
      vertex 0.860886 26.5384 18
      vertex 0 26.5948 18
    endloop
  endfacet
  facet normal -0.0653738 -0.997861 -0
    outer loop
      vertex 0.860886 26.5384 18
      vertex 0 26.5948 0
      vertex 0.860886 26.5384 0
    endloop
  endfacet
  facet normal 0.0653738 -0.997861 0
    outer loop
      vertex -0.860886 26.5384 0
      vertex 0 26.5948 18
      vertex -0.860886 26.5384 18
    endloop
  endfacet
  facet normal 0.0653738 -0.997861 0
    outer loop
      vertex 0 26.5948 18
      vertex -0.860886 26.5384 0
      vertex 0 26.5948 0
    endloop
  endfacet
  facet normal 0.195127 -0.980778 0
    outer loop
      vertex -1.70682 26.3701 0
      vertex -0.860886 26.5384 18
      vertex -1.70682 26.3701 18
    endloop
  endfacet
  facet normal 0.195127 -0.980778 0
    outer loop
      vertex -0.860886 26.5384 18
      vertex -1.70682 26.3701 0
      vertex -0.860886 26.5384 0
    endloop
  endfacet
  facet normal 0.321423 -0.946936 0
    outer loop
      vertex -4.69649 25.3553 0
      vertex -1.70682 26.3701 18
      vertex -4.69649 25.3553 18
    endloop
  endfacet
  facet normal 0.321423 -0.946936 0
    outer loop
      vertex -1.70682 26.3701 18
      vertex -4.69649 25.3553 0
      vertex -1.70682 26.3701 0
    endloop
  endfacet
  facet normal 0.896875 -0.442283 1.9994e-18
    outer loop
      vertex -6.09286 22.5237 18
      vertex -4.69649 25.3553 0
      vertex -4.69649 25.3553 18
    endloop
  endfacet
  facet normal 0.896875 -0.442283 1.9994e-18
    outer loop
      vertex -4.69649 25.3553 0
      vertex -6.09286 22.5237 18
      vertex -6.09286 22.5237 0
    endloop
  endfacet
  facet normal 0.946941 -0.321408 -3.66555e-19
    outer loop
      vertex -6.37013 21.7068 18
      vertex -6.09286 22.5237 0
      vertex -6.09286 22.5237 18
    endloop
  endfacet
  facet normal 0.946941 -0.321408 -3.66555e-19
    outer loop
      vertex -6.09286 22.5237 0
      vertex -6.37013 21.7068 18
      vertex -6.37013 21.7068 0
    endloop
  endfacet
  facet normal 0.980781 -0.195113 2.63832e-19
    outer loop
      vertex -6.53841 20.8609 18
      vertex -6.37013 21.7068 0
      vertex -6.37013 21.7068 18
    endloop
  endfacet
  facet normal 0.980781 -0.195113 2.63832e-19
    outer loop
      vertex -6.37013 21.7068 0
      vertex -6.53841 20.8609 18
      vertex -6.53841 20.8609 0
    endloop
  endfacet
  facet normal 0.997858 -0.0654124 -1.43017e-19
    outer loop
      vertex -6.60001 19.9212 18
      vertex -6.53841 20.8609 0
      vertex -6.53841 20.8609 18
    endloop
  endfacet
  facet normal 0.997858 -0.0654124 -1.43017e-19
    outer loop
      vertex -6.53841 20.8609 0
      vertex -6.60001 19.9212 18
      vertex -6.60001 19.9212 0
    endloop
  endfacet
  facet normal 1 -0 0
    outer loop
      vertex -6.60001 13.4707 18
      vertex -6.60001 19.9212 0
      vertex -6.60001 19.9212 18
    endloop
  endfacet
  facet normal 1 0 0
    outer loop
      vertex -6.60001 19.9212 0
      vertex -6.60001 13.4707 18
      vertex -6.60001 13.4707 0
    endloop
  endfacet
  facet normal 0.0778659 -0.996964 0
    outer loop
      vertex -10.9686 13.1295 0
      vertex -6.60001 13.4707 18
      vertex -10.9686 13.1295 18
    endloop
  endfacet
  facet normal 0.0778659 -0.996964 0
    outer loop
      vertex -6.60001 13.4707 18
      vertex -10.9686 13.1295 0
      vertex -6.60001 13.4707 0
    endloop
  endfacet
  facet normal 0.0958111 -0.9954 0
    outer loop
      vertex -13.1015 12.9242 0
      vertex -10.9686 13.1295 18
      vertex -13.1015 12.9242 18
    endloop
  endfacet
  facet normal 0.0958111 -0.9954 0
    outer loop
      vertex -10.9686 13.1295 18
      vertex -13.1015 12.9242 0
      vertex -10.9686 13.1295 0
    endloop
  endfacet
  facet normal 0.114155 -0.993463 0
    outer loop
      vertex -15.2006 12.683 0
      vertex -13.1015 12.9242 18
      vertex -15.2006 12.683 18
    endloop
  endfacet
  facet normal 0.114155 -0.993463 0
    outer loop
      vertex -13.1015 12.9242 18
      vertex -15.2006 12.683 0
      vertex -13.1015 12.9242 0
    endloop
  endfacet
  facet normal 0.133002 -0.991116 0
    outer loop
      vertex -17.2603 12.4066 0
      vertex -15.2006 12.683 18
      vertex -17.2603 12.4066 18
    endloop
  endfacet
  facet normal 0.133002 -0.991116 0
    outer loop
      vertex -15.2006 12.683 18
      vertex -17.2603 12.4066 0
      vertex -15.2006 12.683 0
    endloop
  endfacet
  facet normal 0.152352 -0.988326 0
    outer loop
      vertex -19.2778 12.0956 0
      vertex -17.2603 12.4066 18
      vertex -19.2778 12.0956 18
    endloop
  endfacet
  facet normal 0.152352 -0.988326 0
    outer loop
      vertex -17.2603 12.4066 18
      vertex -19.2778 12.0956 0
      vertex -17.2603 12.4066 0
    endloop
  endfacet
  facet normal 0.172463 -0.985016 0
    outer loop
      vertex -21.2454 11.7511 0
      vertex -19.2778 12.0956 18
      vertex -21.2454 11.7511 18
    endloop
  endfacet
  facet normal 0.172463 -0.985016 0
    outer loop
      vertex -19.2778 12.0956 18
      vertex -21.2454 11.7511 0
      vertex -19.2778 12.0956 0
    endloop
  endfacet
  facet normal 0.193363 -0.981127 0
    outer loop
      vertex -23.1583 11.3741 0
      vertex -21.2454 11.7511 18
      vertex -23.1583 11.3741 18
    endloop
  endfacet
  facet normal 0.193363 -0.981127 0
    outer loop
      vertex -21.2454 11.7511 18
      vertex -23.1583 11.3741 0
      vertex -21.2454 11.7511 0
    endloop
  endfacet
  facet normal 0.215057 -0.976602 0
    outer loop
      vertex -25.0129 10.9657 0
      vertex -23.1583 11.3741 18
      vertex -25.0129 10.9657 18
    endloop
  endfacet
  facet normal 0.215057 -0.976602 0
    outer loop
      vertex -23.1583 11.3741 18
      vertex -25.0129 10.9657 0
      vertex -23.1583 11.3741 0
    endloop
  endfacet
  facet normal 0.237961 -0.971275 0
    outer loop
      vertex -26.8023 10.5273 0
      vertex -25.0129 10.9657 18
      vertex -26.8023 10.5273 18
    endloop
  endfacet
  facet normal 0.237961 -0.971275 0
    outer loop
      vertex -25.0129 10.9657 18
      vertex -26.8023 10.5273 0
      vertex -25.0129 10.9657 0
    endloop
  endfacet
  facet normal 0.261954 -0.96508 0
    outer loop
      vertex -28.5228 10.0603 0
      vertex -26.8023 10.5273 18
      vertex -28.5228 10.0603 18
    endloop
  endfacet
  facet normal 0.261954 -0.96508 0
    outer loop
      vertex -26.8023 10.5273 18
      vertex -28.5228 10.0603 0
      vertex -26.8023 10.5273 0
    endloop
  endfacet
  facet normal 0.287385 -0.957815 0
    outer loop
      vertex -30.1693 9.56628 0
      vertex -28.5228 10.0603 18
      vertex -30.1693 9.56628 18
    endloop
  endfacet
  facet normal 0.287385 -0.957815 0
    outer loop
      vertex -28.5228 10.0603 18
      vertex -30.1693 9.56628 0
      vertex -28.5228 10.0603 0
    endloop
  endfacet
  facet normal 0.314359 -0.949304 0
    outer loop
      vertex -31.7377 9.04691 0
      vertex -30.1693 9.56628 18
      vertex -31.7377 9.04691 18
    endloop
  endfacet
  facet normal 0.314359 -0.949304 0
    outer loop
      vertex -30.1693 9.56628 18
      vertex -31.7377 9.04691 0
      vertex -30.1693 9.56628 0
    endloop
  endfacet
  facet normal 0.343182 -0.939269 0
    outer loop
      vertex -33.2229 8.50426 0
      vertex -31.7377 9.04691 18
      vertex -33.2229 8.50426 18
    endloop
  endfacet
  facet normal 0.343182 -0.939269 0
    outer loop
      vertex -31.7377 9.04691 18
      vertex -33.2229 8.50426 0
      vertex -31.7377 9.04691 0
    endloop
  endfacet
  facet normal 0.373951 -0.927448 0
    outer loop
      vertex -34.6209 7.94058 0
      vertex -33.2229 8.50426 18
      vertex -34.6209 7.94058 18
    endloop
  endfacet
  facet normal 0.373951 -0.927448 0
    outer loop
      vertex -33.2229 8.50426 18
      vertex -34.6209 7.94058 0
      vertex -33.2229 8.50426 0
    endloop
  endfacet
  facet normal 0.407109 -0.91338 0
    outer loop
      vertex -35.9272 7.35834 0
      vertex -34.6209 7.94058 18
      vertex -35.9272 7.35834 18
    endloop
  endfacet
  facet normal 0.407109 -0.91338 0
    outer loop
      vertex -34.6209 7.94058 18
      vertex -35.9272 7.35834 0
      vertex -34.6209 7.94058 0
    endloop
  endfacet
  facet normal 0.442812 -0.896614 0
    outer loop
      vertex -37.1379 6.76041 0
      vertex -35.9272 7.35834 18
      vertex -37.1379 6.76041 18
    endloop
  endfacet
  facet normal 0.442812 -0.896614 0
    outer loop
      vertex -35.9272 7.35834 18
      vertex -37.1379 6.76041 0
      vertex -35.9272 7.35834 0
    endloop
  endfacet
  facet normal 0.48144 -0.876479 0
    outer loop
      vertex -38.2491 6.15004 0
      vertex -37.1379 6.76041 18
      vertex -38.2491 6.15004 18
    endloop
  endfacet
  facet normal 0.48144 -0.876479 0
    outer loop
      vertex -37.1379 6.76041 18
      vertex -38.2491 6.15004 0
      vertex -37.1379 6.76041 0
    endloop
  endfacet
  facet normal 0.523219 -0.852198 0
    outer loop
      vertex -39.2574 5.53098 0
      vertex -38.2491 6.15004 18
      vertex -39.2574 5.53098 18
    endloop
  endfacet
  facet normal 0.523219 -0.852198 0
    outer loop
      vertex -38.2491 6.15004 18
      vertex -39.2574 5.53098 0
      vertex -38.2491 6.15004 0
    endloop
  endfacet
  facet normal 0.568487 -0.822692 0
    outer loop
      vertex -40.1593 4.90776 0
      vertex -39.2574 5.53098 18
      vertex -40.1593 4.90776 18
    endloop
  endfacet
  facet normal 0.568487 -0.822692 0
    outer loop
      vertex -39.2574 5.53098 18
      vertex -40.1593 4.90776 0
      vertex -39.2574 5.53098 0
    endloop
  endfacet
  facet normal 0.617323 -0.78671 0
    outer loop
      vertex -40.9522 4.28558 0
      vertex -40.1593 4.90776 18
      vertex -40.9522 4.28558 18
    endloop
  endfacet
  facet normal 0.617323 -0.78671 0
    outer loop
      vertex -40.1593 4.90776 18
      vertex -40.9522 4.28558 0
      vertex -40.1593 4.90776 0
    endloop
  endfacet
  facet normal 0.669668 -0.742661 0
    outer loop
      vertex -41.6348 3.67007 0
      vertex -40.9522 4.28558 18
      vertex -41.6348 3.67007 18
    endloop
  endfacet
  facet normal 0.669668 -0.742661 0
    outer loop
      vertex -40.9522 4.28558 18
      vertex -41.6348 3.67007 0
      vertex -40.9522 4.28558 0
    endloop
  endfacet
  facet normal 0.725094 -0.68865 -9.51458e-19
    outer loop
      vertex -42.2066 3.06801 18
      vertex -41.6348 3.67007 0
      vertex -41.6348 3.67007 18
    endloop
  endfacet
  facet normal 0.725094 -0.68865 -9.51458e-19
    outer loop
      vertex -41.6348 3.67007 0
      vertex -42.2066 3.06801 18
      vertex -42.2066 3.06801 0
    endloop
  endfacet
  facet normal 0.782533 -0.62261 -1.7214e-18
    outer loop
      vertex -42.6695 2.48621 18
      vertex -42.2066 3.06801 0
      vertex -42.2066 3.06801 18
    endloop
  endfacet
  facet normal 0.782533 -0.62261 -1.7214e-18
    outer loop
      vertex -42.2066 3.06801 0
      vertex -42.6695 2.48621 18
      vertex -42.6695 2.48621 0
    endloop
  endfacet
  facet normal 0.840094 -0.542441 -2.14012e-19
    outer loop
      vertex -43.0278 1.9313 18
      vertex -42.6695 2.48621 0
      vertex -42.6695 2.48621 18
    endloop
  endfacet
  facet normal 0.840094 -0.542441 -2.14012e-19
    outer loop
      vertex -42.6695 2.48621 0
      vertex -43.0278 1.9313 18
      vertex -43.0278 1.9313 0
    endloop
  endfacet
  facet normal 0.89485 -0.446366 -1.27613e-18
    outer loop
      vertex -43.2891 1.40746 18
      vertex -43.0278 1.9313 0
      vertex -43.0278 1.9313 18
    endloop
  endfacet
  facet normal 0.89485 -0.446366 -1.27613e-18
    outer loop
      vertex -43.0278 1.9313 0
      vertex -43.2891 1.40746 18
      vertex -43.2891 1.40746 0
    endloop
  endfacet
  facet normal 0.942491 -0.33423 -7.14559e-19
    outer loop
      vertex -43.4636 0.91539 18
      vertex -43.2891 1.40746 0
      vertex -43.2891 1.40746 18
    endloop
  endfacet
  facet normal 0.942491 -0.33423 -7.14559e-19
    outer loop
      vertex -43.2891 1.40746 0
      vertex -43.4636 0.91539 18
      vertex -43.4636 0.91539 0
    endloop
  endfacet
  facet normal 0.978234 -0.207504 -1.09586e-19
    outer loop
      vertex -43.5623 0.450089 18
      vertex -43.4636 0.91539 0
      vertex -43.4636 0.91539 18
    endloop
  endfacet
  facet normal 0.978234 -0.207504 -1.09586e-19
    outer loop
      vertex -43.4636 0.91539 0
      vertex -43.5623 0.450089 18
      vertex -43.5623 0.450089 0
    endloop
  endfacet
  facet normal 0.997529 -0.0702565 -4.40407e-20
    outer loop
      vertex -43.594 0 18
      vertex -43.5623 0.450089 0
      vertex -43.5623 0.450089 18
    endloop
  endfacet
  facet normal 0.997529 -0.0702565 -4.40407e-20
    outer loop
      vertex -43.5623 0.450089 0
      vertex -43.594 0 18
      vertex -43.594 0 0
    endloop
  endfacet
  facet normal 0.997529 0.0702565 4.40407e-20
    outer loop
      vertex -43.5623 -0.450089 18
      vertex -43.594 0 0
      vertex -43.594 0 18
    endloop
  endfacet
  facet normal 0.997529 0.0702565 4.40407e-20
    outer loop
      vertex -43.594 0 0
      vertex -43.5623 -0.450089 18
      vertex -43.5623 -0.450089 0
    endloop
  endfacet
  facet normal 0.978234 0.207504 1.09586e-19
    outer loop
      vertex -43.4636 -0.91539 18
      vertex -43.5623 -0.450089 0
      vertex -43.5623 -0.450089 18
    endloop
  endfacet
  facet normal 0.978234 0.207504 1.09586e-19
    outer loop
      vertex -43.5623 -0.450089 0
      vertex -43.4636 -0.91539 18
      vertex -43.4636 -0.91539 0
    endloop
  endfacet
  facet normal 0.942491 0.33423 7.14559e-19
    outer loop
      vertex -43.2891 -1.40746 18
      vertex -43.4636 -0.91539 0
      vertex -43.4636 -0.91539 18
    endloop
  endfacet
  facet normal 0.942491 0.33423 7.14559e-19
    outer loop
      vertex -43.4636 -0.91539 0
      vertex -43.2891 -1.40746 18
      vertex -43.2891 -1.40746 0
    endloop
  endfacet
  facet normal 0.89485 0.446366 1.27613e-18
    outer loop
      vertex -43.0278 -1.9313 18
      vertex -43.2891 -1.40746 0
      vertex -43.2891 -1.40746 18
    endloop
  endfacet
  facet normal 0.89485 0.446366 1.27613e-18
    outer loop
      vertex -43.2891 -1.40746 0
      vertex -43.0278 -1.9313 18
      vertex -43.0278 -1.9313 0
    endloop
  endfacet
  facet normal 0.840094 0.542441 2.14012e-19
    outer loop
      vertex -42.6695 -2.48621 18
      vertex -43.0278 -1.9313 0
      vertex -43.0278 -1.9313 18
    endloop
  endfacet
  facet normal 0.840094 0.542441 2.14012e-19
    outer loop
      vertex -43.0278 -1.9313 0
      vertex -42.6695 -2.48621 18
      vertex -42.6695 -2.48621 0
    endloop
  endfacet
  facet normal 0.782533 0.62261 1.7214e-18
    outer loop
      vertex -42.2066 -3.06801 18
      vertex -42.6695 -2.48621 0
      vertex -42.6695 -2.48621 18
    endloop
  endfacet
  facet normal 0.782533 0.62261 1.7214e-18
    outer loop
      vertex -42.6695 -2.48621 0
      vertex -42.2066 -3.06801 18
      vertex -42.2066 -3.06801 0
    endloop
  endfacet
  facet normal 0.725094 0.68865 9.51458e-19
    outer loop
      vertex -41.6348 -3.67007 18
      vertex -42.2066 -3.06801 0
      vertex -42.2066 -3.06801 18
    endloop
  endfacet
  facet normal 0.725094 0.68865 9.51458e-19
    outer loop
      vertex -42.2066 -3.06801 0
      vertex -41.6348 -3.67007 18
      vertex -41.6348 -3.67007 0
    endloop
  endfacet
  facet normal 0.669668 0.742661 -0
    outer loop
      vertex -40.9522 -4.28558 0
      vertex -41.6348 -3.67007 18
      vertex -40.9522 -4.28558 18
    endloop
  endfacet
  facet normal 0.669668 0.742661 0
    outer loop
      vertex -41.6348 -3.67007 18
      vertex -40.9522 -4.28558 0
      vertex -41.6348 -3.67007 0
    endloop
  endfacet
  facet normal 0.617323 0.78671 -0
    outer loop
      vertex -40.1593 -4.90776 0
      vertex -40.9522 -4.28558 18
      vertex -40.1593 -4.90776 18
    endloop
  endfacet
  facet normal 0.617323 0.78671 0
    outer loop
      vertex -40.9522 -4.28558 18
      vertex -40.1593 -4.90776 0
      vertex -40.9522 -4.28558 0
    endloop
  endfacet
  facet normal 0.568487 0.822692 -0
    outer loop
      vertex -39.2574 -5.53098 0
      vertex -40.1593 -4.90776 18
      vertex -39.2574 -5.53098 18
    endloop
  endfacet
  facet normal 0.568487 0.822692 0
    outer loop
      vertex -40.1593 -4.90776 18
      vertex -39.2574 -5.53098 0
      vertex -40.1593 -4.90776 0
    endloop
  endfacet
  facet normal 0.523219 0.852198 -0
    outer loop
      vertex -38.2491 -6.15004 0
      vertex -39.2574 -5.53098 18
      vertex -38.2491 -6.15004 18
    endloop
  endfacet
  facet normal 0.523219 0.852198 0
    outer loop
      vertex -39.2574 -5.53098 18
      vertex -38.2491 -6.15004 0
      vertex -39.2574 -5.53098 0
    endloop
  endfacet
  facet normal 0.48144 0.876479 -0
    outer loop
      vertex -37.1379 -6.76041 0
      vertex -38.2491 -6.15004 18
      vertex -37.1379 -6.76041 18
    endloop
  endfacet
  facet normal 0.48144 0.876479 0
    outer loop
      vertex -38.2491 -6.15004 18
      vertex -37.1379 -6.76041 0
      vertex -38.2491 -6.15004 0
    endloop
  endfacet
  facet normal 0.442812 0.896614 -0
    outer loop
      vertex -35.9272 -7.35834 0
      vertex -37.1379 -6.76041 18
      vertex -35.9272 -7.35834 18
    endloop
  endfacet
  facet normal 0.442812 0.896614 0
    outer loop
      vertex -37.1379 -6.76041 18
      vertex -35.9272 -7.35834 0
      vertex -37.1379 -6.76041 0
    endloop
  endfacet
  facet normal 0.407109 0.91338 -0
    outer loop
      vertex -34.6209 -7.94058 0
      vertex -35.9272 -7.35834 18
      vertex -34.6209 -7.94058 18
    endloop
  endfacet
  facet normal 0.407109 0.91338 0
    outer loop
      vertex -35.9272 -7.35834 18
      vertex -34.6209 -7.94058 0
      vertex -35.9272 -7.35834 0
    endloop
  endfacet
  facet normal 0.373951 0.927448 -0
    outer loop
      vertex -33.2229 -8.50426 0
      vertex -34.6209 -7.94058 18
      vertex -33.2229 -8.50426 18
    endloop
  endfacet
  facet normal 0.373951 0.927448 0
    outer loop
      vertex -34.6209 -7.94058 18
      vertex -33.2229 -8.50426 0
      vertex -34.6209 -7.94058 0
    endloop
  endfacet
  facet normal 0.34318 0.93927 -0
    outer loop
      vertex -32.663 -8.70883 0
      vertex -33.2229 -8.50426 18
      vertex -32.663 -8.70883 18
    endloop
  endfacet
  facet normal 0.34318 0.93927 0
    outer loop
      vertex -33.2229 -8.50426 18
      vertex -32.663 -8.70883 0
      vertex -33.2229 -8.50426 0
    endloop
  endfacet
  facet normal -0.751812 0.659378 -9.61956e-19
    outer loop
      vertex -32.663 -8.70883 0
      vertex -31.9846 -7.93533 18
      vertex -31.9846 -7.93533 0
    endloop
  endfacet
  facet normal -0.751812 0.659378 -9.61956e-19
    outer loop
      vertex -31.9846 -7.93533 18
      vertex -32.663 -8.70883 0
      vertex -32.663 -8.70883 18
    endloop
  endfacet
  facet normal -0.659355 0.751832 0
    outer loop
      vertex -30.863 -6.95169 0
      vertex -31.9846 -7.93533 18
      vertex -30.863 -6.95169 18
    endloop
  endfacet
  facet normal -0.659355 0.751832 0
    outer loop
      vertex -31.9846 -7.93533 18
      vertex -30.863 -6.95169 0
      vertex -31.9846 -7.93533 0
    endloop
  endfacet
  facet normal -0.555585 0.83146 0
    outer loop
      vertex -29.6226 -6.12285 0
      vertex -30.863 -6.95169 18
      vertex -29.6226 -6.12285 18
    endloop
  endfacet
  facet normal -0.555585 0.83146 0
    outer loop
      vertex -30.863 -6.95169 18
      vertex -29.6226 -6.12285 0
      vertex -30.863 -6.95169 0
    endloop
  endfacet
  facet normal -0.442268 0.896883 0
    outer loop
      vertex -28.2845 -5.46301 0
      vertex -29.6226 -6.12285 18
      vertex -28.2845 -5.46301 18
    endloop
  endfacet
  facet normal -0.442268 0.896883 0
    outer loop
      vertex -29.6226 -6.12285 18
      vertex -28.2845 -5.46301 0
      vertex -29.6226 -6.12285 0
    endloop
  endfacet
  facet normal -0.321462 0.946923 0
    outer loop
      vertex -26.8719 -4.98346 0
      vertex -28.2845 -5.46301 18
      vertex -26.8719 -4.98346 18
    endloop
  endfacet
  facet normal -0.321462 0.946923 0
    outer loop
      vertex -28.2845 -5.46301 18
      vertex -26.8719 -4.98346 0
      vertex -28.2845 -5.46301 0
    endloop
  endfacet
  facet normal -0.195066 0.98079 0
    outer loop
      vertex -25.4086 -4.69243 0
      vertex -26.8719 -4.98346 18
      vertex -25.4086 -4.69243 18
    endloop
  endfacet
  facet normal -0.195066 0.98079 0
    outer loop
      vertex -26.8719 -4.98346 18
      vertex -25.4086 -4.69243 0
      vertex -26.8719 -4.98346 0
    endloop
  endfacet
  facet normal -0.0654111 0.997858 0
    outer loop
      vertex -23.92 -4.59485 0
      vertex -25.4086 -4.69243 18
      vertex -23.92 -4.59485 18
    endloop
  endfacet
  facet normal -0.0654111 0.997858 0
    outer loop
      vertex -25.4086 -4.69243 18
      vertex -23.92 -4.59485 0
      vertex -25.4086 -4.69243 0
    endloop
  endfacet
  facet normal 0.0654068 0.997859 -0
    outer loop
      vertex -22.4313 -4.69243 0
      vertex -23.92 -4.59485 18
      vertex -22.4313 -4.69243 18
    endloop
  endfacet
  facet normal 0.0654068 0.997859 0
    outer loop
      vertex -23.92 -4.59485 18
      vertex -22.4313 -4.69243 0
      vertex -23.92 -4.59485 0
    endloop
  endfacet
  facet normal 0.195078 0.980788 -0
    outer loop
      vertex -20.9681 -4.98346 0
      vertex -22.4313 -4.69243 18
      vertex -20.9681 -4.98346 18
    endloop
  endfacet
  facet normal 0.195078 0.980788 0
    outer loop
      vertex -22.4313 -4.69243 18
      vertex -20.9681 -4.98346 0
      vertex -22.4313 -4.69243 0
    endloop
  endfacet
  facet normal 0.321441 0.94693 -0
    outer loop
      vertex -19.5554 -5.46301 0
      vertex -20.9681 -4.98346 18
      vertex -19.5554 -5.46301 18
    endloop
  endfacet
  facet normal 0.321441 0.94693 0
    outer loop
      vertex -20.9681 -4.98346 18
      vertex -19.5554 -5.46301 0
      vertex -20.9681 -4.98346 0
    endloop
  endfacet
  facet normal 0.442295 0.89687 -0
    outer loop
      vertex -18.2174 -6.12285 0
      vertex -19.5554 -5.46301 18
      vertex -18.2174 -6.12285 18
    endloop
  endfacet
  facet normal 0.442295 0.89687 0
    outer loop
      vertex -19.5554 -5.46301 18
      vertex -18.2174 -6.12285 0
      vertex -19.5554 -5.46301 0
    endloop
  endfacet
  facet normal 0.555576 0.831465 -0
    outer loop
      vertex -17.02 -6.92294 0
      vertex -18.2174 -6.12285 18
      vertex -17.02 -6.92294 18
    endloop
  endfacet
  facet normal 0.555576 0.831465 0
    outer loop
      vertex -18.2174 -6.12285 18
      vertex -17.02 -6.92294 0
      vertex -18.2174 -6.12285 0
    endloop
  endfacet
  facet normal -0.555576 0.831465 0
    outer loop
      vertex -15.8226 -6.12285 0
      vertex -17.02 -6.92294 18
      vertex -15.8226 -6.12285 18
    endloop
  endfacet
  facet normal -0.555576 0.831465 0
    outer loop
      vertex -17.02 -6.92294 18
      vertex -15.8226 -6.12285 0
      vertex -17.02 -6.92294 0
    endloop
  endfacet
  facet normal -0.442295 0.89687 0
    outer loop
      vertex -14.4846 -5.46301 0
      vertex -15.8226 -6.12285 18
      vertex -14.4846 -5.46301 18
    endloop
  endfacet
  facet normal -0.442295 0.89687 0
    outer loop
      vertex -15.8226 -6.12285 18
      vertex -14.4846 -5.46301 0
      vertex -15.8226 -6.12285 0
    endloop
  endfacet
  facet normal -0.321441 0.94693 0
    outer loop
      vertex -13.0719 -4.98346 0
      vertex -14.4846 -5.46301 18
      vertex -13.0719 -4.98346 18
    endloop
  endfacet
  facet normal -0.321441 0.94693 0
    outer loop
      vertex -14.4846 -5.46301 18
      vertex -13.0719 -4.98346 0
      vertex -14.4846 -5.46301 0
    endloop
  endfacet
  facet normal -0.195066 0.98079 0
    outer loop
      vertex -11.6086 -4.69243 0
      vertex -13.0719 -4.98346 18
      vertex -11.6086 -4.69243 18
    endloop
  endfacet
  facet normal -0.195066 0.98079 0
    outer loop
      vertex -13.0719 -4.98346 18
      vertex -11.6086 -4.69243 0
      vertex -13.0719 -4.98346 0
    endloop
  endfacet
  facet normal -0.0654111 0.997858 0
    outer loop
      vertex -10.12 -4.59485 0
      vertex -11.6086 -4.69243 18
      vertex -10.12 -4.59485 18
    endloop
  endfacet
  facet normal -0.0654111 0.997858 0
    outer loop
      vertex -11.6086 -4.69243 18
      vertex -10.12 -4.59485 0
      vertex -11.6086 -4.69243 0
    endloop
  endfacet
  facet normal 0.0654081 0.997859 -0
    outer loop
      vertex -8.63133 -4.69243 0
      vertex -10.12 -4.59485 18
      vertex -8.63133 -4.69243 18
    endloop
  endfacet
  facet normal 0.0654081 0.997859 0
    outer loop
      vertex -10.12 -4.59485 18
      vertex -8.63133 -4.69243 0
      vertex -10.12 -4.59485 0
    endloop
  endfacet
  facet normal 0.195077 0.980788 -0
    outer loop
      vertex -7.16812 -4.98346 0
      vertex -8.63133 -4.69243 18
      vertex -7.16812 -4.98346 18
    endloop
  endfacet
  facet normal 0.195077 0.980788 0
    outer loop
      vertex -8.63133 -4.69243 18
      vertex -7.16812 -4.98346 0
      vertex -8.63133 -4.69243 0
    endloop
  endfacet
  facet normal 0.321443 0.946929 -0
    outer loop
      vertex -5.75543 -5.46301 0
      vertex -7.16812 -4.98346 18
      vertex -5.75543 -5.46301 18
    endloop
  endfacet
  facet normal 0.321443 0.946929 0
    outer loop
      vertex -7.16812 -4.98346 18
      vertex -5.75543 -5.46301 0
      vertex -7.16812 -4.98346 0
    endloop
  endfacet
  facet normal 0.442292 0.896871 -0
    outer loop
      vertex -4.41742 -6.12285 0
      vertex -5.75543 -5.46301 18
      vertex -4.41742 -6.12285 18
    endloop
  endfacet
  facet normal 0.442292 0.896871 0
    outer loop
      vertex -5.75543 -5.46301 18
      vertex -4.41742 -6.12285 0
      vertex -5.75543 -5.46301 0
    endloop
  endfacet
  facet normal 0.555571 0.831469 -0
    outer loop
      vertex -3.17699 -6.95168 0
      vertex -4.41742 -6.12285 18
      vertex -3.17699 -6.95168 18
    endloop
  endfacet
  facet normal 0.555571 0.831469 0
    outer loop
      vertex -4.41742 -6.12285 18
      vertex -3.17699 -6.95168 0
      vertex -4.41742 -6.12285 0
    endloop
  endfacet
  facet normal 0.659342 0.751843 -0
    outer loop
      vertex -2.05534 -7.93533 0
      vertex -3.17699 -6.95168 18
      vertex -2.05534 -7.93533 18
    endloop
  endfacet
  facet normal 0.659342 0.751843 0
    outer loop
      vertex -3.17699 -6.95168 18
      vertex -2.05534 -7.93533 0
      vertex -3.17699 -6.95168 0
    endloop
  endfacet
  facet normal 0.751837 0.659349 -2.61836e-18
    outer loop
      vertex -1.07167 -9.05698 18
      vertex -2.05534 -7.93533 0
      vertex -2.05534 -7.93533 18
    endloop
  endfacet
  facet normal 0.751837 0.659349 -2.61836e-18
    outer loop
      vertex -2.05534 -7.93533 0
      vertex -1.07167 -9.05698 18
      vertex -1.07167 -9.05698 0
    endloop
  endfacet
  facet normal 0.831468 0.555572 5.69992e-19
    outer loop
      vertex -0.242844 -10.2974 18
      vertex -1.07167 -9.05698 0
      vertex -1.07167 -9.05698 18
    endloop
  endfacet
  facet normal 0.831468 0.555572 5.69992e-19
    outer loop
      vertex -1.07167 -9.05698 0
      vertex -0.242844 -10.2974 18
      vertex -0.242844 -10.2974 0
    endloop
  endfacet
  facet normal 0.896895 0.442245 3.6989e-19
    outer loop
      vertex 0 -10.7899 18
      vertex -0.242844 -10.2974 0
      vertex -0.242844 -10.2974 18
    endloop
  endfacet
  facet normal 0.896895 0.442245 3.6989e-19
    outer loop
      vertex -0.242844 -10.2974 0
      vertex 0 -10.7899 18
      vertex 0 -10.7899 0
    endloop
  endfacet
  facet normal -0.896895 0.442245 -3.6989e-19
    outer loop
      vertex 0 -10.7899 0
      vertex 0.242844 -10.2974 18
      vertex 0.242844 -10.2974 0
    endloop
  endfacet
  facet normal -0.896895 0.442245 -3.6989e-19
    outer loop
      vertex 0.242844 -10.2974 18
      vertex 0 -10.7899 0
      vertex 0 -10.7899 18
    endloop
  endfacet
  facet normal 0 0 1
    outer loop
      vertex 16.7919 19.9358 4
      vertex 8.92299 21.1747 4
      vertex 9 20 4
    endloop
  endfacet
  facet normal 0 0 1
    outer loop
      vertex 10 24.5 4
      vertex 8.69333 22.3294 4
      vertex 8.92299 21.1747 4
    endloop
  endfacet
  facet normal 0 0 1
    outer loop
      vertex 10 24.5 4
      vertex 8.31491 23.4441 4
      vertex 8.69333 22.3294 4
    endloop
  endfacet
  facet normal 0 -0 1
    outer loop
      vertex 8.31491 23.4441 4
      vertex 10 24.5 4
      vertex 7.79422 24.5 4
    endloop
  endfacet
  facet normal 0 0 1
    outer loop
      vertex 46 0 4
      vertex 51.0124 0 4
      vertex 50.9077 1.48311 4
    endloop
  endfacet
  facet normal 0 0 1
    outer loop
      vertex 45.9446 0.78508 4
      vertex 50.9077 1.48311 4
      vertex 50.6013 2.92833 4
    endloop
  endfacet
  facet normal 0 0 1
    outer loop
      vertex 51.0124 0 4
      vertex 46 0 4
      vertex 50.9077 -1.48311 4
    endloop
  endfacet
  facet normal 0 0 1
    outer loop
      vertex 45.7785 1.56827 4
      vertex 50.6013 2.92833 4
      vertex 50.1126 4.30646 4
    endloop
  endfacet
  facet normal -0 0 1
    outer loop
      vertex 45.9446 -0.78508 4
      vertex 50.9077 -1.48311 4
      vertex 46 0 4
    endloop
  endfacet
  facet normal 0 0 1
    outer loop
      vertex 45.5021 2.34769 4
      vertex 50.1126 4.30646 4
      vertex 49.4668 5.60097 4
    endloop
  endfacet
  facet normal 0 0 1
    outer loop
      vertex 50.9077 -1.48311 4
      vertex 45.9446 -0.78508 4
      vertex 50.6013 -2.92833 4
    endloop
  endfacet
  facet normal 0 0 1
    outer loop
      vertex 45.1161 3.12144 4
      vertex 49.4668 5.60097 4
      vertex 48.688 6.80731 4
    endloop
  endfacet
  facet normal -0 0 1
    outer loop
      vertex 45.7785 -1.56827 4
      vertex 50.6013 -2.92833 4
      vertex 45.9446 -0.78508 4
    endloop
  endfacet
  facet normal 0 0 1
    outer loop
      vertex 44.6214 3.88768 4
      vertex 48.688 6.80731 4
      vertex 47.7955 7.92902 4
    endloop
  endfacet
  facet normal 0 0 1
    outer loop
      vertex 50.6013 -2.92833 4
      vertex 45.7785 -1.56827 4
      vertex 50.1126 -4.30646 4
    endloop
  endfacet
  facet normal 0 0 1
    outer loop
      vertex 44.0192 4.64455 4
      vertex 47.7955 7.92902 4
      vertex 46.8031 8.97391 4
    endloop
  endfacet
  facet normal -0 0 1
    outer loop
      vertex 45.5021 -2.34769 4
      vertex 50.1126 -4.30646 4
      vertex 45.7785 -1.56827 4
    endloop
  endfacet
  facet normal 0 0 1
    outer loop
      vertex 50.1126 -4.30646 4
      vertex 45.5021 -2.34769 4
      vertex 49.4668 -5.60097 4
    endloop
  endfacet
  facet normal 0 0 1
    outer loop
      vertex 50.9077 1.48311 4
      vertex 45.9446 0.78508 4
      vertex 46 0 4
    endloop
  endfacet
  facet normal 0 0 1
    outer loop
      vertex 50.6013 2.92833 4
      vertex 45.7785 1.56827 4
      vertex 45.9446 0.78508 4
    endloop
  endfacet
  facet normal 0 0 1
    outer loop
      vertex 43.311 5.39023 4
      vertex 46.8031 8.97391 4
      vertex 45.7197 9.95084 4
    endloop
  endfacet
  facet normal 0 0 1
    outer loop
      vertex 50.1126 4.30646 4
      vertex 45.5021 2.34769 4
      vertex 45.7785 1.56827 4
    endloop
  endfacet
  facet normal 0 0 1
    outer loop
      vertex 49.4668 5.60097 4
      vertex 45.1161 3.12144 4
      vertex 45.5021 2.34769 4
    endloop
  endfacet
  facet normal 0 0 1
    outer loop
      vertex 48.688 6.80731 4
      vertex 44.6214 3.88768 4
      vertex 45.1161 3.12144 4
    endloop
  endfacet
  facet normal 0 0 1
    outer loop
      vertex 42.4984 6.12292 4
      vertex 45.7197 9.95084 4
      vertex 44.5508 10.8681 4
    endloop
  endfacet
  facet normal 0 0 1
    outer loop
      vertex 47.7955 7.92902 4
      vertex 44.0192 4.64455 4
      vertex 44.6214 3.88768 4
    endloop
  endfacet
  facet normal 0 0 1
    outer loop
      vertex 46.8031 8.97391 4
      vertex 43.311 5.39023 4
      vertex 44.0192 4.64455 4
    endloop
  endfacet
  facet normal 0 0 1
    outer loop
      vertex 41.5835 6.84088 4
      vertex 44.5508 10.8681 4
      vertex 43.2997 11.7326 4
    endloop
  endfacet
  facet normal 0 0 1
    outer loop
      vertex 45.7197 9.95084 4
      vertex 42.4984 6.12292 4
      vertex 43.311 5.39023 4
    endloop
  endfacet
  facet normal 0 0 1
    outer loop
      vertex 40.5684 7.54234 4
      vertex 43.2997 11.7326 4
      vertex 41.9686 12.5498 4
    endloop
  endfacet
  facet normal 0 0 1
    outer loop
      vertex 44.5508 10.8681 4
      vertex 41.5835 6.84088 4
      vertex 42.4984 6.12292 4
    endloop
  endfacet
  facet normal 0 0 1
    outer loop
      vertex 43.2997 11.7326 4
      vertex 40.5684 7.54234 4
      vertex 41.5835 6.84088 4
    endloop
  endfacet
  facet normal 0 0 1
    outer loop
      vertex 39.4555 8.22563 4
      vertex 41.9686 12.5498 4
      vertex 40.5593 13.324 4
    endloop
  endfacet
  facet normal 0 0 1
    outer loop
      vertex 41.9686 12.5498 4
      vertex 39.4555 8.22563 4
      vertex 40.5684 7.54234 4
    endloop
  endfacet
  facet normal 0 0 1
    outer loop
      vertex 38.2476 8.88911 4
      vertex 40.5593 13.324 4
      vertex 39.0732 14.0579 4
    endloop
  endfacet
  facet normal 0 0 1
    outer loop
      vertex 40.5593 13.324 4
      vertex 38.2476 8.88911 4
      vertex 39.4555 8.22563 4
    endloop
  endfacet
  facet normal 0 0 1
    outer loop
      vertex 36.9475 9.53117 4
      vertex 39.0732 14.0579 4
      vertex 37.5118 14.7538 4
    endloop
  endfacet
  facet normal 0 0 1
    outer loop
      vertex 39.0732 14.0579 4
      vertex 36.9475 9.53117 4
      vertex 38.2476 8.88911 4
    endloop
  endfacet
  facet normal 0 0 1
    outer loop
      vertex 35.5585 10.1503 4
      vertex 37.5118 14.7538 4
      vertex 35.877 15.413 4
    endloop
  endfacet
  facet normal 0 0 1
    outer loop
      vertex 37.5118 14.7538 4
      vertex 35.5585 10.1503 4
      vertex 36.9475 9.53117 4
    endloop
  endfacet
  facet normal 0 0 1
    outer loop
      vertex 34.0837 10.7449 4
      vertex 35.877 15.413 4
      vertex 34.1711 16.0363 4
    endloop
  endfacet
  facet normal 0 0 1
    outer loop
      vertex 35.877 15.413 4
      vertex 34.0837 10.7449 4
      vertex 35.5585 10.1503 4
    endloop
  endfacet
  facet normal 0 0 1
    outer loop
      vertex 34.1711 16.0363 4
      vertex 32.5269 11.3137 4
      vertex 34.0837 10.7449 4
    endloop
  endfacet
  facet normal 0 0 1
    outer loop
      vertex 32.3964 16.624 4
      vertex 32.5269 11.3137 4
      vertex 34.1711 16.0363 4
    endloop
  endfacet
  facet normal 0 0 1
    outer loop
      vertex 32.3964 16.624 4
      vertex 30.8917 11.8552 4
      vertex 32.5269 11.3137 4
    endloop
  endfacet
  facet normal 0 0 1
    outer loop
      vertex 30.5557 17.1762 4
      vertex 30.8917 11.8552 4
      vertex 32.3964 16.624 4
    endloop
  endfacet
  facet normal 0 0 1
    outer loop
      vertex 30.5557 17.1762 4
      vertex 29.1821 12.3682 4
      vertex 30.8917 11.8552 4
    endloop
  endfacet
  facet normal 0 0 1
    outer loop
      vertex 28.6521 17.693 4
      vertex 29.1821 12.3682 4
      vertex 30.5557 17.1762 4
    endloop
  endfacet
  facet normal 0 0 1
    outer loop
      vertex 28.6521 17.693 4
      vertex 27.4022 12.8513 4
      vertex 29.1821 12.3682 4
    endloop
  endfacet
  facet normal 0 0 1
    outer loop
      vertex 26.689 18.1739 4
      vertex 27.4022 12.8513 4
      vertex 28.6521 17.693 4
    endloop
  endfacet
  facet normal 0 0 1
    outer loop
      vertex 26.689 18.1739 4
      vertex 25.5562 13.3035 4
      vertex 27.4022 12.8513 4
    endloop
  endfacet
  facet normal 0 0 1
    outer loop
      vertex 24.6699 18.6186 4
      vertex 25.5562 13.3035 4
      vertex 26.689 18.1739 4
    endloop
  endfacet
  facet normal 0 0 1
    outer loop
      vertex 24.6699 18.6186 4
      vertex 23.6487 13.7236 4
      vertex 25.5562 13.3035 4
    endloop
  endfacet
  facet normal 0 0 1
    outer loop
      vertex 22.5988 19.0267 4
      vertex 23.6487 13.7236 4
      vertex 24.6699 18.6186 4
    endloop
  endfacet
  facet normal 0 0 1
    outer loop
      vertex 22.5988 19.0267 4
      vertex 21.6842 14.1107 4
      vertex 23.6487 13.7236 4
    endloop
  endfacet
  facet normal 0 0 1
    outer loop
      vertex 20.4797 19.3977 4
      vertex 21.6842 14.1107 4
      vertex 22.5988 19.0267 4
    endloop
  endfacet
  facet normal 0 0 1
    outer loop
      vertex 20.4797 19.3977 4
      vertex 19.6675 14.4638 4
      vertex 21.6842 14.1107 4
    endloop
  endfacet
  facet normal 0 0 1
    outer loop
      vertex 18.3169 19.7311 4
      vertex 19.6675 14.4638 4
      vertex 20.4797 19.3977 4
    endloop
  endfacet
  facet normal 0 0 1
    outer loop
      vertex 18.3169 19.7311 4
      vertex 17.6034 14.7821 4
      vertex 19.6675 14.4638 4
    endloop
  endfacet
  facet normal 0 0 1
    outer loop
      vertex 16.7919 19.9358 4
      vertex 17.6034 14.7821 4
      vertex 18.3169 19.7311 4
    endloop
  endfacet
  facet normal 0 0 1
    outer loop
      vertex 16.7919 19.9358 4
      vertex 15.4969 15.0647 4
      vertex 17.6034 14.7821 4
    endloop
  endfacet
  facet normal 0 0 1
    outer loop
      vertex 16.7919 19.9358 4
      vertex 13.3531 15.311 4
      vertex 15.4969 15.0647 4
    endloop
  endfacet
  facet normal 0 0 1
    outer loop
      vertex 9 20 4
      vertex 13.3531 15.311 4
      vertex 16.7919 19.9358 4
    endloop
  endfacet
  facet normal -0 0 1
    outer loop
      vertex 8.92299 21.1747 4
      vertex 16.7919 19.9358 4
      vertex 10 24.5 4
    endloop
  endfacet
  facet normal -0 0 1
    outer loop
      vertex 6 36.5 4
      vertex 16.7919 19.9358 4
      vertex 6 52.3114 4
    endloop
  endfacet
  facet normal 0 0 1
    outer loop
      vertex 16.7919 19.9358 4
      vertex 6 36.5 4
      vertex 10 24.5 4
    endloop
  endfacet
  facet normal 0 0 1
    outer loop
      vertex 0 34.3114 4
      vertex 6 36.5 4
      vertex 6 52.3114 4
    endloop
  endfacet
  facet normal 0 -0 1
    outer loop
      vertex 2.32936 28.6933 4
      vertex 6 36.5 4
      vertex 0 34.3114 4
    endloop
  endfacet
  facet normal 0 0 1
    outer loop
      vertex 6 36.5 4
      vertex 2.32936 28.6933 4
      vertex 3.28917 28.3675 4
    endloop
  endfacet
  facet normal 0 0 1
    outer loop
      vertex 2.32936 28.6933 4
      vertex 0 34.3114 4
      vertex 1.17473 28.923 4
    endloop
  endfacet
  facet normal 0 0 1
    outer loop
      vertex 0 34.3114 4
      vertex 0 29 4
      vertex 1.17473 28.923 4
    endloop
  endfacet
  facet normal 0 0 1
    outer loop
      vertex 0 34.3114 4
      vertex -1.17473 28.923 4
      vertex 0 29 4
    endloop
  endfacet
  facet normal 0 0 1
    outer loop
      vertex 0 34.3114 4
      vertex -2.32936 28.6933 4
      vertex -1.17473 28.923 4
    endloop
  endfacet
  facet normal 0 0 1
    outer loop
      vertex -6 36.5 4
      vertex -2.32936 28.6933 4
      vertex 0 34.3114 4
    endloop
  endfacet
  facet normal -0 0 1
    outer loop
      vertex -6 36.5 4
      vertex 0 34.3114 4
      vertex -6 52.3114 4
    endloop
  endfacet
  facet normal 0 0 1
    outer loop
      vertex -2.32936 28.6933 4
      vertex -6 36.5 4
      vertex -3.28917 28.3675 4
    endloop
  endfacet
  facet normal 0 0 1
    outer loop
      vertex -16.7919 19.9358 4
      vertex -6 36.5 4
      vertex -6 52.3114 4
    endloop
  endfacet
  facet normal 0 0 1
    outer loop
      vertex -9 20 4
      vertex -13.3531 15.311 4
      vertex -11.1771 15.5205 4
    endloop
  endfacet
  facet normal 0 0 1
    outer loop
      vertex -6 36.5 4
      vertex -16.7919 19.9358 4
      vertex -10 24.5 4
    endloop
  endfacet
  facet normal 0 0 1
    outer loop
      vertex -8.92299 21.1747 4
      vertex -16.7919 19.9358 4
      vertex -13.3531 15.311 4
    endloop
  endfacet
  facet normal 0 0 1
    outer loop
      vertex -13.3531 15.311 4
      vertex -16.7919 19.9358 4
      vertex -15.4969 15.0647 4
    endloop
  endfacet
  facet normal 0 0 1
    outer loop
      vertex -16.7919 19.9358 4
      vertex -17.6034 14.7821 4
      vertex -15.4969 15.0647 4
    endloop
  endfacet
  facet normal -0 0 1
    outer loop
      vertex -18.3169 19.7311 4
      vertex -17.6034 14.7821 4
      vertex -16.7919 19.9358 4
    endloop
  endfacet
  facet normal 0 0 1
    outer loop
      vertex -18.3169 19.7311 4
      vertex -19.6675 14.4638 4
      vertex -17.6034 14.7821 4
    endloop
  endfacet
  facet normal -0 0 1
    outer loop
      vertex -20.4797 19.3977 4
      vertex -19.6675 14.4638 4
      vertex -18.3169 19.7311 4
    endloop
  endfacet
  facet normal 0 0 1
    outer loop
      vertex -20.4797 19.3977 4
      vertex -21.6842 14.1107 4
      vertex -19.6675 14.4638 4
    endloop
  endfacet
  facet normal -0 0 1
    outer loop
      vertex -22.5988 19.0267 4
      vertex -21.6842 14.1107 4
      vertex -20.4797 19.3977 4
    endloop
  endfacet
  facet normal 0 0 1
    outer loop
      vertex -22.5988 19.0267 4
      vertex -23.6487 13.7236 4
      vertex -21.6842 14.1107 4
    endloop
  endfacet
  facet normal -0 0 1
    outer loop
      vertex -24.6699 18.6186 4
      vertex -23.6487 13.7236 4
      vertex -22.5988 19.0267 4
    endloop
  endfacet
  facet normal 0 0 1
    outer loop
      vertex -24.6699 18.6186 4
      vertex -25.5562 13.3035 4
      vertex -23.6487 13.7236 4
    endloop
  endfacet
  facet normal -0 0 1
    outer loop
      vertex -26.689 18.1739 4
      vertex -25.5562 13.3035 4
      vertex -24.6699 18.6186 4
    endloop
  endfacet
  facet normal 0 0 1
    outer loop
      vertex -26.689 18.1739 4
      vertex -27.4022 12.8513 4
      vertex -25.5562 13.3035 4
    endloop
  endfacet
  facet normal -0 0 1
    outer loop
      vertex -28.6521 17.693 4
      vertex -27.4022 12.8513 4
      vertex -26.689 18.1739 4
    endloop
  endfacet
  facet normal 0 0 1
    outer loop
      vertex -28.6521 17.693 4
      vertex -29.1821 12.3682 4
      vertex -27.4022 12.8513 4
    endloop
  endfacet
  facet normal -0 0 1
    outer loop
      vertex -30.5557 17.1762 4
      vertex -29.1821 12.3682 4
      vertex -28.6521 17.693 4
    endloop
  endfacet
  facet normal 0 0 1
    outer loop
      vertex -30.5557 17.1762 4
      vertex -30.8917 11.8552 4
      vertex -29.1821 12.3682 4
    endloop
  endfacet
  facet normal -0 0 1
    outer loop
      vertex -32.3964 16.624 4
      vertex -30.8917 11.8552 4
      vertex -30.5557 17.1762 4
    endloop
  endfacet
  facet normal 0 0 1
    outer loop
      vertex -32.3964 16.624 4
      vertex -32.5269 11.3137 4
      vertex -30.8917 11.8552 4
    endloop
  endfacet
  facet normal -0 0 1
    outer loop
      vertex -34.1711 16.0363 4
      vertex -32.5269 11.3137 4
      vertex -32.3964 16.624 4
    endloop
  endfacet
  facet normal 0 0 1
    outer loop
      vertex -32.5269 11.3137 4
      vertex -34.1711 16.0363 4
      vertex -34.0837 10.7449 4
    endloop
  endfacet
  facet normal -0 0 1
    outer loop
      vertex -35.877 15.413 4
      vertex -34.0837 10.7449 4
      vertex -34.1711 16.0363 4
    endloop
  endfacet
  facet normal 0 0 1
    outer loop
      vertex -34.0837 10.7449 4
      vertex -35.877 15.413 4
      vertex -35.5585 10.1503 4
    endloop
  endfacet
  facet normal -0 0 1
    outer loop
      vertex -37.5118 14.7538 4
      vertex -35.5585 10.1503 4
      vertex -35.877 15.413 4
    endloop
  endfacet
  facet normal 0 0 1
    outer loop
      vertex -35.5585 10.1503 4
      vertex -37.5118 14.7538 4
      vertex -36.9475 9.53117 4
    endloop
  endfacet
  facet normal -0 0 1
    outer loop
      vertex -39.0732 14.0579 4
      vertex -36.9475 9.53117 4
      vertex -37.5118 14.7538 4
    endloop
  endfacet
  facet normal 0 0 1
    outer loop
      vertex -36.9475 9.53117 4
      vertex -39.0732 14.0579 4
      vertex -38.2476 8.88911 4
    endloop
  endfacet
  facet normal -0 0 1
    outer loop
      vertex -40.5593 13.324 4
      vertex -38.2476 8.88911 4
      vertex -39.0732 14.0579 4
    endloop
  endfacet
  facet normal 0 0 1
    outer loop
      vertex -38.2476 8.88911 4
      vertex -40.5593 13.324 4
      vertex -39.4555 8.22563 4
    endloop
  endfacet
  facet normal -0 0 1
    outer loop
      vertex -41.9686 12.5498 4
      vertex -39.4555 8.22563 4
      vertex -40.5593 13.324 4
    endloop
  endfacet
  facet normal 0 0 1
    outer loop
      vertex -39.4555 8.22563 4
      vertex -41.9686 12.5498 4
      vertex -40.5684 7.54234 4
    endloop
  endfacet
  facet normal -0 0 1
    outer loop
      vertex -43.2997 11.7326 4
      vertex -40.5684 7.54234 4
      vertex -41.9686 12.5498 4
    endloop
  endfacet
  facet normal 0 0 1
    outer loop
      vertex -40.5684 7.54234 4
      vertex -43.2997 11.7326 4
      vertex -41.5835 6.84088 4
    endloop
  endfacet
  facet normal -0 0 1
    outer loop
      vertex -44.5508 10.8681 4
      vertex -41.5835 6.84088 4
      vertex -43.2997 11.7326 4
    endloop
  endfacet
  facet normal 0 0 1
    outer loop
      vertex -41.5835 6.84088 4
      vertex -44.5508 10.8681 4
      vertex -42.4984 6.12292 4
    endloop
  endfacet
  facet normal -0 0 1
    outer loop
      vertex -45.7197 9.95084 4
      vertex -42.4984 6.12292 4
      vertex -44.5508 10.8681 4
    endloop
  endfacet
  facet normal 0 0 1
    outer loop
      vertex -42.4984 6.12292 4
      vertex -45.7197 9.95084 4
      vertex -43.311 5.39023 4
    endloop
  endfacet
  facet normal -0 0 1
    outer loop
      vertex -46.8031 8.97391 4
      vertex -43.311 5.39023 4
      vertex -45.7197 9.95084 4
    endloop
  endfacet
  facet normal 0 0 1
    outer loop
      vertex -43.311 5.39023 4
      vertex -46.8031 8.97391 4
      vertex -44.0192 4.64455 4
    endloop
  endfacet
  facet normal -0 0 1
    outer loop
      vertex -47.7955 7.92902 4
      vertex -44.0192 4.64455 4
      vertex -46.8031 8.97391 4
    endloop
  endfacet
  facet normal 0 0 1
    outer loop
      vertex -44.0192 4.64455 4
      vertex -47.7955 7.92902 4
      vertex -44.6214 3.88768 4
    endloop
  endfacet
  facet normal -0 0 1
    outer loop
      vertex -48.688 6.80731 4
      vertex -44.6214 3.88768 4
      vertex -47.7955 7.92902 4
    endloop
  endfacet
  facet normal 0 0 1
    outer loop
      vertex -44.6214 3.88768 4
      vertex -48.688 6.80731 4
      vertex -45.1161 3.12144 4
    endloop
  endfacet
  facet normal -0 0 1
    outer loop
      vertex -49.4668 5.60097 4
      vertex -45.1161 3.12144 4
      vertex -48.688 6.80731 4
    endloop
  endfacet
  facet normal 0 0 1
    outer loop
      vertex -45.1161 3.12144 4
      vertex -49.4668 5.60097 4
      vertex -45.5021 2.34769 4
    endloop
  endfacet
  facet normal -0 0 1
    outer loop
      vertex 45.1161 -3.12144 4
      vertex 49.4668 -5.60097 4
      vertex 45.5021 -2.34769 4
    endloop
  endfacet
  facet normal 0 0 1
    outer loop
      vertex 49.4668 -5.60097 4
      vertex 45.1161 -3.12144 4
      vertex 48.688 -6.80731 4
    endloop
  endfacet
  facet normal -0 0 1
    outer loop
      vertex 44.6214 -3.88768 4
      vertex 48.688 -6.80731 4
      vertex 45.1161 -3.12144 4
    endloop
  endfacet
  facet normal 0 0 1
    outer loop
      vertex 48.688 -6.80731 4
      vertex 44.6214 -3.88768 4
      vertex 47.7955 -7.92902 4
    endloop
  endfacet
  facet normal -0 0 1
    outer loop
      vertex 44.0192 -4.64455 4
      vertex 47.7955 -7.92902 4
      vertex 44.6214 -3.88768 4
    endloop
  endfacet
  facet normal 0 0 1
    outer loop
      vertex 47.7955 -7.92902 4
      vertex 44.0192 -4.64455 4
      vertex 46.8031 -8.97391 4
    endloop
  endfacet
  facet normal -0 0 1
    outer loop
      vertex 43.311 -5.39023 4
      vertex 46.8031 -8.97391 4
      vertex 44.0192 -4.64455 4
    endloop
  endfacet
  facet normal 0 0 1
    outer loop
      vertex 46.8031 -8.97391 4
      vertex 43.311 -5.39023 4
      vertex 45.7197 -9.95084 4
    endloop
  endfacet
  facet normal -0 0 1
    outer loop
      vertex 42.4984 -6.12292 4
      vertex 45.7197 -9.95084 4
      vertex 43.311 -5.39023 4
    endloop
  endfacet
  facet normal 0 0 1
    outer loop
      vertex 45.7197 -9.95084 4
      vertex 42.4984 -6.12292 4
      vertex 44.5508 -10.8681 4
    endloop
  endfacet
  facet normal -0 0 1
    outer loop
      vertex 41.5835 -6.84088 4
      vertex 44.5508 -10.8681 4
      vertex 42.4984 -6.12292 4
    endloop
  endfacet
  facet normal 0 0 1
    outer loop
      vertex 44.5508 -10.8681 4
      vertex 41.5835 -6.84088 4
      vertex 43.2997 -11.7326 4
    endloop
  endfacet
  facet normal -0 0 1
    outer loop
      vertex 40.5684 -7.54234 4
      vertex 43.2997 -11.7326 4
      vertex 41.5835 -6.84088 4
    endloop
  endfacet
  facet normal 0 0 1
    outer loop
      vertex 43.2997 -11.7326 4
      vertex 40.5684 -7.54234 4
      vertex 41.9686 -12.5498 4
    endloop
  endfacet
  facet normal -0 0 1
    outer loop
      vertex 39.4555 -8.22563 4
      vertex 41.9686 -12.5498 4
      vertex 40.5684 -7.54234 4
    endloop
  endfacet
  facet normal 0 0 1
    outer loop
      vertex 41.9686 -12.5498 4
      vertex 39.4555 -8.22563 4
      vertex 40.5593 -13.324 4
    endloop
  endfacet
  facet normal -0 0 1
    outer loop
      vertex 38.2476 -8.88911 4
      vertex 40.5593 -13.324 4
      vertex 39.4555 -8.22563 4
    endloop
  endfacet
  facet normal 0 0 1
    outer loop
      vertex 40.5593 -13.324 4
      vertex 38.2476 -8.88911 4
      vertex 39.0732 -14.0579 4
    endloop
  endfacet
  facet normal -0 0 1
    outer loop
      vertex 36.9475 -9.53117 4
      vertex 39.0732 -14.0579 4
      vertex 38.2476 -8.88911 4
    endloop
  endfacet
  facet normal 0 0 1
    outer loop
      vertex 39.0732 -14.0579 4
      vertex 36.9475 -9.53117 4
      vertex 37.5118 -14.7538 4
    endloop
  endfacet
  facet normal -0 0 1
    outer loop
      vertex 35.5585 -10.1503 4
      vertex 37.5118 -14.7538 4
      vertex 36.9475 -9.53117 4
    endloop
  endfacet
  facet normal 0 0 1
    outer loop
      vertex 37.5118 -14.7538 4
      vertex 35.5585 -10.1503 4
      vertex 35.877 -15.413 4
    endloop
  endfacet
  facet normal -0 0 1
    outer loop
      vertex 34.0837 -10.7449 4
      vertex 35.877 -15.413 4
      vertex 35.5585 -10.1503 4
    endloop
  endfacet
  facet normal 0 0 1
    outer loop
      vertex 35.877 -15.413 4
      vertex 34.0837 -10.7449 4
      vertex 34.1711 -16.0363 4
    endloop
  endfacet
  facet normal -0 0 1
    outer loop
      vertex 32.5269 -11.3137 4
      vertex 34.1711 -16.0363 4
      vertex 34.0837 -10.7449 4
    endloop
  endfacet
  facet normal -0 0 1
    outer loop
      vertex 31.7493 -11.5712 4
      vertex 34.1711 -16.0363 4
      vertex 32.5269 -11.3137 4
    endloop
  endfacet
  facet normal 0 0 1
    outer loop
      vertex 27.3748 -14.0054 4
      vertex 31.7142 -11.5 4
      vertex 31.0602 -10.5211 4
    endloop
  endfacet
  facet normal 0 0 1
    outer loop
      vertex 31.7142 -11.5 4
      vertex 27.3748 -14.0054 4
      vertex 31.7493 -11.5712 4
    endloop
  endfacet
  facet normal 0 0 1
    outer loop
      vertex 27.0849 -13.5715 4
      vertex 31.0602 -10.5211 4
      vertex 30.284 -9.63603 4
    endloop
  endfacet
  facet normal 0 0 1
    outer loop
      vertex 26.7408 -13.1792 4
      vertex 30.284 -9.63603 4
      vertex 29.3988 -8.85982 4
    endloop
  endfacet
  facet normal 0 -0 1
    outer loop
      vertex 29.1898 -17.6858 4
      vertex 31.7493 -11.5712 4
      vertex 27.3748 -14.0054 4
    endloop
  endfacet
  facet normal 0 0 1
    outer loop
      vertex 26.3484 -12.835 4
      vertex 29.3988 -8.85982 4
      vertex 28.42 -8.20576 4
    endloop
  endfacet
  facet normal 0 0 1
    outer loop
      vertex 31.7493 -11.5712 4
      vertex 29.1898 -17.6858 4
      vertex 34.1711 -16.0363 4
    endloop
  endfacet
  facet normal 0 0 1
    outer loop
      vertex 25.9147 -12.5452 4
      vertex 28.42 -8.20576 4
      vertex 27.3641 -7.68507 4
    endloop
  endfacet
  facet normal 0 0 1
    outer loop
      vertex 31.0602 -10.5211 4
      vertex 27.0849 -13.5715 4
      vertex 27.3748 -14.0054 4
    endloop
  endfacet
  facet normal 0 0 1
    outer loop
      vertex 30.284 -9.63603 4
      vertex 26.7408 -13.1792 4
      vertex 27.0849 -13.5715 4
    endloop
  endfacet
  facet normal 0 0 1
    outer loop
      vertex 29.3988 -8.85982 4
      vertex 26.3484 -12.835 4
      vertex 26.7408 -13.1792 4
    endloop
  endfacet
  facet normal 0 0 1
    outer loop
      vertex 25.4466 -12.3144 4
      vertex 27.3641 -7.68507 4
      vertex 26.2494 -7.30666 4
    endloop
  endfacet
  facet normal 0 0 1
    outer loop
      vertex 28.42 -8.20576 4
      vertex 25.9147 -12.5452 4
      vertex 26.3484 -12.835 4
    endloop
  endfacet
  facet normal 0 0 1
    outer loop
      vertex 27.3641 -7.68507 4
      vertex 25.4466 -12.3144 4
      vertex 25.9147 -12.5452 4
    endloop
  endfacet
  facet normal 0 0 1
    outer loop
      vertex 24.9524 -12.1466 4
      vertex 26.2494 -7.30666 4
      vertex 25.0947 -7.077 4
    endloop
  endfacet
  facet normal 0 0 1
    outer loop
      vertex 26.2494 -7.30666 4
      vertex 24.9524 -12.1466 4
      vertex 25.4466 -12.3144 4
    endloop
  endfacet
  facet normal 0 0 1
    outer loop
      vertex 25.0947 -7.077 4
      vertex 24.4407 -12.0448 4
      vertex 24.9524 -12.1466 4
    endloop
  endfacet
  facet normal 0 0 1
    outer loop
      vertex 23.92 -7 4
      vertex 24.4407 -12.0448 4
      vertex 25.0947 -7.077 4
    endloop
  endfacet
  facet normal 0 0 1
    outer loop
      vertex 23.92 -7 4
      vertex 23.92 -12.0107 4
      vertex 24.4407 -12.0448 4
    endloop
  endfacet
  facet normal 0 0 1
    outer loop
      vertex 23.92 -7 4
      vertex 23.3993 -12.0448 4
      vertex 23.92 -12.0107 4
    endloop
  endfacet
  facet normal -0 0 1
    outer loop
      vertex 22.7453 -7.077 4
      vertex 23.3993 -12.0448 4
      vertex 23.92 -7 4
    endloop
  endfacet
  facet normal 0 0 1
    outer loop
      vertex 23.3993 -12.0448 4
      vertex 22.7453 -7.077 4
      vertex 22.8875 -12.1466 4
    endloop
  endfacet
  facet normal -0 0 1
    outer loop
      vertex 21.5906 -7.30666 4
      vertex 22.8875 -12.1466 4
      vertex 22.7453 -7.077 4
    endloop
  endfacet
  facet normal 0 0 1
    outer loop
      vertex 22.8875 -12.1466 4
      vertex 21.5906 -7.30666 4
      vertex 22.3934 -12.3144 4
    endloop
  endfacet
  facet normal -0 0 1
    outer loop
      vertex 20.4758 -7.68507 4
      vertex 22.3934 -12.3144 4
      vertex 21.5906 -7.30666 4
    endloop
  endfacet
  facet normal 0 0 1
    outer loop
      vertex 22.3934 -12.3144 4
      vertex 20.4758 -7.68507 4
      vertex 21.9253 -12.5452 4
    endloop
  endfacet
  facet normal -0 0 1
    outer loop
      vertex 19.42 -8.20576 4
      vertex 21.9253 -12.5452 4
      vertex 20.4758 -7.68507 4
    endloop
  endfacet
  facet normal 0 0 1
    outer loop
      vertex 21.9253 -12.5452 4
      vertex 19.42 -8.20576 4
      vertex 21.4915 -12.8351 4
    endloop
  endfacet
  facet normal -0 0 1
    outer loop
      vertex 18.4411 -8.85982 4
      vertex 21.4915 -12.8351 4
      vertex 19.42 -8.20576 4
    endloop
  endfacet
  facet normal 0 0 1
    outer loop
      vertex 21.4915 -12.8351 4
      vertex 18.4411 -8.85982 4
      vertex 21.0992 -13.1791 4
    endloop
  endfacet
  facet normal -0 0 1
    outer loop
      vertex 17.556 -9.63603 4
      vertex 21.0992 -13.1791 4
      vertex 18.4411 -8.85982 4
    endloop
  endfacet
  facet normal -0 0 1
    outer loop
      vertex 17.02 -10.2473 4
      vertex 21.0992 -13.1791 4
      vertex 17.556 -9.63603 4
    endloop
  endfacet
  facet normal 0 0 1
    outer loop
      vertex 17.02 -10.2473 4
      vertex 17.02 -17.8305 4
      vertex 21.0992 -13.1791 4
    endloop
  endfacet
  facet normal 0 0 1
    outer loop
      vertex 12.9408 -13.1792 4
      vertex 17.02 -10.2473 4
      vertex 16.4839 -9.63603 4
    endloop
  endfacet
  facet normal 0 0 1
    outer loop
      vertex 12.9408 -13.1792 4
      vertex 16.4839 -9.63603 4
      vertex 15.5988 -8.85982 4
    endloop
  endfacet
  facet normal 0 0 1
    outer loop
      vertex 12.5484 -12.835 4
      vertex 15.5988 -8.85982 4
      vertex 14.62 -8.20576 4
    endloop
  endfacet
  facet normal 0 0 1
    outer loop
      vertex 12.1147 -12.5452 4
      vertex 14.62 -8.20576 4
      vertex 13.5641 -7.68507 4
    endloop
  endfacet
  facet normal 0 0 1
    outer loop
      vertex 17.02 -10.2473 4
      vertex 12.9408 -13.1792 4
      vertex 17.02 -17.8305 4
    endloop
  endfacet
  facet normal 0 0 1
    outer loop
      vertex 15.5988 -8.85982 4
      vertex 12.5484 -12.835 4
      vertex 12.9408 -13.1792 4
    endloop
  endfacet
  facet normal 0 0 1
    outer loop
      vertex 11.6466 -12.3144 4
      vertex 13.5641 -7.68507 4
      vertex 12.4494 -7.30666 4
    endloop
  endfacet
  facet normal 0 0 1
    outer loop
      vertex 14.62 -8.20576 4
      vertex 12.1147 -12.5452 4
      vertex 12.5484 -12.835 4
    endloop
  endfacet
  facet normal 0 0 1
    outer loop
      vertex 13.5641 -7.68507 4
      vertex 11.6466 -12.3144 4
      vertex 12.1147 -12.5452 4
    endloop
  endfacet
  facet normal 0 0 1
    outer loop
      vertex 11.1525 -12.1466 4
      vertex 12.4494 -7.30666 4
      vertex 11.2947 -7.077 4
    endloop
  endfacet
  facet normal 0 0 1
    outer loop
      vertex 12.4494 -7.30666 4
      vertex 11.1525 -12.1466 4
      vertex 11.6466 -12.3144 4
    endloop
  endfacet
  facet normal 0 0 1
    outer loop
      vertex 11.2947 -7.077 4
      vertex 10.6407 -12.0448 4
      vertex 11.1525 -12.1466 4
    endloop
  endfacet
  facet normal 0 0 1
    outer loop
      vertex 10.12 -7 4
      vertex 10.6407 -12.0448 4
      vertex 11.2947 -7.077 4
    endloop
  endfacet
  facet normal 0 0 1
    outer loop
      vertex 10.12 -7 4
      vertex 10.12 -12.0107 4
      vertex 10.6407 -12.0448 4
    endloop
  endfacet
  facet normal 0 0 1
    outer loop
      vertex 10.12 -7 4
      vertex 9.59927 -12.0448 4
      vertex 10.12 -12.0107 4
    endloop
  endfacet
  facet normal -0 0 1
    outer loop
      vertex 8.94525 -7.077 4
      vertex 9.59927 -12.0448 4
      vertex 10.12 -7 4
    endloop
  endfacet
  facet normal 0 0 1
    outer loop
      vertex 9.59927 -12.0448 4
      vertex 8.94525 -7.077 4
      vertex 9.08754 -12.1466 4
    endloop
  endfacet
  facet normal -0 0 1
    outer loop
      vertex 7.79062 -7.30666 4
      vertex 9.08754 -12.1466 4
      vertex 8.94525 -7.077 4
    endloop
  endfacet
  facet normal 0 0 1
    outer loop
      vertex 9.08754 -12.1466 4
      vertex 7.79062 -7.30666 4
      vertex 8.59337 -12.3144 4
    endloop
  endfacet
  facet normal -0 0 1
    outer loop
      vertex 6.67584 -7.68507 4
      vertex 8.59337 -12.3144 4
      vertex 7.79062 -7.30666 4
    endloop
  endfacet
  facet normal 0 0 1
    outer loop
      vertex 8.59337 -12.3144 4
      vertex 6.67584 -7.68507 4
      vertex 8.12532 -12.5452 4
    endloop
  endfacet
  facet normal -0 0 1
    outer loop
      vertex 5.62 -8.20576 4
      vertex 8.12532 -12.5452 4
      vertex 6.67584 -7.68507 4
    endloop
  endfacet
  facet normal 0 0 1
    outer loop
      vertex 8.12532 -12.5452 4
      vertex 5.62 -8.20576 4
      vertex 7.6915 -12.8351 4
    endloop
  endfacet
  facet normal -0 0 1
    outer loop
      vertex 4.64114 -8.85982 4
      vertex 7.6915 -12.8351 4
      vertex 5.62 -8.20576 4
    endloop
  endfacet
  facet normal 0 0 1
    outer loop
      vertex 7.6915 -12.8351 4
      vertex 4.64114 -8.85982 4
      vertex 7.29918 -13.1791 4
    endloop
  endfacet
  facet normal -0 0 1
    outer loop
      vertex 3.75603 -9.63603 4
      vertex 7.29918 -13.1791 4
      vertex 4.64114 -8.85982 4
    endloop
  endfacet
  facet normal 0 0 1
    outer loop
      vertex 7.29918 -13.1791 4
      vertex 3.75603 -9.63603 4
      vertex 6.95508 -13.5715 4
    endloop
  endfacet
  facet normal -0 0 1
    outer loop
      vertex 2.97981 -10.5211 4
      vertex 6.95508 -13.5715 4
      vertex 3.75603 -9.63603 4
    endloop
  endfacet
  facet normal 0 0 1
    outer loop
      vertex 6.95508 -13.5715 4
      vertex 2.97981 -10.5211 4
      vertex 6.66518 -14.0054 4
    endloop
  endfacet
  facet normal -0 0 1
    outer loop
      vertex 2.32576 -11.5 4
      vertex 6.66518 -14.0054 4
      vertex 2.97981 -10.5211 4
    endloop
  endfacet
  facet normal 0 0 1
    outer loop
      vertex 6.66518 -14.0054 4
      vertex 2.32576 -11.5 4
      vertex 6.43437 -14.4734 4
    endloop
  endfacet
  facet normal -0 0 1
    outer loop
      vertex 1.80507 -12.5558 4
      vertex 6.43437 -14.4734 4
      vertex 2.32576 -11.5 4
    endloop
  endfacet
  facet normal 0 0 1
    outer loop
      vertex 6.43437 -14.4734 4
      vertex 1.80507 -12.5558 4
      vertex 6.26665 -14.9675 4
    endloop
  endfacet
  facet normal -0 0 1
    outer loop
      vertex 1.42667 -13.6706 4
      vertex 6.26665 -14.9675 4
      vertex 1.80507 -12.5558 4
    endloop
  endfacet
  facet normal 0 0 1
    outer loop
      vertex 6.26665 -14.9675 4
      vertex 1.42667 -13.6706 4
      vertex 6.16484 -15.4793 4
    endloop
  endfacet
  facet normal -0 0 1
    outer loop
      vertex 1.19699 -14.8253 4
      vertex 6.16484 -15.4793 4
      vertex 1.42667 -13.6706 4
    endloop
  endfacet
  facet normal 0 0 1
    outer loop
      vertex 1.12062 -15.9904 4
      vertex 6.16484 -15.4793 4
      vertex 1.19699 -14.8253 4
    endloop
  endfacet
  facet normal 0 0 1
    outer loop
      vertex 6.16484 -15.4793 4
      vertex 1.12062 -15.9904 4
      vertex 5.80624 -20.9505 4
    endloop
  endfacet
  facet normal 0 0 1
    outer loop
      vertex 0 -21.0002 4
      vertex 1.12062 -15.9904 4
      vertex 0 -16 4
    endloop
  endfacet
  facet normal 0 0 1
    outer loop
      vertex 1.12062 -15.9904 4
      vertex 0 -21.0002 4
      vertex 5.80624 -20.9505 4
    endloop
  endfacet
  facet normal 0 0 1
    outer loop
      vertex -1.12062 -15.9904 4
      vertex 0 -21.0002 4
      vertex 0 -16 4
    endloop
  endfacet
  facet normal 0 0 1
    outer loop
      vertex -6.16484 -15.4793 4
      vertex -1.19699 -14.8253 4
      vertex -1.42667 -13.6706 4
    endloop
  endfacet
  facet normal 0 0 1
    outer loop
      vertex -6.26665 -14.9675 4
      vertex -1.42667 -13.6706 4
      vertex -1.80507 -12.5558 4
    endloop
  endfacet
  facet normal 0 0 1
    outer loop
      vertex -6.43437 -14.4734 4
      vertex -1.80507 -12.5558 4
      vertex -2.32576 -11.5 4
    endloop
  endfacet
  facet normal 0 -0 1
    outer loop
      vertex -6.16484 -15.4793 4
      vertex -1.42667 -13.6706 4
      vertex -6.26665 -14.9675 4
    endloop
  endfacet
  facet normal 0 0 1
    outer loop
      vertex -6.66518 -14.0054 4
      vertex -2.32576 -11.5 4
      vertex -2.97981 -10.5211 4
    endloop
  endfacet
  facet normal 0 0 1
    outer loop
      vertex -6.95508 -13.5715 4
      vertex -2.97981 -10.5211 4
      vertex -3.75603 -9.63603 4
    endloop
  endfacet
  facet normal 0 0 1
    outer loop
      vertex -7.29918 -13.1791 4
      vertex -3.75603 -9.63603 4
      vertex -4.64114 -8.85982 4
    endloop
  endfacet
  facet normal 0 0 1
    outer loop
      vertex -7.6915 -12.8351 4
      vertex -4.64114 -8.85982 4
      vertex -5.62 -8.20576 4
    endloop
  endfacet
  facet normal 0 0 1
    outer loop
      vertex -1.19699 -14.8253 4
      vertex -6.16484 -15.4793 4
      vertex -1.12062 -15.9904 4
    endloop
  endfacet
  facet normal 0 0 1
    outer loop
      vertex -1.12062 -15.9904 4
      vertex -5.80624 -20.9505 4
      vertex 0 -21.0002 4
    endloop
  endfacet
  facet normal 0 -0 1
    outer loop
      vertex -5.80624 -20.9505 4
      vertex -1.12062 -15.9904 4
      vertex -6.16484 -15.4793 4
    endloop
  endfacet
  facet normal 0 0 1
    outer loop
      vertex -1.80507 -12.5558 4
      vertex -6.43437 -14.4734 4
      vertex -6.26665 -14.9675 4
    endloop
  endfacet
  facet normal 0 0 1
    outer loop
      vertex -2.32576 -11.5 4
      vertex -6.66518 -14.0054 4
      vertex -6.43437 -14.4734 4
    endloop
  endfacet
  facet normal 0 0 1
    outer loop
      vertex -8.12532 -12.5452 4
      vertex -5.62 -8.20576 4
      vertex -6.67584 -7.68507 4
    endloop
  endfacet
  facet normal 0 0 1
    outer loop
      vertex -2.97981 -10.5211 4
      vertex -6.95508 -13.5715 4
      vertex -6.66518 -14.0054 4
    endloop
  endfacet
  facet normal 0 0 1
    outer loop
      vertex -3.75603 -9.63603 4
      vertex -7.29918 -13.1791 4
      vertex -6.95508 -13.5715 4
    endloop
  endfacet
  facet normal 0 0 1
    outer loop
      vertex -4.64114 -8.85982 4
      vertex -7.6915 -12.8351 4
      vertex -7.29918 -13.1791 4
    endloop
  endfacet
  facet normal 0 0 1
    outer loop
      vertex -8.59337 -12.3144 4
      vertex -6.67584 -7.68507 4
      vertex -7.79062 -7.30666 4
    endloop
  endfacet
  facet normal 0 0 1
    outer loop
      vertex -5.62 -8.20576 4
      vertex -8.12532 -12.5452 4
      vertex -7.6915 -12.8351 4
    endloop
  endfacet
  facet normal 0 0 1
    outer loop
      vertex -6.67584 -7.68507 4
      vertex -8.59337 -12.3144 4
      vertex -8.12532 -12.5452 4
    endloop
  endfacet
  facet normal 0 0 1
    outer loop
      vertex -9.08754 -12.1466 4
      vertex -7.79062 -7.30666 4
      vertex -8.94525 -7.077 4
    endloop
  endfacet
  facet normal 0 0 1
    outer loop
      vertex -7.79062 -7.30666 4
      vertex -9.08754 -12.1466 4
      vertex -8.59337 -12.3144 4
    endloop
  endfacet
  facet normal 0 0 1
    outer loop
      vertex -8.94525 -7.077 4
      vertex -9.59927 -12.0448 4
      vertex -9.08754 -12.1466 4
    endloop
  endfacet
  facet normal 0 0 1
    outer loop
      vertex -10.12 -7 4
      vertex -9.59927 -12.0448 4
      vertex -8.94525 -7.077 4
    endloop
  endfacet
  facet normal 0 0 1
    outer loop
      vertex -10.12 -7 4
      vertex -10.12 -12.0107 4
      vertex -9.59927 -12.0448 4
    endloop
  endfacet
  facet normal 0 0 1
    outer loop
      vertex -10.12 -7 4
      vertex -10.6407 -12.0448 4
      vertex -10.12 -12.0107 4
    endloop
  endfacet
  facet normal -0 0 1
    outer loop
      vertex -11.2947 -7.077 4
      vertex -10.6407 -12.0448 4
      vertex -10.12 -7 4
    endloop
  endfacet
  facet normal 0 0 1
    outer loop
      vertex -10.6407 -12.0448 4
      vertex -11.2947 -7.077 4
      vertex -11.1525 -12.1466 4
    endloop
  endfacet
  facet normal -0 0 1
    outer loop
      vertex -12.4494 -7.30666 4
      vertex -11.1525 -12.1466 4
      vertex -11.2947 -7.077 4
    endloop
  endfacet
  facet normal 0 0 1
    outer loop
      vertex -11.1525 -12.1466 4
      vertex -12.4494 -7.30666 4
      vertex -11.6466 -12.3144 4
    endloop
  endfacet
  facet normal -0 0 1
    outer loop
      vertex -13.5641 -7.68507 4
      vertex -11.6466 -12.3144 4
      vertex -12.4494 -7.30666 4
    endloop
  endfacet
  facet normal 0 0 1
    outer loop
      vertex -11.6466 -12.3144 4
      vertex -13.5641 -7.68507 4
      vertex -12.1147 -12.5452 4
    endloop
  endfacet
  facet normal -0 0 1
    outer loop
      vertex -14.62 -8.20576 4
      vertex -12.1147 -12.5452 4
      vertex -13.5641 -7.68507 4
    endloop
  endfacet
  facet normal 0 0 1
    outer loop
      vertex -12.1147 -12.5452 4
      vertex -14.62 -8.20576 4
      vertex -12.5484 -12.835 4
    endloop
  endfacet
  facet normal -0 0 1
    outer loop
      vertex -15.5988 -8.85982 4
      vertex -12.5484 -12.835 4
      vertex -14.62 -8.20576 4
    endloop
  endfacet
  facet normal 0 0 1
    outer loop
      vertex -12.5484 -12.835 4
      vertex -15.5988 -8.85982 4
      vertex -12.9408 -13.1792 4
    endloop
  endfacet
  facet normal -0 0 1
    outer loop
      vertex -16.4839 -9.63603 4
      vertex -12.9408 -13.1792 4
      vertex -15.5988 -8.85982 4
    endloop
  endfacet
  facet normal -0 0 1
    outer loop
      vertex -17.02 -10.2473 4
      vertex -12.9408 -13.1792 4
      vertex -16.4839 -9.63603 4
    endloop
  endfacet
  facet normal 0 0 1
    outer loop
      vertex -17.02 -10.2473 4
      vertex -17.02 -17.8305 4
      vertex -12.9408 -13.1792 4
    endloop
  endfacet
  facet normal 0 0 1
    outer loop
      vertex -21.0992 -13.1791 4
      vertex -17.02 -10.2473 4
      vertex -17.556 -9.63603 4
    endloop
  endfacet
  facet normal 0 0 1
    outer loop
      vertex -21.0992 -13.1791 4
      vertex -17.556 -9.63603 4
      vertex -18.4411 -8.85982 4
    endloop
  endfacet
  facet normal 0 0 1
    outer loop
      vertex -21.4915 -12.8351 4
      vertex -18.4411 -8.85982 4
      vertex -19.42 -8.20576 4
    endloop
  endfacet
  facet normal 0 0 1
    outer loop
      vertex -21.9253 -12.5452 4
      vertex -19.42 -8.20576 4
      vertex -20.4758 -7.68507 4
    endloop
  endfacet
  facet normal 0 0 1
    outer loop
      vertex -17.02 -10.2473 4
      vertex -21.0992 -13.1791 4
      vertex -17.02 -17.8305 4
    endloop
  endfacet
  facet normal 0 0 1
    outer loop
      vertex -18.4411 -8.85982 4
      vertex -21.4915 -12.8351 4
      vertex -21.0992 -13.1791 4
    endloop
  endfacet
  facet normal 0 0 1
    outer loop
      vertex -22.3934 -12.3144 4
      vertex -20.4758 -7.68507 4
      vertex -21.5906 -7.30666 4
    endloop
  endfacet
  facet normal 0 0 1
    outer loop
      vertex -19.42 -8.20576 4
      vertex -21.9253 -12.5452 4
      vertex -21.4915 -12.8351 4
    endloop
  endfacet
  facet normal 0 0 1
    outer loop
      vertex -20.4758 -7.68507 4
      vertex -22.3934 -12.3144 4
      vertex -21.9253 -12.5452 4
    endloop
  endfacet
  facet normal 0 0 1
    outer loop
      vertex -22.8875 -12.1466 4
      vertex -21.5906 -7.30666 4
      vertex -22.7453 -7.077 4
    endloop
  endfacet
  facet normal 0 0 1
    outer loop
      vertex -21.5906 -7.30666 4
      vertex -22.8875 -12.1466 4
      vertex -22.3934 -12.3144 4
    endloop
  endfacet
  facet normal 0 0 1
    outer loop
      vertex -22.7453 -7.077 4
      vertex -23.3993 -12.0448 4
      vertex -22.8875 -12.1466 4
    endloop
  endfacet
  facet normal 0 0 1
    outer loop
      vertex -23.92 -7 4
      vertex -23.3993 -12.0448 4
      vertex -22.7453 -7.077 4
    endloop
  endfacet
  facet normal 0 0 1
    outer loop
      vertex -23.92 -7 4
      vertex -23.92 -12.0107 4
      vertex -23.3993 -12.0448 4
    endloop
  endfacet
  facet normal 0 0 1
    outer loop
      vertex -23.92 -7 4
      vertex -24.4407 -12.0448 4
      vertex -23.92 -12.0107 4
    endloop
  endfacet
  facet normal -0 0 1
    outer loop
      vertex -25.0947 -7.077 4
      vertex -24.4407 -12.0448 4
      vertex -23.92 -7 4
    endloop
  endfacet
  facet normal 0 0 1
    outer loop
      vertex -24.4407 -12.0448 4
      vertex -25.0947 -7.077 4
      vertex -24.9524 -12.1466 4
    endloop
  endfacet
  facet normal -0 0 1
    outer loop
      vertex -26.2494 -7.30666 4
      vertex -24.9524 -12.1466 4
      vertex -25.0947 -7.077 4
    endloop
  endfacet
  facet normal 0 0 1
    outer loop
      vertex -24.9524 -12.1466 4
      vertex -26.2494 -7.30666 4
      vertex -25.4466 -12.3144 4
    endloop
  endfacet
  facet normal -0 0 1
    outer loop
      vertex -27.3641 -7.68507 4
      vertex -25.4466 -12.3144 4
      vertex -26.2494 -7.30666 4
    endloop
  endfacet
  facet normal 0 0 1
    outer loop
      vertex -25.4466 -12.3144 4
      vertex -27.3641 -7.68507 4
      vertex -25.9147 -12.5452 4
    endloop
  endfacet
  facet normal -0 0 1
    outer loop
      vertex -28.42 -8.20576 4
      vertex -25.9147 -12.5452 4
      vertex -27.3641 -7.68507 4
    endloop
  endfacet
  facet normal 0 0 1
    outer loop
      vertex -25.9147 -12.5452 4
      vertex -28.42 -8.20576 4
      vertex -26.3484 -12.835 4
    endloop
  endfacet
  facet normal -0 0 1
    outer loop
      vertex -29.3988 -8.85982 4
      vertex -26.3484 -12.835 4
      vertex -28.42 -8.20576 4
    endloop
  endfacet
  facet normal 0 0 1
    outer loop
      vertex -26.3484 -12.835 4
      vertex -29.3988 -8.85982 4
      vertex -26.7408 -13.1792 4
    endloop
  endfacet
  facet normal -0 0 1
    outer loop
      vertex -30.284 -9.63603 4
      vertex -26.7408 -13.1792 4
      vertex -29.3988 -8.85982 4
    endloop
  endfacet
  facet normal 0 0 1
    outer loop
      vertex -26.7408 -13.1792 4
      vertex -30.284 -9.63603 4
      vertex -27.0849 -13.5715 4
    endloop
  endfacet
  facet normal -0 0 1
    outer loop
      vertex -31.0602 -10.5211 4
      vertex -27.0849 -13.5715 4
      vertex -30.284 -9.63603 4
    endloop
  endfacet
  facet normal 0 0 1
    outer loop
      vertex -27.0849 -13.5715 4
      vertex -31.0602 -10.5211 4
      vertex -27.3748 -14.0054 4
    endloop
  endfacet
  facet normal -0 0 1
    outer loop
      vertex -31.7142 -11.5 4
      vertex -27.3748 -14.0054 4
      vertex -31.0602 -10.5211 4
    endloop
  endfacet
  facet normal -0 0 1
    outer loop
      vertex -31.7493 -11.5712 4
      vertex -27.3748 -14.0054 4
      vertex -31.7142 -11.5 4
    endloop
  endfacet
  facet normal 0 0 1
    outer loop
      vertex -27.3748 -14.0054 4
      vertex -31.7493 -11.5712 4
      vertex -29.1898 -17.6858 4
    endloop
  endfacet
  facet normal 0 0 1
    outer loop
      vertex -34.1711 -16.0363 4
      vertex -31.7493 -11.5712 4
      vertex -32.5269 -11.3137 4
    endloop
  endfacet
  facet normal 0 0 1
    outer loop
      vertex -34.1711 -16.0363 4
      vertex -32.5269 -11.3137 4
      vertex -34.0837 -10.7449 4
    endloop
  endfacet
  facet normal 0 0 1
    outer loop
      vertex -31.7493 -11.5712 4
      vertex -34.1711 -16.0363 4
      vertex -29.1898 -17.6858 4
    endloop
  endfacet
  facet normal 0 0 1
    outer loop
      vertex -35.877 -15.413 4
      vertex -34.0837 -10.7449 4
      vertex -35.5585 -10.1503 4
    endloop
  endfacet
  facet normal 0 0 1
    outer loop
      vertex -34.0837 -10.7449 4
      vertex -35.877 -15.413 4
      vertex -34.1711 -16.0363 4
    endloop
  endfacet
  facet normal 0 0 1
    outer loop
      vertex -37.5118 -14.7538 4
      vertex -35.5585 -10.1503 4
      vertex -36.9475 -9.53117 4
    endloop
  endfacet
  facet normal 0 0 1
    outer loop
      vertex -35.5585 -10.1503 4
      vertex -37.5118 -14.7538 4
      vertex -35.877 -15.413 4
    endloop
  endfacet
  facet normal 0 0 1
    outer loop
      vertex -39.0732 -14.0579 4
      vertex -36.9475 -9.53117 4
      vertex -38.2476 -8.88911 4
    endloop
  endfacet
  facet normal 0 0 1
    outer loop
      vertex -36.9475 -9.53117 4
      vertex -39.0732 -14.0579 4
      vertex -37.5118 -14.7538 4
    endloop
  endfacet
  facet normal 0 0 1
    outer loop
      vertex -40.5593 -13.324 4
      vertex -38.2476 -8.88911 4
      vertex -39.4555 -8.22563 4
    endloop
  endfacet
  facet normal 0 0 1
    outer loop
      vertex -38.2476 -8.88911 4
      vertex -40.5593 -13.324 4
      vertex -39.0732 -14.0579 4
    endloop
  endfacet
  facet normal 0 0 1
    outer loop
      vertex -41.9686 -12.5498 4
      vertex -39.4555 -8.22563 4
      vertex -40.5684 -7.54234 4
    endloop
  endfacet
  facet normal 0 0 1
    outer loop
      vertex -43.2997 -11.7326 4
      vertex -40.5684 -7.54234 4
      vertex -41.5835 -6.84088 4
    endloop
  endfacet
  facet normal 0 0 1
    outer loop
      vertex -39.4555 -8.22563 4
      vertex -41.9686 -12.5498 4
      vertex -40.5593 -13.324 4
    endloop
  endfacet
  facet normal 0 0 1
    outer loop
      vertex -44.5508 -10.8681 4
      vertex -41.5835 -6.84088 4
      vertex -42.4984 -6.12292 4
    endloop
  endfacet
  facet normal 0 0 1
    outer loop
      vertex -40.5684 -7.54234 4
      vertex -43.2997 -11.7326 4
      vertex -41.9686 -12.5498 4
    endloop
  endfacet
  facet normal 0 0 1
    outer loop
      vertex -45.7197 -9.95084 4
      vertex -42.4984 -6.12292 4
      vertex -43.311 -5.39023 4
    endloop
  endfacet
  facet normal 0 0 1
    outer loop
      vertex -46.8031 -8.97391 4
      vertex -43.311 -5.39023 4
      vertex -44.0192 -4.64455 4
    endloop
  endfacet
  facet normal 0 0 1
    outer loop
      vertex -41.5835 -6.84088 4
      vertex -44.5508 -10.8681 4
      vertex -43.2997 -11.7326 4
    endloop
  endfacet
  facet normal 0 0 1
    outer loop
      vertex -47.7955 -7.92902 4
      vertex -44.0192 -4.64455 4
      vertex -44.6214 -3.88768 4
    endloop
  endfacet
  facet normal 0 0 1
    outer loop
      vertex -48.688 -6.80731 4
      vertex -44.6214 -3.88768 4
      vertex -45.1161 -3.12144 4
    endloop
  endfacet
  facet normal 0 0 1
    outer loop
      vertex -49.4668 -5.60097 4
      vertex -45.1161 -3.12144 4
      vertex -45.5021 -2.34769 4
    endloop
  endfacet
  facet normal 0 0 1
    outer loop
      vertex -42.4984 -6.12292 4
      vertex -45.7197 -9.95084 4
      vertex -44.5508 -10.8681 4
    endloop
  endfacet
  facet normal 0 0 1
    outer loop
      vertex -50.1126 -4.30646 4
      vertex -45.5021 -2.34769 4
      vertex -45.7785 -1.56827 4
    endloop
  endfacet
  facet normal 0 0 1
    outer loop
      vertex -50.6013 -2.92833 4
      vertex -45.7785 -1.56827 4
      vertex -45.9446 -0.78508 4
    endloop
  endfacet
  facet normal 0 0 1
    outer loop
      vertex -50.9077 -1.48311 4
      vertex -45.9446 -0.78508 4
      vertex -46 0 4
    endloop
  endfacet
  facet normal -0 0 1
    outer loop
      vertex -50.1126 4.30646 4
      vertex -45.5021 2.34769 4
      vertex -49.4668 5.60097 4
    endloop
  endfacet
  facet normal 0 0 1
    outer loop
      vertex -43.311 -5.39023 4
      vertex -46.8031 -8.97391 4
      vertex -45.7197 -9.95084 4
    endloop
  endfacet
  facet normal 0 0 1
    outer loop
      vertex -45.5021 2.34769 4
      vertex -50.1126 4.30646 4
      vertex -45.7785 1.56827 4
    endloop
  endfacet
  facet normal 0 0 1
    outer loop
      vertex -44.0192 -4.64455 4
      vertex -47.7955 -7.92902 4
      vertex -46.8031 -8.97391 4
    endloop
  endfacet
  facet normal -0 0 1
    outer loop
      vertex -50.6013 2.92833 4
      vertex -45.7785 1.56827 4
      vertex -50.1126 4.30646 4
    endloop
  endfacet
  facet normal 0 0 1
    outer loop
      vertex -44.6214 -3.88768 4
      vertex -48.688 -6.80731 4
      vertex -47.7955 -7.92902 4
    endloop
  endfacet
  facet normal 0 0 1
    outer loop
      vertex -45.7785 1.56827 4
      vertex -50.6013 2.92833 4
      vertex -45.9446 0.78508 4
    endloop
  endfacet
  facet normal 0 0 1
    outer loop
      vertex -45.1161 -3.12144 4
      vertex -49.4668 -5.60097 4
      vertex -48.688 -6.80731 4
    endloop
  endfacet
  facet normal -0 0 1
    outer loop
      vertex -50.9077 1.48311 4
      vertex -45.9446 0.78508 4
      vertex -50.6013 2.92833 4
    endloop
  endfacet
  facet normal 0 0 1
    outer loop
      vertex -45.5021 -2.34769 4
      vertex -50.1126 -4.30646 4
      vertex -49.4668 -5.60097 4
    endloop
  endfacet
  facet normal 0 0 1
    outer loop
      vertex -45.9446 0.78508 4
      vertex -50.9077 1.48311 4
      vertex -46 0 4
    endloop
  endfacet
  facet normal 0 0 1
    outer loop
      vertex -45.7785 -1.56827 4
      vertex -50.6013 -2.92833 4
      vertex -50.1126 -4.30646 4
    endloop
  endfacet
  facet normal 0 0 1
    outer loop
      vertex -51.0124 0 4
      vertex -46 0 4
      vertex -50.9077 1.48311 4
    endloop
  endfacet
  facet normal 0 0 1
    outer loop
      vertex -45.9446 -0.78508 4
      vertex -50.9077 -1.48311 4
      vertex -50.6013 -2.92833 4
    endloop
  endfacet
  facet normal 0 0 1
    outer loop
      vertex -46 0 4
      vertex -51.0124 0 4
      vertex -50.9077 -1.48311 4
    endloop
  endfacet
  facet normal 0 0 1
    outer loop
      vertex 13.3531 15.311 4
      vertex 9 20 4
      vertex 11.1771 15.5205 4
    endloop
  endfacet
  facet normal 0 0 1
    outer loop
      vertex 11.1771 15.5205 4
      vertex 9 20 4
      vertex 9 15.6905 4
    endloop
  endfacet
  facet normal -0 0 1
    outer loop
      vertex -10 24.5 4
      vertex -8.31491 23.4441 4
      vertex -7.79422 24.5 4
    endloop
  endfacet
  facet normal 0 0 1
    outer loop
      vertex -10 24.5 4
      vertex -8.69333 22.3294 4
      vertex -8.31491 23.4441 4
    endloop
  endfacet
  facet normal 0 0 1
    outer loop
      vertex -10 24.5 4
      vertex -8.92299 21.1747 4
      vertex -8.69333 22.3294 4
    endloop
  endfacet
  facet normal 0 0 1
    outer loop
      vertex -16.7919 19.9358 4
      vertex -8.92299 21.1747 4
      vertex -10 24.5 4
    endloop
  endfacet
  facet normal 0 0 1
    outer loop
      vertex -8.92299 21.1747 4
      vertex -13.3531 15.311 4
      vertex -9 20 4
    endloop
  endfacet
  facet normal 0 0 1
    outer loop
      vertex -9 20 4
      vertex -11.1771 15.5205 4
      vertex -9 15.6905 4
    endloop
  endfacet
  facet normal 0.997859 -0.0654029 -4.80168e-18
    outer loop
      vertex 5.80624 -20.9505 4
      vertex 6.16484 -15.4793 0
      vertex 6.16484 -15.4793 4
    endloop
  endfacet
  facet normal 0.997859 -0.0654029 -4.80168e-18
    outer loop
      vertex 6.16484 -15.4793 0
      vertex 5.80624 -20.9505 4
      vertex 5.80624 -20.9505 0
    endloop
  endfacet
  facet normal 0.980783 -0.195103 8.32562e-19
    outer loop
      vertex 6.16484 -15.4793 4
      vertex 6.26665 -14.9675 0
      vertex 6.26665 -14.9675 4
    endloop
  endfacet
  facet normal 0.980783 -0.195103 8.32562e-19
    outer loop
      vertex 6.26665 -14.9675 0
      vertex 6.16484 -15.4793 4
      vertex 6.16484 -15.4793 0
    endloop
  endfacet
  facet normal 0.946933 -0.321432 -7.74936e-19
    outer loop
      vertex 6.26665 -14.9675 4
      vertex 6.43437 -14.4734 0
      vertex 6.43437 -14.4734 4
    endloop
  endfacet
  facet normal 0.946933 -0.321432 -7.74936e-19
    outer loop
      vertex 6.43437 -14.4734 0
      vertex 6.26665 -14.9675 4
      vertex 6.26665 -14.9675 0
    endloop
  endfacet
  facet normal 0.896859 -0.442316 -5.36545e-19
    outer loop
      vertex 6.43437 -14.4734 4
      vertex 6.66518 -14.0054 0
      vertex 6.66518 -14.0054 4
    endloop
  endfacet
  facet normal 0.896859 -0.442316 -5.36545e-19
    outer loop
      vertex 6.66518 -14.0054 0
      vertex 6.43437 -14.4734 4
      vertex 6.43437 -14.4734 0
    endloop
  endfacet
  facet normal 0.83149 -0.55554 5.17475e-18
    outer loop
      vertex 6.66518 -14.0054 4
      vertex 6.95508 -13.5715 0
      vertex 6.95508 -13.5715 4
    endloop
  endfacet
  facet normal 0.83149 -0.55554 5.17475e-18
    outer loop
      vertex 6.95508 -13.5715 0
      vertex 6.66518 -14.0054 4
      vertex 6.66518 -14.0054 0
    endloop
  endfacet
  facet normal 0.751864 -0.659318 -6.11807e-18
    outer loop
      vertex 6.95508 -13.5715 4
      vertex 7.29918 -13.1791 0
      vertex 7.29918 -13.1791 4
    endloop
  endfacet
  facet normal 0.751864 -0.659318 -6.11807e-18
    outer loop
      vertex 7.29918 -13.1791 0
      vertex 6.95508 -13.5715 4
      vertex 6.95508 -13.5715 0
    endloop
  endfacet
  facet normal 0.659286 -0.751892 0
    outer loop
      vertex 7.29918 -13.1791 0
      vertex 7.6915 -12.8351 4
      vertex 7.29918 -13.1791 4
    endloop
  endfacet
  facet normal 0.659286 -0.751892 0
    outer loop
      vertex 7.6915 -12.8351 4
      vertex 7.29918 -13.1791 0
      vertex 7.6915 -12.8351 0
    endloop
  endfacet
  facet normal 0.555611 -0.831442 0
    outer loop
      vertex 7.6915 -12.8351 0
      vertex 8.12532 -12.5452 4
      vertex 7.6915 -12.8351 4
    endloop
  endfacet
  facet normal 0.555611 -0.831442 0
    outer loop
      vertex 8.12532 -12.5452 4
      vertex 7.6915 -12.8351 0
      vertex 8.12532 -12.5452 0
    endloop
  endfacet
  facet normal 0.442263 -0.896885 0
    outer loop
      vertex 8.12532 -12.5452 0
      vertex 8.59337 -12.3144 4
      vertex 8.12532 -12.5452 4
    endloop
  endfacet
  facet normal 0.442263 -0.896885 0
    outer loop
      vertex 8.59337 -12.3144 4
      vertex 8.12532 -12.5452 0
      vertex 8.59337 -12.3144 0
    endloop
  endfacet
  facet normal 0.321529 -0.9469 0
    outer loop
      vertex 8.59337 -12.3144 0
      vertex 9.08754 -12.1466 4
      vertex 8.59337 -12.3144 4
    endloop
  endfacet
  facet normal 0.321529 -0.9469 0
    outer loop
      vertex 9.08754 -12.1466 4
      vertex 8.59337 -12.3144 0
      vertex 9.08754 -12.1466 0
    endloop
  endfacet
  facet normal 0.19511 -0.980781 0
    outer loop
      vertex 9.08754 -12.1466 0
      vertex 9.59927 -12.0448 4
      vertex 9.08754 -12.1466 4
    endloop
  endfacet
  facet normal 0.19511 -0.980781 0
    outer loop
      vertex 9.59927 -12.0448 4
      vertex 9.08754 -12.1466 0
      vertex 9.59927 -12.0448 0
    endloop
  endfacet
  facet normal 0.065345 -0.997863 0
    outer loop
      vertex 9.59927 -12.0448 0
      vertex 10.12 -12.0107 4
      vertex 9.59927 -12.0448 4
    endloop
  endfacet
  facet normal 0.065345 -0.997863 0
    outer loop
      vertex 10.12 -12.0107 4
      vertex 9.59927 -12.0448 0
      vertex 10.12 -12.0107 0
    endloop
  endfacet
  facet normal -0.0653488 -0.997862 0
    outer loop
      vertex 10.12 -12.0107 0
      vertex 10.6407 -12.0448 4
      vertex 10.12 -12.0107 4
    endloop
  endfacet
  facet normal -0.0653488 -0.997862 -0
    outer loop
      vertex 10.6407 -12.0448 4
      vertex 10.12 -12.0107 0
      vertex 10.6407 -12.0448 0
    endloop
  endfacet
  facet normal -0.195084 -0.980787 0
    outer loop
      vertex 10.6407 -12.0448 0
      vertex 11.1525 -12.1466 4
      vertex 10.6407 -12.0448 4
    endloop
  endfacet
  facet normal -0.195084 -0.980787 -0
    outer loop
      vertex 11.1525 -12.1466 4
      vertex 10.6407 -12.0448 0
      vertex 11.1525 -12.1466 0
    endloop
  endfacet
  facet normal -0.321569 -0.946886 0
    outer loop
      vertex 11.1525 -12.1466 0
      vertex 11.6466 -12.3144 4
      vertex 11.1525 -12.1466 4
    endloop
  endfacet
  facet normal -0.321569 -0.946886 -0
    outer loop
      vertex 11.6466 -12.3144 4
      vertex 11.1525 -12.1466 0
      vertex 11.6466 -12.3144 0
    endloop
  endfacet
  facet normal -0.442225 -0.896904 0
    outer loop
      vertex 11.6466 -12.3144 0
      vertex 12.1147 -12.5452 4
      vertex 11.6466 -12.3144 4
    endloop
  endfacet
  facet normal -0.442225 -0.896904 -0
    outer loop
      vertex 12.1147 -12.5452 4
      vertex 11.6466 -12.3144 0
      vertex 12.1147 -12.5452 0
    endloop
  endfacet
  facet normal -0.555585 -0.83146 0
    outer loop
      vertex 12.1147 -12.5452 0
      vertex 12.5484 -12.835 4
      vertex 12.1147 -12.5452 4
    endloop
  endfacet
  facet normal -0.555585 -0.83146 -0
    outer loop
      vertex 12.5484 -12.835 4
      vertex 12.1147 -12.5452 0
      vertex 12.5484 -12.835 0
    endloop
  endfacet
  facet normal -0.659426 -0.751769 0
    outer loop
      vertex 12.5484 -12.835 0
      vertex 12.9408 -13.1792 4
      vertex 12.5484 -12.835 4
    endloop
  endfacet
  facet normal -0.659426 -0.751769 -0
    outer loop
      vertex 12.9408 -13.1792 4
      vertex 12.5484 -12.835 0
      vertex 12.9408 -13.1792 0
    endloop
  endfacet
  facet normal -0.75183 -0.659357 3.60664e-17
    outer loop
      vertex 17.02 -17.8305 0
      vertex 12.9408 -13.1792 4
      vertex 12.9408 -13.1792 0
    endloop
  endfacet
  facet normal -0.75183 -0.659357 3.60664e-17
    outer loop
      vertex 12.9408 -13.1792 4
      vertex 17.02 -17.8305 0
      vertex 17.02 -17.8305 4
    endloop
  endfacet
  facet normal 0.751837 -0.659349 4.19177e-17
    outer loop
      vertex 17.02 -17.8305 4
      vertex 21.0992 -13.1791 0
      vertex 21.0992 -13.1791 4
    endloop
  endfacet
  facet normal 0.751837 -0.659349 4.19177e-17
    outer loop
      vertex 21.0992 -13.1791 0
      vertex 17.02 -17.8305 4
      vertex 17.02 -17.8305 0
    endloop
  endfacet
  facet normal 0.659305 -0.751876 0
    outer loop
      vertex 21.0992 -13.1791 0
      vertex 21.4915 -12.8351 4
      vertex 21.0992 -13.1791 4
    endloop
  endfacet
  facet normal 0.659305 -0.751876 0
    outer loop
      vertex 21.4915 -12.8351 4
      vertex 21.0992 -13.1791 0
      vertex 21.4915 -12.8351 0
    endloop
  endfacet
  facet normal 0.555629 -0.831431 0
    outer loop
      vertex 21.4915 -12.8351 0
      vertex 21.9253 -12.5452 4
      vertex 21.4915 -12.8351 4
    endloop
  endfacet
  facet normal 0.555629 -0.831431 0
    outer loop
      vertex 21.9253 -12.5452 4
      vertex 21.4915 -12.8351 0
      vertex 21.9253 -12.5452 0
    endloop
  endfacet
  facet normal 0.442225 -0.896904 0
    outer loop
      vertex 21.9253 -12.5452 0
      vertex 22.3934 -12.3144 4
      vertex 21.9253 -12.5452 4
    endloop
  endfacet
  facet normal 0.442225 -0.896904 0
    outer loop
      vertex 22.3934 -12.3144 4
      vertex 21.9253 -12.5452 0
      vertex 22.3934 -12.3144 0
    endloop
  endfacet
  facet normal 0.321569 -0.946886 0
    outer loop
      vertex 22.3934 -12.3144 0
      vertex 22.8875 -12.1466 4
      vertex 22.3934 -12.3144 4
    endloop
  endfacet
  facet normal 0.321569 -0.946886 0
    outer loop
      vertex 22.8875 -12.1466 4
      vertex 22.3934 -12.3144 0
      vertex 22.8875 -12.1466 0
    endloop
  endfacet
  facet normal 0.195084 -0.980787 0
    outer loop
      vertex 22.8875 -12.1466 0
      vertex 23.3993 -12.0448 4
      vertex 22.8875 -12.1466 4
    endloop
  endfacet
  facet normal 0.195084 -0.980787 0
    outer loop
      vertex 23.3993 -12.0448 4
      vertex 22.8875 -12.1466 0
      vertex 23.3993 -12.0448 0
    endloop
  endfacet
  facet normal 0.0653488 -0.997862 0
    outer loop
      vertex 23.3993 -12.0448 0
      vertex 23.92 -12.0107 4
      vertex 23.3993 -12.0448 4
    endloop
  endfacet
  facet normal 0.0653488 -0.997862 0
    outer loop
      vertex 23.92 -12.0107 4
      vertex 23.3993 -12.0448 0
      vertex 23.92 -12.0107 0
    endloop
  endfacet
  facet normal -0.0653488 -0.997862 0
    outer loop
      vertex 23.92 -12.0107 0
      vertex 24.4407 -12.0448 4
      vertex 23.92 -12.0107 4
    endloop
  endfacet
  facet normal -0.0653488 -0.997862 -0
    outer loop
      vertex 24.4407 -12.0448 4
      vertex 23.92 -12.0107 0
      vertex 24.4407 -12.0448 0
    endloop
  endfacet
  facet normal -0.195121 -0.980779 0
    outer loop
      vertex 24.4407 -12.0448 0
      vertex 24.9524 -12.1466 4
      vertex 24.4407 -12.0448 4
    endloop
  endfacet
  facet normal -0.195121 -0.980779 -0
    outer loop
      vertex 24.9524 -12.1466 4
      vertex 24.4407 -12.0448 0
      vertex 24.9524 -12.1466 0
    endloop
  endfacet
  facet normal -0.321511 -0.946906 0
    outer loop
      vertex 24.9524 -12.1466 0
      vertex 25.4466 -12.3144 4
      vertex 24.9524 -12.1466 4
    endloop
  endfacet
  facet normal -0.321511 -0.946906 -0
    outer loop
      vertex 25.4466 -12.3144 4
      vertex 24.9524 -12.1466 0
      vertex 25.4466 -12.3144 0
    endloop
  endfacet
  facet normal -0.442225 -0.896904 0
    outer loop
      vertex 25.4466 -12.3144 0
      vertex 25.9147 -12.5452 4
      vertex 25.4466 -12.3144 4
    endloop
  endfacet
  facet normal -0.442225 -0.896904 -0
    outer loop
      vertex 25.9147 -12.5452 4
      vertex 25.4466 -12.3144 0
      vertex 25.9147 -12.5452 0
    endloop
  endfacet
  facet normal -0.555585 -0.83146 0
    outer loop
      vertex 25.9147 -12.5452 0
      vertex 26.3484 -12.835 4
      vertex 25.9147 -12.5452 4
    endloop
  endfacet
  facet normal -0.555585 -0.83146 -0
    outer loop
      vertex 26.3484 -12.835 4
      vertex 25.9147 -12.5452 0
      vertex 26.3484 -12.835 0
    endloop
  endfacet
  facet normal -0.659426 -0.751769 0
    outer loop
      vertex 26.3484 -12.835 0
      vertex 26.7408 -13.1792 4
      vertex 26.3484 -12.835 4
    endloop
  endfacet
  facet normal -0.659426 -0.751769 -0
    outer loop
      vertex 26.7408 -13.1792 4
      vertex 26.3484 -12.835 0
      vertex 26.7408 -13.1792 0
    endloop
  endfacet
  facet normal -0.751781 -0.659413 -5.7494e-18
    outer loop
      vertex 27.0849 -13.5715 0
      vertex 26.7408 -13.1792 4
      vertex 26.7408 -13.1792 0
    endloop
  endfacet
  facet normal -0.751781 -0.659413 -5.7494e-18
    outer loop
      vertex 26.7408 -13.1792 4
      vertex 27.0849 -13.5715 0
      vertex 27.0849 -13.5715 4
    endloop
  endfacet
  facet normal -0.83149 -0.55554 -5.17475e-18
    outer loop
      vertex 27.3748 -14.0054 0
      vertex 27.0849 -13.5715 4
      vertex 27.0849 -13.5715 0
    endloop
  endfacet
  facet normal -0.83149 -0.55554 -5.17475e-18
    outer loop
      vertex 27.0849 -13.5715 4
      vertex 27.3748 -14.0054 0
      vertex 27.3748 -14.0054 4
    endloop
  endfacet
  facet normal -0.89687 -0.442294 -2.21728e-17
    outer loop
      vertex 29.1898 -17.6858 0
      vertex 27.3748 -14.0054 4
      vertex 27.3748 -14.0054 0
    endloop
  endfacet
  facet normal -0.89687 -0.442294 -2.21728e-17
    outer loop
      vertex 27.3748 -14.0054 4
      vertex 29.1898 -17.6858 0
      vertex 29.1898 -17.6858 4
    endloop
  endfacet
  facet normal 0.314352 -0.949307 0
    outer loop
      vertex 29.1898 -17.6858 0
      vertex 34.1711 -16.0363 4
      vertex 29.1898 -17.6858 4
    endloop
  endfacet
  facet normal 0.314352 -0.949307 0
    outer loop
      vertex 34.1711 -16.0363 4
      vertex 29.1898 -17.6858 0
      vertex 34.1711 -16.0363 0
    endloop
  endfacet
  facet normal 0.343188 -0.939267 0
    outer loop
      vertex 34.1711 -16.0363 0
      vertex 35.877 -15.413 4
      vertex 34.1711 -16.0363 4
    endloop
  endfacet
  facet normal 0.343188 -0.939267 0
    outer loop
      vertex 35.877 -15.413 4
      vertex 34.1711 -16.0363 0
      vertex 35.877 -15.413 0
    endloop
  endfacet
  facet normal 0.373971 -0.92744 0
    outer loop
      vertex 35.877 -15.413 0
      vertex 37.5118 -14.7538 4
      vertex 35.877 -15.413 4
    endloop
  endfacet
  facet normal 0.373971 -0.92744 0
    outer loop
      vertex 37.5118 -14.7538 4
      vertex 35.877 -15.413 0
      vertex 37.5118 -14.7538 0
    endloop
  endfacet
  facet normal 0.407088 -0.913389 0
    outer loop
      vertex 37.5118 -14.7538 0
      vertex 39.0732 -14.0579 4
      vertex 37.5118 -14.7538 4
    endloop
  endfacet
  facet normal 0.407088 -0.913389 0
    outer loop
      vertex 39.0732 -14.0579 4
      vertex 37.5118 -14.7538 0
      vertex 39.0732 -14.0579 0
    endloop
  endfacet
  facet normal 0.442792 -0.896625 0
    outer loop
      vertex 39.0732 -14.0579 0
      vertex 40.5593 -13.324 4
      vertex 39.0732 -14.0579 4
    endloop
  endfacet
  facet normal 0.442792 -0.896625 0
    outer loop
      vertex 40.5593 -13.324 4
      vertex 39.0732 -14.0579 0
      vertex 40.5593 -13.324 0
    endloop
  endfacet
  facet normal 0.481482 -0.876456 0
    outer loop
      vertex 40.5593 -13.324 0
      vertex 41.9686 -12.5498 4
      vertex 40.5593 -13.324 4
    endloop
  endfacet
  facet normal 0.481482 -0.876456 0
    outer loop
      vertex 41.9686 -12.5498 4
      vertex 40.5593 -13.324 0
      vertex 41.9686 -12.5498 0
    endloop
  endfacet
  facet normal 0.523197 -0.852212 0
    outer loop
      vertex 41.9686 -12.5498 0
      vertex 43.2997 -11.7326 4
      vertex 41.9686 -12.5498 4
    endloop
  endfacet
  facet normal 0.523197 -0.852212 0
    outer loop
      vertex 43.2997 -11.7326 4
      vertex 41.9686 -12.5498 0
      vertex 43.2997 -11.7326 0
    endloop
  endfacet
  facet normal 0.568478 -0.822698 0
    outer loop
      vertex 43.2997 -11.7326 0
      vertex 44.5508 -10.8681 4
      vertex 43.2997 -11.7326 4
    endloop
  endfacet
  facet normal 0.568478 -0.822698 0
    outer loop
      vertex 44.5508 -10.8681 4
      vertex 43.2997 -11.7326 0
      vertex 44.5508 -10.8681 0
    endloop
  endfacet
  facet normal 0.617338 -0.786698 0
    outer loop
      vertex 44.5508 -10.8681 0
      vertex 45.7197 -9.95084 4
      vertex 44.5508 -10.8681 4
    endloop
  endfacet
  facet normal 0.617338 -0.786698 0
    outer loop
      vertex 45.7197 -9.95084 4
      vertex 44.5508 -10.8681 0
      vertex 45.7197 -9.95084 0
    endloop
  endfacet
  facet normal 0.669673 -0.742656 0
    outer loop
      vertex 45.7197 -9.95084 0
      vertex 46.8031 -8.97391 4
      vertex 45.7197 -9.95084 4
    endloop
  endfacet
  facet normal 0.669673 -0.742656 0
    outer loop
      vertex 46.8031 -8.97391 4
      vertex 45.7197 -9.95084 0
      vertex 46.8031 -8.97391 0
    endloop
  endfacet
  facet normal 0.725084 -0.68866 2.13474e-18
    outer loop
      vertex 46.8031 -8.97391 4
      vertex 47.7955 -7.92902 0
      vertex 47.7955 -7.92902 4
    endloop
  endfacet
  facet normal 0.725084 -0.68866 2.13474e-18
    outer loop
      vertex 47.7955 -7.92902 0
      vertex 46.8031 -8.97391 4
      vertex 46.8031 -8.97391 0
    endloop
  endfacet
  facet normal 0.782523 -0.622622 3.09754e-18
    outer loop
      vertex 47.7955 -7.92902 4
      vertex 48.688 -6.80731 0
      vertex 48.688 -6.80731 4
    endloop
  endfacet
  facet normal 0.782523 -0.622622 3.09754e-18
    outer loop
      vertex 48.688 -6.80731 0
      vertex 47.7955 -7.92902 4
      vertex 47.7955 -7.92902 0
    endloop
  endfacet
  facet normal 0.840133 -0.542381 -2.3631e-18
    outer loop
      vertex 48.688 -6.80731 4
      vertex 49.4668 -5.60097 0
      vertex 49.4668 -5.60097 4
    endloop
  endfacet
  facet normal 0.840133 -0.542381 -2.3631e-18
    outer loop
      vertex 49.4668 -5.60097 0
      vertex 48.688 -6.80731 4
      vertex 48.688 -6.80731 0
    endloop
  endfacet
  facet normal 0.894829 -0.446409 -5.33528e-18
    outer loop
      vertex 49.4668 -5.60097 4
      vertex 50.1126 -4.30646 0
      vertex 50.1126 -4.30646 4
    endloop
  endfacet
  facet normal 0.894829 -0.446409 -5.33528e-18
    outer loop
      vertex 50.1126 -4.30646 0
      vertex 49.4668 -5.60097 4
      vertex 49.4668 -5.60097 0
    endloop
  endfacet
  facet normal 0.942495 -0.334219 1.02779e-18
    outer loop
      vertex 50.1126 -4.30646 4
      vertex 50.6013 -2.92833 0
      vertex 50.6013 -2.92833 4
    endloop
  endfacet
  facet normal 0.942495 -0.334219 1.02779e-18
    outer loop
      vertex 50.6013 -2.92833 0
      vertex 50.1126 -4.30646 4
      vertex 50.1126 -4.30646 0
    endloop
  endfacet
  facet normal 0.978256 -0.207399 -1.24838e-19
    outer loop
      vertex 50.6013 -2.92833 4
      vertex 50.9077 -1.48311 0
      vertex 50.9077 -1.48311 4
    endloop
  endfacet
  facet normal 0.978256 -0.207399 -1.24838e-19
    outer loop
      vertex 50.9077 -1.48311 0
      vertex 50.6013 -2.92833 4
      vertex 50.6013 -2.92833 0
    endloop
  endfacet
  facet normal 0.997517 -0.0704196 2.26958e-18
    outer loop
      vertex 50.9077 -1.48311 4
      vertex 51.0124 0 0
      vertex 51.0124 0 4
    endloop
  endfacet
  facet normal 0.997517 -0.0704196 2.26958e-18
    outer loop
      vertex 51.0124 0 0
      vertex 50.9077 -1.48311 4
      vertex 50.9077 -1.48311 0
    endloop
  endfacet
  facet normal 0.997517 0.0704196 -2.26958e-18
    outer loop
      vertex 51.0124 0 4
      vertex 50.9077 1.48311 0
      vertex 50.9077 1.48311 4
    endloop
  endfacet
  facet normal 0.997517 0.0704196 -2.26958e-18
    outer loop
      vertex 50.9077 1.48311 0
      vertex 51.0124 0 4
      vertex 51.0124 0 0
    endloop
  endfacet
  facet normal 0.978256 0.207399 1.24838e-19
    outer loop
      vertex 50.9077 1.48311 4
      vertex 50.6013 2.92833 0
      vertex 50.6013 2.92833 4
    endloop
  endfacet
  facet normal 0.978256 0.207399 1.24838e-19
    outer loop
      vertex 50.6013 2.92833 0
      vertex 50.9077 1.48311 4
      vertex 50.9077 1.48311 0
    endloop
  endfacet
  facet normal 0.942495 0.334219 -1.02779e-18
    outer loop
      vertex 50.6013 2.92833 4
      vertex 50.1126 4.30646 0
      vertex 50.1126 4.30646 4
    endloop
  endfacet
  facet normal 0.942495 0.334219 -1.02779e-18
    outer loop
      vertex 50.1126 4.30646 0
      vertex 50.6013 2.92833 4
      vertex 50.6013 2.92833 0
    endloop
  endfacet
  facet normal 0.894829 0.446409 5.33528e-18
    outer loop
      vertex 50.1126 4.30646 4
      vertex 49.4668 5.60097 0
      vertex 49.4668 5.60097 4
    endloop
  endfacet
  facet normal 0.894829 0.446409 5.33528e-18
    outer loop
      vertex 49.4668 5.60097 0
      vertex 50.1126 4.30646 4
      vertex 50.1126 4.30646 0
    endloop
  endfacet
  facet normal 0.840133 0.542381 2.3631e-18
    outer loop
      vertex 49.4668 5.60097 4
      vertex 48.688 6.80731 0
      vertex 48.688 6.80731 4
    endloop
  endfacet
  facet normal 0.840133 0.542381 2.3631e-18
    outer loop
      vertex 48.688 6.80731 0
      vertex 49.4668 5.60097 4
      vertex 49.4668 5.60097 0
    endloop
  endfacet
  facet normal 0.782523 0.622622 -3.09754e-18
    outer loop
      vertex 48.688 6.80731 4
      vertex 47.7955 7.92902 0
      vertex 47.7955 7.92902 4
    endloop
  endfacet
  facet normal 0.782523 0.622622 -3.09754e-18
    outer loop
      vertex 47.7955 7.92902 0
      vertex 48.688 6.80731 4
      vertex 48.688 6.80731 0
    endloop
  endfacet
  facet normal 0.725084 0.68866 -2.13474e-18
    outer loop
      vertex 47.7955 7.92902 4
      vertex 46.8031 8.97391 0
      vertex 46.8031 8.97391 4
    endloop
  endfacet
  facet normal 0.725084 0.68866 -2.13474e-18
    outer loop
      vertex 46.8031 8.97391 0
      vertex 47.7955 7.92902 4
      vertex 47.7955 7.92902 0
    endloop
  endfacet
  facet normal 0.669673 0.742656 -0
    outer loop
      vertex 46.8031 8.97391 0
      vertex 45.7197 9.95084 4
      vertex 46.8031 8.97391 4
    endloop
  endfacet
  facet normal 0.669673 0.742656 0
    outer loop
      vertex 45.7197 9.95084 4
      vertex 46.8031 8.97391 0
      vertex 45.7197 9.95084 0
    endloop
  endfacet
  facet normal 0.617338 0.786698 -0
    outer loop
      vertex 45.7197 9.95084 0
      vertex 44.5508 10.8681 4
      vertex 45.7197 9.95084 4
    endloop
  endfacet
  facet normal 0.617338 0.786698 0
    outer loop
      vertex 44.5508 10.8681 4
      vertex 45.7197 9.95084 0
      vertex 44.5508 10.8681 0
    endloop
  endfacet
  facet normal 0.568478 0.822698 -0
    outer loop
      vertex 44.5508 10.8681 0
      vertex 43.2997 11.7326 4
      vertex 44.5508 10.8681 4
    endloop
  endfacet
  facet normal 0.568478 0.822698 0
    outer loop
      vertex 43.2997 11.7326 4
      vertex 44.5508 10.8681 0
      vertex 43.2997 11.7326 0
    endloop
  endfacet
  facet normal 0.523197 0.852212 -0
    outer loop
      vertex 43.2997 11.7326 0
      vertex 41.9686 12.5498 4
      vertex 43.2997 11.7326 4
    endloop
  endfacet
  facet normal 0.523197 0.852212 0
    outer loop
      vertex 41.9686 12.5498 4
      vertex 43.2997 11.7326 0
      vertex 41.9686 12.5498 0
    endloop
  endfacet
  facet normal 0.481482 0.876456 -0
    outer loop
      vertex 41.9686 12.5498 0
      vertex 40.5593 13.324 4
      vertex 41.9686 12.5498 4
    endloop
  endfacet
  facet normal 0.481482 0.876456 0
    outer loop
      vertex 40.5593 13.324 4
      vertex 41.9686 12.5498 0
      vertex 40.5593 13.324 0
    endloop
  endfacet
  facet normal 0.442792 0.896625 -0
    outer loop
      vertex 40.5593 13.324 0
      vertex 39.0732 14.0579 4
      vertex 40.5593 13.324 4
    endloop
  endfacet
  facet normal 0.442792 0.896625 0
    outer loop
      vertex 39.0732 14.0579 4
      vertex 40.5593 13.324 0
      vertex 39.0732 14.0579 0
    endloop
  endfacet
  facet normal 0.407088 0.913389 -0
    outer loop
      vertex 39.0732 14.0579 0
      vertex 37.5118 14.7538 4
      vertex 39.0732 14.0579 4
    endloop
  endfacet
  facet normal 0.407088 0.913389 0
    outer loop
      vertex 37.5118 14.7538 4
      vertex 39.0732 14.0579 0
      vertex 37.5118 14.7538 0
    endloop
  endfacet
  facet normal 0.373971 0.92744 -0
    outer loop
      vertex 37.5118 14.7538 0
      vertex 35.877 15.413 4
      vertex 37.5118 14.7538 4
    endloop
  endfacet
  facet normal 0.373971 0.92744 0
    outer loop
      vertex 35.877 15.413 4
      vertex 37.5118 14.7538 0
      vertex 35.877 15.413 0
    endloop
  endfacet
  facet normal 0.343188 0.939267 -0
    outer loop
      vertex 35.877 15.413 0
      vertex 34.1711 16.0363 4
      vertex 35.877 15.413 4
    endloop
  endfacet
  facet normal 0.343188 0.939267 0
    outer loop
      vertex 34.1711 16.0363 4
      vertex 35.877 15.413 0
      vertex 34.1711 16.0363 0
    endloop
  endfacet
  facet normal 0.314366 0.949302 -0
    outer loop
      vertex 34.1711 16.0363 0
      vertex 32.3964 16.624 4
      vertex 34.1711 16.0363 4
    endloop
  endfacet
  facet normal 0.314366 0.949302 0
    outer loop
      vertex 32.3964 16.624 4
      vertex 34.1711 16.0363 0
      vertex 32.3964 16.624 0
    endloop
  endfacet
  facet normal 0.287343 0.957828 -0
    outer loop
      vertex 32.3964 16.624 0
      vertex 30.5557 17.1762 4
      vertex 32.3964 16.624 4
    endloop
  endfacet
  facet normal 0.287343 0.957828 0
    outer loop
      vertex 30.5557 17.1762 4
      vertex 32.3964 16.624 0
      vertex 30.5557 17.1762 0
    endloop
  endfacet
  facet normal 0.262002 0.965067 -0
    outer loop
      vertex 30.5557 17.1762 0
      vertex 28.6521 17.693 4
      vertex 30.5557 17.1762 4
    endloop
  endfacet
  facet normal 0.262002 0.965067 0
    outer loop
      vertex 28.6521 17.693 4
      vertex 30.5557 17.1762 0
      vertex 28.6521 17.693 0
    endloop
  endfacet
  facet normal 0.237934 0.971281 -0
    outer loop
      vertex 28.6521 17.693 0
      vertex 26.689 18.1739 4
      vertex 28.6521 17.693 4
    endloop
  endfacet
  facet normal 0.237934 0.971281 0
    outer loop
      vertex 26.689 18.1739 4
      vertex 28.6521 17.693 0
      vertex 26.689 18.1739 0
    endloop
  endfacet
  facet normal 0.215092 0.976594 -0
    outer loop
      vertex 26.689 18.1739 0
      vertex 24.6699 18.6186 4
      vertex 26.689 18.1739 4
    endloop
  endfacet
  facet normal 0.215092 0.976594 0
    outer loop
      vertex 24.6699 18.6186 4
      vertex 26.689 18.1739 0
      vertex 24.6699 18.6186 0
    endloop
  endfacet
  facet normal 0.193328 0.981134 -0
    outer loop
      vertex 24.6699 18.6186 0
      vertex 22.5988 19.0267 4
      vertex 24.6699 18.6186 4
    endloop
  endfacet
  facet normal 0.193328 0.981134 0
    outer loop
      vertex 22.5988 19.0267 4
      vertex 24.6699 18.6186 0
      vertex 22.5988 19.0267 0
    endloop
  endfacet
  facet normal 0.172451 0.985018 -0
    outer loop
      vertex 22.5988 19.0267 0
      vertex 20.4797 19.3977 4
      vertex 22.5988 19.0267 4
    endloop
  endfacet
  facet normal 0.172451 0.985018 0
    outer loop
      vertex 20.4797 19.3977 4
      vertex 22.5988 19.0267 0
      vertex 20.4797 19.3977 0
    endloop
  endfacet
  facet normal 0.152352 0.988326 -0
    outer loop
      vertex 20.4797 19.3977 0
      vertex 18.3169 19.7311 4
      vertex 20.4797 19.3977 4
    endloop
  endfacet
  facet normal 0.152352 0.988326 0
    outer loop
      vertex 18.3169 19.7311 4
      vertex 20.4797 19.3977 0
      vertex 18.3169 19.7311 0
    endloop
  endfacet
  facet normal 0.133036 0.991111 -0
    outer loop
      vertex 18.3169 19.7311 0
      vertex 16.7919 19.9358 4
      vertex 18.3169 19.7311 4
    endloop
  endfacet
  facet normal 0.133036 0.991111 0
    outer loop
      vertex 16.7919 19.9358 4
      vertex 18.3169 19.7311 0
      vertex 16.7919 19.9358 0
    endloop
  endfacet
  facet normal 0.948683 0.316229 -1.0382e-16
    outer loop
      vertex 16.7919 19.9358 4
      vertex 6 52.3114 0
      vertex 6 52.3114 4
    endloop
  endfacet
  facet normal 0.948683 0.316229 -1.0382e-16
    outer loop
      vertex 6 52.3114 0
      vertex 16.7919 19.9358 4
      vertex 16.7919 19.9358 0
    endloop
  endfacet
  facet normal -0.948683 0.316228 0
    outer loop
      vertex 0 34.3114 0
      vertex 6 52.3114 4
      vertex 6 52.3114 0
    endloop
  endfacet
  facet normal -0.948683 0.316228 0
    outer loop
      vertex 6 52.3114 4
      vertex 0 34.3114 0
      vertex 0 34.3114 4
    endloop
  endfacet
  facet normal 0.948683 0.316228 0
    outer loop
      vertex 0 34.3114 4
      vertex -6 52.3114 0
      vertex -6 52.3114 4
    endloop
  endfacet
  facet normal 0.948683 0.316228 0
    outer loop
      vertex -6 52.3114 0
      vertex 0 34.3114 4
      vertex 0 34.3114 0
    endloop
  endfacet
  facet normal -0.948683 0.316229 1.0382e-16
    outer loop
      vertex -16.7919 19.9358 0
      vertex -6 52.3114 4
      vertex -6 52.3114 0
    endloop
  endfacet
  facet normal -0.948683 0.316229 1.0382e-16
    outer loop
      vertex -6 52.3114 4
      vertex -16.7919 19.9358 0
      vertex -16.7919 19.9358 4
    endloop
  endfacet
  facet normal -0.133036 0.991111 0
    outer loop
      vertex -16.7919 19.9358 0
      vertex -18.3169 19.7311 4
      vertex -16.7919 19.9358 4
    endloop
  endfacet
  facet normal -0.133036 0.991111 0
    outer loop
      vertex -18.3169 19.7311 4
      vertex -16.7919 19.9358 0
      vertex -18.3169 19.7311 0
    endloop
  endfacet
  facet normal -0.152352 0.988326 0
    outer loop
      vertex -18.3169 19.7311 0
      vertex -20.4797 19.3977 4
      vertex -18.3169 19.7311 4
    endloop
  endfacet
  facet normal -0.152352 0.988326 0
    outer loop
      vertex -20.4797 19.3977 4
      vertex -18.3169 19.7311 0
      vertex -20.4797 19.3977 0
    endloop
  endfacet
  facet normal -0.172451 0.985018 0
    outer loop
      vertex -20.4797 19.3977 0
      vertex -22.5988 19.0267 4
      vertex -20.4797 19.3977 4
    endloop
  endfacet
  facet normal -0.172451 0.985018 0
    outer loop
      vertex -22.5988 19.0267 4
      vertex -20.4797 19.3977 0
      vertex -22.5988 19.0267 0
    endloop
  endfacet
  facet normal -0.193328 0.981134 0
    outer loop
      vertex -22.5988 19.0267 0
      vertex -24.6699 18.6186 4
      vertex -22.5988 19.0267 4
    endloop
  endfacet
  facet normal -0.193328 0.981134 0
    outer loop
      vertex -24.6699 18.6186 4
      vertex -22.5988 19.0267 0
      vertex -24.6699 18.6186 0
    endloop
  endfacet
  facet normal -0.215092 0.976594 0
    outer loop
      vertex -24.6699 18.6186 0
      vertex -26.689 18.1739 4
      vertex -24.6699 18.6186 4
    endloop
  endfacet
  facet normal -0.215092 0.976594 0
    outer loop
      vertex -26.689 18.1739 4
      vertex -24.6699 18.6186 0
      vertex -26.689 18.1739 0
    endloop
  endfacet
  facet normal -0.237934 0.971281 0
    outer loop
      vertex -26.689 18.1739 0
      vertex -28.6521 17.693 4
      vertex -26.689 18.1739 4
    endloop
  endfacet
  facet normal -0.237934 0.971281 0
    outer loop
      vertex -28.6521 17.693 4
      vertex -26.689 18.1739 0
      vertex -28.6521 17.693 0
    endloop
  endfacet
  facet normal -0.262002 0.965067 0
    outer loop
      vertex -28.6521 17.693 0
      vertex -30.5557 17.1762 4
      vertex -28.6521 17.693 4
    endloop
  endfacet
  facet normal -0.262002 0.965067 0
    outer loop
      vertex -30.5557 17.1762 4
      vertex -28.6521 17.693 0
      vertex -30.5557 17.1762 0
    endloop
  endfacet
  facet normal -0.287343 0.957828 0
    outer loop
      vertex -30.5557 17.1762 0
      vertex -32.3964 16.624 4
      vertex -30.5557 17.1762 4
    endloop
  endfacet
  facet normal -0.287343 0.957828 0
    outer loop
      vertex -32.3964 16.624 4
      vertex -30.5557 17.1762 0
      vertex -32.3964 16.624 0
    endloop
  endfacet
  facet normal -0.314366 0.949302 0
    outer loop
      vertex -32.3964 16.624 0
      vertex -34.1711 16.0363 4
      vertex -32.3964 16.624 4
    endloop
  endfacet
  facet normal -0.314366 0.949302 0
    outer loop
      vertex -34.1711 16.0363 4
      vertex -32.3964 16.624 0
      vertex -34.1711 16.0363 0
    endloop
  endfacet
  facet normal -0.343188 0.939267 0
    outer loop
      vertex -34.1711 16.0363 0
      vertex -35.877 15.413 4
      vertex -34.1711 16.0363 4
    endloop
  endfacet
  facet normal -0.343188 0.939267 0
    outer loop
      vertex -35.877 15.413 4
      vertex -34.1711 16.0363 0
      vertex -35.877 15.413 0
    endloop
  endfacet
  facet normal -0.373971 0.92744 0
    outer loop
      vertex -35.877 15.413 0
      vertex -37.5118 14.7538 4
      vertex -35.877 15.413 4
    endloop
  endfacet
  facet normal -0.373971 0.92744 0
    outer loop
      vertex -37.5118 14.7538 4
      vertex -35.877 15.413 0
      vertex -37.5118 14.7538 0
    endloop
  endfacet
  facet normal -0.407088 0.913389 0
    outer loop
      vertex -37.5118 14.7538 0
      vertex -39.0732 14.0579 4
      vertex -37.5118 14.7538 4
    endloop
  endfacet
  facet normal -0.407088 0.913389 0
    outer loop
      vertex -39.0732 14.0579 4
      vertex -37.5118 14.7538 0
      vertex -39.0732 14.0579 0
    endloop
  endfacet
  facet normal -0.442792 0.896625 0
    outer loop
      vertex -39.0732 14.0579 0
      vertex -40.5593 13.324 4
      vertex -39.0732 14.0579 4
    endloop
  endfacet
  facet normal -0.442792 0.896625 0
    outer loop
      vertex -40.5593 13.324 4
      vertex -39.0732 14.0579 0
      vertex -40.5593 13.324 0
    endloop
  endfacet
  facet normal -0.481482 0.876456 0
    outer loop
      vertex -40.5593 13.324 0
      vertex -41.9686 12.5498 4
      vertex -40.5593 13.324 4
    endloop
  endfacet
  facet normal -0.481482 0.876456 0
    outer loop
      vertex -41.9686 12.5498 4
      vertex -40.5593 13.324 0
      vertex -41.9686 12.5498 0
    endloop
  endfacet
  facet normal -0.523197 0.852212 0
    outer loop
      vertex -41.9686 12.5498 0
      vertex -43.2997 11.7326 4
      vertex -41.9686 12.5498 4
    endloop
  endfacet
  facet normal -0.523197 0.852212 0
    outer loop
      vertex -43.2997 11.7326 4
      vertex -41.9686 12.5498 0
      vertex -43.2997 11.7326 0
    endloop
  endfacet
  facet normal -0.568478 0.822698 0
    outer loop
      vertex -43.2997 11.7326 0
      vertex -44.5508 10.8681 4
      vertex -43.2997 11.7326 4
    endloop
  endfacet
  facet normal -0.568478 0.822698 0
    outer loop
      vertex -44.5508 10.8681 4
      vertex -43.2997 11.7326 0
      vertex -44.5508 10.8681 0
    endloop
  endfacet
  facet normal -0.617338 0.786698 0
    outer loop
      vertex -44.5508 10.8681 0
      vertex -45.7197 9.95084 4
      vertex -44.5508 10.8681 4
    endloop
  endfacet
  facet normal -0.617338 0.786698 0
    outer loop
      vertex -45.7197 9.95084 4
      vertex -44.5508 10.8681 0
      vertex -45.7197 9.95084 0
    endloop
  endfacet
  facet normal -0.669673 0.742656 0
    outer loop
      vertex -45.7197 9.95084 0
      vertex -46.8031 8.97391 4
      vertex -45.7197 9.95084 4
    endloop
  endfacet
  facet normal -0.669673 0.742656 0
    outer loop
      vertex -46.8031 8.97391 4
      vertex -45.7197 9.95084 0
      vertex -46.8031 8.97391 0
    endloop
  endfacet
  facet normal -0.725084 0.68866 2.13474e-18
    outer loop
      vertex -47.7955 7.92902 0
      vertex -46.8031 8.97391 4
      vertex -46.8031 8.97391 0
    endloop
  endfacet
  facet normal -0.725084 0.68866 2.13474e-18
    outer loop
      vertex -46.8031 8.97391 4
      vertex -47.7955 7.92902 0
      vertex -47.7955 7.92902 4
    endloop
  endfacet
  facet normal -0.782523 0.622622 3.09754e-18
    outer loop
      vertex -48.688 6.80731 0
      vertex -47.7955 7.92902 4
      vertex -47.7955 7.92902 0
    endloop
  endfacet
  facet normal -0.782523 0.622622 3.09754e-18
    outer loop
      vertex -47.7955 7.92902 4
      vertex -48.688 6.80731 0
      vertex -48.688 6.80731 4
    endloop
  endfacet
  facet normal -0.840133 0.542381 -2.3631e-18
    outer loop
      vertex -49.4668 5.60097 0
      vertex -48.688 6.80731 4
      vertex -48.688 6.80731 0
    endloop
  endfacet
  facet normal -0.840133 0.542381 -2.3631e-18
    outer loop
      vertex -48.688 6.80731 4
      vertex -49.4668 5.60097 0
      vertex -49.4668 5.60097 4
    endloop
  endfacet
  facet normal -0.894829 0.446409 -5.33528e-18
    outer loop
      vertex -50.1126 4.30646 0
      vertex -49.4668 5.60097 4
      vertex -49.4668 5.60097 0
    endloop
  endfacet
  facet normal -0.894829 0.446409 -5.33528e-18
    outer loop
      vertex -49.4668 5.60097 4
      vertex -50.1126 4.30646 0
      vertex -50.1126 4.30646 4
    endloop
  endfacet
  facet normal -0.942495 0.334219 1.02779e-18
    outer loop
      vertex -50.6013 2.92833 0
      vertex -50.1126 4.30646 4
      vertex -50.1126 4.30646 0
    endloop
  endfacet
  facet normal -0.942495 0.334219 1.02779e-18
    outer loop
      vertex -50.1126 4.30646 4
      vertex -50.6013 2.92833 0
      vertex -50.6013 2.92833 4
    endloop
  endfacet
  facet normal -0.978256 0.207399 -1.24838e-19
    outer loop
      vertex -50.9077 1.48311 0
      vertex -50.6013 2.92833 4
      vertex -50.6013 2.92833 0
    endloop
  endfacet
  facet normal -0.978256 0.207399 -1.24838e-19
    outer loop
      vertex -50.6013 2.92833 4
      vertex -50.9077 1.48311 0
      vertex -50.9077 1.48311 4
    endloop
  endfacet
  facet normal -0.997517 0.0704196 2.26958e-18
    outer loop
      vertex -51.0124 0 0
      vertex -50.9077 1.48311 4
      vertex -50.9077 1.48311 0
    endloop
  endfacet
  facet normal -0.997517 0.0704196 2.26958e-18
    outer loop
      vertex -50.9077 1.48311 4
      vertex -51.0124 0 0
      vertex -51.0124 0 4
    endloop
  endfacet
  facet normal -0.997517 -0.0704196 -2.26958e-18
    outer loop
      vertex -50.9077 -1.48311 0
      vertex -51.0124 0 4
      vertex -51.0124 0 0
    endloop
  endfacet
  facet normal -0.997517 -0.0704196 -2.26958e-18
    outer loop
      vertex -51.0124 0 4
      vertex -50.9077 -1.48311 0
      vertex -50.9077 -1.48311 4
    endloop
  endfacet
  facet normal -0.978256 -0.207399 1.24838e-19
    outer loop
      vertex -50.6013 -2.92833 0
      vertex -50.9077 -1.48311 4
      vertex -50.9077 -1.48311 0
    endloop
  endfacet
  facet normal -0.978256 -0.207399 1.24838e-19
    outer loop
      vertex -50.9077 -1.48311 4
      vertex -50.6013 -2.92833 0
      vertex -50.6013 -2.92833 4
    endloop
  endfacet
  facet normal -0.942495 -0.334219 -1.02779e-18
    outer loop
      vertex -50.1126 -4.30646 0
      vertex -50.6013 -2.92833 4
      vertex -50.6013 -2.92833 0
    endloop
  endfacet
  facet normal -0.942495 -0.334219 -1.02779e-18
    outer loop
      vertex -50.6013 -2.92833 4
      vertex -50.1126 -4.30646 0
      vertex -50.1126 -4.30646 4
    endloop
  endfacet
  facet normal -0.894829 -0.446409 5.33528e-18
    outer loop
      vertex -49.4668 -5.60097 0
      vertex -50.1126 -4.30646 4
      vertex -50.1126 -4.30646 0
    endloop
  endfacet
  facet normal -0.894829 -0.446409 5.33528e-18
    outer loop
      vertex -50.1126 -4.30646 4
      vertex -49.4668 -5.60097 0
      vertex -49.4668 -5.60097 4
    endloop
  endfacet
  facet normal -0.840133 -0.542381 2.3631e-18
    outer loop
      vertex -48.688 -6.80731 0
      vertex -49.4668 -5.60097 4
      vertex -49.4668 -5.60097 0
    endloop
  endfacet
  facet normal -0.840133 -0.542381 2.3631e-18
    outer loop
      vertex -49.4668 -5.60097 4
      vertex -48.688 -6.80731 0
      vertex -48.688 -6.80731 4
    endloop
  endfacet
  facet normal -0.782523 -0.622622 -3.09754e-18
    outer loop
      vertex -47.7955 -7.92902 0
      vertex -48.688 -6.80731 4
      vertex -48.688 -6.80731 0
    endloop
  endfacet
  facet normal -0.782523 -0.622622 -3.09754e-18
    outer loop
      vertex -48.688 -6.80731 4
      vertex -47.7955 -7.92902 0
      vertex -47.7955 -7.92902 4
    endloop
  endfacet
  facet normal -0.725084 -0.68866 -2.13474e-18
    outer loop
      vertex -46.8031 -8.97391 0
      vertex -47.7955 -7.92902 4
      vertex -47.7955 -7.92902 0
    endloop
  endfacet
  facet normal -0.725084 -0.68866 -2.13474e-18
    outer loop
      vertex -47.7955 -7.92902 4
      vertex -46.8031 -8.97391 0
      vertex -46.8031 -8.97391 4
    endloop
  endfacet
  facet normal -0.669673 -0.742656 0
    outer loop
      vertex -46.8031 -8.97391 0
      vertex -45.7197 -9.95084 4
      vertex -46.8031 -8.97391 4
    endloop
  endfacet
  facet normal -0.669673 -0.742656 -0
    outer loop
      vertex -45.7197 -9.95084 4
      vertex -46.8031 -8.97391 0
      vertex -45.7197 -9.95084 0
    endloop
  endfacet
  facet normal -0.617338 -0.786698 0
    outer loop
      vertex -45.7197 -9.95084 0
      vertex -44.5508 -10.8681 4
      vertex -45.7197 -9.95084 4
    endloop
  endfacet
  facet normal -0.617338 -0.786698 -0
    outer loop
      vertex -44.5508 -10.8681 4
      vertex -45.7197 -9.95084 0
      vertex -44.5508 -10.8681 0
    endloop
  endfacet
  facet normal -0.568478 -0.822698 0
    outer loop
      vertex -44.5508 -10.8681 0
      vertex -43.2997 -11.7326 4
      vertex -44.5508 -10.8681 4
    endloop
  endfacet
  facet normal -0.568478 -0.822698 -0
    outer loop
      vertex -43.2997 -11.7326 4
      vertex -44.5508 -10.8681 0
      vertex -43.2997 -11.7326 0
    endloop
  endfacet
  facet normal -0.523197 -0.852212 0
    outer loop
      vertex -43.2997 -11.7326 0
      vertex -41.9686 -12.5498 4
      vertex -43.2997 -11.7326 4
    endloop
  endfacet
  facet normal -0.523197 -0.852212 -0
    outer loop
      vertex -41.9686 -12.5498 4
      vertex -43.2997 -11.7326 0
      vertex -41.9686 -12.5498 0
    endloop
  endfacet
  facet normal -0.481482 -0.876456 0
    outer loop
      vertex -41.9686 -12.5498 0
      vertex -40.5593 -13.324 4
      vertex -41.9686 -12.5498 4
    endloop
  endfacet
  facet normal -0.481482 -0.876456 -0
    outer loop
      vertex -40.5593 -13.324 4
      vertex -41.9686 -12.5498 0
      vertex -40.5593 -13.324 0
    endloop
  endfacet
  facet normal -0.442792 -0.896625 0
    outer loop
      vertex -40.5593 -13.324 0
      vertex -39.0732 -14.0579 4
      vertex -40.5593 -13.324 4
    endloop
  endfacet
  facet normal -0.442792 -0.896625 -0
    outer loop
      vertex -39.0732 -14.0579 4
      vertex -40.5593 -13.324 0
      vertex -39.0732 -14.0579 0
    endloop
  endfacet
  facet normal -0.407088 -0.913389 0
    outer loop
      vertex -39.0732 -14.0579 0
      vertex -37.5118 -14.7538 4
      vertex -39.0732 -14.0579 4
    endloop
  endfacet
  facet normal -0.407088 -0.913389 -0
    outer loop
      vertex -37.5118 -14.7538 4
      vertex -39.0732 -14.0579 0
      vertex -37.5118 -14.7538 0
    endloop
  endfacet
  facet normal -0.373971 -0.92744 0
    outer loop
      vertex -37.5118 -14.7538 0
      vertex -35.877 -15.413 4
      vertex -37.5118 -14.7538 4
    endloop
  endfacet
  facet normal -0.373971 -0.92744 -0
    outer loop
      vertex -35.877 -15.413 4
      vertex -37.5118 -14.7538 0
      vertex -35.877 -15.413 0
    endloop
  endfacet
  facet normal -0.343188 -0.939267 0
    outer loop
      vertex -35.877 -15.413 0
      vertex -34.1711 -16.0363 4
      vertex -35.877 -15.413 4
    endloop
  endfacet
  facet normal -0.343188 -0.939267 -0
    outer loop
      vertex -34.1711 -16.0363 4
      vertex -35.877 -15.413 0
      vertex -34.1711 -16.0363 0
    endloop
  endfacet
  facet normal -0.314352 -0.949307 0
    outer loop
      vertex -34.1711 -16.0363 0
      vertex -29.1898 -17.6858 4
      vertex -34.1711 -16.0363 4
    endloop
  endfacet
  facet normal -0.314352 -0.949307 -0
    outer loop
      vertex -29.1898 -17.6858 4
      vertex -34.1711 -16.0363 0
      vertex -29.1898 -17.6858 0
    endloop
  endfacet
  facet normal 0.89687 -0.442294 2.21728e-17
    outer loop
      vertex -29.1898 -17.6858 4
      vertex -27.3748 -14.0054 0
      vertex -27.3748 -14.0054 4
    endloop
  endfacet
  facet normal 0.89687 -0.442294 2.21728e-17
    outer loop
      vertex -27.3748 -14.0054 0
      vertex -29.1898 -17.6858 4
      vertex -29.1898 -17.6858 0
    endloop
  endfacet
  facet normal 0.83149 -0.55554 5.17475e-18
    outer loop
      vertex -27.3748 -14.0054 4
      vertex -27.0849 -13.5715 0
      vertex -27.0849 -13.5715 4
    endloop
  endfacet
  facet normal 0.83149 -0.55554 5.17475e-18
    outer loop
      vertex -27.0849 -13.5715 0
      vertex -27.3748 -14.0054 4
      vertex -27.3748 -14.0054 0
    endloop
  endfacet
  facet normal 0.751781 -0.659413 5.7494e-18
    outer loop
      vertex -27.0849 -13.5715 4
      vertex -26.7408 -13.1792 0
      vertex -26.7408 -13.1792 4
    endloop
  endfacet
  facet normal 0.751781 -0.659413 5.7494e-18
    outer loop
      vertex -26.7408 -13.1792 0
      vertex -27.0849 -13.5715 4
      vertex -27.0849 -13.5715 0
    endloop
  endfacet
  facet normal 0.659426 -0.751769 0
    outer loop
      vertex -26.7408 -13.1792 0
      vertex -26.3484 -12.835 4
      vertex -26.7408 -13.1792 4
    endloop
  endfacet
  facet normal 0.659426 -0.751769 0
    outer loop
      vertex -26.3484 -12.835 4
      vertex -26.7408 -13.1792 0
      vertex -26.3484 -12.835 0
    endloop
  endfacet
  facet normal 0.555585 -0.83146 0
    outer loop
      vertex -26.3484 -12.835 0
      vertex -25.9147 -12.5452 4
      vertex -26.3484 -12.835 4
    endloop
  endfacet
  facet normal 0.555585 -0.83146 0
    outer loop
      vertex -25.9147 -12.5452 4
      vertex -26.3484 -12.835 0
      vertex -25.9147 -12.5452 0
    endloop
  endfacet
  facet normal 0.442225 -0.896904 0
    outer loop
      vertex -25.9147 -12.5452 0
      vertex -25.4466 -12.3144 4
      vertex -25.9147 -12.5452 4
    endloop
  endfacet
  facet normal 0.442225 -0.896904 0
    outer loop
      vertex -25.4466 -12.3144 4
      vertex -25.9147 -12.5452 0
      vertex -25.4466 -12.3144 0
    endloop
  endfacet
  facet normal 0.321511 -0.946906 0
    outer loop
      vertex -25.4466 -12.3144 0
      vertex -24.9524 -12.1466 4
      vertex -25.4466 -12.3144 4
    endloop
  endfacet
  facet normal 0.321511 -0.946906 0
    outer loop
      vertex -24.9524 -12.1466 4
      vertex -25.4466 -12.3144 0
      vertex -24.9524 -12.1466 0
    endloop
  endfacet
  facet normal 0.195121 -0.980779 0
    outer loop
      vertex -24.9524 -12.1466 0
      vertex -24.4407 -12.0448 4
      vertex -24.9524 -12.1466 4
    endloop
  endfacet
  facet normal 0.195121 -0.980779 0
    outer loop
      vertex -24.4407 -12.0448 4
      vertex -24.9524 -12.1466 0
      vertex -24.4407 -12.0448 0
    endloop
  endfacet
  facet normal 0.0653488 -0.997862 0
    outer loop
      vertex -24.4407 -12.0448 0
      vertex -23.92 -12.0107 4
      vertex -24.4407 -12.0448 4
    endloop
  endfacet
  facet normal 0.0653488 -0.997862 0
    outer loop
      vertex -23.92 -12.0107 4
      vertex -24.4407 -12.0448 0
      vertex -23.92 -12.0107 0
    endloop
  endfacet
  facet normal -0.0653488 -0.997862 0
    outer loop
      vertex -23.92 -12.0107 0
      vertex -23.3993 -12.0448 4
      vertex -23.92 -12.0107 4
    endloop
  endfacet
  facet normal -0.0653488 -0.997862 -0
    outer loop
      vertex -23.3993 -12.0448 4
      vertex -23.92 -12.0107 0
      vertex -23.3993 -12.0448 0
    endloop
  endfacet
  facet normal -0.195084 -0.980787 0
    outer loop
      vertex -23.3993 -12.0448 0
      vertex -22.8875 -12.1466 4
      vertex -23.3993 -12.0448 4
    endloop
  endfacet
  facet normal -0.195084 -0.980787 -0
    outer loop
      vertex -22.8875 -12.1466 4
      vertex -23.3993 -12.0448 0
      vertex -22.8875 -12.1466 0
    endloop
  endfacet
  facet normal -0.321569 -0.946886 0
    outer loop
      vertex -22.8875 -12.1466 0
      vertex -22.3934 -12.3144 4
      vertex -22.8875 -12.1466 4
    endloop
  endfacet
  facet normal -0.321569 -0.946886 -0
    outer loop
      vertex -22.3934 -12.3144 4
      vertex -22.8875 -12.1466 0
      vertex -22.3934 -12.3144 0
    endloop
  endfacet
  facet normal -0.442225 -0.896904 0
    outer loop
      vertex -22.3934 -12.3144 0
      vertex -21.9253 -12.5452 4
      vertex -22.3934 -12.3144 4
    endloop
  endfacet
  facet normal -0.442225 -0.896904 -0
    outer loop
      vertex -21.9253 -12.5452 4
      vertex -22.3934 -12.3144 0
      vertex -21.9253 -12.5452 0
    endloop
  endfacet
  facet normal -0.555629 -0.831431 0
    outer loop
      vertex -21.9253 -12.5452 0
      vertex -21.4915 -12.8351 4
      vertex -21.9253 -12.5452 4
    endloop
  endfacet
  facet normal -0.555629 -0.831431 -0
    outer loop
      vertex -21.4915 -12.8351 4
      vertex -21.9253 -12.5452 0
      vertex -21.4915 -12.8351 0
    endloop
  endfacet
  facet normal -0.659305 -0.751876 0
    outer loop
      vertex -21.4915 -12.8351 0
      vertex -21.0992 -13.1791 4
      vertex -21.4915 -12.8351 4
    endloop
  endfacet
  facet normal -0.659305 -0.751876 -0
    outer loop
      vertex -21.0992 -13.1791 4
      vertex -21.4915 -12.8351 0
      vertex -21.0992 -13.1791 0
    endloop
  endfacet
  facet normal -0.751837 -0.659349 -4.19177e-17
    outer loop
      vertex -17.02 -17.8305 0
      vertex -21.0992 -13.1791 4
      vertex -21.0992 -13.1791 0
    endloop
  endfacet
  facet normal -0.751837 -0.659349 -4.19177e-17
    outer loop
      vertex -21.0992 -13.1791 4
      vertex -17.02 -17.8305 0
      vertex -17.02 -17.8305 4
    endloop
  endfacet
  facet normal 0.75183 -0.659357 -3.60664e-17
    outer loop
      vertex -17.02 -17.8305 4
      vertex -12.9408 -13.1792 0
      vertex -12.9408 -13.1792 4
    endloop
  endfacet
  facet normal 0.75183 -0.659357 -3.60664e-17
    outer loop
      vertex -12.9408 -13.1792 0
      vertex -17.02 -17.8305 4
      vertex -17.02 -17.8305 0
    endloop
  endfacet
  facet normal 0.659426 -0.751769 0
    outer loop
      vertex -12.9408 -13.1792 0
      vertex -12.5484 -12.835 4
      vertex -12.9408 -13.1792 4
    endloop
  endfacet
  facet normal 0.659426 -0.751769 0
    outer loop
      vertex -12.5484 -12.835 4
      vertex -12.9408 -13.1792 0
      vertex -12.5484 -12.835 0
    endloop
  endfacet
  facet normal 0.555585 -0.83146 0
    outer loop
      vertex -12.5484 -12.835 0
      vertex -12.1147 -12.5452 4
      vertex -12.5484 -12.835 4
    endloop
  endfacet
  facet normal 0.555585 -0.83146 0
    outer loop
      vertex -12.1147 -12.5452 4
      vertex -12.5484 -12.835 0
      vertex -12.1147 -12.5452 0
    endloop
  endfacet
  facet normal 0.442225 -0.896904 0
    outer loop
      vertex -12.1147 -12.5452 0
      vertex -11.6466 -12.3144 4
      vertex -12.1147 -12.5452 4
    endloop
  endfacet
  facet normal 0.442225 -0.896904 0
    outer loop
      vertex -11.6466 -12.3144 4
      vertex -12.1147 -12.5452 0
      vertex -11.6466 -12.3144 0
    endloop
  endfacet
  facet normal 0.321569 -0.946886 0
    outer loop
      vertex -11.6466 -12.3144 0
      vertex -11.1525 -12.1466 4
      vertex -11.6466 -12.3144 4
    endloop
  endfacet
  facet normal 0.321569 -0.946886 0
    outer loop
      vertex -11.1525 -12.1466 4
      vertex -11.6466 -12.3144 0
      vertex -11.1525 -12.1466 0
    endloop
  endfacet
  facet normal 0.195084 -0.980787 0
    outer loop
      vertex -11.1525 -12.1466 0
      vertex -10.6407 -12.0448 4
      vertex -11.1525 -12.1466 4
    endloop
  endfacet
  facet normal 0.195084 -0.980787 0
    outer loop
      vertex -10.6407 -12.0448 4
      vertex -11.1525 -12.1466 0
      vertex -10.6407 -12.0448 0
    endloop
  endfacet
  facet normal 0.0653488 -0.997862 0
    outer loop
      vertex -10.6407 -12.0448 0
      vertex -10.12 -12.0107 4
      vertex -10.6407 -12.0448 4
    endloop
  endfacet
  facet normal 0.0653488 -0.997862 0
    outer loop
      vertex -10.12 -12.0107 4
      vertex -10.6407 -12.0448 0
      vertex -10.12 -12.0107 0
    endloop
  endfacet
  facet normal -0.065345 -0.997863 0
    outer loop
      vertex -10.12 -12.0107 0
      vertex -9.59927 -12.0448 4
      vertex -10.12 -12.0107 4
    endloop
  endfacet
  facet normal -0.065345 -0.997863 -0
    outer loop
      vertex -9.59927 -12.0448 4
      vertex -10.12 -12.0107 0
      vertex -9.59927 -12.0448 0
    endloop
  endfacet
  facet normal -0.19511 -0.980781 0
    outer loop
      vertex -9.59927 -12.0448 0
      vertex -9.08754 -12.1466 4
      vertex -9.59927 -12.0448 4
    endloop
  endfacet
  facet normal -0.19511 -0.980781 -0
    outer loop
      vertex -9.08754 -12.1466 4
      vertex -9.59927 -12.0448 0
      vertex -9.08754 -12.1466 0
    endloop
  endfacet
  facet normal -0.321529 -0.9469 0
    outer loop
      vertex -9.08754 -12.1466 0
      vertex -8.59337 -12.3144 4
      vertex -9.08754 -12.1466 4
    endloop
  endfacet
  facet normal -0.321529 -0.9469 -0
    outer loop
      vertex -8.59337 -12.3144 4
      vertex -9.08754 -12.1466 0
      vertex -8.59337 -12.3144 0
    endloop
  endfacet
  facet normal -0.442263 -0.896885 0
    outer loop
      vertex -8.59337 -12.3144 0
      vertex -8.12532 -12.5452 4
      vertex -8.59337 -12.3144 4
    endloop
  endfacet
  facet normal -0.442263 -0.896885 -0
    outer loop
      vertex -8.12532 -12.5452 4
      vertex -8.59337 -12.3144 0
      vertex -8.12532 -12.5452 0
    endloop
  endfacet
  facet normal -0.555611 -0.831442 0
    outer loop
      vertex -8.12532 -12.5452 0
      vertex -7.6915 -12.8351 4
      vertex -8.12532 -12.5452 4
    endloop
  endfacet
  facet normal -0.555611 -0.831442 -0
    outer loop
      vertex -7.6915 -12.8351 4
      vertex -8.12532 -12.5452 0
      vertex -7.6915 -12.8351 0
    endloop
  endfacet
  facet normal -0.659286 -0.751892 0
    outer loop
      vertex -7.6915 -12.8351 0
      vertex -7.29918 -13.1791 4
      vertex -7.6915 -12.8351 4
    endloop
  endfacet
  facet normal -0.659286 -0.751892 -0
    outer loop
      vertex -7.29918 -13.1791 4
      vertex -7.6915 -12.8351 0
      vertex -7.29918 -13.1791 0
    endloop
  endfacet
  facet normal -0.751864 -0.659318 6.11807e-18
    outer loop
      vertex -6.95508 -13.5715 0
      vertex -7.29918 -13.1791 4
      vertex -7.29918 -13.1791 0
    endloop
  endfacet
  facet normal -0.751864 -0.659318 6.11807e-18
    outer loop
      vertex -7.29918 -13.1791 4
      vertex -6.95508 -13.5715 0
      vertex -6.95508 -13.5715 4
    endloop
  endfacet
  facet normal -0.83149 -0.55554 -5.17475e-18
    outer loop
      vertex -6.66518 -14.0054 0
      vertex -6.95508 -13.5715 4
      vertex -6.95508 -13.5715 0
    endloop
  endfacet
  facet normal -0.83149 -0.55554 -5.17475e-18
    outer loop
      vertex -6.95508 -13.5715 4
      vertex -6.66518 -14.0054 0
      vertex -6.66518 -14.0054 4
    endloop
  endfacet
  facet normal -0.896859 -0.442316 5.36545e-19
    outer loop
      vertex -6.43437 -14.4734 0
      vertex -6.66518 -14.0054 4
      vertex -6.66518 -14.0054 0
    endloop
  endfacet
  facet normal -0.896859 -0.442316 5.36545e-19
    outer loop
      vertex -6.66518 -14.0054 4
      vertex -6.43437 -14.4734 0
      vertex -6.43437 -14.4734 4
    endloop
  endfacet
  facet normal -0.946933 -0.321432 7.74936e-19
    outer loop
      vertex -6.26665 -14.9675 0
      vertex -6.43437 -14.4734 4
      vertex -6.43437 -14.4734 0
    endloop
  endfacet
  facet normal -0.946933 -0.321432 7.74936e-19
    outer loop
      vertex -6.43437 -14.4734 4
      vertex -6.26665 -14.9675 0
      vertex -6.26665 -14.9675 4
    endloop
  endfacet
  facet normal -0.980783 -0.195103 -8.32562e-19
    outer loop
      vertex -6.16484 -15.4793 0
      vertex -6.26665 -14.9675 4
      vertex -6.26665 -14.9675 0
    endloop
  endfacet
  facet normal -0.980783 -0.195103 -8.32562e-19
    outer loop
      vertex -6.26665 -14.9675 4
      vertex -6.16484 -15.4793 0
      vertex -6.16484 -15.4793 4
    endloop
  endfacet
  facet normal -0.997859 -0.0654029 4.80168e-18
    outer loop
      vertex -5.80624 -20.9505 0
      vertex -6.16484 -15.4793 4
      vertex -6.16484 -15.4793 0
    endloop
  endfacet
  facet normal -0.997859 -0.0654029 4.80168e-18
    outer loop
      vertex -6.16484 -15.4793 4
      vertex -5.80624 -20.9505 0
      vertex -5.80624 -20.9505 4
    endloop
  endfacet
  facet normal -0.00855944 -0.999963 0
    outer loop
      vertex -5.80624 -20.9505 0
      vertex 0 -21.0002 4
      vertex -5.80624 -20.9505 4
    endloop
  endfacet
  facet normal -0.00855944 -0.999963 -0
    outer loop
      vertex 0 -21.0002 4
      vertex -5.80624 -20.9505 0
      vertex 0 -21.0002 0
    endloop
  endfacet
  facet normal 0.00855944 -0.999963 0
    outer loop
      vertex 0 -21.0002 0
      vertex 5.80624 -20.9505 4
      vertex 0 -21.0002 4
    endloop
  endfacet
  facet normal 0.00855944 -0.999963 0
    outer loop
      vertex 5.80624 -20.9505 4
      vertex 0 -21.0002 0
      vertex 5.80624 -20.9505 0
    endloop
  endfacet
endsolid OpenSCAD_Model
