solid OpenSCAD_Model
  facet normal -0.216661 0.929565 0.298273
    outer loop
      vertex 59.19 -12.2635 20.8455
      vertex 59.8543 -12.1593 21.0033
      vertex 58.0842 -7.43683 5
    endloop
  endfacet
  facet normal -0.0312233 -0.953971 0.298268
    outer loop
      vertex 10.5633 14.458 5
      vertex 10.7275 17.3411 14.2384
      vertex 10.2229 17.3518 14.2198
    endloop
  endfacet
  facet normal -0.077292 0.951346 0.298272
    outer loop
      vertex 34.6926 -12.498 5
      vertex 31.8268 -16.1656 15.9553
      vertex 35.011 -16.0425 16.3878
    endloop
  endfacet
  facet normal -0.0772663 0.951346 0.298278
    outer loop
      vertex 34.6926 -12.498 5
      vertex 25.4845 -16.4602 15.252
      vertex 31.8268 -16.1656 15.9553
    endloop
  endfacet
  facet normal -0.0772805 0.951349 0.298267
    outer loop
      vertex 34.6926 -12.498 5
      vertex 19.1268 -16.805 14.7045
      vertex 25.4845 -16.4602 15.252
    endloop
  endfacet
  facet normal -0.0772771 0.951348 0.298271
    outer loop
      vertex 10.5633 -14.458 5
      vertex 19.1268 -16.805 14.7045
      vertex 34.6926 -12.498 5
    endloop
  endfacet
  facet normal -0.0774742 0.951282 0.29843
    outer loop
      vertex 19.1268 -16.805 14.7045
      vertex 10.5633 -14.458 5
      vertex 18.9562 -16.8156 14.694
    endloop
  endfacet
  facet normal 0.449814 -0.841372 0.299602
    outer loop
      vertex -71.832 0 5
      vertex -82.0425 2.4783 27.2896
      vertex -82.3415 2.35509 27.3925
    endloop
  endfacet
  facet normal 0.0311456 -0.953971 0.298277
    outer loop
      vertex 8.16319 14.449 5
      vertex 8.58835 17.3268 14.1596
      vertex 8.05837 17.3034 14.1401
    endloop
  endfacet
  facet normal 0.277106 -0.91337 0.298274
    outer loop
      vertex -67.3012 2.36049 5
      vertex -68.948 7.84141 23.3135
      vertex -69.1471 7.79815 23.366
    endloop
  endfacet
  facet normal 0.277084 -0.913377 0.298274
    outer loop
      vertex -68.948 7.84141 23.3135
      vertex -67.3012 2.36049 5
      vertex -66.7689 2.52197 5
    endloop
  endfacet
  facet normal 0.446363 0.843678 0.298274
    outer loop
      vertex -71.832 0 5
      vertex -70.1986 -7.46324 23.6657
      vertex -67.6287 -2.22383 5
    endloop
  endfacet
  facet normal 0.446348 0.843685 0.298277
    outer loop
      vertex -70.1986 -7.46324 23.6657
      vertex -71.832 0 5
      vertex -71.6742 -6.83386 24.0936
    endloop
  endfacet
  facet normal 0.0311456 0.953971 0.298277
    outer loop
      vertex 8.58835 -17.3268 14.1596
      vertex 8.16319 -14.449 5
      vertex 8.05837 -17.3034 14.1401
    endloop
  endfacet
  facet normal 0.0312569 -0.953969 0.298271
    outer loop
      vertex 9.49998 14.4928 5
      vertex 8.58835 17.3268 14.1596
      vertex 8.16319 14.449 5
    endloop
  endfacet
  facet normal 0.0312828 -0.953968 0.298273
    outer loop
      vertex 8.58835 17.3268 14.1596
      vertex 9.49998 14.4928 5
      vertex 9.49998 17.3672 14.1932
    endloop
  endfacet
  facet normal 0.143502 -0.943631 0.298275
    outer loop
      vertex -42.6886 9.46942 5
      vertex -38.1499 13.894 16.8141
      vertex -43.3072 13.372 17.6439
    endloop
  endfacet
  facet normal 0.143499 -0.943631 0.298277
    outer loop
      vertex -42.6886 9.46942 5
      vertex -31.8268 14.5841 15.9553
      vertex -38.1499 13.894 16.8141
    endloop
  endfacet
  facet normal 0.143504 -0.943631 0.298272
    outer loop
      vertex -42.6886 9.46942 5
      vertex -26.8143 15.1707 15.3995
      vertex -31.8268 14.5841 15.9553
    endloop
  endfacet
  facet normal 0.1435 -0.94363 0.298278
    outer loop
      vertex -26.8143 15.1707 15.3995
      vertex -42.6886 9.46942 5
      vertex -17.0463 13.3689 5
    endloop
  endfacet
  facet normal 0.575419 0.739655 0.349003
    outer loop
      vertex -82.7408 -2.14402 27.5298
      vertex -71.832 0 5
      vertex -86.2235 0 28.728
    endloop
  endfacet
  facet normal 0.500192 0.804853 0.319405
    outer loop
      vertex -82.3415 -2.35509 27.3925
      vertex -71.832 0 5
      vertex -82.5224 -2.26735 27.4547
    endloop
  endfacet
  facet normal 0.038372 0.953773 0.298067
    outer loop
      vertex 0.403597 -16.951 14.005
      vertex 8.16319 -14.449 5
      vertex 0 -16.9332 14
    endloop
  endfacet
  facet normal 0.0386352 0.953695 0.298284
    outer loop
      vertex 8.16319 -14.449 5
      vertex -6.38072 -16.6992 14.0783
      vertex 0 -16.9332 14
    endloop
  endfacet
  facet normal 0.0386312 0.953697 0.298278
    outer loop
      vertex -16.0303 -13.469 5
      vertex -6.38072 -16.6992 14.0783
      vertex 8.16319 -14.449 5
    endloop
  endfacet
  facet normal 0.03864 0.953699 0.298269
    outer loop
      vertex -6.38072 -16.6992 14.0783
      vertex -16.0303 -13.469 5
      vertex -12.7576 -16.5143 14.3132
    endloop
  endfacet
  facet normal 0.0386077 0.953697 0.29828
    outer loop
      vertex -12.7576 -16.5143 14.3132
      vertex -16.0303 -13.469 5
      vertex -16.2366 -16.4403 14.5269
    endloop
  endfacet
  facet normal -0.351614 -0.887338 0.298327
    outer loop
      vertex 69.3453 9.36395 23.4182
      vertex 73.2776 8.14538 24.4284
      vertex 73.0043 8.27079 24.4793
    endloop
  endfacet
  facet normal -0.351609 -0.887357 0.298276
    outer loop
      vertex 60.172 6.80772 5
      vertex 69.3453 9.36395 23.4182
      vertex 63.1748 11.2623 21.7919
    endloop
  endfacet
  facet normal -0.351607 -0.887358 0.298275
    outer loop
      vertex 69.3453 9.36395 23.4182
      vertex 60.172 6.80772 5
      vertex 73.2776 8.14538 24.4284
    endloop
  endfacet
  facet normal -0.351568 -0.887374 0.298273
    outer loop
      vertex 60.172 6.80772 5
      vertex 63.1748 11.2623 21.7919
      vertex 62.0321 11.6238 21.5205
    endloop
  endfacet
  facet normal -0.830148 -0.0274945 0.556865
    outer loop
      vertex 88.5168 0 21.9026
      vertex 88.5151 0.0574045 21.9029
      vertex 77.1785 0 5
    endloop
  endfacet
  facet normal 0.21683 0.929526 0.298273
    outer loop
      vertex -44.799 -13.18 17.8928
      vertex -44.3048 -9.15814 5
      vertex -45.3419 -13.0858 17.9939
    endloop
  endfacet
  facet normal -0.351608 -0.887358 0.298274
    outer loop
      vertex 76.0821 0.50351 5
      vertex 73.2776 8.14538 24.4284
      vertex 65.8499 5.77844 8.631
    endloop
  endfacet
  facet normal -0.351604 -0.88736 0.298273
    outer loop
      vertex 60.172 6.80772 5
      vertex 65.8499 5.77844 8.631
      vertex 73.2776 8.14538 24.4284
    endloop
  endfacet
  facet normal -0.351602 -0.887362 0.29827
    outer loop
      vertex 65.8499 5.77844 8.631
      vertex 60.172 6.80772 5
      vertex 62.3144 5.95883 5
    endloop
  endfacet
  facet normal -0.351608 -0.887358 0.298274
    outer loop
      vertex 76.0821 0.50351 5
      vertex 65.8499 5.77844 8.631
      vertex 64.0344 5.2773 5
    endloop
  endfacet
  facet normal -0.351604 -0.887359 0.298275
    outer loop
      vertex 73.2776 8.14538 24.4284
      vertex 76.0821 0.50351 5
      vertex 78.3397 5.82278 23.4859
    endloop
  endfacet
  facet normal 0.277084 0.913377 0.298274
    outer loop
      vertex -67.3012 -2.36049 5
      vertex -68.948 -7.84141 23.3135
      vertex -66.7689 -2.52197 5
    endloop
  endfacet
  facet normal 0.277106 0.91337 0.298274
    outer loop
      vertex -68.948 -7.84141 23.3135
      vertex -67.3012 -2.36049 5
      vertex -69.1471 -7.79815 23.366
    endloop
  endfacet
  facet normal 0.0312828 0.953968 0.298273
    outer loop
      vertex 9.49998 -14.4928 5
      vertex 8.58835 -17.3268 14.1596
      vertex 9.49998 -17.3672 14.1932
    endloop
  endfacet
  facet normal 0.0312569 0.953969 0.298271
    outer loop
      vertex 8.58835 -17.3268 14.1596
      vertex 9.49998 -14.4928 5
      vertex 8.16319 -14.449 5
    endloop
  endfacet
  facet normal -0.336319 -0.893265 0.298273
    outer loop
      vertex 62.0321 11.6238 21.5205
      vertex 61.383 11.8167 21.3663
      vertex 60.172 6.80772 5
    endloop
  endfacet
  facet normal -0.804643 -0.243346 0.541602
    outer loop
      vertex 88.4893 0.227587 21.9064
      vertex 88.474 0.282629 21.9084
      vertex 77.1785 0 5
    endloop
  endfacet
  facet normal -0.401778 -0.865798 0.298275
    outer loop
      vertex 77.1785 0 5
      vertex 78.9582 5.50515 23.377
      vertex 76.5649 0.284744 5
    endloop
  endfacet
  facet normal -0.401878 -0.865753 0.298271
    outer loop
      vertex 78.9582 5.50515 23.377
      vertex 77.1785 0 5
      vertex 79.1764 5.39177 23.3419
    endloop
  endfacet
  facet normal -0.445536 -0.834248 0.324851
    outer loop
      vertex 88.1128 0.763611 21.9575
      vertex 88.0562 0.796837 21.9652
      vertex 77.1785 0 5
    endloop
  endfacet
  facet normal -0.0772531 0.951351 0.298269
    outer loop
      vertex 12.7576 -17.1997 14.3132
      vertex 10.5633 -14.458 5
      vertex 10.7275 -17.3411 14.2384
    endloop
  endfacet
  facet normal -0.0772747 0.951347 0.298273
    outer loop
      vertex 10.5633 -14.458 5
      vertex 12.7576 -17.1997 14.3132
      vertex 18.9562 -16.8156 14.694
    endloop
  endfacet
  facet normal -0.351614 0.887338 0.298327
    outer loop
      vertex 73.2776 -8.14538 24.4284
      vertex 69.3453 -9.36395 23.4182
      vertex 73.0043 -8.27079 24.4793
    endloop
  endfacet
  facet normal -0.351607 0.887358 0.298275
    outer loop
      vertex 60.172 -6.80772 5
      vertex 69.3453 -9.36395 23.4182
      vertex 73.2776 -8.14538 24.4284
    endloop
  endfacet
  facet normal -0.351568 0.887374 0.298273
    outer loop
      vertex 63.1748 -11.2623 21.7919
      vertex 60.172 -6.80772 5
      vertex 62.0321 -11.6238 21.5205
    endloop
  endfacet
  facet normal -0.351609 0.887357 0.298276
    outer loop
      vertex 69.3453 -9.36395 23.4182
      vertex 60.172 -6.80772 5
      vertex 63.1748 -11.2623 21.7919
    endloop
  endfacet
  facet normal 0.21683 -0.929526 0.298273
    outer loop
      vertex -44.3048 9.15814 5
      vertex -44.799 13.18 17.8928
      vertex -45.3419 13.0858 17.9939
    endloop
  endfacet
  facet normal -0.538706 -0.751221 0.381396
    outer loop
      vertex 88.2008 0.699086 21.9455
      vertex 88.1578 0.732917 21.9514
      vertex 77.1785 0 5
    endloop
  endfacet
  facet normal -0.093458 0.949894 0.298274
    outer loop
      vertex 35.8307 -12.3859 5
      vertex 35.6139 -16.0088 16.4697
      vertex 36.3026 -15.9704 16.5632
    endloop
  endfacet
  facet normal -0.0935613 0.949885 0.298269
    outer loop
      vertex 35.6139 -16.0088 16.4697
      vertex 35.8307 -12.3859 5
      vertex 34.6926 -12.498 5
    endloop
  endfacet
  facet normal -0.155571 0.941717 0.298274
    outer loop
      vertex 36.3026 -15.9704 16.5632
      vertex 36.8739 -15.9006 16.6408
      vertex 35.8307 -12.3859 5
    endloop
  endfacet
  facet normal -0.579852 0.70618 0.406302
    outer loop
      vertex 88.2008 -0.699086 21.9455
      vertex 88.2418 -0.662256 21.94
      vertex 77.1785 0 5
    endloop
  endfacet
  facet normal -0.277097 0.913372 0.298275
    outer loop
      vertex 60.2417 -12.0985 21.0953
      vertex 60.8355 -11.9644 21.2363
      vertex 58.9393 -7.23746 5
    endloop
  endfacet
  facet normal 0.155485 0.94173 0.298275
    outer loop
      vertex -43.3072 -13.372 17.6439
      vertex -42.6886 -9.46942 5
      vertex -43.8917 -13.3053 17.738
    endloop
  endfacet
  facet normal -0.757125 -0.404315 0.51312
    outer loop
      vertex 88.4337 0.388966 21.9139
      vertex 88.4088 0.439909 21.9173
      vertex 77.1785 0 5
    endloop
  endfacet
  facet normal 0.216747 0.929544 0.298276
    outer loop
      vertex -44.3048 -9.15814 5
      vertex -44.4342 -13.2434 17.8253
      vertex -43.6519 -9.31038 5
    endloop
  endfacet
  facet normal 0.216452 0.929607 0.298293
    outer loop
      vertex -44.4342 -13.2434 17.8253
      vertex -44.3048 -9.15814 5
      vertex -44.4501 -13.2405 17.8278
    endloop
  endfacet
  facet normal 0.216753 0.929543 0.298276
    outer loop
      vertex -44.4501 -13.2405 17.8278
      vertex -44.3048 -9.15814 5
      vertex -44.799 -13.18 17.8928
    endloop
  endfacet
  facet normal -0.394187 0.869283 0.298267
    outer loop
      vertex 76.5649 -0.284744 5
      vertex 78.3397 -5.82278 23.4859
      vertex 78.5092 -5.73511 23.4544
    endloop
  endfacet
  facet normal -0.393939 0.869393 0.298276
    outer loop
      vertex 78.3397 -5.82278 23.4859
      vertex 76.5649 -0.284744 5
      vertex 76.0821 -0.50351 5
    endloop
  endfacet
  facet normal 0.155485 -0.94173 0.298275
    outer loop
      vertex -42.6886 9.46942 5
      vertex -43.3072 13.372 17.6439
      vertex -43.8917 13.3053 17.738
    endloop
  endfacet
  facet normal -0.351608 0.887358 0.298274
    outer loop
      vertex 73.2776 -8.14538 24.4284
      vertex 76.0821 -0.50351 5
      vertex 65.8499 -5.77844 8.631
    endloop
  endfacet
  facet normal -0.351608 0.887358 0.298274
    outer loop
      vertex 65.8499 -5.77844 8.631
      vertex 76.0821 -0.50351 5
      vertex 64.0344 -5.2773 5
    endloop
  endfacet
  facet normal -0.351604 0.887359 0.298275
    outer loop
      vertex 76.0821 -0.50351 5
      vertex 73.2776 -8.14538 24.4284
      vertex 78.3397 -5.82278 23.4859
    endloop
  endfacet
  facet normal -0.351602 0.887362 0.29827
    outer loop
      vertex 60.172 -6.80772 5
      vertex 65.8499 -5.77844 8.631
      vertex 62.3144 -5.95883 5
    endloop
  endfacet
  facet normal -0.351604 0.88736 0.298273
    outer loop
      vertex 65.8499 -5.77844 8.631
      vertex 60.172 -6.80772 5
      vertex 73.2776 -8.14538 24.4284
    endloop
  endfacet
  facet normal -0.651532 -0.611043 0.449593
    outer loop
      vertex 88.3166 0.580468 21.9298
      vertex 88.2804 0.622672 21.9347
      vertex 77.1785 0 5
    endloop
  endfacet
  facet normal -0.155477 -0.941733 0.29827
    outer loop
      vertex 36.6908 12.2439 5
      vertex 36.8739 15.9006 16.6408
      vertex 35.8307 12.3859 5
    endloop
  endfacet
  facet normal -0.15535 -0.941753 0.298274
    outer loop
      vertex 36.8739 15.9006 16.6408
      vertex 36.6908 12.2439 5
      vertex 37.3906 15.8376 16.711
    endloop
  endfacet
  facet normal 0.0386409 0.953697 0.298277
    outer loop
      vertex 6.38072 -17.2161 14.0783
      vertex 8.16319 -14.449 5
      vertex 0.403597 -16.951 14.005
    endloop
  endfacet
  facet normal 0.0386399 0.953697 0.298277
    outer loop
      vertex 8.16319 -14.449 5
      vertex 6.38072 -17.2161 14.0783
      vertex 8.05837 -17.3034 14.1401
    endloop
  endfacet
  facet normal -0.336246 -0.893293 0.298272
    outer loop
      vertex 60.172 6.80772 5
      vertex 61.0452 11.917 21.2861
      vertex 59.4085 7.09511 5
    endloop
  endfacet
  facet normal -0.336074 -0.893354 0.298282
    outer loop
      vertex 61.0452 11.917 21.2861
      vertex 60.172 6.80772 5
      vertex 61.383 11.8167 21.3663
    endloop
  endfacet
  facet normal -0.209263 -0.931258 0.298275
    outer loop
      vertex 36.6908 12.2439 5
      vertex 38.1499 15.7 16.8141
      vertex 37.3906 15.8376 16.711
    endloop
  endfacet
  facet normal -0.209258 -0.931259 0.298275
    outer loop
      vertex 36.6908 12.2439 5
      vertex 44.4501 14.609 17.8278
      vertex 38.1499 15.7 16.8141
    endloop
  endfacet
  facet normal -0.209253 -0.931261 0.298273
    outer loop
      vertex 58.0842 7.43683 5
      vertex 44.4501 14.609 17.8278
      vertex 36.6908 12.2439 5
    endloop
  endfacet
  facet normal -0.209247 -0.93126 0.298279
    outer loop
      vertex 44.4501 14.609 17.8278
      vertex 58.0842 7.43683 5
      vertex 48.7722 13.8956 18.6325
    endloop
  endfacet
  facet normal -0.216661 -0.929565 0.298273
    outer loop
      vertex 59.8543 12.1593 21.0033
      vertex 59.19 12.2635 20.8455
      vertex 58.0842 7.43683 5
    endloop
  endfacet
  facet normal -0.401878 0.865753 0.298271
    outer loop
      vertex 77.1785 0 5
      vertex 78.9582 -5.50515 23.377
      vertex 79.1764 -5.39177 23.3419
    endloop
  endfacet
  facet normal -0.401778 0.865798 0.298275
    outer loop
      vertex 78.9582 -5.50515 23.377
      vertex 77.1785 0 5
      vertex 76.5649 -0.284744 5
    endloop
  endfacet
  facet normal 0.336262 -0.893286 0.298275
    outer loop
      vertex -67.454 2.30298 5
      vertex -69.6124 7.66635 23.4957
      vertex -69.669 7.65052 23.5121
    endloop
  endfacet
  facet normal 0.336216 -0.893303 0.298275
    outer loop
      vertex -69.6124 7.66635 23.4957
      vertex -67.454 2.30298 5
      vertex -67.3012 2.36049 5
    endloop
  endfacet
  facet normal 0.575419 -0.739655 0.349003
    outer loop
      vertex -71.832 0 5
      vertex -82.7408 2.14402 27.5298
      vertex -86.2235 0 28.728
    endloop
  endfacet
  facet normal 0.446382 0.843664 0.298284
    outer loop
      vertex -81.5573 -2.67601 27.1227
      vertex -71.832 0 5
      vertex -82.0425 -2.4783 27.2896
    endloop
  endfacet
  facet normal 0.446358 0.84368 0.298276
    outer loop
      vertex -75.474 -5.2131 25.1955
      vertex -71.832 0 5
      vertex -81.5573 -2.67601 27.1227
    endloop
  endfacet
  facet normal 0.446358 0.84368 0.298276
    outer loop
      vertex -71.832 0 5
      vertex -75.474 -5.2131 25.1955
      vertex -71.6742 -6.83386 24.0936
    endloop
  endfacet
  facet normal 0.548232 0.764876 0.338239
    outer loop
      vertex -82.5224 -2.26735 27.4547
      vertex -71.832 0 5
      vertex -82.7408 -2.14402 27.5298
    endloop
  endfacet
  facet normal -0.0936131 0.949879 0.298271
    outer loop
      vertex 35.011 -16.0425 16.3878
      vertex 35.6139 -16.0088 16.4697
      vertex 34.6926 -12.498 5
    endloop
  endfacet
  facet normal 0.548232 -0.764876 0.338239
    outer loop
      vertex -71.832 0 5
      vertex -82.5224 2.26735 27.4547
      vertex -82.7408 2.14402 27.5298
    endloop
  endfacet
  facet normal -0.336074 0.893354 0.298282
    outer loop
      vertex 60.172 -6.80772 5
      vertex 61.0452 -11.917 21.2861
      vertex 61.383 -11.8167 21.3663
    endloop
  endfacet
  facet normal -0.336246 0.893293 0.298272
    outer loop
      vertex 61.0452 -11.917 21.2861
      vertex 60.172 -6.80772 5
      vertex 59.4085 -7.09511 5
    endloop
  endfacet
  facet normal 0.1435 0.94363 0.298278
    outer loop
      vertex -42.6886 -9.46942 5
      vertex -26.8143 -15.1707 15.3995
      vertex -17.0463 -13.3689 5
    endloop
  endfacet
  facet normal 0.143504 0.943631 0.298272
    outer loop
      vertex -26.8143 -15.1707 15.3995
      vertex -42.6886 -9.46942 5
      vertex -31.8268 -14.5841 15.9553
    endloop
  endfacet
  facet normal 0.143499 0.943631 0.298277
    outer loop
      vertex -31.8268 -14.5841 15.9553
      vertex -42.6886 -9.46942 5
      vertex -38.1499 -13.894 16.8141
    endloop
  endfacet
  facet normal 0.143502 0.943631 0.298275
    outer loop
      vertex -38.1499 -13.894 16.8141
      vertex -42.6886 -9.46942 5
      vertex -43.3072 -13.372 17.6439
    endloop
  endfacet
  facet normal 0.394131 -0.869306 0.298276
    outer loop
      vertex -67.6287 2.22383 5
      vertex -70.1345 7.48592 23.6471
      vertex -70.1986 7.46324 23.6657
    endloop
  endfacet
  facet normal 0.393898 -0.869412 0.298274
    outer loop
      vertex -70.1345 7.48592 23.6471
      vertex -67.6287 2.22383 5
      vertex -67.454 2.30298 5
    endloop
  endfacet
  facet normal -0.0312967 0.95397 0.298265
    outer loop
      vertex 10.5633 -14.458 5
      vertex 9.49998 -17.3672 14.1932
      vertex 10.2229 -17.3518 14.2198
    endloop
  endfacet
  facet normal -0.0312212 0.95397 0.298274
    outer loop
      vertex 9.49998 -17.3672 14.1932
      vertex 10.5633 -14.458 5
      vertex 9.49998 -14.4928 5
    endloop
  endfacet
  facet normal -0.0312233 0.953971 0.298268
    outer loop
      vertex 10.7275 -17.3411 14.2384
      vertex 10.5633 -14.458 5
      vertex 10.2229 -17.3518 14.2198
    endloop
  endfacet
  facet normal -0.0772747 -0.951347 0.298273
    outer loop
      vertex 12.7576 17.1997 14.3132
      vertex 10.5633 14.458 5
      vertex 18.9562 16.8156 14.694
    endloop
  endfacet
  facet normal -0.0772531 -0.951351 0.298269
    outer loop
      vertex 10.5633 14.458 5
      vertex 12.7576 17.1997 14.3132
      vertex 10.7275 17.3411 14.2384
    endloop
  endfacet
  facet normal 0.216753 -0.929543 0.298276
    outer loop
      vertex -44.3048 9.15814 5
      vertex -44.4501 13.2405 17.8278
      vertex -44.799 13.18 17.8928
    endloop
  endfacet
  facet normal 0.216452 -0.929607 0.298293
    outer loop
      vertex -44.3048 9.15814 5
      vertex -44.4342 13.2434 17.8253
      vertex -44.4501 13.2405 17.8278
    endloop
  endfacet
  facet normal 0.216747 -0.929544 0.298276
    outer loop
      vertex -44.4342 13.2434 17.8253
      vertex -44.3048 9.15814 5
      vertex -43.6519 9.31038 5
    endloop
  endfacet
  facet normal 0.393922 -0.869401 0.298275
    outer loop
      vertex -67.454 2.30298 5
      vertex -69.669 7.65052 23.5121
      vertex -70.1345 7.48592 23.6471
    endloop
  endfacet
  facet normal 0.143489 -0.943632 0.298279
    outer loop
      vertex -19.1268 16.1201 14.7045
      vertex -17.0463 13.3689 5
      vertex -17.4192 16.3466 14.5996
    endloop
  endfacet
  facet normal 0.143505 -0.943628 0.298281
    outer loop
      vertex -25.4845 15.3263 15.252
      vertex -17.0463 13.3689 5
      vertex -19.1268 16.1201 14.7045
    endloop
  endfacet
  facet normal 0.143499 -0.943631 0.298277
    outer loop
      vertex -17.0463 13.3689 5
      vertex -25.4845 15.3263 15.252
      vertex -26.8143 15.1707 15.3995
    endloop
  endfacet
  facet normal -0.0936131 -0.949879 0.298271
    outer loop
      vertex 35.6139 16.0088 16.4697
      vertex 35.011 16.0425 16.3878
      vertex 34.6926 12.498 5
    endloop
  endfacet
  facet normal -0.0774742 -0.951282 0.29843
    outer loop
      vertex 10.5633 14.458 5
      vertex 19.1268 16.805 14.7045
      vertex 18.9562 16.8156 14.694
    endloop
  endfacet
  facet normal -0.0772771 -0.951348 0.298271
    outer loop
      vertex 34.6926 12.498 5
      vertex 19.1268 16.805 14.7045
      vertex 10.5633 14.458 5
    endloop
  endfacet
  facet normal -0.0772805 -0.951349 0.298267
    outer loop
      vertex 19.1268 16.805 14.7045
      vertex 34.6926 12.498 5
      vertex 25.4845 16.4602 15.252
    endloop
  endfacet
  facet normal -0.0772663 -0.951346 0.298278
    outer loop
      vertex 25.4845 16.4602 15.252
      vertex 34.6926 12.498 5
      vertex 31.8268 16.1656 15.9553
    endloop
  endfacet
  facet normal -0.077292 -0.951346 0.298272
    outer loop
      vertex 31.8268 16.1656 15.9553
      vertex 34.6926 12.498 5
      vertex 35.011 16.0425 16.3878
    endloop
  endfacet
  facet normal 0.393922 0.869401 0.298275
    outer loop
      vertex -69.669 -7.65052 23.5121
      vertex -67.454 -2.30298 5
      vertex -70.1345 -7.48592 23.6471
    endloop
  endfacet
  facet normal 0.0936159 0.949877 0.298279
    outer loop
      vertex -16.9159 -16.3865 14.5687
      vertex -17.0463 -13.3689 5
      vertex -17.4192 -16.3466 14.5996
    endloop
  endfacet
  facet normal 0.0935856 0.949879 0.29828
    outer loop
      vertex -17.0463 -13.3689 5
      vertex -16.2366 -16.4403 14.5269
      vertex -16.0303 -13.469 5
    endloop
  endfacet
  facet normal 0.093584 0.949879 0.29828
    outer loop
      vertex -16.2366 -16.4403 14.5269
      vertex -17.0463 -13.3689 5
      vertex -16.9159 -16.3865 14.5687
    endloop
  endfacet
  facet normal -0.401789 -0.865791 0.298283
    outer loop
      vertex 85.9809 1.85701 22.247
      vertex 77.1785 0 5
      vertex 88.0562 0.796837 21.9652
    endloop
  endfacet
  facet normal -0.401768 -0.865803 0.298274
    outer loop
      vertex 77.1785 0 5
      vertex 85.9809 1.85701 22.247
      vertex 79.1764 5.39177 23.3419
    endloop
  endfacet
  facet normal 0.277125 -0.913364 0.298275
    outer loop
      vertex -66.7689 2.52197 5
      vertex -68.3969 7.96117 23.1682
      vertex -68.948 7.84141 23.3135
    endloop
  endfacet
  facet normal 0.155479 0.941732 0.298275
    outer loop
      vertex -43.6519 -9.31038 5
      vertex -43.8917 -13.3053 17.738
      vertex -42.6886 -9.46942 5
    endloop
  endfacet
  facet normal 0.155452 0.941736 0.298276
    outer loop
      vertex -43.8917 -13.3053 17.738
      vertex -43.6519 -9.31038 5
      vertex -44.4342 -13.2434 17.8253
    endloop
  endfacet
  facet normal -0.393881 -0.869419 0.298275
    outer loop
      vertex 78.7114 5.63058 23.4167
      vertex 76.5649 0.284744 5
      vertex 78.9582 5.50515 23.377
    endloop
  endfacet
  facet normal -0.393852 -0.869432 0.298275
    outer loop
      vertex 76.5649 0.284744 5
      vertex 78.7114 5.63058 23.4167
      vertex 78.5092 5.73511 23.4544
    endloop
  endfacet
  facet normal -0.393939 -0.869393 0.298276
    outer loop
      vertex 76.5649 0.284744 5
      vertex 78.3397 5.82278 23.4859
      vertex 76.0821 0.50351 5
    endloop
  endfacet
  facet normal -0.394187 -0.869283 0.298267
    outer loop
      vertex 78.3397 5.82278 23.4859
      vertex 76.5649 0.284744 5
      vertex 78.5092 5.73511 23.4544
    endloop
  endfacet
  facet normal -0.336319 0.893265 0.298273
    outer loop
      vertex 61.383 -11.8167 21.3663
      vertex 62.0321 -11.6238 21.5205
      vertex 60.172 -6.80772 5
    endloop
  endfacet
  facet normal -0.216722 0.92955 0.298276
    outer loop
      vertex 58.9393 -7.23746 5
      vertex 59.8543 -12.1593 21.0033
      vertex 60.2417 -12.0985 21.0953
    endloop
  endfacet
  facet normal -0.216728 0.929549 0.298276
    outer loop
      vertex 59.8543 -12.1593 21.0033
      vertex 58.9393 -7.23746 5
      vertex 58.0842 -7.43683 5
    endloop
  endfacet
  facet normal 0.446348 -0.843685 0.298277
    outer loop
      vertex -71.832 0 5
      vertex -70.1986 7.46324 23.6657
      vertex -71.6742 6.83386 24.0936
    endloop
  endfacet
  facet normal 0.446363 -0.843678 0.298274
    outer loop
      vertex -70.1986 7.46324 23.6657
      vertex -71.832 0 5
      vertex -67.6287 2.22383 5
    endloop
  endfacet
  facet normal -0.15535 0.941753 0.298274
    outer loop
      vertex 36.6908 -12.2439 5
      vertex 36.8739 -15.9006 16.6408
      vertex 37.3906 -15.8376 16.711
    endloop
  endfacet
  facet normal -0.155477 0.941733 0.29827
    outer loop
      vertex 36.8739 -15.9006 16.6408
      vertex 36.6908 -12.2439 5
      vertex 35.8307 -12.3859 5
    endloop
  endfacet
  facet normal -0.651532 0.611043 0.449593
    outer loop
      vertex 88.2804 -0.622672 21.9347
      vertex 88.3166 -0.580468 21.9298
      vertex 77.1785 0 5
    endloop
  endfacet
  facet normal -0.209247 0.93126 0.298279
    outer loop
      vertex 58.0842 -7.43683 5
      vertex 44.4501 -14.609 17.8278
      vertex 48.7722 -13.8956 18.6325
    endloop
  endfacet
  facet normal -0.209253 0.931261 0.298273
    outer loop
      vertex 36.6908 -12.2439 5
      vertex 44.4501 -14.609 17.8278
      vertex 58.0842 -7.43683 5
    endloop
  endfacet
  facet normal -0.209258 0.931259 0.298275
    outer loop
      vertex 44.4501 -14.609 17.8278
      vertex 36.6908 -12.2439 5
      vertex 38.1499 -15.7 16.8141
    endloop
  endfacet
  facet normal -0.209263 0.931258 0.298275
    outer loop
      vertex 38.1499 -15.7 16.8141
      vertex 36.6908 -12.2439 5
      vertex 37.3906 -15.8376 16.711
    endloop
  endfacet
  facet normal -0.209256 0.93126 0.298273
    outer loop
      vertex 50.7235 -13.5735 18.9958
      vertex 58.0842 -7.43683 5
      vertex 48.7722 -13.8956 18.6325
    endloop
  endfacet
  facet normal -0.209246 0.931261 0.298278
    outer loop
      vertex 56.9663 -12.5941 20.3174
      vertex 58.0842 -7.43683 5
      vertex 50.7235 -13.5735 18.9958
    endloop
  endfacet
  facet normal -0.209286 0.931253 0.298273
    outer loop
      vertex 58.0842 -7.43683 5
      vertex 56.9663 -12.5941 20.3174
      vertex 59.19 -12.2635 20.8455
    endloop
  endfacet
  facet normal 0.270405 0.915376 0.298276
    outer loop
      vertex -63.1748 -9.05533 21.7919
      vertex -66.7689 -2.52197 5
      vertex -68.3969 -7.96117 23.1682
    endloop
  endfacet
  facet normal 0.270422 0.915372 0.298271
    outer loop
      vertex -56.9663 -10.409 20.3174
      vertex -66.7689 -2.52197 5
      vertex -63.1748 -9.05533 21.7919
    endloop
  endfacet
  facet normal 0.270374 0.915376 0.298303
    outer loop
      vertex -66.7689 -2.52197 5
      vertex -56.9663 -10.409 20.3174
      vertex -56.1629 -10.5909 20.1474
    endloop
  endfacet
  facet normal 0.143499 0.943631 0.298277
    outer loop
      vertex -25.4845 -15.3263 15.252
      vertex -17.0463 -13.3689 5
      vertex -26.8143 -15.1707 15.3995
    endloop
  endfacet
  facet normal 0.143505 0.943628 0.298281
    outer loop
      vertex -19.1268 -16.1201 14.7045
      vertex -17.0463 -13.3689 5
      vertex -25.4845 -15.3263 15.252
    endloop
  endfacet
  facet normal 0.143489 0.943632 0.298279
    outer loop
      vertex -17.0463 -13.3689 5
      vertex -19.1268 -16.1201 14.7045
      vertex -17.4192 -16.3466 14.5996
    endloop
  endfacet
  facet normal 0.270374 -0.915376 0.298303
    outer loop
      vertex -56.9663 10.409 20.3174
      vertex -66.7689 2.52197 5
      vertex -56.1629 10.5909 20.1474
    endloop
  endfacet
  facet normal 0.270422 -0.915372 0.298271
    outer loop
      vertex -63.1748 9.05533 21.7919
      vertex -66.7689 2.52197 5
      vertex -56.9663 10.409 20.3174
    endloop
  endfacet
  facet normal 0.270405 -0.915376 0.298276
    outer loop
      vertex -66.7689 2.52197 5
      vertex -63.1748 9.05533 21.7919
      vertex -68.3969 7.96117 23.1682
    endloop
  endfacet
  facet normal 0.27041 -0.915374 0.298277
    outer loop
      vertex -66.7689 2.52197 5
      vertex -50.7235 11.8225 18.9958
      vertex -56.1629 10.5909 20.1474
    endloop
  endfacet
  facet normal 0.270413 -0.915374 0.298274
    outer loop
      vertex -44.3048 9.15814 5
      vertex -50.7235 11.8225 18.9958
      vertex -66.7689 2.52197 5
    endloop
  endfacet
  facet normal 0.270409 -0.915376 0.298273
    outer loop
      vertex -50.7235 11.8225 18.9958
      vertex -44.3048 9.15814 5
      vertex -45.3419 13.0858 17.9939
    endloop
  endfacet
  facet normal 0.336144 -0.89333 0.298275
    outer loop
      vertex -69.3453 7.741 23.4182
      vertex -67.3012 2.36049 5
      vertex -69.1471 7.79815 23.366
    endloop
  endfacet
  facet normal 0.33621 -0.893306 0.298275
    outer loop
      vertex -67.3012 2.36049 5
      vertex -69.3453 7.741 23.4182
      vertex -69.6124 7.66635 23.4957
    endloop
  endfacet
  facet normal 0.0386399 -0.953697 0.298277
    outer loop
      vertex 6.38072 17.2161 14.0783
      vertex 8.16319 14.449 5
      vertex 8.05837 17.3034 14.1401
    endloop
  endfacet
  facet normal 0.0386409 -0.953697 0.298277
    outer loop
      vertex 8.16319 14.449 5
      vertex 6.38072 17.2161 14.0783
      vertex 0.403597 16.951 14.005
    endloop
  endfacet
  facet normal -0.0312969 -0.953967 0.298273
    outer loop
      vertex 9.49998 14.4928 5
      vertex 10.2229 17.3518 14.2198
      vertex 9.49998 17.3672 14.1932
    endloop
  endfacet
  facet normal -0.0312213 -0.953971 0.298268
    outer loop
      vertex 10.2229 17.3518 14.2198
      vertex 9.49998 14.4928 5
      vertex 10.5633 14.458 5
    endloop
  endfacet
  facet normal -0.814676 0.190863 0.547608
    outer loop
      vertex 88.4893 -0.227587 21.9064
      vertex 88.5013 -0.171489 21.9047
      vertex 77.1785 0 5
    endloop
  endfacet
  facet normal -0.277106 -0.91337 0.298276
    outer loop
      vertex 59.4085 7.09511 5
      vertex 60.8355 11.9644 21.2363
      vertex 58.9393 7.23746 5
    endloop
  endfacet
  facet normal -0.277279 -0.913317 0.298275
    outer loop
      vertex 60.8355 11.9644 21.2363
      vertex 59.4085 7.09511 5
      vertex 61.0452 11.917 21.2861
    endloop
  endfacet
  facet normal 0.270409 0.915376 0.298273
    outer loop
      vertex -44.3048 -9.15814 5
      vertex -50.7235 -11.8225 18.9958
      vertex -45.3419 -13.0858 17.9939
    endloop
  endfacet
  facet normal 0.270413 0.915374 0.298274
    outer loop
      vertex -66.7689 -2.52197 5
      vertex -50.7235 -11.8225 18.9958
      vertex -44.3048 -9.15814 5
    endloop
  endfacet
  facet normal 0.27041 0.915374 0.298277
    outer loop
      vertex -50.7235 -11.8225 18.9958
      vertex -66.7689 -2.52197 5
      vertex -56.1629 -10.5909 20.1474
    endloop
  endfacet
  facet normal -0.155571 -0.941717 0.298274
    outer loop
      vertex 36.8739 15.9006 16.6408
      vertex 36.3026 15.9704 16.5632
      vertex 35.8307 12.3859 5
    endloop
  endfacet
  facet normal -0.710484 -0.5098 0.485094
    outer loop
      vertex 88.3809 0.488823 21.9211
      vertex 88.3501 0.535744 21.9253
      vertex 77.1785 0 5
    endloop
  endfacet
  facet normal 0.277125 0.913364 0.298275
    outer loop
      vertex -68.3969 -7.96117 23.1682
      vertex -66.7689 -2.52197 5
      vertex -68.948 -7.84141 23.3135
    endloop
  endfacet
  facet normal -0.216728 -0.929549 0.298276
    outer loop
      vertex 58.9393 7.23746 5
      vertex 59.8543 12.1593 21.0033
      vertex 58.0842 7.43683 5
    endloop
  endfacet
  facet normal -0.216722 -0.92955 0.298276
    outer loop
      vertex 59.8543 12.1593 21.0033
      vertex 58.9393 7.23746 5
      vertex 60.2417 12.0985 21.0953
    endloop
  endfacet
  facet normal 0.393898 0.869412 0.298274
    outer loop
      vertex -67.6287 -2.22383 5
      vertex -70.1345 -7.48592 23.6471
      vertex -67.454 -2.30298 5
    endloop
  endfacet
  facet normal 0.394131 0.869306 0.298276
    outer loop
      vertex -70.1345 -7.48592 23.6471
      vertex -67.6287 -2.22383 5
      vertex -70.1986 -7.46324 23.6657
    endloop
  endfacet
  facet normal -0.822566 -0.135345 0.552329
    outer loop
      vertex 88.5099 0.114733 21.9036
      vertex 88.5013 0.171489 21.9047
      vertex 77.1785 0 5
    endloop
  endfacet
  facet normal -0.401768 0.865803 0.298274
    outer loop
      vertex 85.9809 -1.85701 22.247
      vertex 77.1785 0 5
      vertex 79.1764 -5.39177 23.3419
    endloop
  endfacet
  facet normal -0.401789 0.865791 0.298283
    outer loop
      vertex 77.1785 0 5
      vertex 85.9809 -1.85701 22.247
      vertex 88.0562 -0.796837 21.9652
    endloop
  endfacet
  facet normal 0.446358 -0.84368 0.298276
    outer loop
      vertex -75.474 5.2131 25.1955
      vertex -71.832 0 5
      vertex -71.6742 6.83386 24.0936
    endloop
  endfacet
  facet normal 0.446358 -0.84368 0.298276
    outer loop
      vertex -81.5573 2.67601 27.1227
      vertex -71.832 0 5
      vertex -75.474 5.2131 25.1955
    endloop
  endfacet
  facet normal 0.446382 -0.843664 0.298284
    outer loop
      vertex -71.832 0 5
      vertex -81.5573 2.67601 27.1227
      vertex -82.0425 2.4783 27.2896
    endloop
  endfacet
  facet normal 0.33621 0.893306 0.298275
    outer loop
      vertex -69.3453 -7.741 23.4182
      vertex -67.3012 -2.36049 5
      vertex -69.6124 -7.66635 23.4957
    endloop
  endfacet
  facet normal 0.336144 0.89333 0.298275
    outer loop
      vertex -67.3012 -2.36049 5
      vertex -69.3453 -7.741 23.4182
      vertex -69.1471 -7.79815 23.366
    endloop
  endfacet
  facet normal 0.449814 0.841372 0.299602
    outer loop
      vertex -82.0425 -2.4783 27.2896
      vertex -71.832 0 5
      vertex -82.3415 -2.35509 27.3925
    endloop
  endfacet
  facet normal -0.209286 -0.931253 0.298273
    outer loop
      vertex 56.9663 12.5941 20.3174
      vertex 58.0842 7.43683 5
      vertex 59.19 12.2635 20.8455
    endloop
  endfacet
  facet normal -0.209246 -0.931261 0.298278
    outer loop
      vertex 50.7235 13.5735 18.9958
      vertex 58.0842 7.43683 5
      vertex 56.9663 12.5941 20.3174
    endloop
  endfacet
  facet normal -0.209256 -0.93126 0.298273
    outer loop
      vertex 58.0842 7.43683 5
      vertex 50.7235 13.5735 18.9958
      vertex 48.7722 13.8956 18.6325
    endloop
  endfacet
  facet normal 0.093584 -0.949879 0.29828
    outer loop
      vertex -17.0463 13.3689 5
      vertex -16.2366 16.4403 14.5269
      vertex -16.9159 16.3865 14.5687
    endloop
  endfacet
  facet normal 0.0935856 -0.949879 0.29828
    outer loop
      vertex -16.2366 16.4403 14.5269
      vertex -17.0463 13.3689 5
      vertex -16.0303 13.469 5
    endloop
  endfacet
  facet normal 0.0386312 -0.953697 0.298278
    outer loop
      vertex 8.16319 14.449 5
      vertex -6.38072 16.6992 14.0783
      vertex -16.0303 13.469 5
    endloop
  endfacet
  facet normal 0.03864 -0.953699 0.298269
    outer loop
      vertex -12.7576 16.5143 14.3132
      vertex -16.0303 13.469 5
      vertex -6.38072 16.6992 14.0783
    endloop
  endfacet
  facet normal 0.0386077 -0.953697 0.29828
    outer loop
      vertex -16.0303 13.469 5
      vertex -12.7576 16.5143 14.3132
      vertex -16.2366 16.4403 14.5269
    endloop
  endfacet
  facet normal 0.0386352 -0.953695 0.298284
    outer loop
      vertex -6.38072 16.6992 14.0783
      vertex 8.16319 14.449 5
      vertex 0 16.9332 14
    endloop
  endfacet
  facet normal 0.038372 -0.953773 0.298067
    outer loop
      vertex 0 16.9332 14
      vertex 8.16319 14.449 5
      vertex 0.403597 16.951 14.005
    endloop
  endfacet
  facet normal 0.155452 -0.941736 0.298276
    outer loop
      vertex -43.6519 9.31038 5
      vertex -43.8917 13.3053 17.738
      vertex -44.4342 13.2434 17.8253
    endloop
  endfacet
  facet normal 0.155479 -0.941732 0.298275
    outer loop
      vertex -43.8917 13.3053 17.738
      vertex -43.6519 9.31038 5
      vertex -42.6886 9.46942 5
    endloop
  endfacet
  facet normal 0.0936159 -0.949877 0.298279
    outer loop
      vertex -17.0463 13.3689 5
      vertex -16.9159 16.3865 14.5687
      vertex -17.4192 16.3466 14.5996
    endloop
  endfacet
  facet normal -0.0935613 -0.949885 0.298269
    outer loop
      vertex 35.8307 12.3859 5
      vertex 35.6139 16.0088 16.4697
      vertex 34.6926 12.498 5
    endloop
  endfacet
  facet normal -0.093458 -0.949894 0.298274
    outer loop
      vertex 35.6139 16.0088 16.4697
      vertex 35.8307 12.3859 5
      vertex 36.3026 15.9704 16.5632
    endloop
  endfacet
  facet normal 0.336216 0.893303 0.298275
    outer loop
      vertex -67.454 -2.30298 5
      vertex -69.6124 -7.66635 23.4957
      vertex -67.3012 -2.36049 5
    endloop
  endfacet
  facet normal 0.336262 0.893286 0.298275
    outer loop
      vertex -69.6124 -7.66635 23.4957
      vertex -67.454 -2.30298 5
      vertex -69.669 -7.65052 23.5121
    endloop
  endfacet
  facet normal -0.775747 0.351194 0.52429
    outer loop
      vertex 88.4337 -0.388966 21.9139
      vertex 88.4555 -0.336483 21.911
      vertex 77.1785 0 5
    endloop
  endfacet
  facet normal -0.393852 0.869432 0.298275
    outer loop
      vertex 78.7114 -5.63058 23.4167
      vertex 76.5649 -0.284744 5
      vertex 78.5092 -5.73511 23.4544
    endloop
  endfacet
  facet normal -0.393881 0.869419 0.298275
    outer loop
      vertex 76.5649 -0.284744 5
      vertex 78.7114 -5.63058 23.4167
      vertex 78.9582 -5.50515 23.377
    endloop
  endfacet
  facet normal -0.277279 0.913317 0.298275
    outer loop
      vertex 59.4085 -7.09511 5
      vertex 60.8355 -11.9644 21.2363
      vertex 61.0452 -11.917 21.2861
    endloop
  endfacet
  facet normal -0.277106 0.91337 0.298276
    outer loop
      vertex 60.8355 -11.9644 21.2363
      vertex 59.4085 -7.09511 5
      vertex 58.9393 -7.23746 5
    endloop
  endfacet
  facet normal 0 0 1
    outer loop
      vertex 60.172 6.80772 5
      vertex 59.8811 6 5
      vertex 62.3144 5.95883 5
    endloop
  endfacet
  facet normal 0 0 1
    outer loop
      vertex 59.4085 7.09511 5
      vertex 59.8811 6 5
      vertex 60.172 6.80772 5
    endloop
  endfacet
  facet normal 0 0 1
    outer loop
      vertex 58.1189 6 5
      vertex 59.4085 7.09511 5
      vertex 58.9393 7.23746 5
    endloop
  endfacet
  facet normal 0 0 1
    outer loop
      vertex 59.4085 7.09511 5
      vertex 58.1189 6 5
      vertex 59.8811 6 5
    endloop
  endfacet
  facet normal 0 0 1
    outer loop
      vertex 41.8978 1.45624 5
      vertex 58.1189 6 5
      vertex 58.0842 7.43683 5
    endloop
  endfacet
  facet normal 0 0 1
    outer loop
      vertex 58.0842 7.43683 5
      vertex 58.1189 6 5
      vertex 58.9393 7.23746 5
    endloop
  endfacet
  facet normal -0 0 1
    outer loop
      vertex 59.8811 -6 5
      vertex 60.172 -6.80772 5
      vertex 62.3144 -5.95883 5
    endloop
  endfacet
  facet normal 0 0 1
    outer loop
      vertex 59.8811 -6 5
      vertex 59.4085 -7.09511 5
      vertex 60.172 -6.80772 5
    endloop
  endfacet
  facet normal -0 0 1
    outer loop
      vertex 58.1189 -6 5
      vertex 59.4085 -7.09511 5
      vertex 59.8811 -6 5
    endloop
  endfacet
  facet normal 0 0 1
    outer loop
      vertex 59.4085 -7.09511 5
      vertex 58.1189 -6 5
      vertex 58.9393 -7.23746 5
    endloop
  endfacet
  facet normal 0 0 1
    outer loop
      vertex 58.1189 -6 5
      vertex 58.0842 -7.43683 5
      vertex 58.9393 -7.23746 5
    endloop
  endfacet
  facet normal 0 0 1
    outer loop
      vertex 58.1189 6 5
      vertex 42.3921 0 5
      vertex 58.1189 -6 5
    endloop
  endfacet
  facet normal -0 0 1
    outer loop
      vertex 42.3799 -0.186192 5
      vertex 58.1189 -6 5
      vertex 42.3921 0 5
    endloop
  endfacet
  facet normal 0 0 1
    outer loop
      vertex 58.1189 6 5
      vertex 42.3799 0.186192 5
      vertex 42.3921 0 5
    endloop
  endfacet
  facet normal 0 0 1
    outer loop
      vertex 58.1189 6 5
      vertex 42.3717 0.312236 5
      vertex 42.3799 0.186192 5
    endloop
  endfacet
  facet normal 0 0 1
    outer loop
      vertex 58.1189 6 5
      vertex 42.347 0.436123 5
      vertex 42.3717 0.312236 5
    endloop
  endfacet
  facet normal 0 0 1
    outer loop
      vertex 58.1189 6 5
      vertex 42.3106 0.619129 5
      vertex 42.347 0.436123 5
    endloop
  endfacet
  facet normal 0 0 1
    outer loop
      vertex 58.1189 6 5
      vertex 42.2506 0.795819 5
      vertex 42.3106 0.619129 5
    endloop
  endfacet
  facet normal 0 0 1
    outer loop
      vertex 58.1189 6 5
      vertex 42.21 0.915429 5
      vertex 42.2506 0.795819 5
    endloop
  endfacet
  facet normal 0 0 1
    outer loop
      vertex 58.1189 6 5
      vertex 42.1275 1.08278 5
      vertex 42.21 0.915429 5
    endloop
  endfacet
  facet normal 0 0 1
    outer loop
      vertex 58.1189 6 5
      vertex 42.0716 1.19607 5
      vertex 42.1275 1.08278 5
    endloop
  endfacet
  facet normal 0 0 1
    outer loop
      vertex 58.1189 6 5
      vertex 42.0015 1.30109 5
      vertex 42.0716 1.19607 5
    endloop
  endfacet
  facet normal 0 0 1
    outer loop
      vertex 58.1189 6 5
      vertex 41.8978 1.45624 5
      vertex 42.0015 1.30109 5
    endloop
  endfacet
  facet normal 0 0 1
    outer loop
      vertex 58.0842 7.43683 5
      vertex 41.7748 1.59652 5
      vertex 41.8978 1.45624 5
    endloop
  endfacet
  facet normal 0 0 1
    outer loop
      vertex 58.0842 7.43683 5
      vertex 41.6915 1.69149 5
      vertex 41.7748 1.59652 5
    endloop
  endfacet
  facet normal 0 0 1
    outer loop
      vertex 58.0842 7.43683 5
      vertex 41.5965 1.77478 5
      vertex 41.6915 1.69149 5
    endloop
  endfacet
  facet normal 0 0 1
    outer loop
      vertex 58.0842 7.43683 5
      vertex 41.4562 1.89781 5
      vertex 41.5965 1.77478 5
    endloop
  endfacet
  facet normal 0 0 1
    outer loop
      vertex 36.6908 12.2439 5
      vertex 41.4562 1.89781 5
      vertex 58.0842 7.43683 5
    endloop
  endfacet
  facet normal 0 0 1
    outer loop
      vertex 41.4562 1.89781 5
      vertex 36.6908 12.2439 5
      vertex 41.3011 2.00147 5
    endloop
  endfacet
  facet normal 0 0 1
    outer loop
      vertex 41.3011 2.00147 5
      vertex 36.6908 12.2439 5
      vertex 41.1961 2.07165 5
    endloop
  endfacet
  facet normal 0 0 1
    outer loop
      vertex 41.1961 2.07165 5
      vertex 36.6908 12.2439 5
      vertex 41.0828 2.12751 5
    endloop
  endfacet
  facet normal 0 0 1
    outer loop
      vertex 41.0828 2.12751 5
      vertex 36.6908 12.2439 5
      vertex 40.9154 2.21004 5
    endloop
  endfacet
  facet normal 0 0 1
    outer loop
      vertex 40.9154 2.21004 5
      vertex 36.6908 12.2439 5
      vertex 40.7958 2.25064 5
    endloop
  endfacet
  facet normal 0 0 1
    outer loop
      vertex 40.7958 2.25064 5
      vertex 36.6908 12.2439 5
      vertex 40.6191 2.31062 5
    endloop
  endfacet
  facet normal 0 0 1
    outer loop
      vertex 40.6191 2.31062 5
      vertex 36.6908 12.2439 5
      vertex 40.4361 2.34702 5
    endloop
  endfacet
  facet normal 0 0 1
    outer loop
      vertex 40.4361 2.34702 5
      vertex 36.6908 12.2439 5
      vertex 40.3122 2.37167 5
    endloop
  endfacet
  facet normal 0 0 1
    outer loop
      vertex 40.3122 2.37167 5
      vertex 36.6908 12.2439 5
      vertex 40.1862 2.37993 5
    endloop
  endfacet
  facet normal 0 0 1
    outer loop
      vertex 40.1862 2.37993 5
      vertex 36.6908 12.2439 5
      vertex 40 2.39213 5
    endloop
  endfacet
  facet normal 0 0 1
    outer loop
      vertex 35.8307 12.3859 5
      vertex 40 2.39213 5
      vertex 36.6908 12.2439 5
    endloop
  endfacet
  facet normal 0 0 1
    outer loop
      vertex 34.6926 12.498 5
      vertex 40 2.39213 5
      vertex 35.8307 12.3859 5
    endloop
  endfacet
  facet normal 0 0 1
    outer loop
      vertex 10.5633 14.458 5
      vertex 40 2.39213 5
      vertex 34.6926 12.498 5
    endloop
  endfacet
  facet normal 0 0 1
    outer loop
      vertex 8.16319 14.449 5
      vertex 10.5633 14.458 5
      vertex 9.49998 14.4928 5
    endloop
  endfacet
  facet normal 0 0 1
    outer loop
      vertex 10.5633 14.458 5
      vertex 8.16319 14.449 5
      vertex 40 2.39213 5
    endloop
  endfacet
  facet normal 0 0 1
    outer loop
      vertex -40 2.39213 5
      vertex 8.16319 14.449 5
      vertex -16.0303 13.469 5
    endloop
  endfacet
  facet normal 0 0 1
    outer loop
      vertex -40 2.39213 5
      vertex -16.0303 13.469 5
      vertex -17.0463 13.3689 5
    endloop
  endfacet
  facet normal 0 0 1
    outer loop
      vertex 8.16319 14.449 5
      vertex -40 2.39213 5
      vertex 40 2.39213 5
    endloop
  endfacet
  facet normal -0 0 1
    outer loop
      vertex -42.6886 9.46942 5
      vertex -40 2.39213 5
      vertex -17.0463 13.3689 5
    endloop
  endfacet
  facet normal 0 0 1
    outer loop
      vertex -40 2.39213 5
      vertex -42.6886 9.46942 5
      vertex -40.1862 2.37993 5
    endloop
  endfacet
  facet normal 0 0 1
    outer loop
      vertex -40.1862 2.37993 5
      vertex -42.6886 9.46942 5
      vertex -40.3122 2.37167 5
    endloop
  endfacet
  facet normal 0 0 1
    outer loop
      vertex -40.3122 2.37167 5
      vertex -42.6886 9.46942 5
      vertex -40.4361 2.34702 5
    endloop
  endfacet
  facet normal 0 0 1
    outer loop
      vertex -40.4361 2.34702 5
      vertex -42.6886 9.46942 5
      vertex -40.6191 2.31062 5
    endloop
  endfacet
  facet normal 0 0 1
    outer loop
      vertex -40.6191 2.31062 5
      vertex -42.6886 9.46942 5
      vertex -40.7958 2.25064 5
    endloop
  endfacet
  facet normal 0 0 1
    outer loop
      vertex -44.3048 9.15814 5
      vertex -41.5965 1.77478 5
      vertex -41.4562 1.89781 5
    endloop
  endfacet
  facet normal 0 0 1
    outer loop
      vertex -44.3048 9.15814 5
      vertex -41.7748 1.59652 5
      vertex -41.6915 1.69149 5
    endloop
  endfacet
  facet normal 0 0 1
    outer loop
      vertex -44.3048 9.15814 5
      vertex -42.1275 1.08278 5
      vertex -42.0716 1.19607 5
    endloop
  endfacet
  facet normal 0 0 1
    outer loop
      vertex -44.3048 9.15814 5
      vertex -42.347 0.436123 5
      vertex -42.3106 0.619129 5
    endloop
  endfacet
  facet normal 0 0 1
    outer loop
      vertex -42.347 0.436123 5
      vertex -44.3048 9.15814 5
      vertex -42.3717 0.312236 5
    endloop
  endfacet
  facet normal 0 0 1
    outer loop
      vertex -42.2506 0.795819 5
      vertex -44.3048 9.15814 5
      vertex -42.3106 0.619129 5
    endloop
  endfacet
  facet normal 0 0 1
    outer loop
      vertex -42.21 0.915429 5
      vertex -44.3048 9.15814 5
      vertex -42.2506 0.795819 5
    endloop
  endfacet
  facet normal 0 0 1
    outer loop
      vertex -42.1275 1.08278 5
      vertex -44.3048 9.15814 5
      vertex -42.21 0.915429 5
    endloop
  endfacet
  facet normal 0 0 1
    outer loop
      vertex -42.0015 1.30109 5
      vertex -44.3048 9.15814 5
      vertex -42.0716 1.19607 5
    endloop
  endfacet
  facet normal 0 0 1
    outer loop
      vertex -41.8978 1.45624 5
      vertex -44.3048 9.15814 5
      vertex -42.0015 1.30109 5
    endloop
  endfacet
  facet normal 0 0 1
    outer loop
      vertex -41.7748 1.59652 5
      vertex -44.3048 9.15814 5
      vertex -41.8978 1.45624 5
    endloop
  endfacet
  facet normal 0 0 1
    outer loop
      vertex -41.5965 1.77478 5
      vertex -44.3048 9.15814 5
      vertex -41.6915 1.69149 5
    endloop
  endfacet
  facet normal 0 0 1
    outer loop
      vertex -41.3011 2.00147 5
      vertex -44.3048 9.15814 5
      vertex -41.4562 1.89781 5
    endloop
  endfacet
  facet normal 0 0 1
    outer loop
      vertex -41.1961 2.07165 5
      vertex -44.3048 9.15814 5
      vertex -41.3011 2.00147 5
    endloop
  endfacet
  facet normal -0 0 1
    outer loop
      vertex -44.3048 9.15814 5
      vertex -41.1961 2.07165 5
      vertex -43.6519 9.31038 5
    endloop
  endfacet
  facet normal 0 0 1
    outer loop
      vertex -41.0828 2.12751 5
      vertex -43.6519 9.31038 5
      vertex -41.1961 2.07165 5
    endloop
  endfacet
  facet normal 0 0 1
    outer loop
      vertex -40.9154 2.21004 5
      vertex -43.6519 9.31038 5
      vertex -41.0828 2.12751 5
    endloop
  endfacet
  facet normal -0 0 1
    outer loop
      vertex -43.6519 9.31038 5
      vertex -40.9154 2.21004 5
      vertex -42.6886 9.46942 5
    endloop
  endfacet
  facet normal 0 0 1
    outer loop
      vertex -40.7958 2.25064 5
      vertex -42.6886 9.46942 5
      vertex -40.9154 2.21004 5
    endloop
  endfacet
  facet normal -0 0 1
    outer loop
      vertex 42.3717 -0.312236 5
      vertex 58.1189 -6 5
      vertex 42.3799 -0.186192 5
    endloop
  endfacet
  facet normal -0 0 1
    outer loop
      vertex 42.347 -0.436123 5
      vertex 58.1189 -6 5
      vertex 42.3717 -0.312236 5
    endloop
  endfacet
  facet normal -0 0 1
    outer loop
      vertex 42.3106 -0.619129 5
      vertex 58.1189 -6 5
      vertex 42.347 -0.436123 5
    endloop
  endfacet
  facet normal -0 0 1
    outer loop
      vertex 42.2506 -0.795819 5
      vertex 58.1189 -6 5
      vertex 42.3106 -0.619129 5
    endloop
  endfacet
  facet normal -0 0 1
    outer loop
      vertex 42.21 -0.915429 5
      vertex 58.1189 -6 5
      vertex 42.2506 -0.795819 5
    endloop
  endfacet
  facet normal -0 0 1
    outer loop
      vertex 42.1275 -1.08278 5
      vertex 58.1189 -6 5
      vertex 42.21 -0.915429 5
    endloop
  endfacet
  facet normal -0 0 1
    outer loop
      vertex 42.0716 -1.19607 5
      vertex 58.1189 -6 5
      vertex 42.1275 -1.08278 5
    endloop
  endfacet
  facet normal -0 0 1
    outer loop
      vertex 42.0015 -1.30109 5
      vertex 58.1189 -6 5
      vertex 42.0716 -1.19607 5
    endloop
  endfacet
  facet normal -0 0 1
    outer loop
      vertex 41.8978 -1.45624 5
      vertex 58.1189 -6 5
      vertex 42.0015 -1.30109 5
    endloop
  endfacet
  facet normal 0 0 1
    outer loop
      vertex 58.1189 -6 5
      vertex 41.8978 -1.45624 5
      vertex 58.0842 -7.43683 5
    endloop
  endfacet
  facet normal -0 0 1
    outer loop
      vertex 41.7748 -1.59652 5
      vertex 58.0842 -7.43683 5
      vertex 41.8978 -1.45624 5
    endloop
  endfacet
  facet normal -0 0 1
    outer loop
      vertex 41.6915 -1.69149 5
      vertex 58.0842 -7.43683 5
      vertex 41.7748 -1.59652 5
    endloop
  endfacet
  facet normal -0 0 1
    outer loop
      vertex 41.5965 -1.77478 5
      vertex 58.0842 -7.43683 5
      vertex 41.6915 -1.69149 5
    endloop
  endfacet
  facet normal -0 0 1
    outer loop
      vertex 41.4562 -1.89781 5
      vertex 58.0842 -7.43683 5
      vertex 41.5965 -1.77478 5
    endloop
  endfacet
  facet normal 0 0 1
    outer loop
      vertex 36.6908 -12.2439 5
      vertex 41.4562 -1.89781 5
      vertex 41.3011 -2.00147 5
    endloop
  endfacet
  facet normal 0 0 1
    outer loop
      vertex 36.6908 -12.2439 5
      vertex 41.3011 -2.00147 5
      vertex 41.1961 -2.07165 5
    endloop
  endfacet
  facet normal 0 0 1
    outer loop
      vertex 36.6908 -12.2439 5
      vertex 41.1961 -2.07165 5
      vertex 41.0828 -2.12751 5
    endloop
  endfacet
  facet normal 0 0 1
    outer loop
      vertex 36.6908 -12.2439 5
      vertex 41.0828 -2.12751 5
      vertex 40.9154 -2.21004 5
    endloop
  endfacet
  facet normal 0 0 1
    outer loop
      vertex 36.6908 -12.2439 5
      vertex 40.9154 -2.21004 5
      vertex 40.7958 -2.25064 5
    endloop
  endfacet
  facet normal 0 0 1
    outer loop
      vertex 36.6908 -12.2439 5
      vertex 40.7958 -2.25064 5
      vertex 40.6191 -2.31062 5
    endloop
  endfacet
  facet normal 0 0 1
    outer loop
      vertex 36.6908 -12.2439 5
      vertex 40.6191 -2.31062 5
      vertex 40.4361 -2.34702 5
    endloop
  endfacet
  facet normal 0 0 1
    outer loop
      vertex 36.6908 -12.2439 5
      vertex 40.4361 -2.34702 5
      vertex 40.3122 -2.37167 5
    endloop
  endfacet
  facet normal 0 0 1
    outer loop
      vertex 36.6908 -12.2439 5
      vertex 40.3122 -2.37167 5
      vertex 40.1862 -2.37993 5
    endloop
  endfacet
  facet normal 0 0 1
    outer loop
      vertex 36.6908 -12.2439 5
      vertex 40.1862 -2.37993 5
      vertex 40 -2.39213 5
    endloop
  endfacet
  facet normal 0 0 1
    outer loop
      vertex 41.4562 -1.89781 5
      vertex 36.6908 -12.2439 5
      vertex 58.0842 -7.43683 5
    endloop
  endfacet
  facet normal 0 0 1
    outer loop
      vertex 40 -2.39213 5
      vertex 35.8307 -12.3859 5
      vertex 36.6908 -12.2439 5
    endloop
  endfacet
  facet normal 0 0 1
    outer loop
      vertex 40 -2.39213 5
      vertex 34.6926 -12.498 5
      vertex 35.8307 -12.3859 5
    endloop
  endfacet
  facet normal 0 0 1
    outer loop
      vertex 40 -2.39213 5
      vertex 10.5633 -14.458 5
      vertex 34.6926 -12.498 5
    endloop
  endfacet
  facet normal -0 0 1
    outer loop
      vertex 8.16319 -14.449 5
      vertex 10.5633 -14.458 5
      vertex 40 -2.39213 5
    endloop
  endfacet
  facet normal 0 0 1
    outer loop
      vertex 10.5633 -14.458 5
      vertex 8.16319 -14.449 5
      vertex 9.49998 -14.4928 5
    endloop
  endfacet
  facet normal -0 0 1
    outer loop
      vertex -40 -2.39213 5
      vertex 8.16319 -14.449 5
      vertex 40 -2.39213 5
    endloop
  endfacet
  facet normal 0 0 1
    outer loop
      vertex 8.16319 -14.449 5
      vertex -40 -2.39213 5
      vertex -16.0303 -13.469 5
    endloop
  endfacet
  facet normal 0 0 1
    outer loop
      vertex -16.0303 -13.469 5
      vertex -40 -2.39213 5
      vertex -17.0463 -13.3689 5
    endloop
  endfacet
  facet normal 0 0 1
    outer loop
      vertex -42.6886 -9.46942 5
      vertex -40 -2.39213 5
      vertex -40.1862 -2.37993 5
    endloop
  endfacet
  facet normal 0 0 1
    outer loop
      vertex -42.6886 -9.46942 5
      vertex -40.1862 -2.37993 5
      vertex -40.3122 -2.37167 5
    endloop
  endfacet
  facet normal 0 0 1
    outer loop
      vertex -42.6886 -9.46942 5
      vertex -40.3122 -2.37167 5
      vertex -40.4361 -2.34702 5
    endloop
  endfacet
  facet normal 0 0 1
    outer loop
      vertex -42.6886 -9.46942 5
      vertex -40.4361 -2.34702 5
      vertex -40.6191 -2.31062 5
    endloop
  endfacet
  facet normal 0 0 1
    outer loop
      vertex -42.6886 -9.46942 5
      vertex -40.6191 -2.31062 5
      vertex -40.7958 -2.25064 5
    endloop
  endfacet
  facet normal 0 0 1
    outer loop
      vertex -42.6886 -9.46942 5
      vertex -40.7958 -2.25064 5
      vertex -40.9154 -2.21004 5
    endloop
  endfacet
  facet normal 0 0 1
    outer loop
      vertex -44.3048 -9.15814 5
      vertex -41.5965 -1.77478 5
      vertex -41.6915 -1.69149 5
    endloop
  endfacet
  facet normal 0 0 1
    outer loop
      vertex -44.3048 -9.15814 5
      vertex -41.7748 -1.59652 5
      vertex -41.8978 -1.45624 5
    endloop
  endfacet
  facet normal 0 0 1
    outer loop
      vertex -44.3048 -9.15814 5
      vertex -42.1275 -1.08278 5
      vertex -42.21 -0.915429 5
    endloop
  endfacet
  facet normal 0 0 1
    outer loop
      vertex -44.3048 -9.15814 5
      vertex -42.347 -0.436123 5
      vertex -42.3717 -0.312236 5
    endloop
  endfacet
  facet normal 0 0 1
    outer loop
      vertex -40 -2.39213 5
      vertex -42.6886 -9.46942 5
      vertex -17.0463 -13.3689 5
    endloop
  endfacet
  facet normal 0 0 1
    outer loop
      vertex -43.6519 -9.31038 5
      vertex -40.9154 -2.21004 5
      vertex -41.0828 -2.12751 5
    endloop
  endfacet
  facet normal 0 0 1
    outer loop
      vertex -43.6519 -9.31038 5
      vertex -41.0828 -2.12751 5
      vertex -41.1961 -2.07165 5
    endloop
  endfacet
  facet normal 0 0 1
    outer loop
      vertex -44.3048 -9.15814 5
      vertex -41.1961 -2.07165 5
      vertex -41.3011 -2.00147 5
    endloop
  endfacet
  facet normal 0 0 1
    outer loop
      vertex -44.3048 -9.15814 5
      vertex -41.3011 -2.00147 5
      vertex -41.4562 -1.89781 5
    endloop
  endfacet
  facet normal 0 0 1
    outer loop
      vertex -41.5965 -1.77478 5
      vertex -44.3048 -9.15814 5
      vertex -41.4562 -1.89781 5
    endloop
  endfacet
  facet normal 0 0 1
    outer loop
      vertex -41.7748 -1.59652 5
      vertex -44.3048 -9.15814 5
      vertex -41.6915 -1.69149 5
    endloop
  endfacet
  facet normal 0 0 1
    outer loop
      vertex -44.3048 -9.15814 5
      vertex -41.8978 -1.45624 5
      vertex -42.0015 -1.30109 5
    endloop
  endfacet
  facet normal 0 0 1
    outer loop
      vertex -44.3048 -9.15814 5
      vertex -42.0015 -1.30109 5
      vertex -42.0716 -1.19607 5
    endloop
  endfacet
  facet normal 0 0 1
    outer loop
      vertex -42.1275 -1.08278 5
      vertex -44.3048 -9.15814 5
      vertex -42.0716 -1.19607 5
    endloop
  endfacet
  facet normal 0 0 1
    outer loop
      vertex -44.3048 -9.15814 5
      vertex -42.21 -0.915429 5
      vertex -42.2506 -0.795819 5
    endloop
  endfacet
  facet normal 0 0 1
    outer loop
      vertex -44.3048 -9.15814 5
      vertex -42.2506 -0.795819 5
      vertex -42.3106 -0.619129 5
    endloop
  endfacet
  facet normal 0 0 1
    outer loop
      vertex -42.347 -0.436123 5
      vertex -44.3048 -9.15814 5
      vertex -42.3106 -0.619129 5
    endloop
  endfacet
  facet normal 0 0 1
    outer loop
      vertex -66.7689 -2.52197 5
      vertex -42.3717 -0.312236 5
      vertex -42.3799 -0.186192 5
    endloop
  endfacet
  facet normal 0 0 1
    outer loop
      vertex -66.7689 -2.52197 5
      vertex -42.3799 -0.186192 5
      vertex -42.3921 0 5
    endloop
  endfacet
  facet normal -0 0 1
    outer loop
      vertex -66.7689 2.52197 5
      vertex -42.3717 0.312236 5
      vertex -44.3048 9.15814 5
    endloop
  endfacet
  facet normal 0 0 1
    outer loop
      vertex -42.3717 0.312236 5
      vertex -66.7689 2.52197 5
      vertex -42.3799 0.186192 5
    endloop
  endfacet
  facet normal 0 0 1
    outer loop
      vertex -40.9154 -2.21004 5
      vertex -43.6519 -9.31038 5
      vertex -42.6886 -9.46942 5
    endloop
  endfacet
  facet normal 0 0 1
    outer loop
      vertex -42.3799 0.186192 5
      vertex -66.7689 2.52197 5
      vertex -42.3921 0 5
    endloop
  endfacet
  facet normal 0 0 1
    outer loop
      vertex -41.1961 -2.07165 5
      vertex -44.3048 -9.15814 5
      vertex -43.6519 -9.31038 5
    endloop
  endfacet
  facet normal 0 0 1
    outer loop
      vertex -66.7689 -2.52197 5
      vertex -42.3921 0 5
      vertex -66.7689 2.52197 5
    endloop
  endfacet
  facet normal 0 0 1
    outer loop
      vertex -42.3717 -0.312236 5
      vertex -66.7689 -2.52197 5
      vertex -44.3048 -9.15814 5
    endloop
  endfacet
  facet normal -0 0 1
    outer loop
      vertex -67.3012 2.36049 5
      vertex -66.7689 -2.52197 5
      vertex -66.7689 2.52197 5
    endloop
  endfacet
  facet normal 0 0 1
    outer loop
      vertex -67.3012 2.36049 5
      vertex -67.3012 -2.36049 5
      vertex -66.7689 -2.52197 5
    endloop
  endfacet
  facet normal -0 0 1
    outer loop
      vertex -67.454 2.30298 5
      vertex -67.3012 -2.36049 5
      vertex -67.3012 2.36049 5
    endloop
  endfacet
  facet normal 0 0 1
    outer loop
      vertex -67.454 2.30298 5
      vertex -67.454 -2.30298 5
      vertex -67.3012 -2.36049 5
    endloop
  endfacet
  facet normal -0 0 1
    outer loop
      vertex -67.6287 2.22383 5
      vertex -67.454 -2.30298 5
      vertex -67.454 2.30298 5
    endloop
  endfacet
  facet normal 0 0 1
    outer loop
      vertex -67.6287 2.22383 5
      vertex -67.6287 -2.22383 5
      vertex -67.454 -2.30298 5
    endloop
  endfacet
  facet normal 0 -0 1
    outer loop
      vertex -67.6287 -2.22383 5
      vertex -67.6287 2.22383 5
      vertex -71.832 0 5
    endloop
  endfacet
  facet normal 0 0 1
    outer loop
      vertex 76.5649 0.284744 5
      vertex 76.5649 -0.284744 5
      vertex 77.1785 0 5
    endloop
  endfacet
  facet normal 0 0 1
    outer loop
      vertex 76.0821 0.50351 5
      vertex 76.5649 -0.284744 5
      vertex 76.5649 0.284744 5
    endloop
  endfacet
  facet normal 0 0 1
    outer loop
      vertex 76.0821 0.50351 5
      vertex 76.0821 -0.50351 5
      vertex 76.5649 -0.284744 5
    endloop
  endfacet
  facet normal 0 0 1
    outer loop
      vertex 76.0821 0.50351 5
      vertex 71.8138 0 5
      vertex 76.0821 -0.50351 5
    endloop
  endfacet
  facet normal 0 0 1
    outer loop
      vertex 76.0821 0.50351 5
      vertex 71.7761 0.331653 5
      vertex 71.8138 0 5
    endloop
  endfacet
  facet normal 0 0 1
    outer loop
      vertex 76.0821 0.50351 5
      vertex 71.6644 0.650561 5
      vertex 71.7761 0.331653 5
    endloop
  endfacet
  facet normal 0 0 1
    outer loop
      vertex 76.0821 0.50351 5
      vertex 71.483 0.944468 5
      vertex 71.6644 0.650561 5
    endloop
  endfacet
  facet normal 0 0 1
    outer loop
      vertex 76.0821 0.50351 5
      vertex 71.2389 1.20208 5
      vertex 71.483 0.944468 5
    endloop
  endfacet
  facet normal 0 0 1
    outer loop
      vertex 76.0821 0.50351 5
      vertex 70.9414 1.4135 5
      vertex 71.2389 1.20208 5
    endloop
  endfacet
  facet normal 0 0 1
    outer loop
      vertex 76.0821 0.50351 5
      vertex 70.6021 1.57059 5
      vertex 70.9414 1.4135 5
    endloop
  endfacet
  facet normal 0 0 1
    outer loop
      vertex 64.0344 5.2773 5
      vertex 70.6021 1.57059 5
      vertex 76.0821 0.50351 5
    endloop
  endfacet
  facet normal 0 0 1
    outer loop
      vertex 68.4628 1.20208 5
      vertex 68.0047 1.19227 5
      vertex 68.2397 0.966624 5
    endloop
  endfacet
  facet normal -0 0 1
    outer loop
      vertex 67.9819 1.21019 5
      vertex 68.4628 1.20208 5
      vertex 68.7603 1.4135 5
    endloop
  endfacet
  facet normal -0 0 1
    outer loop
      vertex 67.6519 1.42008 5
      vertex 68.7603 1.4135 5
      vertex 69.0996 1.57059 5
    endloop
  endfacet
  facet normal 0 0 1
    outer loop
      vertex 68.4628 1.20208 5
      vertex 67.9945 1.20208 5
      vertex 68.0047 1.19227 5
    endloop
  endfacet
  facet normal 0 0 1
    outer loop
      vertex 68.4628 1.20208 5
      vertex 67.9819 1.21019 5
      vertex 67.9945 1.20208 5
    endloop
  endfacet
  facet normal 0 0 1
    outer loop
      vertex 68.7603 1.4135 5
      vertex 67.6675 1.4135 5
      vertex 67.9819 1.21019 5
    endloop
  endfacet
  facet normal 0 0 1
    outer loop
      vertex 67.2946 1.57059 5
      vertex 69.0996 1.57059 5
      vertex 69.4679 1.66733 5
    endloop
  endfacet
  facet normal 0 0 1
    outer loop
      vertex 68.7603 1.4135 5
      vertex 67.6519 1.42008 5
      vertex 67.6675 1.4135 5
    endloop
  endfacet
  facet normal 0 0 1
    outer loop
      vertex 69.0996 1.57059 5
      vertex 67.2946 1.57059 5
      vertex 67.6519 1.42008 5
    endloop
  endfacet
  facet normal 0 0 1
    outer loop
      vertex 64.0344 5.2773 5
      vertex 69.4679 1.66733 5
      vertex 69.8509 1.7 5
    endloop
  endfacet
  facet normal 0 0 1
    outer loop
      vertex 69.4679 1.66733 5
      vertex 64.0344 5.2773 5
      vertex 67.2946 1.57059 5
    endloop
  endfacet
  facet normal 0 0 1
    outer loop
      vertex 67.2946 1.57059 5
      vertex 64.0344 5.2773 5
      vertex 66.8899 1.66733 5
    endloop
  endfacet
  facet normal 0 0 1
    outer loop
      vertex 66.8899 1.66733 5
      vertex 64.0344 5.2773 5
      vertex 66.4919 1.69822 5
    endloop
  endfacet
  facet normal 0 0 1
    outer loop
      vertex 64.0344 5.2773 5
      vertex 65.2956 1.42408 5
      vertex 65.6434 1.57059 5
    endloop
  endfacet
  facet normal 0 0 1
    outer loop
      vertex 64.0344 5.2773 5
      vertex 65.2483 1.39915 5
      vertex 65.2704 1.4135 5
    endloop
  endfacet
  facet normal 0 0 1
    outer loop
      vertex 64.0344 5.2773 5
      vertex 64.6951 0.963491 5
      vertex 64.9435 1.20208 5
    endloop
  endfacet
  facet normal 0 0 1
    outer loop
      vertex 64.0344 5.2773 5
      vertex 64.6604 0.922656 5
      vertex 64.6752 0.944468 5
    endloop
  endfacet
  facet normal 0 0 1
    outer loop
      vertex 64.3149 0.0258519 5
      vertex 64.0344 5.2773 5
      vertex 64.3117 0 5
    endloop
  endfacet
  facet normal 0 0 1
    outer loop
      vertex 64.3531 0.331653 5
      vertex 64.0344 5.2773 5
      vertex 64.3149 0.0258519 5
    endloop
  endfacet
  facet normal 0 0 1
    outer loop
      vertex 64.4759 0.650561 5
      vertex 64.0344 5.2773 5
      vertex 64.3531 0.331653 5
    endloop
  endfacet
  facet normal 0 0 1
    outer loop
      vertex 64.6604 0.922656 5
      vertex 64.0344 5.2773 5
      vertex 64.4759 0.650561 5
    endloop
  endfacet
  facet normal 0 0 1
    outer loop
      vertex 64.6951 0.963491 5
      vertex 64.0344 5.2773 5
      vertex 64.6752 0.944468 5
    endloop
  endfacet
  facet normal 0 0 1
    outer loop
      vertex 65.2483 1.39915 5
      vertex 64.0344 5.2773 5
      vertex 64.9435 1.20208 5
    endloop
  endfacet
  facet normal 0 0 1
    outer loop
      vertex 65.2956 1.42408 5
      vertex 64.0344 5.2773 5
      vertex 65.2704 1.4135 5
    endloop
  endfacet
  facet normal 0 0 1
    outer loop
      vertex 66.0481 1.66733 5
      vertex 64.0344 5.2773 5
      vertex 65.6434 1.57059 5
    endloop
  endfacet
  facet normal 0 0 1
    outer loop
      vertex 66.0729 1.66926 5
      vertex 64.0344 5.2773 5
      vertex 66.0481 1.66733 5
    endloop
  endfacet
  facet normal 0 0 1
    outer loop
      vertex 66.469 1.7 5
      vertex 64.0344 5.2773 5
      vertex 66.0729 1.66926 5
    endloop
  endfacet
  facet normal 0 0 1
    outer loop
      vertex 66.4919 1.69822 5
      vertex 64.0344 5.2773 5
      vertex 66.469 1.7 5
    endloop
  endfacet
  facet normal 0 0 1
    outer loop
      vertex 70.2338 1.66733 5
      vertex 64.0344 5.2773 5
      vertex 69.8509 1.7 5
    endloop
  endfacet
  facet normal 0 0 1
    outer loop
      vertex 70.6021 1.57059 5
      vertex 64.0344 5.2773 5
      vertex 70.2338 1.66733 5
    endloop
  endfacet
  facet normal -0 0 1
    outer loop
      vertex 71.7761 -0.331653 5
      vertex 76.0821 -0.50351 5
      vertex 71.8138 0 5
    endloop
  endfacet
  facet normal 0 0 1
    outer loop
      vertex 71.6644 -0.650561 5
      vertex 76.0821 -0.50351 5
      vertex 71.7761 -0.331653 5
    endloop
  endfacet
  facet normal 0 0 1
    outer loop
      vertex 71.483 -0.944468 5
      vertex 76.0821 -0.50351 5
      vertex 71.6644 -0.650561 5
    endloop
  endfacet
  facet normal 0 0 1
    outer loop
      vertex 71.2389 -1.20208 5
      vertex 76.0821 -0.50351 5
      vertex 71.483 -0.944468 5
    endloop
  endfacet
  facet normal 0 0 1
    outer loop
      vertex 70.9414 -1.4135 5
      vertex 76.0821 -0.50351 5
      vertex 71.2389 -1.20208 5
    endloop
  endfacet
  facet normal 0 0 1
    outer loop
      vertex 70.6021 -1.57059 5
      vertex 76.0821 -0.50351 5
      vertex 70.9414 -1.4135 5
    endloop
  endfacet
  facet normal 0 0 1
    outer loop
      vertex 64.0344 -5.2773 5
      vertex 70.6021 -1.57059 5
      vertex 70.2338 -1.66733 5
    endloop
  endfacet
  facet normal -0 0 1
    outer loop
      vertex 68.0047 -1.19227 5
      vertex 68.4628 -1.20208 5
      vertex 68.2397 -0.966624 5
    endloop
  endfacet
  facet normal 0 0 1
    outer loop
      vertex 67.9945 -1.20208 5
      vertex 68.4628 -1.20208 5
      vertex 68.0047 -1.19227 5
    endloop
  endfacet
  facet normal 0 0 1
    outer loop
      vertex 67.9819 -1.21019 5
      vertex 68.4628 -1.20208 5
      vertex 67.9945 -1.20208 5
    endloop
  endfacet
  facet normal 0 0 1
    outer loop
      vertex 68.4628 -1.20208 5
      vertex 67.9819 -1.21019 5
      vertex 68.7603 -1.4135 5
    endloop
  endfacet
  facet normal 0 0 1
    outer loop
      vertex 67.6675 -1.4135 5
      vertex 68.7603 -1.4135 5
      vertex 67.9819 -1.21019 5
    endloop
  endfacet
  facet normal 0 0 1
    outer loop
      vertex 67.6519 -1.42008 5
      vertex 68.7603 -1.4135 5
      vertex 67.6675 -1.4135 5
    endloop
  endfacet
  facet normal 0 0 1
    outer loop
      vertex 68.7603 -1.4135 5
      vertex 67.6519 -1.42008 5
      vertex 69.0996 -1.57059 5
    endloop
  endfacet
  facet normal 0 0 1
    outer loop
      vertex 67.2946 -1.57059 5
      vertex 69.0996 -1.57059 5
      vertex 67.6519 -1.42008 5
    endloop
  endfacet
  facet normal 0 0 1
    outer loop
      vertex 69.0996 -1.57059 5
      vertex 67.2946 -1.57059 5
      vertex 69.4679 -1.66733 5
    endloop
  endfacet
  facet normal 0 0 1
    outer loop
      vertex 64.0344 -5.2773 5
      vertex 69.4679 -1.66733 5
      vertex 67.2946 -1.57059 5
    endloop
  endfacet
  facet normal 0 0 1
    outer loop
      vertex 64.0344 -5.2773 5
      vertex 67.2946 -1.57059 5
      vertex 66.8899 -1.66733 5
    endloop
  endfacet
  facet normal 0 0 1
    outer loop
      vertex 64.0344 -5.2773 5
      vertex 66.8899 -1.66733 5
      vertex 66.4919 -1.69822 5
    endloop
  endfacet
  facet normal 0 0 1
    outer loop
      vertex 64.0344 -5.2773 5
      vertex 66.4919 -1.69822 5
      vertex 66.469 -1.7 5
    endloop
  endfacet
  facet normal 0 0 1
    outer loop
      vertex 64.0344 -5.2773 5
      vertex 65.2956 -1.42408 5
      vertex 65.2704 -1.4135 5
    endloop
  endfacet
  facet normal 0 0 1
    outer loop
      vertex 64.0344 -5.2773 5
      vertex 65.2483 -1.39915 5
      vertex 64.9435 -1.20208 5
    endloop
  endfacet
  facet normal 0 0 1
    outer loop
      vertex 64.0344 -5.2773 5
      vertex 64.6951 -0.963491 5
      vertex 64.6752 -0.944468 5
    endloop
  endfacet
  facet normal 0 0 1
    outer loop
      vertex 64.0344 -5.2773 5
      vertex 64.6604 -0.922656 5
      vertex 64.4759 -0.650561 5
    endloop
  endfacet
  facet normal -0 0 1
    outer loop
      vertex 70.6021 -1.57059 5
      vertex 64.0344 -5.2773 5
      vertex 76.0821 -0.50351 5
    endloop
  endfacet
  facet normal -0 0 1
    outer loop
      vertex 69.8509 -1.7 5
      vertex 64.0344 -5.2773 5
      vertex 70.2338 -1.66733 5
    endloop
  endfacet
  facet normal 0 0 1
    outer loop
      vertex 69.4679 -1.66733 5
      vertex 64.0344 -5.2773 5
      vertex 69.8509 -1.7 5
    endloop
  endfacet
  facet normal 0 0 1
    outer loop
      vertex 66.0729 -1.66926 5
      vertex 64.0344 -5.2773 5
      vertex 66.469 -1.7 5
    endloop
  endfacet
  facet normal 0 0 1
    outer loop
      vertex 66.0481 -1.66733 5
      vertex 64.0344 -5.2773 5
      vertex 66.0729 -1.66926 5
    endloop
  endfacet
  facet normal 0 0 1
    outer loop
      vertex 65.6434 -1.57059 5
      vertex 64.0344 -5.2773 5
      vertex 66.0481 -1.66733 5
    endloop
  endfacet
  facet normal 0 0 1
    outer loop
      vertex 65.2956 -1.42408 5
      vertex 64.0344 -5.2773 5
      vertex 65.6434 -1.57059 5
    endloop
  endfacet
  facet normal 0 0 1
    outer loop
      vertex 65.2483 -1.39915 5
      vertex 64.0344 -5.2773 5
      vertex 65.2704 -1.4135 5
    endloop
  endfacet
  facet normal 0 0 1
    outer loop
      vertex 64.6951 -0.963491 5
      vertex 64.0344 -5.2773 5
      vertex 64.9435 -1.20208 5
    endloop
  endfacet
  facet normal 0 0 1
    outer loop
      vertex 64.6604 -0.922656 5
      vertex 64.0344 -5.2773 5
      vertex 64.6752 -0.944468 5
    endloop
  endfacet
  facet normal 0 0 1
    outer loop
      vertex 64.3531 -0.331653 5
      vertex 64.0344 -5.2773 5
      vertex 64.4759 -0.650561 5
    endloop
  endfacet
  facet normal 0 0 1
    outer loop
      vertex 64.3149 -0.0258519 5
      vertex 64.0344 -5.2773 5
      vertex 64.3531 -0.331653 5
    endloop
  endfacet
  facet normal 0 0 1
    outer loop
      vertex 64.3117 0 5
      vertex 64.0344 -5.2773 5
      vertex 64.3149 -0.0258519 5
    endloop
  endfacet
  facet normal 0 0 1
    outer loop
      vertex 64.0344 -5.2773 5
      vertex 64.3117 0 5
      vertex 64.0344 5.2773 5
    endloop
  endfacet
  facet normal 0.500192 -0.804853 0.319405
    outer loop
      vertex -71.832 0 5
      vertex -82.3415 2.35509 27.3925
      vertex -82.5224 2.26735 27.4547
    endloop
  endfacet
  facet normal -0.277097 -0.913372 0.298275
    outer loop
      vertex 60.8355 11.9644 21.2363
      vertex 60.2417 12.0985 21.0953
      vertex 58.9393 7.23746 5
    endloop
  endfacet
  facet normal -0.791522 -0.297673 0.533745
    outer loop
      vertex 88.474 0.282629 21.9084
      vertex 88.4555 0.336483 21.911
      vertex 77.1785 0 5
    endloop
  endfacet
  facet normal -0.82759 -0.0818476 0.555334
    outer loop
      vertex 88.5151 0.0574045 21.9029
      vertex 88.5099 0.114733 21.9036
      vertex 77.1785 0 5
    endloop
  endfacet
  facet normal -0.775747 -0.351194 0.52429
    outer loop
      vertex 88.4555 0.336483 21.911
      vertex 88.4337 0.388966 21.9139
      vertex 77.1785 0 5
    endloop
  endfacet
  facet normal -0.735044 -0.458094 0.49986
    outer loop
      vertex 88.4088 0.439909 21.9173
      vertex 88.3809 0.488823 21.9211
      vertex 77.1785 0 5
    endloop
  endfacet
  facet normal -0.493737 -0.794239 0.35413
    outer loop
      vertex 88.1578 0.732917 21.9514
      vertex 88.1128 0.763611 21.9575
      vertex 77.1785 0 5
    endloop
  endfacet
  facet normal -0.617353 -0.659442 0.428966
    outer loop
      vertex 88.2804 0.622672 21.9347
      vertex 88.2418 0.662256 21.94
      vertex 77.1785 0 5
    endloop
  endfacet
  facet normal -0.814676 -0.190863 0.547608
    outer loop
      vertex 88.5013 0.171489 21.9047
      vertex 88.4893 0.227587 21.9064
      vertex 77.1785 0 5
    endloop
  endfacet
  facet normal -0.683627 -0.559246 0.468933
    outer loop
      vertex 88.3501 0.535744 21.9253
      vertex 88.3166 0.580468 21.9298
      vertex 77.1785 0 5
    endloop
  endfacet
  facet normal -0.804643 0.243346 0.541602
    outer loop
      vertex 88.474 -0.282629 21.9084
      vertex 88.4893 -0.227587 21.9064
      vertex 77.1785 0 5
    endloop
  endfacet
  facet normal -0.579852 -0.70618 0.406302
    outer loop
      vertex 88.2418 0.662256 21.94
      vertex 88.2008 0.699086 21.9455
      vertex 77.1785 0 5
    endloop
  endfacet
  facet normal -0.493737 0.794239 0.35413
    outer loop
      vertex 88.1128 -0.763611 21.9575
      vertex 88.1578 -0.732917 21.9514
      vertex 77.1785 0 5
    endloop
  endfacet
  facet normal -0.735044 0.458094 0.49986
    outer loop
      vertex 88.3809 -0.488823 21.9211
      vertex 88.4088 -0.439909 21.9173
      vertex 77.1785 0 5
    endloop
  endfacet
  facet normal -0.757125 0.404315 0.51312
    outer loop
      vertex 88.4088 -0.439909 21.9173
      vertex 88.4337 -0.388966 21.9139
      vertex 77.1785 0 5
    endloop
  endfacet
  facet normal -0.822566 0.135345 0.552329
    outer loop
      vertex 88.5013 -0.171489 21.9047
      vertex 88.5099 -0.114733 21.9036
      vertex 77.1785 0 5
    endloop
  endfacet
  facet normal -0.617353 0.659442 0.428966
    outer loop
      vertex 88.2418 -0.662256 21.94
      vertex 88.2804 -0.622672 21.9347
      vertex 77.1785 0 5
    endloop
  endfacet
  facet normal -0.683627 0.559246 0.468933
    outer loop
      vertex 88.3166 -0.580468 21.9298
      vertex 88.3501 -0.535744 21.9253
      vertex 77.1785 0 5
    endloop
  endfacet
  facet normal -0.791522 0.297673 0.533745
    outer loop
      vertex 88.4555 -0.336483 21.911
      vertex 88.474 -0.282629 21.9084
      vertex 77.1785 0 5
    endloop
  endfacet
  facet normal -0.82759 0.0818476 0.555334
    outer loop
      vertex 88.5099 -0.114733 21.9036
      vertex 88.5151 -0.0574045 21.9029
      vertex 77.1785 0 5
    endloop
  endfacet
  facet normal -0.830148 0.0274945 0.556865
    outer loop
      vertex 88.5151 -0.0574045 21.9029
      vertex 88.5168 0 21.9026
      vertex 77.1785 0 5
    endloop
  endfacet
  facet normal -0.445536 0.834248 0.324851
    outer loop
      vertex 88.0562 -0.796837 21.9652
      vertex 88.1128 -0.763611 21.9575
      vertex 77.1785 0 5
    endloop
  endfacet
  facet normal -0.538706 0.751221 0.381396
    outer loop
      vertex 88.1578 -0.732917 21.9514
      vertex 88.2008 -0.699086 21.9455
      vertex 77.1785 0 5
    endloop
  endfacet
  facet normal -0.710484 0.5098 0.485094
    outer loop
      vertex 88.3501 -0.535744 21.9253
      vertex 88.3809 -0.488823 21.9211
      vertex 77.1785 0 5
    endloop
  endfacet
  facet normal 0.278647 -5.17589e-05 0.960394
    outer loop
      vertex -70.9189 -12.5996 23.8745
      vertex -69.3453 -7.741 23.4182
      vertex -69.6124 -7.66635 23.4957
    endloop
  endfacet
  facet normal 0.278316 4.31718e-05 0.960489
    outer loop
      vertex -70.9189 -12.5996 23.8745
      vertex -69.6124 -7.66635 23.4957
      vertex -69.669 -7.65052 23.5121
    endloop
  endfacet
  facet normal 0.278516 0 0.960432
    outer loop
      vertex -69.3453 -7.741 23.4182
      vertex -69.8598 -12.8446 23.5674
      vertex -69.3453 -12.9551 23.4182
    endloop
  endfacet
  facet normal 0.278533 -3.55031e-06 0.960427
    outer loop
      vertex -71.6321 -12.39 24.0814
      vertex -69.669 -7.65052 23.5121
      vertex -70.1345 -7.48592 23.6471
    endloop
  endfacet
  facet normal 0.278661 -4.61284e-05 0.960389
    outer loop
      vertex -71.6321 -12.39 24.0814
      vertex -70.1345 -7.48592 23.6471
      vertex -70.1986 -7.46324 23.6657
    endloop
  endfacet
  facet normal 0.278486 3.28382e-06 0.96044
    outer loop
      vertex -69.3453 -7.741 23.4182
      vertex -70.5806 -12.6841 23.7764
      vertex -69.8598 -12.8446 23.5674
    endloop
  endfacet
  facet normal 0.278651 -4.15859e-05 0.960392
    outer loop
      vertex -69.3453 -7.741 23.4182
      vertex -70.7898 -12.6375 23.8371
      vertex -70.5806 -12.6841 23.7764
    endloop
  endfacet
  facet normal 0.278278 7.78737e-05 0.960501
    outer loop
      vertex -69.3453 -7.741 23.4182
      vertex -70.9189 -12.5996 23.8745
      vertex -70.7898 -12.6375 23.8371
    endloop
  endfacet
  facet normal 0.278604 -3.56208e-05 0.960406
    outer loop
      vertex -69.669 -7.65052 23.5121
      vertex -71.6321 -12.39 24.0814
      vertex -70.9189 -12.5996 23.8745
    endloop
  endfacet
  facet normal 0.278513 6.68043e-06 0.960433
    outer loop
      vertex -72.4648 -12.0833 24.3229
      vertex -70.1986 -7.46324 23.6657
      vertex -71.6742 -6.83386 24.0936
    endloop
  endfacet
  facet normal 0.278445 2.20236e-05 0.960452
    outer loop
      vertex -70.1986 -7.46324 23.6657
      vertex -72.3382 -12.1299 24.2861
      vertex -71.6321 -12.39 24.0814
    endloop
  endfacet
  facet normal 0.279034 -0.000270685 0.960281
    outer loop
      vertex -70.1986 -7.46324 23.6657
      vertex -72.4648 -12.0833 24.3229
      vertex -72.3382 -12.1299 24.2861
    endloop
  endfacet
  facet normal 0.278515 -0 0.960432
    outer loop
      vertex -75.474 -10.7541 25.1955
      vertex -71.6742 -6.83386 24.0936
      vertex -75.474 -5.2131 25.1955
    endloop
  endfacet
  facet normal 0.278507 7.525e-06 0.960434
    outer loop
      vertex -71.6742 -6.83386 24.0936
      vertex -75.474 -10.7541 25.1955
      vertex -72.4648 -12.0833 24.3229
    endloop
  endfacet
  facet normal 0.278516 7.52344e-20 0.960432
    outer loop
      vertex -69.8598 12.8446 23.5674
      vertex -69.3453 7.741 23.4182
      vertex -69.3453 12.9551 23.4182
    endloop
  endfacet
  facet normal 0.278486 -3.28382e-06 0.96044
    outer loop
      vertex -70.5806 12.6841 23.7764
      vertex -69.3453 7.741 23.4182
      vertex -69.8598 12.8446 23.5674
    endloop
  endfacet
  facet normal 0.278651 4.15859e-05 0.960392
    outer loop
      vertex -70.7898 12.6375 23.8371
      vertex -69.3453 7.741 23.4182
      vertex -70.5806 12.6841 23.7764
    endloop
  endfacet
  facet normal 0.278278 -7.78737e-05 0.960501
    outer loop
      vertex -70.9189 12.5996 23.8745
      vertex -69.3453 7.741 23.4182
      vertex -70.7898 12.6375 23.8371
    endloop
  endfacet
  facet normal 0.278647 5.17589e-05 0.960394
    outer loop
      vertex -69.3453 7.741 23.4182
      vertex -70.9189 12.5996 23.8745
      vertex -69.6124 7.66635 23.4957
    endloop
  endfacet
  facet normal 0.278316 -4.31718e-05 0.960489
    outer loop
      vertex -69.6124 7.66635 23.4957
      vertex -70.9189 12.5996 23.8745
      vertex -69.669 7.65052 23.5121
    endloop
  endfacet
  facet normal 0.278604 3.56208e-05 0.960406
    outer loop
      vertex -71.6321 12.39 24.0814
      vertex -69.669 7.65052 23.5121
      vertex -70.9189 12.5996 23.8745
    endloop
  endfacet
  facet normal 0.278533 3.55031e-06 0.960427
    outer loop
      vertex -69.669 7.65052 23.5121
      vertex -71.6321 12.39 24.0814
      vertex -70.1345 7.48592 23.6471
    endloop
  endfacet
  facet normal 0.278661 4.61284e-05 0.960389
    outer loop
      vertex -70.1345 7.48592 23.6471
      vertex -71.6321 12.39 24.0814
      vertex -70.1986 7.46324 23.6657
    endloop
  endfacet
  facet normal 0.278445 -2.20236e-05 0.960452
    outer loop
      vertex -72.3382 12.1299 24.2861
      vertex -70.1986 7.46324 23.6657
      vertex -71.6321 12.39 24.0814
    endloop
  endfacet
  facet normal 0.279034 0.000270685 0.960281
    outer loop
      vertex -72.4648 12.0833 24.3229
      vertex -70.1986 7.46324 23.6657
      vertex -72.3382 12.1299 24.2861
    endloop
  endfacet
  facet normal 0.278513 -6.68043e-06 0.960433
    outer loop
      vertex -70.1986 7.46324 23.6657
      vertex -72.4648 12.0833 24.3229
      vertex -71.6742 6.83386 24.0936
    endloop
  endfacet
  facet normal 0.278507 -7.525e-06 0.960434
    outer loop
      vertex -75.474 10.7541 25.1955
      vertex -71.6742 6.83386 24.0936
      vertex -72.4648 12.0833 24.3229
    endloop
  endfacet
  facet normal 0.278515 -1.17412e-17 0.960432
    outer loop
      vertex -71.6742 6.83386 24.0936
      vertex -75.474 10.7541 25.1955
      vertex -75.474 5.2131 25.1955
    endloop
  endfacet
  facet normal -0.110215 1.18e-17 0.993908
    outer loop
      vertex 25.4845 -16.4602 15.252
      vertex 31.8268 -21.508 15.9553
      vertex 31.8268 -16.1656 15.9553
    endloop
  endfacet
  facet normal -0.110215 1.17282e-17 0.993908
    outer loop
      vertex 31.8268 -21.508 15.9553
      vertex 25.4845 -16.4602 15.252
      vertex 25.4845 -21.8353 15.252
    endloop
  endfacet
  facet normal -0.110215 0 0.993908
    outer loop
      vertex 25.4845 16.4602 15.252
      vertex 31.8268 21.508 15.9553
      vertex 25.4845 21.8353 15.252
    endloop
  endfacet
  facet normal -0.110215 0 0.993908
    outer loop
      vertex 31.8268 21.508 15.9553
      vertex 25.4845 16.4602 15.252
      vertex 31.8268 16.1656 15.9553
    endloop
  endfacet
  facet normal -0.0122704 6.66464e-20 0.999925
    outer loop
      vertex 0 22.3529 14
      vertex 6.38072 17.2161 14.0783
      vertex 6.38072 22.6322 14.0783
    endloop
  endfacet
  facet normal -0.0122629 9.32039e-06 0.999925
    outer loop
      vertex 6.38072 17.2161 14.0783
      vertex 0 22.3529 14
      vertex 0.403597 16.951 14.005
    endloop
  endfacet
  facet normal -0.0123876 7.50689e-20 0.999923
    outer loop
      vertex 0.403597 16.951 14.005
      vertex 0 22.3529 14
      vertex 0 16.9332 14
    endloop
  endfacet
  facet normal -0.0122629 -9.32039e-06 0.999925
    outer loop
      vertex 0 -22.3529 14
      vertex 6.38072 -17.2161 14.0783
      vertex 0.403597 -16.951 14.005
    endloop
  endfacet
  facet normal -0.0123876 0 0.999923
    outer loop
      vertex 0 -22.3529 14
      vertex 0.403597 -16.951 14.005
      vertex 0 -16.9332 14
    endloop
  endfacet
  facet normal -0.0122704 0 0.999925
    outer loop
      vertex 6.38072 -17.2161 14.0783
      vertex 0 -22.3529 14
      vertex 6.38072 -22.6322 14.0783
    endloop
  endfacet
  facet normal -0.0614312 7.35663e-20 0.998111
    outer loop
      vertex 18.9562 -16.8156 14.694
      vertex 19.1268 -22.2055 14.7045
      vertex 19.1268 -16.805 14.7045
    endloop
  endfacet
  facet normal -0.0613179 3.60243e-06 0.998118
    outer loop
      vertex 12.7576 -17.1997 14.3132
      vertex 19.1268 -22.2055 14.7045
      vertex 18.9562 -16.8156 14.694
    endloop
  endfacet
  facet normal -0.0613207 -4.10802e-18 0.998118
    outer loop
      vertex 19.1268 -22.2055 14.7045
      vertex 12.7576 -17.1997 14.3132
      vertex 12.7576 -22.6183 14.3132
    endloop
  endfacet
  facet normal -0.0614312 0 0.998111
    outer loop
      vertex 19.1268 22.2055 14.7045
      vertex 18.9562 16.8156 14.694
      vertex 19.1268 16.805 14.7045
    endloop
  endfacet
  facet normal -0.0613207 0 0.998118
    outer loop
      vertex 12.7576 17.1997 14.3132
      vertex 19.1268 22.2055 14.7045
      vertex 12.7576 22.6183 14.3132
    endloop
  endfacet
  facet normal -0.0613179 -3.60243e-06 0.998118
    outer loop
      vertex 19.1268 22.2055 14.7045
      vertex 12.7576 17.1997 14.3132
      vertex 18.9562 16.8156 14.694
    endloop
  endfacet
  facet normal 0.371288 -2.72486e-18 0.928518
    outer loop
      vertex -94.8221 0.749259 31.9215
      vertex -93.5727 -1.54673 31.4219
      vertex -93.5727 1.54673 31.4219
    endloop
  endfacet
  facet normal 0.371288 0 0.928518
    outer loop
      vertex -94.8221 0.749259 31.9215
      vertex -94.8221 -0.749259 31.9215
      vertex -93.5727 -1.54673 31.4219
    endloop
  endfacet
  facet normal 0.371948 8.02326e-19 0.928253
    outer loop
      vertex -94.8795 0.710558 31.9445
      vertex -94.8221 -0.749259 31.9215
      vertex -94.8221 0.749259 31.9215
    endloop
  endfacet
  facet normal 0.371948 0 0.928253
    outer loop
      vertex -94.8795 0.710558 31.9445
      vertex -94.8795 -0.710558 31.9445
      vertex -94.8221 -0.749259 31.9215
    endloop
  endfacet
  facet normal 0.371096 1.01338e-18 0.928595
    outer loop
      vertex -94.9338 0.668729 31.9662
      vertex -94.8795 -0.710558 31.9445
      vertex -94.8795 0.710558 31.9445
    endloop
  endfacet
  facet normal 0.371096 0 0.928595
    outer loop
      vertex -94.9338 0.668729 31.9662
      vertex -94.9338 -0.668729 31.9662
      vertex -94.8795 -0.710558 31.9445
    endloop
  endfacet
  facet normal 0.371391 9.70853e-19 0.928477
    outer loop
      vertex -94.9848 0.623958 31.9866
      vertex -94.9338 -0.668729 31.9662
      vertex -94.9338 0.668729 31.9662
    endloop
  endfacet
  facet normal 0.371391 0 0.928477
    outer loop
      vertex -94.9848 0.623958 31.9866
      vertex -94.9848 -0.623958 31.9866
      vertex -94.9338 -0.668729 31.9662
    endloop
  endfacet
  facet normal 0.371052 4.82329e-20 0.928612
    outer loop
      vertex -95.0321 0.57643 32.0055
      vertex -94.9848 -0.623958 31.9866
      vertex -94.9848 0.623958 31.9866
    endloop
  endfacet
  facet normal 0.371052 0 0.928612
    outer loop
      vertex -95.0321 0.57643 32.0055
      vertex -95.0321 -0.57643 32.0055
      vertex -94.9848 -0.623958 31.9866
    endloop
  endfacet
  facet normal 0.371391 4.87125e-19 0.928477
    outer loop
      vertex -95.0756 0.526347 32.0229
      vertex -95.0321 -0.57643 32.0055
      vertex -95.0321 0.57643 32.0055
    endloop
  endfacet
  facet normal 0.371391 0 0.928477
    outer loop
      vertex -95.0756 0.526347 32.0229
      vertex -95.0756 -0.526347 32.0229
      vertex -95.0321 -0.57643 32.0055
    endloop
  endfacet
  facet normal 0.372203 1.01512e-18 0.928151
    outer loop
      vertex -95.115 0.473945 32.0387
      vertex -95.0756 -0.526347 32.0229
      vertex -95.0756 0.526347 32.0229
    endloop
  endfacet
  facet normal 0.372203 0 0.928151
    outer loop
      vertex -95.115 0.473945 32.0387
      vertex -95.115 -0.473945 32.0387
      vertex -95.0756 -0.526347 32.0229
    endloop
  endfacet
  facet normal 0.370937 -1.38262e-18 0.928658
    outer loop
      vertex -95.1503 0.419413 32.0528
      vertex -95.115 -0.473945 32.0387
      vertex -95.115 0.473945 32.0387
    endloop
  endfacet
  facet normal 0.370937 0 0.928658
    outer loop
      vertex -95.1503 0.419413 32.0528
      vertex -95.1503 -0.419413 32.0528
      vertex -95.115 -0.473945 32.0387
    endloop
  endfacet
  facet normal 0.369835 -2.83911e-19 0.929097
    outer loop
      vertex -95.1812 0.363033 32.0651
      vertex -95.1503 -0.419413 32.0528
      vertex -95.1503 0.419413 32.0528
    endloop
  endfacet
  facet normal 0.369835 0 0.929097
    outer loop
      vertex -95.1812 0.363033 32.0651
      vertex -95.1812 -0.363033 32.0651
      vertex -95.1503 -0.419413 32.0528
    endloop
  endfacet
  facet normal 0.372602 -4.84424e-19 0.927991
    outer loop
      vertex -95.2076 0.305029 32.0757
      vertex -95.1812 -0.363033 32.0651
      vertex -95.1812 0.363033 32.0651
    endloop
  endfacet
  facet normal 0.372602 0 0.927991
    outer loop
      vertex -95.2076 0.305029 32.0757
      vertex -95.2076 -0.305029 32.0757
      vertex -95.1812 -0.363033 32.0651
    endloop
  endfacet
  facet normal 0.372128 -5.78315e-20 0.928181
    outer loop
      vertex -95.2293 0.245668 32.0844
      vertex -95.2076 -0.305029 32.0757
      vertex -95.2076 0.305029 32.0757
    endloop
  endfacet
  facet normal 0.372128 0 0.928181
    outer loop
      vertex -95.2293 0.245668 32.0844
      vertex -95.2293 -0.245668 32.0844
      vertex -95.2076 -0.305029 32.0757
    endloop
  endfacet
  facet normal 0.369516 -2.21183e-19 0.929224
    outer loop
      vertex -95.2464 0.185221 32.0912
      vertex -95.2293 -0.245668 32.0844
      vertex -95.2293 0.245668 32.0844
    endloop
  endfacet
  facet normal 0.369516 0 0.929224
    outer loop
      vertex -95.2464 0.185221 32.0912
      vertex -95.2464 -0.185221 32.0912
      vertex -95.2293 -0.245668 32.0844
    endloop
  endfacet
  facet normal 0.372702 -5.52037e-19 0.927951
    outer loop
      vertex -95.2586 0.123944 32.0961
      vertex -95.2464 -0.185221 32.0912
      vertex -95.2464 0.185221 32.0912
    endloop
  endfacet
  facet normal 0.372702 0 0.927951
    outer loop
      vertex -95.2586 0.123944 32.0961
      vertex -95.2586 -0.123944 32.0961
      vertex -95.2464 -0.185221 32.0912
    endloop
  endfacet
  facet normal 0.364874 -2.15185e-19 0.931057
    outer loop
      vertex -95.266 0.062108 32.099
      vertex -95.2586 -0.123944 32.0961
      vertex -95.2586 0.123944 32.0961
    endloop
  endfacet
  facet normal 0.364874 0 0.931057
    outer loop
      vertex -95.266 0.062108 32.099
      vertex -95.266 -0.062108 32.099
      vertex -95.2586 -0.123944 32.0961
    endloop
  endfacet
  facet normal 0.384615 -0 0.923077
    outer loop
      vertex -95.266 -0.062108 32.099
      vertex -95.266 0.062108 32.099
      vertex -95.2684 0 32.1
    endloop
  endfacet
  facet normal -0.134548 1.62028e-19 0.990907
    outer loop
      vertex 37.3906 -15.8376 16.711
      vertex 38.1499 -21.1016 16.8141
      vertex 38.1499 -15.7 16.8141
    endloop
  endfacet
  facet normal -0.134502 6.86031e-06 0.990913
    outer loop
      vertex 38.1499 -21.1016 16.8141
      vertex 37.3906 -15.8376 16.711
      vertex 37.5723 -21.1758 16.7357
    endloop
  endfacet
  facet normal -0.134626 2.55801e-06 0.990897
    outer loop
      vertex 36.8739 -15.9006 16.6408
      vertex 37.5723 -21.1758 16.7357
      vertex 37.3906 -15.8376 16.711
    endloop
  endfacet
  facet normal -0.134659 -1.93152e-06 0.990892
    outer loop
      vertex 37.5723 -21.1758 16.7357
      vertex 36.8739 -15.9006 16.6408
      vertex 36.9976 -21.2496 16.6576
    endloop
  endfacet
  facet normal -0.134595 -4.13883e-07 0.990901
    outer loop
      vertex 36.3026 -15.9704 16.5632
      vertex 36.9976 -21.2496 16.6576
      vertex 36.8739 -15.9006 16.6408
    endloop
  endfacet
  facet normal -0.134624 -4.3227e-06 0.990897
    outer loop
      vertex 36.9976 -21.2496 16.6576
      vertex 36.3026 -15.9704 16.5632
      vertex 36.3197 -21.2918 16.5655
    endloop
  endfacet
  facet normal -0.134529 -4.01175e-06 0.99091
    outer loop
      vertex 35.6139 -16.0088 16.4697
      vertex 36.3197 -21.2918 16.5655
      vertex 36.3026 -15.9704 16.5632
    endloop
  endfacet
  facet normal -0.134502 -4.24557e-07 0.990913
    outer loop
      vertex 35.6139 -16.0088 16.4697
      vertex 35.4872 -21.3435 16.4525
      vertex 36.3197 -21.2918 16.5655
    endloop
  endfacet
  facet normal -0.134607 2.1132e-06 0.990899
    outer loop
      vertex 35.011 -16.0425 16.3878
      vertex 35.4872 -21.3435 16.4525
      vertex 35.6139 -16.0088 16.4697
    endloop
  endfacet
  facet normal -0.134591 3.58263e-06 0.990901
    outer loop
      vertex 31.8268 -16.1656 15.9553
      vertex 35.4872 -21.3435 16.4525
      vertex 35.011 -16.0425 16.3878
    endloop
  endfacet
  facet normal -0.134596 2.16435e-18 0.990901
    outer loop
      vertex 35.4872 -21.3435 16.4525
      vertex 31.8268 -16.1656 15.9553
      vertex 31.8268 -21.508 15.9553
    endloop
  endfacet
  facet normal -0.134502 -6.86031e-06 0.990913
    outer loop
      vertex 37.3906 15.8376 16.711
      vertex 38.1499 21.1016 16.8141
      vertex 37.5723 21.1758 16.7357
    endloop
  endfacet
  facet normal -0.134548 0 0.990907
    outer loop
      vertex 38.1499 21.1016 16.8141
      vertex 37.3906 15.8376 16.711
      vertex 38.1499 15.7 16.8141
    endloop
  endfacet
  facet normal -0.134659 1.93152e-06 0.990892
    outer loop
      vertex 36.8739 15.9006 16.6408
      vertex 37.5723 21.1758 16.7357
      vertex 36.9976 21.2496 16.6576
    endloop
  endfacet
  facet normal -0.134626 -2.55801e-06 0.990897
    outer loop
      vertex 37.5723 21.1758 16.7357
      vertex 36.8739 15.9006 16.6408
      vertex 37.3906 15.8376 16.711
    endloop
  endfacet
  facet normal -0.134624 4.3227e-06 0.990897
    outer loop
      vertex 36.3026 15.9704 16.5632
      vertex 36.9976 21.2496 16.6576
      vertex 36.3197 21.2918 16.5655
    endloop
  endfacet
  facet normal -0.134595 4.13883e-07 0.990901
    outer loop
      vertex 36.9976 21.2496 16.6576
      vertex 36.3026 15.9704 16.5632
      vertex 36.8739 15.9006 16.6408
    endloop
  endfacet
  facet normal -0.134529 4.01175e-06 0.99091
    outer loop
      vertex 36.3197 21.2918 16.5655
      vertex 35.6139 16.0088 16.4697
      vertex 36.3026 15.9704 16.5632
    endloop
  endfacet
  facet normal -0.134502 4.24557e-07 0.990913
    outer loop
      vertex 35.4872 21.3435 16.4525
      vertex 35.6139 16.0088 16.4697
      vertex 36.3197 21.2918 16.5655
    endloop
  endfacet
  facet normal -0.134607 -2.1132e-06 0.990899
    outer loop
      vertex 35.4872 21.3435 16.4525
      vertex 35.011 16.0425 16.3878
      vertex 35.6139 16.0088 16.4697
    endloop
  endfacet
  facet normal -0.134596 -3.11479e-06 0.990901
    outer loop
      vertex 31.8268 21.508 15.9553
      vertex 35.011 16.0425 16.3878
      vertex 35.4872 21.3435 16.4525
    endloop
  endfacet
  facet normal -0.134591 4.08922e-19 0.990901
    outer loop
      vertex 35.011 16.0425 16.3878
      vertex 31.8268 21.508 15.9553
      vertex 31.8268 16.1656 15.9553
    endloop
  endfacet
  facet normal 0.348431 6.54991e-18 0.937334
    outer loop
      vertex -93.5727 1.54673 31.4219
      vertex -87.5914 -5.42338 29.1985
      vertex -87.5914 5.42338 29.1985
    endloop
  endfacet
  facet normal 0.348431 2.29663e-17 0.937334
    outer loop
      vertex -87.5914 -5.42338 29.1985
      vertex -93.5727 1.54673 31.4219
      vertex -93.5727 -1.54673 31.4219
    endloop
  endfacet
  facet normal 0.301992 0 0.95331
    outer loop
      vertex -75.474 -5.2131 25.1955
      vertex -75.5747 -10.7104 25.2274
      vertex -75.474 -10.7541 25.1955
    endloop
  endfacet
  facet normal 0.302009 -0 0.953305
    outer loop
      vertex -81.5573 -8.11621 27.1227
      vertex -75.474 -5.2131 25.1955
      vertex -81.5573 -2.67601 27.1227
    endloop
  endfacet
  facet normal 0.302009 -3.3848e-07 0.953305
    outer loop
      vertex -75.474 -5.2131 25.1955
      vertex -81.5573 -8.11621 27.1227
      vertex -75.5747 -10.7104 25.2274
    endloop
  endfacet
  facet normal 0.301992 -4.62142e-20 0.95331
    outer loop
      vertex -75.5747 10.7104 25.2274
      vertex -75.474 5.2131 25.1955
      vertex -75.474 10.7541 25.1955
    endloop
  endfacet
  facet normal 0.302009 3.3848e-07 0.953305
    outer loop
      vertex -81.5573 8.11621 27.1227
      vertex -75.474 5.2131 25.1955
      vertex -75.5747 10.7104 25.2274
    endloop
  endfacet
  facet normal 0.302009 2.34415e-17 0.953305
    outer loop
      vertex -75.474 5.2131 25.1955
      vertex -81.5573 8.11621 27.1227
      vertex -81.5573 2.67601 27.1227
    endloop
  endfacet
  facet normal -0.0368205 4.16865e-19 0.999322
    outer loop
      vertex 10.7275 -17.3411 14.2384
      vertex 12.7576 -22.6183 14.3132
      vertex 12.7576 -17.1997 14.3132
    endloop
  endfacet
  facet normal -0.0368395 -7.31327e-06 0.999321
    outer loop
      vertex 12.7576 -22.6183 14.3132
      vertex 10.7275 -17.3411 14.2384
      vertex 11.0351 -22.7413 14.2497
    endloop
  endfacet
  facet normal -0.0368149 -5.91429e-06 0.999322
    outer loop
      vertex 10.7275 -17.3411 14.2384
      vertex 10.2642 -22.7589 14.2213
      vertex 11.0351 -22.7413 14.2497
    endloop
  endfacet
  facet normal -0.0368358 -4.13078e-06 0.999321
    outer loop
      vertex 10.2229 -17.3518 14.2198
      vertex 10.2642 -22.7589 14.2213
      vertex 10.7275 -17.3411 14.2384
    endloop
  endfacet
  facet normal -0.0367703 -3.62969e-06 0.999324
    outer loop
      vertex 9.49998 -17.3672 14.1932
      vertex 10.2642 -22.7589 14.2213
      vertex 10.2229 -17.3518 14.2198
    endloop
  endfacet
  facet normal -0.0367456 -1.35861e-07 0.999325
    outer loop
      vertex 10.2642 -22.7589 14.2213
      vertex 9.49998 -17.3672 14.1932
      vertex 9.5 -22.7765 14.1932
    endloop
  endfacet
  facet normal -0.0367811 -1.35992e-07 0.999323
    outer loop
      vertex 9.49998 -17.3672 14.1932
      vertex 8.62786 -22.7394 14.1611
      vertex 9.5 -22.7765 14.1932
    endloop
  endfacet
  facet normal -0.0368317 8.08522e-06 0.999321
    outer loop
      vertex 8.58835 -17.3268 14.1596
      vertex 8.62786 -22.7394 14.1611
      vertex 9.49998 -17.3672 14.1932
    endloop
  endfacet
  facet normal -0.0367692 -6.26924e-06 0.999324
    outer loop
      vertex 7.86089 -22.7067 14.1328
      vertex 8.58835 -17.3268 14.1596
      vertex 8.05837 -17.3034 14.1401
    endloop
  endfacet
  facet normal -0.036873 7.78312e-06 0.99932
    outer loop
      vertex 8.58835 -17.3268 14.1596
      vertex 7.86089 -22.7067 14.1328
      vertex 8.62786 -22.7394 14.1611
    endloop
  endfacet
  facet normal -0.0368123 0 0.999322
    outer loop
      vertex 6.38072 -22.6322 14.0783
      vertex 8.05837 -17.3034 14.1401
      vertex 6.38072 -17.2161 14.0783
    endloop
  endfacet
  facet normal -0.0367954 -5.31071e-06 0.999323
    outer loop
      vertex 8.05837 -17.3034 14.1401
      vertex 6.38072 -22.6322 14.0783
      vertex 7.86089 -22.7067 14.1328
    endloop
  endfacet
  facet normal -0.0368395 7.31327e-06 0.999321
    outer loop
      vertex 10.7275 17.3411 14.2384
      vertex 12.7576 22.6183 14.3132
      vertex 11.0351 22.7413 14.2497
    endloop
  endfacet
  facet normal -0.0368205 0 0.999322
    outer loop
      vertex 12.7576 22.6183 14.3132
      vertex 10.7275 17.3411 14.2384
      vertex 12.7576 17.1997 14.3132
    endloop
  endfacet
  facet normal -0.0368149 5.91429e-06 0.999322
    outer loop
      vertex 10.2642 22.7589 14.2213
      vertex 10.7275 17.3411 14.2384
      vertex 11.0351 22.7413 14.2497
    endloop
  endfacet
  facet normal -0.0368358 4.13078e-06 0.999321
    outer loop
      vertex 10.2642 22.7589 14.2213
      vertex 10.2229 17.3518 14.2198
      vertex 10.7275 17.3411 14.2384
    endloop
  endfacet
  facet normal -0.0367456 1.35861e-07 0.999325
    outer loop
      vertex 9.49998 17.3672 14.1932
      vertex 10.2642 22.7589 14.2213
      vertex 9.5 22.7765 14.1932
    endloop
  endfacet
  facet normal -0.0367703 3.62969e-06 0.999324
    outer loop
      vertex 10.2642 22.7589 14.2213
      vertex 9.49998 17.3672 14.1932
      vertex 10.2229 17.3518 14.2198
    endloop
  endfacet
  facet normal -0.0367811 1.35992e-07 0.999323
    outer loop
      vertex 8.62786 22.7394 14.1611
      vertex 9.49998 17.3672 14.1932
      vertex 9.5 22.7765 14.1932
    endloop
  endfacet
  facet normal -0.0368317 -8.08522e-06 0.999321
    outer loop
      vertex 8.62786 22.7394 14.1611
      vertex 8.58835 17.3268 14.1596
      vertex 9.49998 17.3672 14.1932
    endloop
  endfacet
  facet normal -0.036873 -7.78312e-06 0.99932
    outer loop
      vertex 7.86089 22.7067 14.1328
      vertex 8.58835 17.3268 14.1596
      vertex 8.62786 22.7394 14.1611
    endloop
  endfacet
  facet normal -0.0367692 6.26924e-06 0.999324
    outer loop
      vertex 8.58835 17.3268 14.1596
      vertex 7.86089 22.7067 14.1328
      vertex 8.05837 17.3034 14.1401
    endloop
  endfacet
  facet normal -0.0367954 5.31071e-06 0.999323
    outer loop
      vertex 6.38072 22.6322 14.0783
      vertex 8.05837 17.3034 14.1401
      vertex 7.86089 22.7067 14.1328
    endloop
  endfacet
  facet normal -0.0368123 -5.75593e-19 0.999322
    outer loop
      vertex 8.05837 17.3034 14.1401
      vertex 6.38072 22.6322 14.0783
      vertex 6.38072 17.2161 14.0783
    endloop
  endfacet
  facet normal -0.183038 2.24941e-19 0.983106
    outer loop
      vertex 48.7722 -13.8956 18.6325
      vertex 50.7235 -18.8871 18.9958
      vertex 50.7235 -13.5735 18.9958
    endloop
  endfacet
  facet normal -0.183037 0 0.983106
    outer loop
      vertex 44.4501 -19.978 17.8278
      vertex 48.7722 -13.8956 18.6325
      vertex 44.4501 -14.609 17.8278
    endloop
  endfacet
  facet normal -0.183038 2.29885e-07 0.983106
    outer loop
      vertex 48.7722 -13.8956 18.6325
      vertex 44.4501 -19.978 17.8278
      vertex 50.7235 -18.8871 18.9958
    endloop
  endfacet
  facet normal -0.183038 0 0.983106
    outer loop
      vertex 50.7235 18.8871 18.9958
      vertex 48.7722 13.8956 18.6325
      vertex 50.7235 13.5735 18.9958
    endloop
  endfacet
  facet normal -0.183038 -2.29885e-07 0.983106
    outer loop
      vertex 44.4501 19.978 17.8278
      vertex 48.7722 13.8956 18.6325
      vertex 50.7235 18.8871 18.9958
    endloop
  endfacet
  facet normal -0.183037 -4.21114e-18 0.983106
    outer loop
      vertex 48.7722 13.8956 18.6325
      vertex 44.4501 19.978 17.8278
      vertex 44.4501 14.609 17.8278
    endloop
  endfacet
  facet normal 0.207112 0 0.978317
    outer loop
      vertex -50.7235 -11.8225 18.9958
      vertex -55.979 -15.9848 20.1084
      vertex -50.7235 -17.2284 18.9958
    endloop
  endfacet
  facet normal 0.207121 -1.20087e-05 0.978315
    outer loop
      vertex -56.1629 -10.5909 20.1474
      vertex -55.979 -15.9848 20.1084
      vertex -50.7235 -11.8225 18.9958
    endloop
  endfacet
  facet normal 0.207017 -0 0.978337
    outer loop
      vertex -56.9663 -15.7511 20.3174
      vertex -56.1629 -10.5909 20.1474
      vertex -56.9663 -10.409 20.3174
    endloop
  endfacet
  facet normal 0.207096 -1.28901e-05 0.978321
    outer loop
      vertex -56.1629 -10.5909 20.1474
      vertex -56.9663 -15.7511 20.3174
      vertex -55.979 -15.9848 20.1084
    endloop
  endfacet
  facet normal 0.207112 -1.11986e-17 0.978317
    outer loop
      vertex -55.979 15.9848 20.1084
      vertex -50.7235 11.8225 18.9958
      vertex -50.7235 17.2284 18.9958
    endloop
  endfacet
  facet normal 0.207121 1.20087e-05 0.978315
    outer loop
      vertex -55.979 15.9848 20.1084
      vertex -56.1629 10.5909 20.1474
      vertex -50.7235 11.8225 18.9958
    endloop
  endfacet
  facet normal 0.207096 1.28901e-05 0.978321
    outer loop
      vertex -56.9663 15.7511 20.3174
      vertex -56.1629 10.5909 20.1474
      vertex -55.979 15.9848 20.1084
    endloop
  endfacet
  facet normal 0.207017 4.70118e-19 0.978337
    outer loop
      vertex -56.1629 10.5909 20.1474
      vertex -56.9663 15.7511 20.3174
      vertex -56.9663 10.409 20.3174
    endloop
  endfacet
  facet normal 0.0613101 -2.61755e-18 0.998119
    outer loop
      vertex -16.2366 -16.4403 14.5269
      vertex -12.7576 -21.9196 14.3132
      vertex -12.7576 -16.5143 14.3132
    endloop
  endfacet
  facet normal 0.0613172 4.47488e-06 0.998118
    outer loop
      vertex -16.2366 -16.4403 14.5269
      vertex -16.6106 -21.8266 14.5499
      vertex -12.7576 -21.9196 14.3132
    endloop
  endfacet
  facet normal 0.0614176 -2.52306e-06 0.998112
    outer loop
      vertex -16.9159 -16.3865 14.5687
      vertex -16.6106 -21.8266 14.5499
      vertex -16.2366 -16.4403 14.5269
    endloop
  endfacet
  facet normal 0.0613149 -8.30449e-06 0.998118
    outer loop
      vertex -16.9159 -16.3865 14.5687
      vertex -17.3708 -21.7642 14.5966
      vertex -16.6106 -21.8266 14.5499
    endloop
  endfacet
  facet normal 0.061279 -5.25298e-06 0.998121
    outer loop
      vertex -17.4192 -16.3466 14.5996
      vertex -17.3708 -21.7642 14.5966
      vertex -16.9159 -16.3865 14.5687
    endloop
  endfacet
  facet normal 0.0613156 -4.92511e-06 0.998118
    outer loop
      vertex -17.4192 -16.3466 14.5996
      vertex -18.0903 -21.7052 14.6408
      vertex -17.3708 -21.7642 14.5966
    endloop
  endfacet
  facet normal 0.0613157 -0 0.998118
    outer loop
      vertex -19.1268 -21.5647 14.7045
      vertex -17.4192 -16.3466 14.5996
      vertex -19.1268 -16.1201 14.7045
    endloop
  endfacet
  facet normal 0.06134 -7.99946e-06 0.998117
    outer loop
      vertex -17.4192 -16.3466 14.5996
      vertex -19.1268 -21.5647 14.7045
      vertex -18.0903 -21.7052 14.6408
    endloop
  endfacet
  facet normal 0.0613101 0 0.998119
    outer loop
      vertex -12.7576 21.9196 14.3132
      vertex -16.2366 16.4403 14.5269
      vertex -12.7576 16.5143 14.3132
    endloop
  endfacet
  facet normal 0.0613172 -4.47488e-06 0.998118
    outer loop
      vertex -16.6106 21.8266 14.5499
      vertex -16.2366 16.4403 14.5269
      vertex -12.7576 21.9196 14.3132
    endloop
  endfacet
  facet normal 0.0614176 2.52306e-06 0.998112
    outer loop
      vertex -16.6106 21.8266 14.5499
      vertex -16.9159 16.3865 14.5687
      vertex -16.2366 16.4403 14.5269
    endloop
  endfacet
  facet normal 0.0613149 8.30449e-06 0.998118
    outer loop
      vertex -17.3708 21.7642 14.5966
      vertex -16.9159 16.3865 14.5687
      vertex -16.6106 21.8266 14.5499
    endloop
  endfacet
  facet normal 0.061279 5.25298e-06 0.998121
    outer loop
      vertex -17.3708 21.7642 14.5966
      vertex -17.4192 16.3466 14.5996
      vertex -16.9159 16.3865 14.5687
    endloop
  endfacet
  facet normal 0.0613156 4.92511e-06 0.998118
    outer loop
      vertex -18.0903 21.7052 14.6408
      vertex -17.4192 16.3466 14.5996
      vertex -17.3708 21.7642 14.5966
    endloop
  endfacet
  facet normal 0.06134 7.99946e-06 0.998117
    outer loop
      vertex -19.1268 21.5647 14.7045
      vertex -17.4192 16.3466 14.5996
      vertex -18.0903 21.7052 14.6408
    endloop
  endfacet
  facet normal 0.0613157 -1.07008e-19 0.998118
    outer loop
      vertex -17.4192 16.3466 14.5996
      vertex -19.1268 21.5647 14.7045
      vertex -19.1268 16.1201 14.7045
    endloop
  endfacet
  facet normal 0.0122721 0 0.999925
    outer loop
      vertex 0 -16.9332 14
      vertex -2.36291 -22.2649 14.029
      vertex 0 -22.3529 14
    endloop
  endfacet
  facet normal 0.0122704 7.23834e-07 0.999925
    outer loop
      vertex -6.38072 -16.6992 14.0783
      vertex -2.36291 -22.2649 14.029
      vertex 0 -16.9332 14
    endloop
  endfacet
  facet normal 0.0122694 3.57459e-19 0.999925
    outer loop
      vertex -2.36291 -22.2649 14.029
      vertex -6.38072 -16.6992 14.0783
      vertex -6.38072 -22.1153 14.0783
    endloop
  endfacet
  facet normal 0.0122721 1.79572e-19 0.999925
    outer loop
      vertex -2.36291 22.2649 14.029
      vertex 0 16.9332 14
      vertex 0 22.3529 14
    endloop
  endfacet
  facet normal 0.0122694 -0 0.999925
    outer loop
      vertex -6.38072 16.6992 14.0783
      vertex -2.36291 22.2649 14.029
      vertex -6.38072 22.1153 14.0783
    endloop
  endfacet
  facet normal 0.0122704 -7.23834e-07 0.999925
    outer loop
      vertex -2.36291 22.2649 14.029
      vertex -6.38072 16.6992 14.0783
      vertex 0 16.9332 14
    endloop
  endfacet
  facet normal 0.325276 0 0.945619
    outer loop
      vertex -81.5573 8.11621 27.1227
      vertex -82.0425 2.4783 27.2896
      vertex -81.5573 2.67601 27.1227
    endloop
  endfacet
  facet normal 0.325315 -3.78849e-06 0.945606
    outer loop
      vertex -86.2892 6.10309 28.7506
      vertex -82.0425 2.4783 27.2896
      vertex -81.5573 8.11621 27.1227
    endloop
  endfacet
  facet normal 0.325384 8.61589e-05 0.945582
    outer loop
      vertex -82.0425 2.4783 27.2896
      vertex -86.2892 6.10309 28.7506
      vertex -82.3415 2.35509 27.3925
    endloop
  endfacet
  facet normal 0.325206 -0.0001231 0.945643
    outer loop
      vertex -82.3415 2.35509 27.3925
      vertex -86.2892 6.10309 28.7506
      vertex -82.5224 2.26735 27.4547
    endloop
  endfacet
  facet normal 0.325227 -0.00010012 0.945636
    outer loop
      vertex -82.5224 2.26735 27.4547
      vertex -86.2892 6.10309 28.7506
      vertex -82.7408 2.14402 27.5298
    endloop
  endfacet
  facet normal 0.325299 -2.82555e-05 0.945611
    outer loop
      vertex -86.7081 5.92272 28.8947
      vertex -82.7408 2.14402 27.5298
      vertex -86.2892 6.10309 28.7506
    endloop
  endfacet
  facet normal 0.325276 2.4278e-18 0.945619
    outer loop
      vertex -82.0425 -2.4783 27.2896
      vertex -81.5573 -8.11621 27.1227
      vertex -81.5573 -2.67601 27.1227
    endloop
  endfacet
  facet normal 0.325384 -8.61589e-05 0.945582
    outer loop
      vertex -86.2892 -6.10309 28.7506
      vertex -82.0425 -2.4783 27.2896
      vertex -82.3415 -2.35509 27.3925
    endloop
  endfacet
  facet normal 0.325206 0.0001231 0.945643
    outer loop
      vertex -86.2892 -6.10309 28.7506
      vertex -82.3415 -2.35509 27.3925
      vertex -82.5224 -2.26735 27.4547
    endloop
  endfacet
  facet normal 0.325227 0.00010012 0.945636
    outer loop
      vertex -86.2892 -6.10309 28.7506
      vertex -82.5224 -2.26735 27.4547
      vertex -82.7408 -2.14402 27.5298
    endloop
  endfacet
  facet normal 0.325321 -1.30938e-05 0.945604
    outer loop
      vertex -87.1155 -5.71398 29.0348
      vertex -82.7408 -2.14402 27.5298
      vertex -86.2235 0 28.728
    endloop
  endfacet
  facet normal 0.325315 3.78849e-06 0.945606
    outer loop
      vertex -82.0425 -2.4783 27.2896
      vertex -86.2892 -6.10309 28.7506
      vertex -81.5573 -8.11621 27.1227
    endloop
  endfacet
  facet normal 0.325241 -9.64692e-05 0.945631
    outer loop
      vertex -87.1155 5.71398 29.0348
      vertex -82.7408 2.14402 27.5298
      vertex -86.7081 5.92272 28.8947
    endloop
  endfacet
  facet normal 0.325321 1.30938e-05 0.945604
    outer loop
      vertex -82.7408 2.14402 27.5298
      vertex -87.1155 5.71398 29.0348
      vertex -86.2235 0 28.728
    endloop
  endfacet
  facet normal 0.325299 2.82555e-05 0.945611
    outer loop
      vertex -82.7408 -2.14402 27.5298
      vertex -86.7081 -5.92272 28.8947
      vertex -86.2892 -6.10309 28.7506
    endloop
  endfacet
  facet normal 0.325487 4.20961e-05 0.945547
    outer loop
      vertex -87.5091 5.47746 29.1703
      vertex -86.2235 0 28.728
      vertex -87.1155 5.71398 29.0348
    endloop
  endfacet
  facet normal 0.325241 9.64692e-05 0.945631
    outer loop
      vertex -82.7408 -2.14402 27.5298
      vertex -87.1155 -5.71398 29.0348
      vertex -86.7081 -5.92272 28.8947
    endloop
  endfacet
  facet normal 0.324306 -0.000267922 0.945952
    outer loop
      vertex -87.5914 5.42338 29.1985
      vertex -86.2235 0 28.728
      vertex -87.5091 5.47746 29.1703
    endloop
  endfacet
  facet normal 0.325487 -4.20961e-05 0.945547
    outer loop
      vertex -86.2235 0 28.728
      vertex -87.5091 -5.47746 29.1703
      vertex -87.1155 -5.71398 29.0348
    endloop
  endfacet
  facet normal 0.325256 -0 0.945626
    outer loop
      vertex -87.5914 -5.42338 29.1985
      vertex -86.2235 0 28.728
      vertex -87.5914 5.42338 29.1985
    endloop
  endfacet
  facet normal 0.324306 0.000267922 0.945952
    outer loop
      vertex -86.2235 0 28.728
      vertex -87.5914 -5.42338 29.1985
      vertex -87.5091 -5.47746 29.1703
    endloop
  endfacet
  facet normal -0.158856 -2.65021e-18 0.987302
    outer loop
      vertex 38.1499 -15.7 16.8141
      vertex 44.4501 -19.978 17.8278
      vertex 44.4501 -14.609 17.8278
    endloop
  endfacet
  facet normal -0.158855 2.72978e-06 0.987302
    outer loop
      vertex 44.4501 -19.978 17.8278
      vertex 38.1499 -15.7 16.8141
      vertex 38.4096 -21.07 16.8559
    endloop
  endfacet
  facet normal -0.15891 3.58403e-20 0.987293
    outer loop
      vertex 38.4096 -21.07 16.8559
      vertex 38.1499 -15.7 16.8141
      vertex 38.1499 -21.1016 16.8141
    endloop
  endfacet
  facet normal -0.158855 -2.72978e-06 0.987302
    outer loop
      vertex 38.1499 15.7 16.8141
      vertex 44.4501 19.978 17.8278
      vertex 38.4096 21.07 16.8559
    endloop
  endfacet
  facet normal -0.15891 0 0.987293
    outer loop
      vertex 38.1499 15.7 16.8141
      vertex 38.4096 21.07 16.8559
      vertex 38.1499 21.1016 16.8141
    endloop
  endfacet
  facet normal -0.158856 0 0.987302
    outer loop
      vertex 44.4501 19.978 17.8278
      vertex 38.1499 15.7 16.8141
      vertex 44.4501 14.609 17.8278
    endloop
  endfacet
  facet normal 0.134584 -0 0.990902
    outer loop
      vertex -38.1499 -19.24 16.8141
      vertex -31.8268 -14.5841 15.9553
      vertex -38.1499 -13.894 16.8141
    endloop
  endfacet
  facet normal 0.134584 0 0.990902
    outer loop
      vertex -31.8268 -14.5841 15.9553
      vertex -38.1499 -19.24 16.8141
      vertex -31.8268 -19.9703 15.9553
    endloop
  endfacet
  facet normal 0.134584 -7.67993e-18 0.990902
    outer loop
      vertex -38.1499 19.24 16.8141
      vertex -31.8268 14.5841 15.9553
      vertex -31.8268 19.9703 15.9553
    endloop
  endfacet
  facet normal 0.134584 -7.73768e-18 0.990902
    outer loop
      vertex -31.8268 14.5841 15.9553
      vertex -38.1499 19.24 16.8141
      vertex -38.1499 13.894 16.8141
    endloop
  endfacet
  facet normal 0.254852 8.63262e-06 0.96698
    outer loop
      vertex -69.3453 -12.9551 23.4182
      vertex -63.1748 -9.05533 21.7919
      vertex -68.3969 -7.96117 23.1682
    endloop
  endfacet
  facet normal 0.25494 -9.2858e-06 0.966957
    outer loop
      vertex -69.3453 -12.9551 23.4182
      vertex -68.3969 -7.96117 23.1682
      vertex -68.948 -7.84141 23.3135
    endloop
  endfacet
  facet normal 0.254969 -1.16558e-05 0.966949
    outer loop
      vertex -69.3453 -12.9551 23.4182
      vertex -68.948 -7.84141 23.3135
      vertex -69.1471 -7.79815 23.366
    endloop
  endfacet
  facet normal 0.254685 -0 0.967024
    outer loop
      vertex -69.3453 -12.9551 23.4182
      vertex -69.1471 -7.79815 23.366
      vertex -69.3453 -7.741 23.4182
    endloop
  endfacet
  facet normal 0.254857 0 0.966979
    outer loop
      vertex -63.1748 -9.05533 21.7919
      vertex -69.3453 -12.9551 23.4182
      vertex -63.1748 -14.3264 21.7919
    endloop
  endfacet
  facet normal 0.254857 -2.01632e-17 0.966979
    outer loop
      vertex -69.3453 12.9551 23.4182
      vertex -63.1748 9.05533 21.7919
      vertex -63.1748 14.3264 21.7919
    endloop
  endfacet
  facet normal 0.254852 -8.63262e-06 0.96698
    outer loop
      vertex -63.1748 9.05533 21.7919
      vertex -69.3453 12.9551 23.4182
      vertex -68.3969 7.96117 23.1682
    endloop
  endfacet
  facet normal 0.25494 9.2858e-06 0.966957
    outer loop
      vertex -68.3969 7.96117 23.1682
      vertex -69.3453 12.9551 23.4182
      vertex -68.948 7.84141 23.3135
    endloop
  endfacet
  facet normal 0.254969 1.16558e-05 0.966949
    outer loop
      vertex -68.948 7.84141 23.3135
      vertex -69.3453 12.9551 23.4182
      vertex -69.1471 7.79815 23.366
    endloop
  endfacet
  facet normal 0.254685 3.68457e-19 0.967024
    outer loop
      vertex -69.1471 7.79815 23.366
      vertex -69.3453 12.9551 23.4182
      vertex -69.3453 7.741 23.4182
    endloop
  endfacet
  facet normal -0.231079 -2.56826e-18 0.972935
    outer loop
      vertex 62.0321 -11.6238 21.5205
      vertex 63.1748 -16.6857 21.7919
      vertex 63.1748 -11.2623 21.7919
    endloop
  endfacet
  facet normal -0.231124 -1.07113e-05 0.972924
    outer loop
      vertex 61.383 -11.8167 21.3663
      vertex 63.1748 -16.6857 21.7919
      vertex 62.0321 -11.6238 21.5205
    endloop
  endfacet
  facet normal -0.231211 -4.43488e-05 0.972904
    outer loop
      vertex 63.1748 -16.6857 21.7919
      vertex 61.383 -11.8167 21.3663
      vertex 63.0532 -16.7233 21.763
    endloop
  endfacet
  facet normal -0.231034 1.92284e-05 0.972946
    outer loop
      vertex 63.0532 -16.7233 21.763
      vertex 61.383 -11.8167 21.3663
      vertex 62.7125 -16.8285 21.6821
    endloop
  endfacet
  facet normal -0.231005 2.73506e-05 0.972953
    outer loop
      vertex 61.0452 -11.917 21.2861
      vertex 62.7125 -16.8285 21.6821
      vertex 61.383 -11.8167 21.3663
    endloop
  endfacet
  facet normal -0.231086 -1.50014e-06 0.972933
    outer loop
      vertex 62.7125 -16.8285 21.6821
      vertex 61.0452 -11.917 21.2861
      vertex 61.8595 -17.0309 21.4795
    endloop
  endfacet
  facet normal -0.231057 3.36287e-06 0.97294
    outer loop
      vertex 60.8355 -11.9644 21.2363
      vertex 61.8595 -17.0309 21.4795
      vertex 61.0452 -11.917 21.2861
    endloop
  endfacet
  facet normal -0.231009 1.34809e-05 0.972952
    outer loop
      vertex 61.8595 -17.0309 21.4795
      vertex 60.8355 -11.9644 21.2363
      vertex 61.5811 -17.0969 21.4134
    endloop
  endfacet
  facet normal -0.231032 1.00087e-05 0.972946
    outer loop
      vertex 60.2417 -12.0985 21.0953
      vertex 61.5811 -17.0969 21.4134
      vertex 60.8355 -11.9644 21.2363
    endloop
  endfacet
  facet normal -0.231069 -5.80384e-07 0.972937
    outer loop
      vertex 61.5811 -17.0969 21.4134
      vertex 60.2417 -12.0985 21.0953
      vertex 61.1992 -17.1611 21.3227
    endloop
  endfacet
  facet normal -0.231055 2.29328e-06 0.972941
    outer loop
      vertex 59.8543 -12.1593 21.0033
      vertex 61.1992 -17.1611 21.3227
      vertex 60.2417 -12.0985 21.0953
    endloop
  endfacet
  facet normal -0.231102 -1.09619e-05 0.97293
    outer loop
      vertex 61.1992 -17.1611 21.3227
      vertex 59.8543 -12.1593 21.0033
      vertex 60.3429 -17.3052 21.1193
    endloop
  endfacet
  facet normal -0.231111 -1.18569e-05 0.972928
    outer loop
      vertex 59.19 -12.2635 20.8455
      vertex 60.3429 -17.3052 21.1193
      vertex 59.8543 -12.1593 21.0033
    endloop
  endfacet
  facet normal -0.231061 2.15698e-07 0.972939
    outer loop
      vertex 56.9663 -12.5941 20.3174
      vertex 60.3429 -17.3052 21.1193
      vertex 59.19 -12.2635 20.8455
    endloop
  endfacet
  facet normal -0.231061 -4.45934e-18 0.972939
    outer loop
      vertex 60.3429 -17.3052 21.1193
      vertex 56.9663 -12.5941 20.3174
      vertex 56.9663 -17.8451 20.3174
    endloop
  endfacet
  facet normal -0.231211 4.43488e-05 0.972904
    outer loop
      vertex 61.383 11.8167 21.3663
      vertex 63.1748 16.6857 21.7919
      vertex 63.0532 16.7233 21.763
    endloop
  endfacet
  facet normal -0.231034 -1.92284e-05 0.972946
    outer loop
      vertex 61.383 11.8167 21.3663
      vertex 63.0532 16.7233 21.763
      vertex 62.7125 16.8285 21.6821
    endloop
  endfacet
  facet normal -0.231079 0 0.972935
    outer loop
      vertex 63.1748 16.6857 21.7919
      vertex 62.0321 11.6238 21.5205
      vertex 63.1748 11.2623 21.7919
    endloop
  endfacet
  facet normal -0.231086 1.50014e-06 0.972933
    outer loop
      vertex 61.0452 11.917 21.2861
      vertex 62.7125 16.8285 21.6821
      vertex 61.8595 17.0309 21.4795
    endloop
  endfacet
  facet normal -0.231009 -1.34809e-05 0.972952
    outer loop
      vertex 60.8355 11.9644 21.2363
      vertex 61.8595 17.0309 21.4795
      vertex 61.5811 17.0969 21.4134
    endloop
  endfacet
  facet normal -0.231124 1.07113e-05 0.972924
    outer loop
      vertex 63.1748 16.6857 21.7919
      vertex 61.383 11.8167 21.3663
      vertex 62.0321 11.6238 21.5205
    endloop
  endfacet
  facet normal -0.231069 5.80384e-07 0.972937
    outer loop
      vertex 60.2417 12.0985 21.0953
      vertex 61.5811 17.0969 21.4134
      vertex 61.1992 17.1611 21.3227
    endloop
  endfacet
  facet normal -0.231005 -2.73506e-05 0.972953
    outer loop
      vertex 62.7125 16.8285 21.6821
      vertex 61.0452 11.917 21.2861
      vertex 61.383 11.8167 21.3663
    endloop
  endfacet
  facet normal -0.231057 -3.36287e-06 0.97294
    outer loop
      vertex 61.8595 17.0309 21.4795
      vertex 60.8355 11.9644 21.2363
      vertex 61.0452 11.917 21.2861
    endloop
  endfacet
  facet normal -0.231102 1.09619e-05 0.97293
    outer loop
      vertex 59.8543 12.1593 21.0033
      vertex 61.1992 17.1611 21.3227
      vertex 60.3429 17.3052 21.1193
    endloop
  endfacet
  facet normal -0.231032 -1.00087e-05 0.972946
    outer loop
      vertex 61.5811 17.0969 21.4134
      vertex 60.2417 12.0985 21.0953
      vertex 60.8355 11.9644 21.2363
    endloop
  endfacet
  facet normal -0.231055 -2.29328e-06 0.972941
    outer loop
      vertex 61.1992 17.1611 21.3227
      vertex 59.8543 12.1593 21.0033
      vertex 60.2417 12.0985 21.0953
    endloop
  endfacet
  facet normal -0.231111 1.18569e-05 0.972928
    outer loop
      vertex 60.3429 17.3052 21.1193
      vertex 59.19 12.2635 20.8455
      vertex 59.8543 12.1593 21.0033
    endloop
  endfacet
  facet normal -0.231061 0 0.972939
    outer loop
      vertex 56.9663 12.5941 20.3174
      vertex 60.3429 17.3052 21.1193
      vertex 56.9663 17.8451 20.3174
    endloop
  endfacet
  facet normal -0.231061 -2.15698e-07 0.972939
    outer loop
      vertex 60.3429 17.3052 21.1193
      vertex 56.9663 12.5941 20.3174
      vertex 59.19 12.2635 20.8455
    endloop
  endfacet
  facet normal -0.254857 1.9841e-17 0.966979
    outer loop
      vertex 63.1748 -11.2623 21.7919
      vertex 69.3453 -14.7206 23.4182
      vertex 69.3453 -9.36395 23.4182
    endloop
  endfacet
  facet normal -0.254867 -1.87434e-05 0.966976
    outer loop
      vertex 69.3453 -14.7206 23.4182
      vertex 63.1748 -11.2623 21.7919
      vertex 63.9025 -16.4664 21.9836
    endloop
  endfacet
  facet normal -0.254742 7.91803e-20 0.967009
    outer loop
      vertex 63.9025 -16.4664 21.9836
      vertex 63.1748 -11.2623 21.7919
      vertex 63.1748 -16.6857 21.7919
    endloop
  endfacet
  facet normal -0.254867 1.87434e-05 0.966976
    outer loop
      vertex 63.1748 11.2623 21.7919
      vertex 69.3453 14.7206 23.4182
      vertex 63.9025 16.4664 21.9836
    endloop
  endfacet
  facet normal -0.254742 0 0.967009
    outer loop
      vertex 63.1748 11.2623 21.7919
      vertex 63.9025 16.4664 21.9836
      vertex 63.1748 16.6857 21.7919
    endloop
  endfacet
  facet normal -0.254857 0 0.966979
    outer loop
      vertex 69.3453 14.7206 23.4182
      vertex 63.1748 11.2623 21.7919
      vertex 69.3453 9.36395 23.4182
    endloop
  endfacet
  facet normal -0.0858097 0 0.996312
    outer loop
      vertex 25.4845 -16.4602 15.252
      vertex 21.9084 -22.0435 14.944
      vertex 25.4845 -21.8353 15.252
    endloop
  endfacet
  facet normal -0.0857981 -7.46858e-06 0.996313
    outer loop
      vertex 19.1268 -16.805 14.7045
      vertex 21.9084 -22.0435 14.944
      vertex 25.4845 -16.4602 15.252
    endloop
  endfacet
  facet normal -0.0857841 1.76976e-18 0.996314
    outer loop
      vertex 21.9084 -22.0435 14.944
      vertex 19.1268 -16.805 14.7045
      vertex 19.1268 -22.2055 14.7045
    endloop
  endfacet
  facet normal -0.0858097 -1.04093e-18 0.996312
    outer loop
      vertex 21.9084 22.0435 14.944
      vertex 25.4845 16.4602 15.252
      vertex 25.4845 21.8353 15.252
    endloop
  endfacet
  facet normal -0.0857841 0 0.996314
    outer loop
      vertex 19.1268 16.805 14.7045
      vertex 21.9084 22.0435 14.944
      vertex 19.1268 22.2055 14.7045
    endloop
  endfacet
  facet normal -0.0857981 7.46858e-06 0.996313
    outer loop
      vertex 21.9084 22.0435 14.944
      vertex 19.1268 16.805 14.7045
      vertex 25.4845 16.4602 15.252
    endloop
  endfacet
  facet normal -0.278522 -1.00875e-17 0.96043
    outer loop
      vertex 69.3453 -9.36395 23.4182
      vertex 73.0043 -13.5747 24.4793
      vertex 73.0043 -8.27079 24.4793
    endloop
  endfacet
  facet normal -0.278522 -9.98823e-18 0.96043
    outer loop
      vertex 73.0043 -13.5747 24.4793
      vertex 69.3453 -9.36395 23.4182
      vertex 69.3453 -14.7206 23.4182
    endloop
  endfacet
  facet normal -0.278522 0 0.96043
    outer loop
      vertex 69.3453 9.36395 23.4182
      vertex 73.0043 13.5747 24.4793
      vertex 69.3453 14.7206 23.4182
    endloop
  endfacet
  facet normal -0.278522 0 0.96043
    outer loop
      vertex 73.0043 13.5747 24.4793
      vertex 69.3453 9.36395 23.4182
      vertex 73.0043 8.27079 24.4793
    endloop
  endfacet
  facet normal 0.23107 -0 0.972937
    outer loop
      vertex -63.1748 -14.3264 21.7919
      vertex -56.9663 -10.409 20.3174
      vertex -63.1748 -9.05533 21.7919
    endloop
  endfacet
  facet normal 0.23107 0 0.972937
    outer loop
      vertex -56.9663 -10.409 20.3174
      vertex -63.1748 -14.3264 21.7919
      vertex -56.9663 -15.7511 20.3174
    endloop
  endfacet
  facet normal 0.23107 -5.97049e-18 0.972937
    outer loop
      vertex -63.1748 14.3264 21.7919
      vertex -56.9663 10.409 20.3174
      vertex -56.9663 15.7511 20.3174
    endloop
  endfacet
  facet normal 0.23107 -6.05095e-18 0.972937
    outer loop
      vertex -56.9663 10.409 20.3174
      vertex -63.1748 14.3264 21.7919
      vertex -63.1748 9.05533 21.7919
    endloop
  endfacet
  facet normal 0.158856 9.93159e-06 0.987302
    outer loop
      vertex -44.1341 -18.5893 17.777
      vertex -38.1499 -13.894 16.8141
      vertex -43.3072 -13.372 17.6439
    endloop
  endfacet
  facet normal 0.158945 -4.56014e-06 0.987287
    outer loop
      vertex -44.1341 -18.5893 17.777
      vertex -43.3072 -13.372 17.6439
      vertex -43.8917 -13.3053 17.738
    endloop
  endfacet
  facet normal 0.158864 0 0.987301
    outer loop
      vertex -38.1499 -13.894 16.8141
      vertex -44.1341 -18.5893 17.777
      vertex -38.1499 -19.24 16.8141
    endloop
  endfacet
  facet normal 0.158876 -1.09073e-05 0.987298
    outer loop
      vertex -44.4501 -18.5508 17.8278
      vertex -43.8917 -13.3053 17.738
      vertex -44.4342 -13.2434 17.8253
    endloop
  endfacet
  facet normal 0.155324 -0 0.987864
    outer loop
      vertex -44.4501 -18.5508 17.8278
      vertex -44.4342 -13.2434 17.8253
      vertex -44.4501 -13.2405 17.8278
    endloop
  endfacet
  facet normal 0.158722 5.9272e-06 0.987323
    outer loop
      vertex -43.8917 -13.3053 17.738
      vertex -44.4501 -18.5508 17.8278
      vertex -44.1341 -18.5893 17.777
    endloop
  endfacet
  facet normal 0.158864 -6.32257e-18 0.987301
    outer loop
      vertex -44.1341 18.5893 17.777
      vertex -38.1499 13.894 16.8141
      vertex -38.1499 19.24 16.8141
    endloop
  endfacet
  facet normal 0.158856 -9.93159e-06 0.987302
    outer loop
      vertex -38.1499 13.894 16.8141
      vertex -44.1341 18.5893 17.777
      vertex -43.3072 13.372 17.6439
    endloop
  endfacet
  facet normal 0.158945 4.56014e-06 0.987287
    outer loop
      vertex -43.3072 13.372 17.6439
      vertex -44.1341 18.5893 17.777
      vertex -43.8917 13.3053 17.738
    endloop
  endfacet
  facet normal 0.158722 -5.9272e-06 0.987323
    outer loop
      vertex -44.4501 18.5508 17.8278
      vertex -43.8917 13.3053 17.738
      vertex -44.1341 18.5893 17.777
    endloop
  endfacet
  facet normal 0.158876 1.09073e-05 0.987298
    outer loop
      vertex -43.8917 13.3053 17.738
      vertex -44.4501 18.5508 17.8278
      vertex -44.4342 13.2434 17.8253
    endloop
  endfacet
  facet normal 0.155324 -1.94334e-21 0.987864
    outer loop
      vertex -44.4342 13.2434 17.8253
      vertex -44.4501 18.5508 17.8278
      vertex -44.4501 13.2405 17.8278
    endloop
  endfacet
  facet normal 0.0368112 -0 0.999322
    outer loop
      vertex -12.7576 -21.9196 14.3132
      vertex -6.38072 -16.6992 14.0783
      vertex -12.7576 -16.5143 14.3132
    endloop
  endfacet
  facet normal 0.0368112 0 0.999322
    outer loop
      vertex -6.38072 -16.6992 14.0783
      vertex -12.7576 -21.9196 14.3132
      vertex -6.38072 -22.1153 14.0783
    endloop
  endfacet
  facet normal 0.0368112 -1.35921e-18 0.999322
    outer loop
      vertex -12.7576 21.9196 14.3132
      vertex -6.38072 16.6992 14.0783
      vertex -6.38072 22.1153 14.0783
    endloop
  endfacet
  facet normal 0.0368112 -1.36192e-18 0.999322
    outer loop
      vertex -6.38072 16.6992 14.0783
      vertex -12.7576 21.9196 14.3132
      vertex -12.7576 16.5143 14.3132
    endloop
  endfacet
  facet normal -0.20711 -2.3222e-17 0.978318
    outer loop
      vertex 50.7235 -13.5735 18.9958
      vertex 56.9663 -17.8451 20.3174
      vertex 56.9663 -12.5941 20.3174
    endloop
  endfacet
  facet normal -0.207104 8.96509e-06 0.978319
    outer loop
      vertex 56.9663 -17.8451 20.3174
      vertex 50.7235 -13.5735 18.9958
      vertex 50.7946 -18.8753 19.0109
    endloop
  endfacet
  facet normal -0.207744 -2.45918e-19 0.978183
    outer loop
      vertex 50.7946 -18.8753 19.0109
      vertex 50.7235 -13.5735 18.9958
      vertex 50.7235 -18.8871 18.9958
    endloop
  endfacet
  facet normal -0.207104 -8.96509e-06 0.978319
    outer loop
      vertex 50.7235 13.5735 18.9958
      vertex 56.9663 17.8451 20.3174
      vertex 50.7946 18.8753 19.0109
    endloop
  endfacet
  facet normal -0.207744 0 0.978183
    outer loop
      vertex 50.7235 13.5735 18.9958
      vertex 50.7946 18.8753 19.0109
      vertex 50.7235 18.8871 18.9958
    endloop
  endfacet
  facet normal -0.20711 0 0.978318
    outer loop
      vertex 56.9663 17.8451 20.3174
      vertex 50.7235 13.5735 18.9958
      vertex 56.9663 12.5941 20.3174
    endloop
  endfacet
  facet normal 0.0857985 -0 0.996313
    outer loop
      vertex -25.4845 -20.7453 15.252
      vertex -19.1268 -16.1201 14.7045
      vertex -25.4845 -15.3263 15.252
    endloop
  endfacet
  facet normal 0.0857985 0 0.996313
    outer loop
      vertex -19.1268 -16.1201 14.7045
      vertex -25.4845 -20.7453 15.252
      vertex -19.1268 -21.5647 14.7045
    endloop
  endfacet
  facet normal 0.0857985 3.41352e-18 0.996313
    outer loop
      vertex -25.4845 20.7453 15.252
      vertex -19.1268 16.1201 14.7045
      vertex -19.1268 21.5647 14.7045
    endloop
  endfacet
  facet normal 0.0857985 3.42964e-18 0.996313
    outer loop
      vertex -19.1268 16.1201 14.7045
      vertex -25.4845 20.7453 15.252
      vertex -25.4845 15.3263 15.252
    endloop
  endfacet
  facet normal 0.110243 -5.52234e-19 0.993905
    outer loop
      vertex -26.8143 -15.1707 15.3995
      vertex -25.4845 -20.7453 15.252
      vertex -25.4845 -15.3263 15.252
    endloop
  endfacet
  facet normal 0.110226 -4.13923e-06 0.993907
    outer loop
      vertex -26.8143 -15.1707 15.3995
      vertex -31.754 -19.9792 15.9473
      vertex -25.4845 -20.7453 15.252
    endloop
  endfacet
  facet normal 0.110209 1.33345e-05 0.993908
    outer loop
      vertex -31.8268 -14.5841 15.9553
      vertex -31.754 -19.9792 15.9473
      vertex -26.8143 -15.1707 15.3995
    endloop
  endfacet
  facet normal 0.109233 -1.19124e-19 0.994016
    outer loop
      vertex -31.754 -19.9792 15.9473
      vertex -31.8268 -14.5841 15.9553
      vertex -31.8268 -19.9703 15.9553
    endloop
  endfacet
  facet normal 0.110243 0 0.993905
    outer loop
      vertex -25.4845 20.7453 15.252
      vertex -26.8143 15.1707 15.3995
      vertex -25.4845 15.3263 15.252
    endloop
  endfacet
  facet normal 0.110226 4.13923e-06 0.993907
    outer loop
      vertex -31.754 19.9792 15.9473
      vertex -26.8143 15.1707 15.3995
      vertex -25.4845 20.7453 15.252
    endloop
  endfacet
  facet normal 0.109233 -0 0.994016
    outer loop
      vertex -31.8268 14.5841 15.9553
      vertex -31.754 19.9792 15.9473
      vertex -31.8268 19.9703 15.9553
    endloop
  endfacet
  facet normal 0.110209 -1.33345e-05 0.993908
    outer loop
      vertex -31.754 19.9792 15.9473
      vertex -31.8268 14.5841 15.9553
      vertex -26.8143 15.1707 15.3995
    endloop
  endfacet
  facet normal 0.183146 -1.69117e-05 0.983086
    outer loop
      vertex -45.4667 -18.4341 18.0171
      vertex -44.4501 -13.2405 17.8278
      vertex -44.799 -13.18 17.8928
    endloop
  endfacet
  facet normal 0.183019 0 0.983109
    outer loop
      vertex -44.4501 -13.2405 17.8278
      vertex -44.9271 -18.496 17.9166
      vertex -44.4501 -18.5508 17.8278
    endloop
  endfacet
  facet normal 0.183073 -9.01339e-06 0.983099
    outer loop
      vertex -45.9001 -18.3551 18.0978
      vertex -44.799 -13.18 17.8928
      vertex -45.3419 -13.0858 17.9939
    endloop
  endfacet
  facet normal 0.1831 -7.55489e-06 0.983094
    outer loop
      vertex -44.4501 -13.2405 17.8278
      vertex -45.4667 -18.4341 18.0171
      vertex -44.9271 -18.496 17.9166
    endloop
  endfacet
  facet normal 0.183055 -4.96641e-06 0.983103
    outer loop
      vertex -44.799 -13.18 17.8928
      vertex -45.9001 -18.3551 18.0978
      vertex -45.4667 -18.4341 18.0171
    endloop
  endfacet
  facet normal 0.18304 -5.40893e-06 0.983105
    outer loop
      vertex -45.3419 -13.0858 17.9939
      vertex -46.695 -18.2102 18.2458
      vertex -45.9001 -18.3551 18.0978
    endloop
  endfacet
  facet normal 0.183027 -0 0.983108
    outer loop
      vertex -50.7235 -17.2284 18.9958
      vertex -45.3419 -13.0858 17.9939
      vertex -50.7235 -11.8225 18.9958
    endloop
  endfacet
  facet normal 0.183028 -2.05149e-06 0.983108
    outer loop
      vertex -45.3419 -13.0858 17.9939
      vertex -50.7235 -17.2284 18.9958
      vertex -46.695 -18.2102 18.2458
    endloop
  endfacet
  facet normal 0.183019 -1.10572e-18 0.983109
    outer loop
      vertex -44.9271 18.496 17.9166
      vertex -44.4501 13.2405 17.8278
      vertex -44.4501 18.5508 17.8278
    endloop
  endfacet
  facet normal 0.1831 7.55489e-06 0.983094
    outer loop
      vertex -45.4667 18.4341 18.0171
      vertex -44.4501 13.2405 17.8278
      vertex -44.9271 18.496 17.9166
    endloop
  endfacet
  facet normal 0.183146 1.69117e-05 0.983086
    outer loop
      vertex -44.4501 13.2405 17.8278
      vertex -45.4667 18.4341 18.0171
      vertex -44.799 13.18 17.8928
    endloop
  endfacet
  facet normal 0.183055 4.96641e-06 0.983103
    outer loop
      vertex -45.9001 18.3551 18.0978
      vertex -44.799 13.18 17.8928
      vertex -45.4667 18.4341 18.0171
    endloop
  endfacet
  facet normal 0.183073 9.01339e-06 0.983099
    outer loop
      vertex -44.799 13.18 17.8928
      vertex -45.9001 18.3551 18.0978
      vertex -45.3419 13.0858 17.9939
    endloop
  endfacet
  facet normal 0.18304 5.40893e-06 0.983105
    outer loop
      vertex -46.695 18.2102 18.2458
      vertex -45.3419 13.0858 17.9939
      vertex -45.9001 18.3551 18.0978
    endloop
  endfacet
  facet normal 0.183028 2.05149e-06 0.983108
    outer loop
      vertex -50.7235 17.2284 18.9958
      vertex -45.3419 13.0858 17.9939
      vertex -46.695 18.2102 18.2458
    endloop
  endfacet
  facet normal 0.183027 6.07796e-18 0.983108
    outer loop
      vertex -45.3419 13.0858 17.9939
      vertex -50.7235 17.2284 18.9958
      vertex -50.7235 11.8225 18.9958
    endloop
  endfacet
  facet normal 0.134584 0 0.990902
    outer loop
      vertex 93.2768 3.73014 21.2561
      vertex 88.5168 0 21.9026
      vertex 93.2768 -3.73014 21.2561
    endloop
  endfacet
  facet normal 0.13548 -0.00116571 0.990779
    outer loop
      vertex 93.2768 3.73014 21.2561
      vertex 88.5151 0.0574045 21.9029
      vertex 88.5168 0 21.9026
    endloop
  endfacet
  facet normal 0.13452 0.000102355 0.990911
    outer loop
      vertex 93.2768 3.73014 21.2561
      vertex 88.5099 0.114733 21.9036
      vertex 88.5151 0.0574045 21.9029
    endloop
  endfacet
  facet normal 0.133801 0.00106745 0.991008
    outer loop
      vertex 93.2768 3.73014 21.2561
      vertex 88.5013 0.171489 21.9047
      vertex 88.5099 0.114733 21.9036
    endloop
  endfacet
  facet normal 0.135365 -0.00106911 0.990795
    outer loop
      vertex 93.2768 3.73014 21.2561
      vertex 88.4893 0.227587 21.9064
      vertex 88.5013 0.171489 21.9047
    endloop
  endfacet
  facet normal 0.133756 0.00117067 0.991014
    outer loop
      vertex 93.2768 3.73014 21.2561
      vertex 88.474 0.282629 21.9084
      vertex 88.4893 0.227587 21.9064
    endloop
  endfacet
  facet normal 0.13549 -0.00128977 0.990778
    outer loop
      vertex 93.2768 3.73014 21.2561
      vertex 88.4555 0.336483 21.911
      vertex 88.474 0.282629 21.9084
    endloop
  endfacet
  facet normal 0.133981 0.000894109 0.990984
    outer loop
      vertex 93.2768 3.73014 21.2561
      vertex 88.4337 0.388966 21.9139
      vertex 88.4555 0.336483 21.911
    endloop
  endfacet
  facet normal 0.134764 -0.000262258 0.990878
    outer loop
      vertex 93.2768 3.73014 21.2561
      vertex 88.4088 0.439909 21.9173
      vertex 88.4337 0.388966 21.9139
    endloop
  endfacet
  facet normal 0.134691 -0.000152938 0.990888
    outer loop
      vertex 93.2768 3.73014 21.2561
      vertex 88.3809 0.488823 21.9211
      vertex 88.4088 0.439909 21.9173
    endloop
  endfacet
  facet normal 0.13475 -0.000242884 0.99088
    outer loop
      vertex 93.2768 3.73014 21.2561
      vertex 88.3501 0.535744 21.9253
      vertex 88.3809 0.488823 21.9211
    endloop
  endfacet
  facet normal 0.134117 0.000750896 0.990965
    outer loop
      vertex 93.2768 3.73014 21.2561
      vertex 88.3166 0.580468 21.9298
      vertex 88.3501 0.535744 21.9253
    endloop
  endfacet
  facet normal 0.134427 0.000254229 0.990923
    outer loop
      vertex 93.2768 3.73014 21.2561
      vertex 88.2804 0.622672 21.9347
      vertex 88.3166 0.580468 21.9298
    endloop
  endfacet
  facet normal 0.135129 -0.000894885 0.990828
    outer loop
      vertex 93.2768 3.73014 21.2561
      vertex 88.2418 0.662256 21.94
      vertex 88.2804 0.622672 21.9347
    endloop
  endfacet
  facet normal 0.133931 0.00110619 0.99099
    outer loop
      vertex 93.2768 3.73014 21.2561
      vertex 88.2008 0.699086 21.9455
      vertex 88.2418 0.662256 21.94
    endloop
  endfacet
  facet normal 0.135165 -0.000997837 0.990823
    outer loop
      vertex 93.2768 3.73014 21.2561
      vertex 88.1578 0.732917 21.9514
      vertex 88.2008 0.699086 21.9455
    endloop
  endfacet
  facet normal 0.134469 0.000212438 0.990918
    outer loop
      vertex 93.2768 3.73014 21.2561
      vertex 88.1128 0.763611 21.9575
      vertex 88.1578 0.732917 21.9514
    endloop
  endfacet
  facet normal 0.134694 -0.000185519 0.990887
    outer loop
      vertex 93.2768 3.73014 21.2561
      vertex 88.0562 0.796837 21.9652
      vertex 88.1128 0.763611 21.9575
    endloop
  endfacet
  facet normal 0.134586 1.04997e-05 0.990902
    outer loop
      vertex 85.9809 7.4067 22.247
      vertex 88.0562 0.796837 21.9652
      vertex 93.2768 3.73014 21.2561
    endloop
  endfacet
  facet normal 0.134553 -4.07503e-18 0.990906
    outer loop
      vertex 88.0562 0.796837 21.9652
      vertex 85.9809 7.4067 22.247
      vertex 85.9809 1.85701 22.247
    endloop
  endfacet
  facet normal 0.13548 0.00116571 0.990779
    outer loop
      vertex 88.5151 -0.0574045 21.9029
      vertex 93.2768 -3.73014 21.2561
      vertex 88.5168 0 21.9026
    endloop
  endfacet
  facet normal 0.13452 -0.000102355 0.990911
    outer loop
      vertex 88.5099 -0.114733 21.9036
      vertex 93.2768 -3.73014 21.2561
      vertex 88.5151 -0.0574045 21.9029
    endloop
  endfacet
  facet normal 0.133801 -0.00106745 0.991008
    outer loop
      vertex 88.5013 -0.171489 21.9047
      vertex 93.2768 -3.73014 21.2561
      vertex 88.5099 -0.114733 21.9036
    endloop
  endfacet
  facet normal 0.135365 0.00106911 0.990795
    outer loop
      vertex 88.4893 -0.227587 21.9064
      vertex 93.2768 -3.73014 21.2561
      vertex 88.5013 -0.171489 21.9047
    endloop
  endfacet
  facet normal 0.133756 -0.00117067 0.991014
    outer loop
      vertex 88.474 -0.282629 21.9084
      vertex 93.2768 -3.73014 21.2561
      vertex 88.4893 -0.227587 21.9064
    endloop
  endfacet
  facet normal 0.13549 0.00128977 0.990778
    outer loop
      vertex 88.4555 -0.336483 21.911
      vertex 93.2768 -3.73014 21.2561
      vertex 88.474 -0.282629 21.9084
    endloop
  endfacet
  facet normal 0.133981 -0.000894109 0.990984
    outer loop
      vertex 88.4337 -0.388966 21.9139
      vertex 93.2768 -3.73014 21.2561
      vertex 88.4555 -0.336483 21.911
    endloop
  endfacet
  facet normal 0.134764 0.000262258 0.990878
    outer loop
      vertex 88.4088 -0.439909 21.9173
      vertex 93.2768 -3.73014 21.2561
      vertex 88.4337 -0.388966 21.9139
    endloop
  endfacet
  facet normal 0.134691 0.000152938 0.990888
    outer loop
      vertex 88.3809 -0.488823 21.9211
      vertex 93.2768 -3.73014 21.2561
      vertex 88.4088 -0.439909 21.9173
    endloop
  endfacet
  facet normal 0.13475 0.000242884 0.99088
    outer loop
      vertex 88.3501 -0.535744 21.9253
      vertex 93.2768 -3.73014 21.2561
      vertex 88.3809 -0.488823 21.9211
    endloop
  endfacet
  facet normal 0.134117 -0.000750896 0.990965
    outer loop
      vertex 88.3166 -0.580468 21.9298
      vertex 93.2768 -3.73014 21.2561
      vertex 88.3501 -0.535744 21.9253
    endloop
  endfacet
  facet normal 0.134427 -0.000254229 0.990923
    outer loop
      vertex 88.2804 -0.622672 21.9347
      vertex 93.2768 -3.73014 21.2561
      vertex 88.3166 -0.580468 21.9298
    endloop
  endfacet
  facet normal 0.135129 0.000894885 0.990828
    outer loop
      vertex 88.2418 -0.662256 21.94
      vertex 93.2768 -3.73014 21.2561
      vertex 88.2804 -0.622672 21.9347
    endloop
  endfacet
  facet normal 0.133931 -0.00110619 0.99099
    outer loop
      vertex 88.2008 -0.699086 21.9455
      vertex 93.2768 -3.73014 21.2561
      vertex 88.2418 -0.662256 21.94
    endloop
  endfacet
  facet normal 0.135165 0.000997837 0.990823
    outer loop
      vertex 88.1578 -0.732917 21.9514
      vertex 93.2768 -3.73014 21.2561
      vertex 88.2008 -0.699086 21.9455
    endloop
  endfacet
  facet normal 0.134469 -0.000212438 0.990918
    outer loop
      vertex 88.1128 -0.763611 21.9575
      vertex 93.2768 -3.73014 21.2561
      vertex 88.1578 -0.732917 21.9514
    endloop
  endfacet
  facet normal 0.134694 0.000185519 0.990887
    outer loop
      vertex 88.0562 -0.796837 21.9652
      vertex 93.2768 -3.73014 21.2561
      vertex 88.1128 -0.763611 21.9575
    endloop
  endfacet
  facet normal 0.134553 -0 0.990906
    outer loop
      vertex 85.9809 -7.4067 22.247
      vertex 88.0562 -0.796837 21.9652
      vertex 85.9809 -1.85701 22.247
    endloop
  endfacet
  facet normal 0.134586 -1.04997e-05 0.990902
    outer loop
      vertex 88.0562 -0.796837 21.9652
      vertex 85.9809 -7.4067 22.247
      vertex 93.2768 -3.73014 21.2561
    endloop
  endfacet
  facet normal 0.158868 1.00543e-18 0.9873
    outer loop
      vertex 84.0811 8.37801 22.5527
      vertex 85.9809 1.85701 22.247
      vertex 85.9809 7.4067 22.247
    endloop
  endfacet
  facet normal 0.15887 -1.04968e-05 0.9873
    outer loop
      vertex 79.1764 5.39177 23.3419
      vertex 84.0811 8.37801 22.5527
      vertex 80.9988 9.95395 23.0487
    endloop
  endfacet
  facet normal 0.158835 1.98834e-06 0.987305
    outer loop
      vertex 78.7114 5.63058 23.4167
      vertex 80.9988 9.95395 23.0487
      vertex 80.4375 10.2346 23.139
    endloop
  endfacet
  facet normal 0.158665 6.75165e-05 0.987332
    outer loop
      vertex 78.7114 5.63058 23.4167
      vertex 80.4375 10.2346 23.139
      vertex 80.2514 10.3277 23.1689
    endloop
  endfacet
  facet normal 0.158864 -1.17013e-06 0.9873
    outer loop
      vertex 84.0811 8.37801 22.5527
      vertex 79.1764 5.39177 23.3419
      vertex 85.9809 1.85701 22.247
    endloop
  endfacet
  facet normal 0.158824 8.21324e-06 0.987307
    outer loop
      vertex 80.9988 9.95395 23.0487
      vertex 78.9582 5.50515 23.377
      vertex 79.1764 5.39177 23.3419
    endloop
  endfacet
  facet normal 0.158866 -0 0.9873
    outer loop
      vertex 78.7114 5.63058 23.4167
      vertex 80.2514 10.3277 23.1689
      vertex 78.7114 11.0089 23.4167
    endloop
  endfacet
  facet normal 0.158822 9.2028e-06 0.987307
    outer loop
      vertex 80.9988 9.95395 23.0487
      vertex 78.7114 5.63058 23.4167
      vertex 78.9582 5.50515 23.377
    endloop
  endfacet
  facet normal 0.158868 0 0.9873
    outer loop
      vertex 85.9809 -1.85701 22.247
      vertex 84.0811 -8.37801 22.5527
      vertex 85.9809 -7.4067 22.247
    endloop
  endfacet
  facet normal 0.158864 1.17013e-06 0.9873
    outer loop
      vertex 79.1764 -5.39177 23.3419
      vertex 84.0811 -8.37801 22.5527
      vertex 85.9809 -1.85701 22.247
    endloop
  endfacet
  facet normal 0.15887 1.04968e-05 0.9873
    outer loop
      vertex 84.0811 -8.37801 22.5527
      vertex 79.1764 -5.39177 23.3419
      vertex 80.9988 -9.95395 23.0487
    endloop
  endfacet
  facet normal 0.158824 -8.21324e-06 0.987307
    outer loop
      vertex 78.9582 -5.50515 23.377
      vertex 80.9988 -9.95395 23.0487
      vertex 79.1764 -5.39177 23.3419
    endloop
  endfacet
  facet normal 0.158822 -9.2028e-06 0.987307
    outer loop
      vertex 78.7114 -5.63058 23.4167
      vertex 80.9988 -9.95395 23.0487
      vertex 78.9582 -5.50515 23.377
    endloop
  endfacet
  facet normal 0.158835 -1.98834e-06 0.987305
    outer loop
      vertex 80.9988 -9.95395 23.0487
      vertex 78.7114 -5.63058 23.4167
      vertex 80.4375 -10.2346 23.139
    endloop
  endfacet
  facet normal 0.158665 -6.75165e-05 0.987332
    outer loop
      vertex 80.4375 -10.2346 23.139
      vertex 78.7114 -5.63058 23.4167
      vertex 80.2514 -10.3277 23.1689
    endloop
  endfacet
  facet normal 0.158866 5.81027e-19 0.9873
    outer loop
      vertex 80.2514 -10.3277 23.1689
      vertex 78.7114 -5.63058 23.4167
      vertex 78.7114 -11.0089 23.4167
    endloop
  endfacet
  facet normal 0.117599 0 0.993061
    outer loop
      vertex 96.0015 0.243271 20.954
      vertex 96.0015 -0.243271 20.954
      vertex 96.0091 0 20.9531
    endloop
  endfacet
  facet normal 0.108526 7.55304e-20 0.994094
    outer loop
      vertex 95.9786 0.48556 20.9565
      vertex 96.0015 -0.243271 20.954
      vertex 96.0015 0.243271 20.954
    endloop
  endfacet
  facet normal 0.108526 0 0.994094
    outer loop
      vertex 95.9786 0.48556 20.9565
      vertex 95.9786 -0.48556 20.9565
      vertex 96.0015 -0.243271 20.954
    endloop
  endfacet
  facet normal 0.109857 -2.14471e-19 0.993947
    outer loop
      vertex 95.9406 0.725894 20.9607
      vertex 95.9786 -0.48556 20.9565
      vertex 95.9786 0.48556 20.9565
    endloop
  endfacet
  facet normal 0.109857 0 0.993947
    outer loop
      vertex 95.9406 0.725894 20.9607
      vertex 95.9406 -0.725894 20.9607
      vertex 95.9786 -0.48556 20.9565
    endloop
  endfacet
  facet normal 0.110432 1.61151e-19 0.993884
    outer loop
      vertex 95.8875 0.963287 20.9666
      vertex 95.9406 -0.725894 20.9607
      vertex 95.9406 0.725894 20.9607
    endloop
  endfacet
  facet normal 0.110432 0 0.993884
    outer loop
      vertex 95.8875 0.963287 20.9666
      vertex 95.8875 -0.963287 20.9666
      vertex 95.9406 -0.725894 20.9607
    endloop
  endfacet
  facet normal 0.109949 3.51754e-19 0.993937
    outer loop
      vertex 95.8197 1.19679 20.9741
      vertex 95.8875 -0.963287 20.9666
      vertex 95.8875 0.963287 20.9666
    endloop
  endfacet
  facet normal 0.109949 0 0.993937
    outer loop
      vertex 95.8197 1.19679 20.9741
      vertex 95.8197 -1.19679 20.9741
      vertex 95.8875 -0.963287 20.9666
    endloop
  endfacet
  facet normal 0.110961 -3.8609e-20 0.993825
    outer loop
      vertex 95.7373 1.42543 20.9833
      vertex 95.8197 -1.19679 20.9741
      vertex 95.8197 1.19679 20.9741
    endloop
  endfacet
  facet normal 0.110961 0 0.993825
    outer loop
      vertex 95.7373 1.42543 20.9833
      vertex 95.7373 -1.42543 20.9833
      vertex 95.8197 -1.19679 20.9741
    endloop
  endfacet
  facet normal 0.10998 -2.1641e-19 0.993934
    outer loop
      vertex 95.6406 1.64829 20.994
      vertex 95.7373 -1.42543 20.9833
      vertex 95.7373 1.42543 20.9833
    endloop
  endfacet
  facet normal 0.10998 0 0.993934
    outer loop
      vertex 95.6406 1.64829 20.994
      vertex 95.6406 -1.64829 20.994
      vertex 95.7373 -1.42543 20.9833
    endloop
  endfacet
  facet normal 0.109839 2.72497e-19 0.993949
    outer loop
      vertex 95.5302 1.86446 21.0062
      vertex 95.6406 -1.64829 20.994
      vertex 95.6406 1.64829 20.994
    endloop
  endfacet
  facet normal 0.109839 0 0.993949
    outer loop
      vertex 95.5302 1.86446 21.0062
      vertex 95.5302 -1.86446 21.0062
      vertex 95.6406 -1.64829 20.994
    endloop
  endfacet
  facet normal 0.110607 -1.61615e-20 0.993864
    outer loop
      vertex 95.4062 2.07303 21.02
      vertex 95.5302 -1.86446 21.0062
      vertex 95.5302 1.86446 21.0062
    endloop
  endfacet
  facet normal 0.110607 0 0.993864
    outer loop
      vertex 95.4062 2.07303 21.02
      vertex 95.4062 -2.07303 21.02
      vertex 95.5302 -1.86446 21.0062
    endloop
  endfacet
  facet normal 0.110352 -2.71837e-19 0.993893
    outer loop
      vertex 95.2693 2.27314 21.0352
      vertex 95.4062 -2.07303 21.02
      vertex 95.4062 2.07303 21.02
    endloop
  endfacet
  facet normal 0.110352 0 0.993893
    outer loop
      vertex 95.2693 2.27314 21.0352
      vertex 95.2693 -2.27314 21.0352
      vertex 95.4062 -2.07303 21.02
    endloop
  endfacet
  facet normal 0.109847 -2.91841e-19 0.993949
    outer loop
      vertex 95.12 2.46397 21.0517
      vertex 95.2693 -2.27314 21.0352
      vertex 95.2693 2.27314 21.0352
    endloop
  endfacet
  facet normal 0.109847 0 0.993949
    outer loop
      vertex 95.12 2.46397 21.0517
      vertex 95.12 -2.46397 21.0517
      vertex 95.2693 -2.27314 21.0352
    endloop
  endfacet
  facet normal 0.110432 -2.17801e-19 0.993884
    outer loop
      vertex 94.9589 2.64469 21.0696
      vertex 95.12 -2.46397 21.0517
      vertex 95.12 2.46397 21.0517
    endloop
  endfacet
  facet normal 0.110432 0 0.993884
    outer loop
      vertex 94.9589 2.64469 21.0696
      vertex 94.9589 -2.64469 21.0696
      vertex 95.12 -2.46397 21.0517
    endloop
  endfacet
  facet normal 0.110115 9.42095e-20 0.993919
    outer loop
      vertex 94.7865 2.81455 21.0887
      vertex 94.9589 -2.64469 21.0696
      vertex 94.9589 2.64469 21.0696
    endloop
  endfacet
  facet normal 0.110115 0 0.993919
    outer loop
      vertex 94.7865 2.81455 21.0887
      vertex 94.7865 -2.81455 21.0887
      vertex 94.9589 -2.64469 21.0696
    endloop
  endfacet
  facet normal 0.110312 1.09672e-19 0.993897
    outer loop
      vertex 94.6036 2.97282 21.109
      vertex 94.7865 -2.81455 21.0887
      vertex 94.7865 2.81455 21.0887
    endloop
  endfacet
  facet normal 0.110312 0 0.993897
    outer loop
      vertex 94.6036 2.97282 21.109
      vertex 94.6036 -2.97282 21.109
      vertex 94.7865 -2.81455 21.0887
    endloop
  endfacet
  facet normal 0.110375 2.07283e-19 0.99389
    outer loop
      vertex 94.4109 3.1188 21.1304
      vertex 94.6036 -2.97282 21.109
      vertex 94.6036 2.97282 21.109
    endloop
  endfacet
  facet normal 0.110375 0 0.99389
    outer loop
      vertex 94.4109 3.1188 21.1304
      vertex 94.4109 -3.1188 21.1304
      vertex 94.6036 -2.97282 21.109
    endloop
  endfacet
  facet normal 0.109891 -9.633e-20 0.993944
    outer loop
      vertex 94.2092 3.25186 21.1527
      vertex 94.4109 -3.1188 21.1304
      vertex 94.4109 3.1188 21.1304
    endloop
  endfacet
  facet normal 0.109891 0 0.993944
    outer loop
      vertex 94.2092 3.25186 21.1527
      vertex 94.2092 -3.25186 21.1527
      vertex 94.4109 -3.1188 21.1304
    endloop
  endfacet
  facet normal 0.110276 -1.96448e-19 0.993901
    outer loop
      vertex 93.9992 3.37139 21.176
      vertex 94.2092 -3.25186 21.1527
      vertex 94.2092 3.25186 21.1527
    endloop
  endfacet
  facet normal 0.110276 0 0.993901
    outer loop
      vertex 93.9992 3.37139 21.176
      vertex 93.9992 -3.37139 21.176
      vertex 94.2092 -3.25186 21.1527
    endloop
  endfacet
  facet normal 0.110205 2.76967e-19 0.993909
    outer loop
      vertex 93.2768 3.73014 21.2561
      vertex 93.9992 -3.37139 21.176
      vertex 93.9992 3.37139 21.176
    endloop
  endfacet
  facet normal 0.110205 2.50329e-19 0.993909
    outer loop
      vertex 93.9992 -3.37139 21.176
      vertex 93.2768 3.73014 21.2561
      vertex 93.2768 -3.73014 21.2561
    endloop
  endfacet
  facet normal 0.18329 0 0.983059
    outer loop
      vertex 78.7114 11.0089 23.4167
      vertex 78.5092 5.73511 23.4544
      vertex 78.7114 5.63058 23.4167
    endloop
  endfacet
  facet normal 0.182724 2.2486e-05 0.983164
    outer loop
      vertex 78.7114 11.0089 23.4167
      vertex 78.3397 5.82278 23.4859
      vertex 78.5092 5.73511 23.4544
    endloop
  endfacet
  facet normal 0.183039 3.66284e-06 0.983106
    outer loop
      vertex 73.2776 8.14538 24.4284
      vertex 78.7114 11.0089 23.4167
      vertex 75.6746 12.3742 23.9821
    endloop
  endfacet
  facet normal 0.183041 -1.08513e-06 0.983105
    outer loop
      vertex 78.7114 11.0089 23.4167
      vertex 73.2776 8.14538 24.4284
      vertex 78.3397 5.82278 23.4859
    endloop
  endfacet
  facet normal 0.18305 -0 0.983104
    outer loop
      vertex 73.0043 8.27079 24.4793
      vertex 75.6746 12.3742 23.9821
      vertex 73.0043 13.5747 24.4793
    endloop
  endfacet
  facet normal 0.183084 -2.26207e-05 0.983097
    outer loop
      vertex 75.6746 12.3742 23.9821
      vertex 73.0043 8.27079 24.4793
      vertex 73.2776 8.14538 24.4284
    endloop
  endfacet
  facet normal 0.18329 3.53166e-19 0.983059
    outer loop
      vertex 78.5092 -5.73511 23.4544
      vertex 78.7114 -11.0089 23.4167
      vertex 78.7114 -5.63058 23.4167
    endloop
  endfacet
  facet normal 0.182724 -2.2486e-05 0.983164
    outer loop
      vertex 78.3397 -5.82278 23.4859
      vertex 78.7114 -11.0089 23.4167
      vertex 78.5092 -5.73511 23.4544
    endloop
  endfacet
  facet normal 0.183041 1.08513e-06 0.983105
    outer loop
      vertex 73.2776 -8.14538 24.4284
      vertex 78.7114 -11.0089 23.4167
      vertex 78.3397 -5.82278 23.4859
    endloop
  endfacet
  facet normal 0.183039 -3.66284e-06 0.983106
    outer loop
      vertex 78.7114 -11.0089 23.4167
      vertex 73.2776 -8.14538 24.4284
      vertex 75.6746 -12.3742 23.9821
    endloop
  endfacet
  facet normal 0.183084 2.26207e-05 0.983097
    outer loop
      vertex 73.0043 -8.27079 24.4793
      vertex 75.6746 -12.3742 23.9821
      vertex 73.2776 -8.14538 24.4284
    endloop
  endfacet
  facet normal 0.18305 -3.70082e-18 0.983104
    outer loop
      vertex 75.6746 -12.3742 23.9821
      vertex 73.0043 -8.27079 24.4793
      vertex 73.0043 -13.5747 24.4793
    endloop
  endfacet
  facet normal 0.605715 0.738095 -0.297194
    outer loop
      vertex 94.7865 2.81455 21.0887
      vertex 87.869 0 0
      vertex 94.6036 2.97282 21.109
    endloop
  endfacet
  facet normal -0.273772 -0.926737 -0.257309
    outer loop
      vertex -45.4541 -13.5109 0
      vertex -55.979 -15.9848 20.1084
      vertex -68.0604 -6.83267 0
    endloop
  endfacet
  facet normal -0.273765 -0.92674 -0.257306
    outer loop
      vertex -55.979 -15.9848 20.1084
      vertex -45.4541 -13.5109 0
      vertex -50.7235 -17.2284 18.9958
    endloop
  endfacet
  facet normal -0.273763 -0.92674 -0.257305
    outer loop
      vertex -50.7235 -17.2284 18.9958
      vertex -45.4541 -13.5109 0
      vertex -46.695 -18.2102 18.2458
    endloop
  endfacet
  facet normal -0.918169 -0.0291184 -0.395119
    outer loop
      vertex -95.266 -0.062108 32.099
      vertex -95.2684 0 32.1
      vertex -81.4547 0 0
    endloop
  endfacet
  facet normal -0.451897 -0.854156 -0.257307
    outer loop
      vertex -81.5573 -8.11621 27.1227
      vertex -81.4547 0 0
      vertex -75.5747 -10.7104 25.2274
    endloop
  endfacet
  facet normal -0.451907 -0.854151 -0.257306
    outer loop
      vertex -81.4547 0 0
      vertex -81.5573 -8.11621 27.1227
      vertex -86.2892 -6.10309 28.7506
    endloop
  endfacet
  facet normal 0.731828 0.600433 -0.322346
    outer loop
      vertex 95.2693 2.27314 21.0352
      vertex 87.869 0 0
      vertex 95.12 2.46397 21.0517
    endloop
  endfacet
  facet normal -0.219454 -0.941081 -0.257305
    outer loop
      vertex -45.9001 -18.3551 18.0978
      vertex -46.695 -18.2102 18.2458
      vertex -45.4541 -13.5109 0
    endloop
  endfacet
  facet normal 0.157401 0.953425 -0.257306
    outer loop
      vertex 37.5514 16.6627 0
      vertex 36.9976 21.2496 16.6576
      vertex 37.5723 21.1758 16.7357
    endloop
  endfacet
  facet normal 0.157444 0.953418 -0.257303
    outer loop
      vertex 36.9976 21.2496 16.6576
      vertex 37.5514 16.6627 0
      vertex 36.4184 16.8498 0
    endloop
  endfacet
  facet normal -0.0391233 -0.965537 -0.257309
    outer loop
      vertex 6.38072 -22.6322 14.0783
      vertex 7.99899 -18.946 0
      vertex 7.86089 -22.7067 14.1328
    endloop
  endfacet
  facet normal -0.0391065 -0.965538 -0.257307
    outer loop
      vertex 7.99899 -18.946 0
      vertex 6.38072 -22.6322 14.0783
      vertex 0 -22.3529 14
    endloop
  endfacet
  facet normal -0.0391167 -0.965536 -0.257313
    outer loop
      vertex -2.36291 -22.2649 14.029
      vertex 7.99899 -18.946 0
      vertex 0 -22.3529 14
    endloop
  endfacet
  facet normal 0.692875 0.648812 -0.314592
    outer loop
      vertex 95.12 2.46397 21.0517
      vertex 87.869 0 0
      vertex 94.9589 2.64469 21.0696
    endloop
  endfacet
  facet normal 0.406751 0.876553 -0.25731
    outer loop
      vertex 85.9809 7.4067 22.247
      vertex 87.869 0 0
      vertex 84.0811 8.37801 22.5527
    endloop
  endfacet
  facet normal 0.406765 0.876548 -0.257307
    outer loop
      vertex 93.2768 3.73014 21.2561
      vertex 87.869 0 0
      vertex 85.9809 7.4067 22.247
    endloop
  endfacet
  facet normal 0.406769 0.876545 -0.257308
    outer loop
      vertex 87.869 0 0
      vertex 93.2768 3.73014 21.2561
      vertex 93.9992 3.37139 21.176
    endloop
  endfacet
  facet normal -0.0316833 -0.96581 -0.257309
    outer loop
      vertex 8.62786 -22.7394 14.1611
      vertex 7.86089 -22.7067 14.1328
      vertex 7.99899 -18.946 0
    endloop
  endfacet
  facet normal 0.0782361 -0.963158 -0.257305
    outer loop
      vertex 35.0952 -16.9801 0
      vertex 21.9084 -22.0435 14.944
      vertex 10.8193 -18.952 0
    endloop
  endfacet
  facet normal 0.0782359 -0.963158 -0.257305
    outer loop
      vertex 21.9084 -22.0435 14.944
      vertex 35.0952 -16.9801 0
      vertex 25.4845 -21.8353 15.252
    endloop
  endfacet
  facet normal 0.0782372 -0.963158 -0.257305
    outer loop
      vertex 25.4845 -21.8353 15.252
      vertex 35.0952 -16.9801 0
      vertex 31.8268 -21.508 15.9553
    endloop
  endfacet
  facet normal 0.0782351 -0.963158 -0.257305
    outer loop
      vertex 31.8268 -21.508 15.9553
      vertex 35.0952 -16.9801 0
      vertex 35.4872 -21.3435 16.4525
    endloop
  endfacet
  facet normal 0.0317045 -0.965809 -0.257307
    outer loop
      vertex 9.5 -18.9952 0
      vertex 10.2642 -22.7589 14.2213
      vertex 9.5 -22.7765 14.1932
    endloop
  endfacet
  facet normal 0.0316252 -0.965813 -0.257304
    outer loop
      vertex 10.2642 -22.7589 14.2213
      vertex 9.5 -18.9952 0
      vertex 10.8193 -18.952 0
    endloop
  endfacet
  facet normal -0.145285 -0.955345 -0.257309
    outer loop
      vertex -17.6059 -17.8356 0
      vertex -31.754 -19.9792 15.9473
      vertex -43.3931 -13.914 0
    endloop
  endfacet
  facet normal -0.145274 -0.955349 -0.2573
    outer loop
      vertex -31.754 -19.9792 15.9473
      vertex -17.6059 -17.8356 0
      vertex -25.4845 -20.7453 15.252
    endloop
  endfacet
  facet normal -0.145286 -0.955346 -0.257305
    outer loop
      vertex -25.4845 -20.7453 15.252
      vertex -17.6059 -17.8356 0
      vertex -19.1268 -21.5647 14.7045
    endloop
  endfacet
  facet normal -0.145312 -0.955342 -0.257307
    outer loop
      vertex -19.1268 -21.5647 14.7045
      vertex -17.6059 -17.8356 0
      vertex -18.0903 -21.7052 14.6408
    endloop
  endfacet
  facet normal 0.157404 0.953424 -0.257306
    outer loop
      vertex 38.1499 21.1016 16.8141
      vertex 37.5514 16.6627 0
      vertex 37.5723 21.1758 16.7357
    endloop
  endfacet
  facet normal 0.157426 0.953421 -0.257305
    outer loop
      vertex 37.5514 16.6627 0
      vertex 38.1499 21.1016 16.8141
      vertex 38.4096 21.07 16.8559
    endloop
  endfacet
  facet normal -0.452115 -0.854067 -0.257219
    outer loop
      vertex -81.4547 0 0
      vertex -75.474 -10.7541 25.1955
      vertex -75.5747 -10.7104 25.2274
    endloop
  endfacet
  facet normal -0.451903 -0.854153 -0.257306
    outer loop
      vertex -81.4547 0 0
      vertex -72.4648 -12.0833 24.3229
      vertex -75.474 -10.7541 25.1955
    endloop
  endfacet
  facet normal -0.451899 -0.854154 -0.257308
    outer loop
      vertex -72.4648 -12.0833 24.3229
      vertex -81.4547 0 0
      vertex -69.6113 -6.26587 0
    endloop
  endfacet
  facet normal -0.0316573 -0.96581 -0.25731
    outer loop
      vertex 9.5 -18.9952 0
      vertex 8.62786 -22.7394 14.1611
      vertex 7.99899 -18.946 0
    endloop
  endfacet
  facet normal -0.0316142 -0.965812 -0.257308
    outer loop
      vertex 8.62786 -22.7394 14.1611
      vertex 9.5 -18.9952 0
      vertex 9.5 -22.7765 14.1932
    endloop
  endfacet
  facet normal 0.0782351 0.963158 -0.257305
    outer loop
      vertex 35.0952 16.9801 0
      vertex 31.8268 21.508 15.9553
      vertex 35.4872 21.3435 16.4525
    endloop
  endfacet
  facet normal 0.0782372 0.963158 -0.257305
    outer loop
      vertex 35.0952 16.9801 0
      vertex 25.4845 21.8353 15.252
      vertex 31.8268 21.508 15.9553
    endloop
  endfacet
  facet normal 0.0782359 0.963158 -0.257305
    outer loop
      vertex 35.0952 16.9801 0
      vertex 21.9084 22.0435 14.944
      vertex 25.4845 21.8353 15.252
    endloop
  endfacet
  facet normal 0.0782361 0.963158 -0.257305
    outer loop
      vertex 21.9084 22.0435 14.944
      vertex 35.0952 16.9801 0
      vertex 10.8193 18.952 0
    endloop
  endfacet
  facet normal 0.767425 0.550036 -0.329423
    outer loop
      vertex 95.4062 2.07303 21.02
      vertex 87.869 0 0
      vertex 95.2693 2.27314 21.0352
    endloop
  endfacet
  facet normal 0.650705 0.694864 -0.306182
    outer loop
      vertex 94.9589 2.64469 21.0696
      vertex 87.869 0 0
      vertex 94.7865 2.81455 21.0887
    endloop
  endfacet
  facet normal 0.398723 0.880235 -0.257308
    outer loop
      vertex 80.9988 9.95395 23.0487
      vertex 78.4406 4.37521 0
      vertex 80.4375 10.2346 23.139
    endloop
  endfacet
  facet normal 0.557832 0.778526 -0.287612
    outer loop
      vertex 94.6036 2.97282 21.109
      vertex 87.869 0 0
      vertex 94.4109 3.1188 21.1304
    endloop
  endfacet
  facet normal 0.876315 0.329941 -0.351013
    outer loop
      vertex 95.8197 1.19679 20.9741
      vertex 87.869 0 0
      vertex 95.7373 1.42543 20.9833
    endloop
  endfacet
  facet normal -0.398787 -0.880205 -0.257308
    outer loop
      vertex -69.6113 -6.26587 0
      vertex -72.3382 -12.1299 24.2861
      vertex -72.4648 -12.0833 24.3229
    endloop
  endfacet
  facet normal -0.398863 -0.880171 -0.257308
    outer loop
      vertex -72.3382 -12.1299 24.2861
      vertex -69.6113 -6.26587 0
      vertex -69.177 -6.46268 0
    endloop
  endfacet
  facet normal -0.451899 0.854154 -0.257308
    outer loop
      vertex -81.4547 0 0
      vertex -72.4648 12.0833 24.3229
      vertex -69.6113 6.26587 0
    endloop
  endfacet
  facet normal -0.451903 0.854153 -0.257306
    outer loop
      vertex -72.4648 12.0833 24.3229
      vertex -81.4547 0 0
      vertex -75.474 10.7541 25.1955
    endloop
  endfacet
  facet normal -0.452115 0.854067 -0.257219
    outer loop
      vertex -75.474 10.7541 25.1955
      vertex -81.4547 0 0
      vertex -75.5747 10.7104 25.2274
    endloop
  endfacet
  facet normal 0.157444 -0.953418 -0.257303
    outer loop
      vertex 37.5514 -16.6627 0
      vertex 36.9976 -21.2496 16.6576
      vertex 36.4184 -16.8498 0
    endloop
  endfacet
  facet normal 0.157401 -0.953425 -0.257306
    outer loop
      vertex 36.9976 -21.2496 16.6576
      vertex 37.5514 -16.6627 0
      vertex 37.5723 -21.1758 16.7357
    endloop
  endfacet
  facet normal 0.909437 -0.212309 -0.357561
    outer loop
      vertex 95.8875 -0.963287 20.9666
      vertex 87.869 0 0
      vertex 95.9406 -0.725894 20.9607
    endloop
  endfacet
  facet normal 0.406759 0.87655 -0.257308
    outer loop
      vertex 78.4406 4.37521 0
      vertex 84.0811 8.37801 22.5527
      vertex 87.869 0 0
    endloop
  endfacet
  facet normal 0.406762 0.876548 -0.257308
    outer loop
      vertex 84.0811 8.37801 22.5527
      vertex 78.4406 4.37521 0
      vertex 80.9988 9.95395 23.0487
    endloop
  endfacet
  facet normal 0.0317043 0.965811 -0.257301
    outer loop
      vertex 10.8193 18.952 0
      vertex 9.5 22.7765 14.1932
      vertex 10.2642 22.7589 14.2213
    endloop
  endfacet
  facet normal 0.0316252 0.965812 -0.257308
    outer loop
      vertex 9.5 22.7765 14.1932
      vertex 10.8193 18.952 0
      vertex 9.5 18.9952 0
    endloop
  endfacet
  facet normal 0.211859 0.94282 -0.257306
    outer loop
      vertex 59.0871 11.8237 0
      vertex 56.9663 17.8451 20.3174
      vertex 60.3429 17.3052 21.1193
    endloop
  endfacet
  facet normal 0.211849 0.942822 -0.257307
    outer loop
      vertex 59.0871 11.8237 0
      vertex 50.7946 18.8753 19.0109
      vertex 56.9663 17.8451 20.3174
    endloop
  endfacet
  facet normal 0.211849 0.942822 -0.257307
    outer loop
      vertex 50.7946 18.8753 19.0109
      vertex 59.0871 11.8237 0
      vertex 37.5514 16.6627 0
    endloop
  endfacet
  facet normal -0.34043 0.904378 -0.257308
    outer loop
      vertex -69.177 6.46268 0
      vertex -71.6321 12.39 24.0814
      vertex -70.9189 12.5996 23.8745
    endloop
  endfacet
  facet normal 0.398961 0.880128 -0.257302
    outer loop
      vertex 78.4406 4.37521 0
      vertex 80.2514 10.3277 23.1689
      vertex 80.4375 10.2346 23.139
    endloop
  endfacet
  facet normal 0.398828 0.880187 -0.257306
    outer loop
      vertex 80.2514 10.3277 23.1689
      vertex 78.4406 4.37521 0
      vertex 77.8406 4.64708 0
    endloop
  endfacet
  facet normal 0.355981 0.898371 -0.257306
    outer loop
      vertex 77.8406 4.64708 0
      vertex 78.7114 11.0089 23.4167
      vertex 80.2514 10.3277 23.1689
    endloop
  endfacet
  facet normal 0.355987 0.898369 -0.257306
    outer loop
      vertex 77.8406 4.64708 0
      vertex 75.6746 12.3742 23.9821
      vertex 78.7114 11.0089 23.4167
    endloop
  endfacet
  facet normal 0.355976 0.898373 -0.257308
    outer loop
      vertex 75.6746 12.3742 23.9821
      vertex 77.8406 4.64708 0
      vertex 61.7929 11.0059 0
    endloop
  endfacet
  facet normal 0.0782625 0.963155 -0.257309
    outer loop
      vertex 12.7576 22.6183 14.3132
      vertex 10.8193 18.952 0
      vertex 11.0351 22.7413 14.2497
    endloop
  endfacet
  facet normal 0.078232 0.963158 -0.257305
    outer loop
      vertex 19.1268 22.2055 14.7045
      vertex 10.8193 18.952 0
      vertex 12.7576 22.6183 14.3132
    endloop
  endfacet
  facet normal 0.0782491 0.963154 -0.257314
    outer loop
      vertex 10.8193 18.952 0
      vertex 19.1268 22.2055 14.7045
      vertex 21.9084 22.0435 14.944
    endloop
  endfacet
  facet normal -0.157368 0.953431 -0.257304
    outer loop
      vertex -44.5303 13.7263 0
      vertex -44.9271 18.496 17.9166
      vertex -43.3931 13.914 0
    endloop
  endfacet
  facet normal -0.157297 0.953442 -0.257306
    outer loop
      vertex -44.9271 18.496 17.9166
      vertex -44.5303 13.7263 0
      vertex -45.4667 18.4341 18.0171
    endloop
  endfacet
  facet normal 0.650705 -0.694864 -0.306182
    outer loop
      vertex 94.7865 -2.81455 21.0887
      vertex 87.869 0 0
      vertex 94.9589 -2.64469 21.0696
    endloop
  endfacet
  facet normal -0.145084 -0.955337 -0.257452
    outer loop
      vertex -31.8268 -19.9703 15.9553
      vertex -43.3931 -13.914 0
      vertex -31.754 -19.9792 15.9473
    endloop
  endfacet
  facet normal -0.145287 -0.955345 -0.257308
    outer loop
      vertex -38.1499 -19.24 16.8141
      vertex -43.3931 -13.914 0
      vertex -31.8268 -19.9703 15.9553
    endloop
  endfacet
  facet normal -0.145284 -0.955345 -0.257309
    outer loop
      vertex -43.3931 -13.914 0
      vertex -38.1499 -19.24 16.8141
      vertex -44.1341 -18.5893 17.777
    endloop
  endfacet
  facet normal -0.0391077 0.965538 -0.257307
    outer loop
      vertex -16.3421 17.9601 0
      vertex -2.36291 22.2649 14.029
      vertex 7.99899 18.946 0
    endloop
  endfacet
  facet normal -0.0391083 0.965538 -0.257306
    outer loop
      vertex -2.36291 22.2649 14.029
      vertex -16.3421 17.9601 0
      vertex -6.38072 22.1153 14.0783
    endloop
  endfacet
  facet normal -0.0391095 0.965538 -0.257305
    outer loop
      vertex -6.38072 22.1153 14.0783
      vertex -16.3421 17.9601 0
      vertex -12.7576 21.9196 14.3132
    endloop
  endfacet
  facet normal -0.0391121 0.965538 -0.257305
    outer loop
      vertex -12.7576 21.9196 14.3132
      vertex -16.3421 17.9601 0
      vertex -16.6106 21.8266 14.5499
    endloop
  endfacet
  facet normal 0.35597 -0.898369 -0.257331
    outer loop
      vertex 69.3453 -14.7206 23.4182
      vertex 75.6746 -12.3742 23.9821
      vertex 73.0043 -13.5747 24.4793
    endloop
  endfacet
  facet normal 0.355977 -0.898373 -0.257307
    outer loop
      vertex 61.7929 -11.0059 0
      vertex 69.3453 -14.7206 23.4182
      vertex 63.9025 -16.4664 21.9836
    endloop
  endfacet
  facet normal 0.35597 -0.898376 -0.257305
    outer loop
      vertex 69.3453 -14.7206 23.4182
      vertex 61.7929 -11.0059 0
      vertex 75.6746 -12.3742 23.9821
    endloop
  endfacet
  facet normal -0.340364 0.904403 -0.257308
    outer loop
      vertex -69.177 6.46268 0
      vertex -70.7898 12.6375 23.8371
      vertex -68.7484 6.62398 0
    endloop
  endfacet
  facet normal -0.340081 0.904508 -0.257315
    outer loop
      vertex -70.7898 12.6375 23.8371
      vertex -69.177 6.46268 0
      vertex -70.9189 12.5996 23.8745
    endloop
  endfacet
  facet normal -0.0391121 -0.965538 -0.257305
    outer loop
      vertex -16.3421 -17.9601 0
      vertex -12.7576 -21.9196 14.3132
      vertex -16.6106 -21.8266 14.5499
    endloop
  endfacet
  facet normal -0.0391095 -0.965538 -0.257305
    outer loop
      vertex -16.3421 -17.9601 0
      vertex -6.38072 -22.1153 14.0783
      vertex -12.7576 -21.9196 14.3132
    endloop
  endfacet
  facet normal -0.0391083 -0.965538 -0.257306
    outer loop
      vertex -16.3421 -17.9601 0
      vertex -2.36291 -22.2649 14.029
      vertex -6.38072 -22.1153 14.0783
    endloop
  endfacet
  facet normal -0.0391077 -0.965538 -0.257307
    outer loop
      vertex -2.36291 -22.2649 14.029
      vertex -16.3421 -17.9601 0
      vertex 7.99899 -18.946 0
    endloop
  endfacet
  facet normal 0.280328 0.924773 -0.257313
    outer loop
      vertex 60.8558 11.3586 0
      vertex 61.5811 17.0969 21.4134
      vertex 61.8595 17.0309 21.4795
    endloop
  endfacet
  facet normal 0.280427 0.924745 -0.257309
    outer loop
      vertex 61.5811 17.0969 21.4134
      vertex 60.8558 11.3586 0
      vertex 60.1046 11.5864 0
    endloop
  endfacet
  facet normal 0.454209 0.850002 -0.266815
    outer loop
      vertex 94.2092 3.25186 21.1527
      vertex 87.869 0 0
      vertex 93.9992 3.37139 21.176
    endloop
  endfacet
  facet normal -0.867634 -0.326345 -0.375113
    outer loop
      vertex -95.1812 -0.363033 32.0651
      vertex -95.2076 -0.305029 32.0757
      vertex -81.4547 0 0
    endloop
  endfacet
  facet normal 0.35597 0.898369 -0.257331
    outer loop
      vertex 75.6746 12.3742 23.9821
      vertex 69.3453 14.7206 23.4182
      vertex 73.0043 13.5747 24.4793
    endloop
  endfacet
  facet normal 0.35597 0.898376 -0.257305
    outer loop
      vertex 61.7929 11.0059 0
      vertex 69.3453 14.7206 23.4182
      vertex 75.6746 12.3742 23.9821
    endloop
  endfacet
  facet normal 0.355977 0.898373 -0.257307
    outer loop
      vertex 69.3453 14.7206 23.4182
      vertex 61.7929 11.0059 0
      vertex 63.9025 16.4664 21.9836
    endloop
  endfacet
  facet normal 0.340337 -0.904413 -0.257307
    outer loop
      vertex 63.1748 -16.6857 21.7919
      vertex 61.7929 -11.0059 0
      vertex 63.9025 -16.4664 21.9836
    endloop
  endfacet
  facet normal 0.340756 -0.90426 -0.257293
    outer loop
      vertex 61.7929 -11.0059 0
      vertex 63.1748 -16.6857 21.7919
      vertex 63.0532 -16.7233 21.763
    endloop
  endfacet
  facet normal 0.219317 0.941113 -0.257307
    outer loop
      vertex 60.1046 11.5864 0
      vertex 61.1992 17.1611 21.3227
      vertex 61.5811 17.0969 21.4134
    endloop
  endfacet
  facet normal 0.219476 0.941076 -0.257306
    outer loop
      vertex 61.1992 17.1611 21.3227
      vertex 60.1046 11.5864 0
      vertex 59.0871 11.8237 0
    endloop
  endfacet
  facet normal 0.0782491 -0.963154 -0.257314
    outer loop
      vertex 19.1268 -22.2055 14.7045
      vertex 10.8193 -18.952 0
      vertex 21.9084 -22.0435 14.944
    endloop
  endfacet
  facet normal 0.078232 -0.963158 -0.257305
    outer loop
      vertex 12.7576 -22.6183 14.3132
      vertex 10.8193 -18.952 0
      vertex 19.1268 -22.2055 14.7045
    endloop
  endfacet
  facet normal 0.0782625 -0.963155 -0.257309
    outer loop
      vertex 10.8193 -18.952 0
      vertex 12.7576 -22.6183 14.3132
      vertex 11.0351 -22.7413 14.2497
    endloop
  endfacet
  facet normal -0.509739 -0.819869 -0.26073
    outer loop
      vertex -86.7081 -5.92272 28.8947
      vertex -87.1155 -5.71398 29.0348
      vertex -81.4547 0 0
    endloop
  endfacet
  facet normal -0.0947443 -0.961675 -0.257304
    outer loop
      vertex -16.6106 -21.8266 14.5499
      vertex -17.3708 -21.7642 14.5966
      vertex -16.3421 -17.9601 0
    endloop
  endfacet
  facet normal -0.280514 -0.924718 -0.257309
    outer loop
      vertex -69.8598 -12.8446 23.5674
      vertex -70.5806 -12.6841 23.7764
      vertex -68.0604 -6.83267 0
    endloop
  endfacet
  facet normal -0.0947443 0.961675 -0.257304
    outer loop
      vertex -16.3421 17.9601 0
      vertex -17.3708 21.7642 14.5966
      vertex -16.6106 21.8266 14.5499
    endloop
  endfacet
  facet normal -0.273825 -0.926731 -0.257274
    outer loop
      vertex -56.9663 -15.7511 20.3174
      vertex -68.0604 -6.83267 0
      vertex -55.979 -15.9848 20.1084
    endloop
  endfacet
  facet normal -0.273773 -0.926737 -0.257305
    outer loop
      vertex -63.1748 -14.3264 21.7919
      vertex -68.0604 -6.83267 0
      vertex -56.9663 -15.7511 20.3174
    endloop
  endfacet
  facet normal -0.273769 -0.926738 -0.257307
    outer loop
      vertex -69.3453 -12.9551 23.4182
      vertex -68.0604 -6.83267 0
      vertex -63.1748 -14.3264 21.7919
    endloop
  endfacet
  facet normal -0.273661 -0.92677 -0.257309
    outer loop
      vertex -68.0604 -6.83267 0
      vertex -69.3453 -12.9551 23.4182
      vertex -69.8598 -12.8446 23.5674
    endloop
  endfacet
  facet normal -0.273763 0.92674 -0.257305
    outer loop
      vertex -45.4541 13.5109 0
      vertex -50.7235 17.2284 18.9958
      vertex -46.695 18.2102 18.2458
    endloop
  endfacet
  facet normal -0.273765 0.92674 -0.257306
    outer loop
      vertex -45.4541 13.5109 0
      vertex -55.979 15.9848 20.1084
      vertex -50.7235 17.2284 18.9958
    endloop
  endfacet
  facet normal -0.273772 0.926737 -0.257309
    outer loop
      vertex -55.979 15.9848 20.1084
      vertex -45.4541 13.5109 0
      vertex -68.0604 6.83267 0
    endloop
  endfacet
  facet normal -0.280495 0.924724 -0.257308
    outer loop
      vertex -68.7484 6.62398 0
      vertex -70.5806 12.6841 23.7764
      vertex -68.0604 6.83267 0
    endloop
  endfacet
  facet normal -0.280635 0.924682 -0.257308
    outer loop
      vertex -70.5806 12.6841 23.7764
      vertex -68.7484 6.62398 0
      vertex -70.7898 12.6375 23.8371
    endloop
  endfacet
  facet normal -0.094666 -0.961682 -0.257307
    outer loop
      vertex -17.6059 -17.8356 0
      vertex -17.3708 -21.7642 14.5966
      vertex -18.0903 -21.7052 14.6408
    endloop
  endfacet
  facet normal -0.094737 -0.961675 -0.257304
    outer loop
      vertex -17.3708 -21.7642 14.5966
      vertex -17.6059 -17.8356 0
      vertex -16.3421 -17.9601 0
    endloop
  endfacet
  facet normal -0.145284 0.955345 -0.257309
    outer loop
      vertex -38.1499 19.24 16.8141
      vertex -43.3931 13.914 0
      vertex -44.1341 18.5893 17.777
    endloop
  endfacet
  facet normal -0.145287 0.955345 -0.257308
    outer loop
      vertex -31.8268 19.9703 15.9553
      vertex -43.3931 13.914 0
      vertex -38.1499 19.24 16.8141
    endloop
  endfacet
  facet normal -0.145084 0.955337 -0.257452
    outer loop
      vertex -43.3931 13.914 0
      vertex -31.8268 19.9703 15.9553
      vertex -31.754 19.9792 15.9473
    endloop
  endfacet
  facet normal 0.219485 -0.941074 -0.257306
    outer loop
      vertex 60.3429 -17.3052 21.1193
      vertex 59.0871 -11.8237 0
      vertex 61.1992 -17.1611 21.3227
    endloop
  endfacet
  facet normal 0.0315292 -0.965815 -0.257308
    outer loop
      vertex 11.0351 -22.7413 14.2497
      vertex 10.2642 -22.7589 14.2213
      vertex 10.8193 -18.952 0
    endloop
  endfacet
  facet normal 0.0948223 0.961667 -0.257304
    outer loop
      vertex 36.4184 16.8498 0
      vertex 36.3197 21.2918 16.5655
      vertex 36.9976 21.2496 16.6576
    endloop
  endfacet
  facet normal 0.0946997 0.961678 -0.257307
    outer loop
      vertex 36.3197 21.2918 16.5655
      vertex 36.4184 16.8498 0
      vertex 35.0952 16.9801 0
    endloop
  endfacet
  facet normal -0.157434 0.953419 -0.257307
    outer loop
      vertex -44.4501 18.5508 17.8278
      vertex -43.3931 13.914 0
      vertex -44.9271 18.496 17.9166
    endloop
  endfacet
  facet normal -0.157523 0.953404 -0.257309
    outer loop
      vertex -43.3931 13.914 0
      vertex -44.4501 18.5508 17.8278
      vertex -44.1341 18.5893 17.777
    endloop
  endfacet
  facet normal 0.507468 0.815759 -0.277514
    outer loop
      vertex 94.4109 3.1188 21.1304
      vertex 87.869 0 0
      vertex 94.2092 3.25186 21.1527
    endloop
  endfacet
  facet normal -0.273661 0.92677 -0.257309
    outer loop
      vertex -69.3453 12.9551 23.4182
      vertex -68.0604 6.83267 0
      vertex -69.8598 12.8446 23.5674
    endloop
  endfacet
  facet normal -0.273769 0.926738 -0.257307
    outer loop
      vertex -63.1748 14.3264 21.7919
      vertex -68.0604 6.83267 0
      vertex -69.3453 12.9551 23.4182
    endloop
  endfacet
  facet normal -0.273773 0.926737 -0.257305
    outer loop
      vertex -56.9663 15.7511 20.3174
      vertex -68.0604 6.83267 0
      vertex -63.1748 14.3264 21.7919
    endloop
  endfacet
  facet normal -0.273825 0.926731 -0.257274
    outer loop
      vertex -68.0604 6.83267 0
      vertex -56.9663 15.7511 20.3174
      vertex -55.979 15.9848 20.1084
    endloop
  endfacet
  facet normal 0.34039 -0.904394 -0.257307
    outer loop
      vertex 61.7929 -11.0059 0
      vertex 62.7125 -16.8285 21.6821
      vertex 60.8558 -11.3586 0
    endloop
  endfacet
  facet normal 0.340357 -0.904406 -0.257308
    outer loop
      vertex 62.7125 -16.8285 21.6821
      vertex 61.7929 -11.0059 0
      vertex 63.0532 -16.7233 21.763
    endloop
  endfacet
  facet normal 0.0946481 -0.961684 -0.257305
    outer loop
      vertex 35.4872 -21.3435 16.4525
      vertex 35.0952 -16.9801 0
      vertex 36.3197 -21.2918 16.5655
    endloop
  endfacet
  facet normal -0.88468 -0.267437 -0.381862
    outer loop
      vertex -95.2076 -0.305029 32.0757
      vertex -95.2293 -0.245668 32.0844
      vertex -81.4547 0 0
    endloop
  endfacet
  facet normal 0.355976 -0.898373 -0.257308
    outer loop
      vertex 77.8406 -4.64708 0
      vertex 75.6746 -12.3742 23.9821
      vertex 61.7929 -11.0059 0
    endloop
  endfacet
  facet normal 0.355987 -0.898369 -0.257306
    outer loop
      vertex 75.6746 -12.3742 23.9821
      vertex 77.8406 -4.64708 0
      vertex 78.7114 -11.0089 23.4167
    endloop
  endfacet
  facet normal 0.355981 -0.898371 -0.257306
    outer loop
      vertex 78.7114 -11.0089 23.4167
      vertex 77.8406 -4.64708 0
      vertex 80.2514 -10.3277 23.1689
    endloop
  endfacet
  facet normal -0.0316142 0.965812 -0.257308
    outer loop
      vertex 9.5 18.9952 0
      vertex 8.62786 22.7394 14.1611
      vertex 9.5 22.7765 14.1932
    endloop
  endfacet
  facet normal -0.0316573 0.96581 -0.25731
    outer loop
      vertex 8.62786 22.7394 14.1611
      vertex 9.5 18.9952 0
      vertex 7.99899 18.946 0
    endloop
  endfacet
  facet normal 0.85429 -0.387324 -0.346653
    outer loop
      vertex 95.6406 -1.64829 20.994
      vertex 87.869 0 0
      vertex 95.7373 -1.42543 20.9833
    endloop
  endfacet
  facet normal 0.767425 -0.550036 -0.329423
    outer loop
      vertex 95.2693 -2.27314 21.0352
      vertex 87.869 0 0
      vertex 95.4062 -2.07303 21.02
    endloop
  endfacet
  facet normal 0 0 -1
    outer loop
      vertex 78.4406 -4.37521 0
      vertex 78.4406 4.37521 0
      vertex 87.869 0 0
    endloop
  endfacet
  facet normal 0 0 -1
    outer loop
      vertex 77.8406 -4.64708 0
      vertex 78.4406 4.37521 0
      vertex 78.4406 -4.37521 0
    endloop
  endfacet
  facet normal 0 0 -1
    outer loop
      vertex 77.8406 -4.64708 0
      vertex 77.8406 4.64708 0
      vertex 78.4406 4.37521 0
    endloop
  endfacet
  facet normal 0 0 -1
    outer loop
      vertex 61.7929 -11.0059 0
      vertex 77.8406 4.64708 0
      vertex 77.8406 -4.64708 0
    endloop
  endfacet
  facet normal 0 0 -1
    outer loop
      vertex 61.7929 -11.0059 0
      vertex 61.7929 11.0059 0
      vertex 77.8406 4.64708 0
    endloop
  endfacet
  facet normal 0 0 -1
    outer loop
      vertex 60.8558 -11.3586 0
      vertex 61.7929 11.0059 0
      vertex 61.7929 -11.0059 0
    endloop
  endfacet
  facet normal 0 0 -1
    outer loop
      vertex 60.8558 -11.3586 0
      vertex 60.8558 11.3586 0
      vertex 61.7929 11.0059 0
    endloop
  endfacet
  facet normal 0 0 -1
    outer loop
      vertex 60.1046 -11.5864 0
      vertex 60.8558 11.3586 0
      vertex 60.8558 -11.3586 0
    endloop
  endfacet
  facet normal 0 0 -1
    outer loop
      vertex 60.1046 -11.5864 0
      vertex 60.1046 11.5864 0
      vertex 60.8558 11.3586 0
    endloop
  endfacet
  facet normal 0 0 -1
    outer loop
      vertex 59.0871 -11.8237 0
      vertex 60.1046 11.5864 0
      vertex 60.1046 -11.5864 0
    endloop
  endfacet
  facet normal 0 0 -1
    outer loop
      vertex 59.0871 -11.8237 0
      vertex 59.0871 11.8237 0
      vertex 60.1046 11.5864 0
    endloop
  endfacet
  facet normal 0 0 -1
    outer loop
      vertex 37.5514 -16.6627 0
      vertex 59.0871 11.8237 0
      vertex 59.0871 -11.8237 0
    endloop
  endfacet
  facet normal 0 0 -1
    outer loop
      vertex 37.5514 -16.6627 0
      vertex 37.5514 16.6627 0
      vertex 59.0871 11.8237 0
    endloop
  endfacet
  facet normal 0 0 -1
    outer loop
      vertex 36.4184 -16.8498 0
      vertex 37.5514 16.6627 0
      vertex 37.5514 -16.6627 0
    endloop
  endfacet
  facet normal 0 0 -1
    outer loop
      vertex 36.4184 -16.8498 0
      vertex 36.4184 16.8498 0
      vertex 37.5514 16.6627 0
    endloop
  endfacet
  facet normal 0 0 -1
    outer loop
      vertex 35.0952 -16.9801 0
      vertex 36.4184 16.8498 0
      vertex 36.4184 -16.8498 0
    endloop
  endfacet
  facet normal 0 0 -1
    outer loop
      vertex 35.0952 -16.9801 0
      vertex 35.0952 16.9801 0
      vertex 36.4184 16.8498 0
    endloop
  endfacet
  facet normal 0 0 -1
    outer loop
      vertex 10.8193 -18.952 0
      vertex 35.0952 16.9801 0
      vertex 35.0952 -16.9801 0
    endloop
  endfacet
  facet normal 0 0 -1
    outer loop
      vertex 10.8193 -18.952 0
      vertex 10.8193 18.952 0
      vertex 35.0952 16.9801 0
    endloop
  endfacet
  facet normal 0 0 -1
    outer loop
      vertex 9.5 -18.9952 0
      vertex 10.8193 18.952 0
      vertex 10.8193 -18.952 0
    endloop
  endfacet
  facet normal 0 0 -1
    outer loop
      vertex 9.5 -18.9952 0
      vertex 9.5 18.9952 0
      vertex 10.8193 18.952 0
    endloop
  endfacet
  facet normal 0 0 -1
    outer loop
      vertex 7.99899 -18.946 0
      vertex 9.5 18.9952 0
      vertex 9.5 -18.9952 0
    endloop
  endfacet
  facet normal 0 0 -1
    outer loop
      vertex 7.99899 -18.946 0
      vertex 7.99899 18.946 0
      vertex 9.5 18.9952 0
    endloop
  endfacet
  facet normal 0 0 -1
    outer loop
      vertex -16.3421 -17.9601 0
      vertex 7.99899 18.946 0
      vertex 7.99899 -18.946 0
    endloop
  endfacet
  facet normal 0 0 -1
    outer loop
      vertex -16.3421 -17.9601 0
      vertex -16.3421 17.9601 0
      vertex 7.99899 18.946 0
    endloop
  endfacet
  facet normal 0 0 -1
    outer loop
      vertex -17.6059 -17.8356 0
      vertex -16.3421 17.9601 0
      vertex -16.3421 -17.9601 0
    endloop
  endfacet
  facet normal 0 0 -1
    outer loop
      vertex -17.6059 -17.8356 0
      vertex -17.6059 17.8356 0
      vertex -16.3421 17.9601 0
    endloop
  endfacet
  facet normal 0 0 -1
    outer loop
      vertex -43.3931 -13.914 0
      vertex -17.6059 17.8356 0
      vertex -17.6059 -17.8356 0
    endloop
  endfacet
  facet normal 0 0 -1
    outer loop
      vertex -43.3931 -13.914 0
      vertex -43.3931 13.914 0
      vertex -17.6059 17.8356 0
    endloop
  endfacet
  facet normal 0 0 -1
    outer loop
      vertex -44.5303 -13.7263 0
      vertex -43.3931 13.914 0
      vertex -43.3931 -13.914 0
    endloop
  endfacet
  facet normal 0 0 -1
    outer loop
      vertex -44.5303 -13.7263 0
      vertex -44.5303 13.7263 0
      vertex -43.3931 13.914 0
    endloop
  endfacet
  facet normal 0 0 -1
    outer loop
      vertex -45.4541 -13.5109 0
      vertex -44.5303 13.7263 0
      vertex -44.5303 -13.7263 0
    endloop
  endfacet
  facet normal 0 0 -1
    outer loop
      vertex -45.4541 -13.5109 0
      vertex -45.4541 13.5109 0
      vertex -44.5303 13.7263 0
    endloop
  endfacet
  facet normal 0 0 -1
    outer loop
      vertex -68.0604 -6.83267 0
      vertex -45.4541 13.5109 0
      vertex -45.4541 -13.5109 0
    endloop
  endfacet
  facet normal 0 0 -1
    outer loop
      vertex -68.0604 -6.83267 0
      vertex -68.0604 6.83267 0
      vertex -45.4541 13.5109 0
    endloop
  endfacet
  facet normal 0 0 -1
    outer loop
      vertex -68.7484 -6.62398 0
      vertex -68.0604 6.83267 0
      vertex -68.0604 -6.83267 0
    endloop
  endfacet
  facet normal 0 0 -1
    outer loop
      vertex -68.7484 -6.62398 0
      vertex -68.7484 6.62398 0
      vertex -68.0604 6.83267 0
    endloop
  endfacet
  facet normal 0 0 -1
    outer loop
      vertex -69.177 -6.46268 0
      vertex -68.7484 6.62398 0
      vertex -68.7484 -6.62398 0
    endloop
  endfacet
  facet normal 0 0 -1
    outer loop
      vertex -69.177 -6.46268 0
      vertex -69.177 6.46268 0
      vertex -68.7484 6.62398 0
    endloop
  endfacet
  facet normal 0 0 -1
    outer loop
      vertex -69.6113 -6.26587 0
      vertex -69.177 6.46268 0
      vertex -69.177 -6.46268 0
    endloop
  endfacet
  facet normal 0 0 -1
    outer loop
      vertex -69.6113 -6.26587 0
      vertex -69.6113 6.26587 0
      vertex -69.177 6.46268 0
    endloop
  endfacet
  facet normal 0 -0 -1
    outer loop
      vertex -69.6113 6.26587 0
      vertex -69.6113 -6.26587 0
      vertex -81.4547 0 0
    endloop
  endfacet
  facet normal -0.591354 -0.761381 -0.265706
    outer loop
      vertex -87.5914 -5.42338 29.1985
      vertex -81.4547 0 0
      vertex -87.5091 -5.47746 29.1703
    endloop
  endfacet
  facet normal -0.591948 -0.760906 -0.265743
    outer loop
      vertex -93.5727 -1.54673 31.4219
      vertex -81.4547 0 0
      vertex -87.5914 -5.42338 29.1985
    endloop
  endfacet
  facet normal -0.59194 -0.760913 -0.26574
    outer loop
      vertex -81.4547 0 0
      vertex -93.5727 -1.54673 31.4219
      vertex -94.8221 -0.749259 31.9215
    endloop
  endfacet
  facet normal -0.219451 -0.941082 -0.257306
    outer loop
      vertex -45.4541 -13.5109 0
      vertex -45.4667 -18.4341 18.0171
      vertex -45.9001 -18.3551 18.0978
    endloop
  endfacet
  facet normal -0.219431 -0.941086 -0.257307
    outer loop
      vertex -45.4667 -18.4341 18.0171
      vertex -45.4541 -13.5109 0
      vertex -44.5303 -13.7263 0
    endloop
  endfacet
  facet normal -0.561933 -0.783976 -0.263842
    outer loop
      vertex -87.1155 -5.71398 29.0348
      vertex -87.5091 -5.47746 29.1703
      vertex -81.4547 0 0
    endloop
  endfacet
  facet normal 0.0946481 0.961684 -0.257305
    outer loop
      vertex 36.3197 21.2918 16.5655
      vertex 35.0952 16.9801 0
      vertex 35.4872 21.3435 16.4525
    endloop
  endfacet
  facet normal -0.340081 -0.904508 -0.257315
    outer loop
      vertex -69.177 -6.46268 0
      vertex -70.7898 -12.6375 23.8371
      vertex -70.9189 -12.5996 23.8745
    endloop
  endfacet
  facet normal -0.340364 -0.904403 -0.257308
    outer loop
      vertex -70.7898 -12.6375 23.8371
      vertex -69.177 -6.46268 0
      vertex -68.7484 -6.62398 0
    endloop
  endfacet
  facet normal -0.145312 0.955342 -0.257307
    outer loop
      vertex -17.6059 17.8356 0
      vertex -19.1268 21.5647 14.7045
      vertex -18.0903 21.7052 14.6408
    endloop
  endfacet
  facet normal -0.145286 0.955346 -0.257305
    outer loop
      vertex -17.6059 17.8356 0
      vertex -25.4845 20.7453 15.252
      vertex -19.1268 21.5647 14.7045
    endloop
  endfacet
  facet normal -0.145274 0.955349 -0.2573
    outer loop
      vertex -17.6059 17.8356 0
      vertex -31.754 19.9792 15.9473
      vertex -25.4845 20.7453 15.252
    endloop
  endfacet
  facet normal -0.145285 0.955345 -0.257309
    outer loop
      vertex -31.754 19.9792 15.9473
      vertex -17.6059 17.8356 0
      vertex -43.3931 13.914 0
    endloop
  endfacet
  facet normal -0.398863 0.880171 -0.257308
    outer loop
      vertex -69.6113 6.26587 0
      vertex -72.3382 12.1299 24.2861
      vertex -69.177 6.46268 0
    endloop
  endfacet
  facet normal -0.398787 0.880205 -0.257308
    outer loop
      vertex -72.3382 12.1299 24.2861
      vertex -69.6113 6.26587 0
      vertex -72.4648 12.0833 24.3229
    endloop
  endfacet
  facet normal -0.509739 0.819869 -0.26073
    outer loop
      vertex -81.4547 0 0
      vertex -87.1155 5.71398 29.0348
      vertex -86.7081 5.92272 28.8947
    endloop
  endfacet
  facet normal -0.398822 0.88019 -0.257307
    outer loop
      vertex -69.177 6.46268 0
      vertex -72.3382 12.1299 24.2861
      vertex -71.6321 12.39 24.0814
    endloop
  endfacet
  facet normal 0.0946997 -0.961678 -0.257307
    outer loop
      vertex 36.4184 -16.8498 0
      vertex 36.3197 -21.2918 16.5655
      vertex 35.0952 -16.9801 0
    endloop
  endfacet
  facet normal 0.0948223 -0.961667 -0.257304
    outer loop
      vertex 36.3197 -21.2918 16.5655
      vertex 36.4184 -16.8498 0
      vertex 36.9976 -21.2496 16.6576
    endloop
  endfacet
  facet normal -0.0391065 0.965538 -0.257307
    outer loop
      vertex 6.38072 22.6322 14.0783
      vertex 7.99899 18.946 0
      vertex 0 22.3529 14
    endloop
  endfacet
  facet normal -0.0391233 0.965537 -0.257309
    outer loop
      vertex 7.99899 18.946 0
      vertex 6.38072 22.6322 14.0783
      vertex 7.86089 22.7067 14.1328
    endloop
  endfacet
  facet normal -0.0391167 0.965536 -0.257313
    outer loop
      vertex -2.36291 22.2649 14.029
      vertex 0 22.3529 14
      vertex 7.99899 18.946 0
    endloop
  endfacet
  facet normal 0.211064 -0.943137 -0.256797
    outer loop
      vertex 50.7235 -18.8871 18.9958
      vertex 37.5514 -16.6627 0
      vertex 50.7946 -18.8753 19.0109
    endloop
  endfacet
  facet normal 0.211856 -0.94282 -0.25731
    outer loop
      vertex 44.4501 -19.978 17.8278
      vertex 37.5514 -16.6627 0
      vertex 50.7235 -18.8871 18.9958
    endloop
  endfacet
  facet normal 0.211843 -0.942824 -0.257305
    outer loop
      vertex 37.5514 -16.6627 0
      vertex 44.4501 -19.978 17.8278
      vertex 38.4096 -21.07 16.8559
    endloop
  endfacet
  facet normal 0.398828 -0.880187 -0.257306
    outer loop
      vertex 78.4406 -4.37521 0
      vertex 80.2514 -10.3277 23.1689
      vertex 77.8406 -4.64708 0
    endloop
  endfacet
  facet normal 0.398961 -0.880128 -0.257302
    outer loop
      vertex 80.2514 -10.3277 23.1689
      vertex 78.4406 -4.37521 0
      vertex 80.4375 -10.2346 23.139
    endloop
  endfacet
  facet normal -0.654092 0.698441 -0.290421
    outer loop
      vertex -81.4547 0 0
      vertex -94.9338 0.668729 31.9662
      vertex -94.8795 0.710558 31.9445
    endloop
  endfacet
  facet normal 0.219485 0.941074 -0.257306
    outer loop
      vertex 61.1992 17.1611 21.3227
      vertex 59.0871 11.8237 0
      vertex 60.3429 17.3052 21.1193
    endloop
  endfacet
  facet normal -0.398822 -0.88019 -0.257307
    outer loop
      vertex -71.6321 -12.39 24.0814
      vertex -72.3382 -12.1299 24.2861
      vertex -69.177 -6.46268 0
    endloop
  endfacet
  facet normal 0.219476 -0.941076 -0.257306
    outer loop
      vertex 60.1046 -11.5864 0
      vertex 61.1992 -17.1611 21.3227
      vertex 59.0871 -11.8237 0
    endloop
  endfacet
  facet normal 0.219317 -0.941113 -0.257307
    outer loop
      vertex 61.1992 -17.1611 21.3227
      vertex 60.1046 -11.5864 0
      vertex 61.5811 -17.0969 21.4134
    endloop
  endfacet
  facet normal -0.280635 -0.924682 -0.257308
    outer loop
      vertex -68.7484 -6.62398 0
      vertex -70.5806 -12.6841 23.7764
      vertex -70.7898 -12.6375 23.8371
    endloop
  endfacet
  facet normal -0.280495 -0.924724 -0.257308
    outer loop
      vertex -70.5806 -12.6841 23.7764
      vertex -68.7484 -6.62398 0
      vertex -68.0604 -6.83267 0
    endloop
  endfacet
  facet normal -0.094737 0.961675 -0.257304
    outer loop
      vertex -17.6059 17.8356 0
      vertex -17.3708 21.7642 14.5966
      vertex -16.3421 17.9601 0
    endloop
  endfacet
  facet normal -0.094666 0.961682 -0.257307
    outer loop
      vertex -17.3708 21.7642 14.5966
      vertex -17.6059 17.8356 0
      vertex -18.0903 21.7052 14.6408
    endloop
  endfacet
  facet normal 0.406769 -0.876545 -0.257308
    outer loop
      vertex 93.2768 -3.73014 21.2561
      vertex 87.869 0 0
      vertex 93.9992 -3.37139 21.176
    endloop
  endfacet
  facet normal 0.406765 -0.876548 -0.257307
    outer loop
      vertex 85.9809 -7.4067 22.247
      vertex 87.869 0 0
      vertex 93.2768 -3.73014 21.2561
    endloop
  endfacet
  facet normal 0.406751 -0.876553 -0.25731
    outer loop
      vertex 87.869 0 0
      vertex 85.9809 -7.4067 22.247
      vertex 84.0811 -8.37801 22.5527
    endloop
  endfacet
  facet normal 0.340756 0.90426 -0.257293
    outer loop
      vertex 63.1748 16.6857 21.7919
      vertex 61.7929 11.0059 0
      vertex 63.0532 16.7233 21.763
    endloop
  endfacet
  facet normal 0.340337 0.904413 -0.257307
    outer loop
      vertex 61.7929 11.0059 0
      vertex 63.1748 16.6857 21.7919
      vertex 63.9025 16.4664 21.9836
    endloop
  endfacet
  facet normal 0.280427 -0.924745 -0.257309
    outer loop
      vertex 60.8558 -11.3586 0
      vertex 61.5811 -17.0969 21.4134
      vertex 60.1046 -11.5864 0
    endloop
  endfacet
  facet normal 0.280328 -0.924773 -0.257313
    outer loop
      vertex 61.5811 -17.0969 21.4134
      vertex 60.8558 -11.3586 0
      vertex 61.8595 -17.0309 21.4795
    endloop
  endfacet
  facet normal 0.28053 -0.924714 -0.257307
    outer loop
      vertex 61.8595 -17.0309 21.4795
      vertex 60.8558 -11.3586 0
      vertex 62.7125 -16.8285 21.6821
    endloop
  endfacet
  facet normal -0.157523 -0.953404 -0.257309
    outer loop
      vertex -44.4501 -18.5508 17.8278
      vertex -43.3931 -13.914 0
      vertex -44.1341 -18.5893 17.777
    endloop
  endfacet
  facet normal -0.157434 -0.953419 -0.257307
    outer loop
      vertex -43.3931 -13.914 0
      vertex -44.4501 -18.5508 17.8278
      vertex -44.9271 -18.496 17.9166
    endloop
  endfacet
  facet normal 0.157426 -0.953421 -0.257305
    outer loop
      vertex 38.1499 -21.1016 16.8141
      vertex 37.5514 -16.6627 0
      vertex 38.4096 -21.07 16.8559
    endloop
  endfacet
  facet normal 0.157404 -0.953424 -0.257306
    outer loop
      vertex 37.5514 -16.6627 0
      vertex 38.1499 -21.1016 16.8141
      vertex 37.5723 -21.1758 16.7357
    endloop
  endfacet
  facet normal -0.34043 -0.904378 -0.257308
    outer loop
      vertex -70.9189 -12.5996 23.8745
      vertex -71.6321 -12.39 24.0814
      vertex -69.177 -6.46268 0
    endloop
  endfacet
  facet normal -0.157297 -0.953442 -0.257306
    outer loop
      vertex -44.5303 -13.7263 0
      vertex -44.9271 -18.496 17.9166
      vertex -45.4667 -18.4341 18.0171
    endloop
  endfacet
  facet normal -0.157368 -0.953431 -0.257304
    outer loop
      vertex -44.9271 -18.496 17.9166
      vertex -44.5303 -13.7263 0
      vertex -43.3931 -13.914 0
    endloop
  endfacet
  facet normal -0.765901 -0.548913 -0.334797
    outer loop
      vertex -95.0321 -0.57643 32.0055
      vertex -95.0756 -0.526347 32.0229
      vertex -81.4547 0 0
    endloop
  endfacet
  facet normal -0.455508 -0.852179 -0.257493
    outer loop
      vertex -86.2892 -6.10309 28.7506
      vertex -86.7081 -5.92272 28.8947
      vertex -81.4547 0 0
    endloop
  endfacet
  facet normal -0.0316833 0.96581 -0.257309
    outer loop
      vertex 7.99899 18.946 0
      vertex 7.86089 22.7067 14.1328
      vertex 8.62786 22.7394 14.1611
    endloop
  endfacet
  facet normal 0.82904 0.44268 -0.341652
    outer loop
      vertex 95.6406 1.64829 20.994
      vertex 87.869 0 0
      vertex 95.5302 1.86446 21.0062
    endloop
  endfacet
  facet normal -0.219431 0.941086 -0.257307
    outer loop
      vertex -45.4541 13.5109 0
      vertex -45.4667 18.4341 18.0171
      vertex -44.5303 13.7263 0
    endloop
  endfacet
  facet normal -0.219451 0.941082 -0.257306
    outer loop
      vertex -45.4667 18.4341 18.0171
      vertex -45.4541 13.5109 0
      vertex -45.9001 18.3551 18.0978
    endloop
  endfacet
  facet normal -0.219454 0.941081 -0.257305
    outer loop
      vertex -45.4541 13.5109 0
      vertex -46.695 18.2102 18.2458
      vertex -45.9001 18.3551 18.0978
    endloop
  endfacet
  facet normal -0.823424 -0.440562 -0.3576
    outer loop
      vertex -95.115 -0.473945 32.0387
      vertex -95.1503 -0.419413 32.0528
      vertex -81.4547 0 0
    endloop
  endfacet
  facet normal 0.211849 -0.942822 -0.257307
    outer loop
      vertex 59.0871 -11.8237 0
      vertex 50.7946 -18.8753 19.0109
      vertex 37.5514 -16.6627 0
    endloop
  endfacet
  facet normal 0.211849 -0.942822 -0.257307
    outer loop
      vertex 50.7946 -18.8753 19.0109
      vertex 59.0871 -11.8237 0
      vertex 56.9663 -17.8451 20.3174
    endloop
  endfacet
  facet normal 0.211859 -0.94282 -0.257306
    outer loop
      vertex 56.9663 -17.8451 20.3174
      vertex 59.0871 -11.8237 0
      vertex 60.3429 -17.3052 21.1193
    endloop
  endfacet
  facet normal -0.451907 0.854151 -0.257306
    outer loop
      vertex -81.5573 8.11621 27.1227
      vertex -81.4547 0 0
      vertex -86.2892 6.10309 28.7506
    endloop
  endfacet
  facet normal -0.451897 0.854156 -0.257307
    outer loop
      vertex -81.4547 0 0
      vertex -81.5573 8.11621 27.1227
      vertex -75.5747 10.7104 25.2274
    endloop
  endfacet
  facet normal -0.280514 0.924718 -0.257309
    outer loop
      vertex -68.0604 6.83267 0
      vertex -70.5806 12.6841 23.7764
      vertex -69.8598 12.8446 23.5674
    endloop
  endfacet
  facet normal 0.211843 0.942824 -0.257305
    outer loop
      vertex 44.4501 19.978 17.8278
      vertex 37.5514 16.6627 0
      vertex 38.4096 21.07 16.8559
    endloop
  endfacet
  facet normal 0.211856 0.94282 -0.25731
    outer loop
      vertex 50.7235 18.8871 18.9958
      vertex 37.5514 16.6627 0
      vertex 44.4501 19.978 17.8278
    endloop
  endfacet
  facet normal 0.211064 0.943137 -0.256797
    outer loop
      vertex 37.5514 16.6627 0
      vertex 50.7235 18.8871 18.9958
      vertex 50.7946 18.8753 19.0109
    endloop
  endfacet
  facet normal 0.0315292 0.965815 -0.257308
    outer loop
      vertex 10.8193 18.952 0
      vertex 10.2642 22.7589 14.2213
      vertex 11.0351 22.7413 14.2497
    endloop
  endfacet
  facet normal 0.28053 0.924714 -0.257307
    outer loop
      vertex 62.7125 16.8285 21.6821
      vertex 60.8558 11.3586 0
      vertex 61.8595 17.0309 21.4795
    endloop
  endfacet
  facet normal 0.340357 0.904406 -0.257308
    outer loop
      vertex 61.7929 11.0059 0
      vertex 62.7125 16.8285 21.6821
      vertex 63.0532 16.7233 21.763
    endloop
  endfacet
  facet normal 0.34039 0.904394 -0.257307
    outer loop
      vertex 62.7125 16.8285 21.6821
      vertex 61.7929 11.0059 0
      vertex 60.8558 11.3586 0
    endloop
  endfacet
  facet normal 0.920603 0.151847 -0.359767
    outer loop
      vertex 95.9786 0.48556 20.9565
      vertex 87.869 0 0
      vertex 95.9406 0.725894 20.9607
    endloop
  endfacet
  facet normal 0.876315 -0.329941 -0.351013
    outer loop
      vertex 95.7373 -1.42543 20.9833
      vertex 87.869 0 0
      vertex 95.8197 -1.19679 20.9741
    endloop
  endfacet
  facet normal 0.799712 -0.497669 -0.335836
    outer loop
      vertex 95.4062 -2.07303 21.02
      vertex 87.869 0 0
      vertex 95.5302 -1.86446 21.0062
    endloop
  endfacet
  facet normal 0.507468 -0.815759 -0.277514
    outer loop
      vertex 94.2092 -3.25186 21.1527
      vertex 87.869 0 0
      vertex 94.4109 -3.1188 21.1304
    endloop
  endfacet
  facet normal 0.692875 -0.648812 -0.314592
    outer loop
      vertex 94.9589 -2.64469 21.0696
      vertex 87.869 0 0
      vertex 95.12 -2.46397 21.0517
    endloop
  endfacet
  facet normal 0.799712 0.497669 -0.335836
    outer loop
      vertex 95.5302 1.86446 21.0062
      vertex 87.869 0 0
      vertex 95.4062 2.07303 21.02
    endloop
  endfacet
  facet normal -0.455508 0.852179 -0.257493
    outer loop
      vertex -81.4547 0 0
      vertex -86.7081 5.92272 28.8947
      vertex -86.2892 6.10309 28.7506
    endloop
  endfacet
  facet normal -0.561933 0.783976 -0.263842
    outer loop
      vertex -81.4547 0 0
      vertex -87.5091 5.47746 29.1703
      vertex -87.1155 5.71398 29.0348
    endloop
  endfacet
  facet normal -0.694263 -0.651257 -0.306372
    outer loop
      vertex -94.9338 -0.668729 31.9662
      vertex -94.9848 -0.623958 31.9866
      vertex -81.4547 0 0
    endloop
  endfacet
  facet normal -0.610623 -0.743322 -0.273151
    outer loop
      vertex -94.8221 -0.749259 31.9215
      vertex -94.8795 -0.710558 31.9445
      vertex -81.4547 0 0
    endloop
  endfacet
  facet normal 0.894796 -0.271205 -0.354667
    outer loop
      vertex 95.8197 -1.19679 20.9741
      vertex 87.869 0 0
      vertex 95.8875 -0.963287 20.9666
    endloop
  endfacet
  facet normal 0.82904 -0.44268 -0.341652
    outer loop
      vertex 95.5302 -1.86446 21.0062
      vertex 87.869 0 0
      vertex 95.6406 -1.64829 20.994
    endloop
  endfacet
  facet normal -0.908106 0.149523 -0.391136
    outer loop
      vertex -81.4547 0 0
      vertex -95.2586 0.123944 32.0961
      vertex -95.2464 0.185221 32.0912
    endloop
  endfacet
  facet normal 0.731828 -0.600433 -0.322346
    outer loop
      vertex 95.12 -2.46397 21.0517
      vertex 87.869 0 0
      vertex 95.2693 -2.27314 21.0352
    endloop
  endfacet
  facet normal 0.931698 -0.0304461 -0.361957
    outer loop
      vertex 96.0015 -0.243271 20.954
      vertex 87.869 0 0
      vertex 96.0091 0 20.9531
    endloop
  endfacet
  facet normal -0.59194 0.760913 -0.26574
    outer loop
      vertex -93.5727 1.54673 31.4219
      vertex -81.4547 0 0
      vertex -94.8221 0.749259 31.9215
    endloop
  endfacet
  facet normal -0.591948 0.760906 -0.265743
    outer loop
      vertex -87.5914 5.42338 29.1985
      vertex -81.4547 0 0
      vertex -93.5727 1.54673 31.4219
    endloop
  endfacet
  facet normal -0.591354 0.761381 -0.265706
    outer loop
      vertex -81.4547 0 0
      vertex -87.5914 5.42338 29.1985
      vertex -87.5091 5.47746 29.1703
    endloop
  endfacet
  facet normal 0.605715 -0.738095 -0.297194
    outer loop
      vertex 94.6036 -2.97282 21.109
      vertex 87.869 0 0
      vertex 94.7865 -2.81455 21.0887
    endloop
  endfacet
  facet normal -0.847157 0.384232 -0.367003
    outer loop
      vertex -81.4547 0 0
      vertex -95.1812 0.363033 32.0651
      vertex -95.1503 0.419413 32.0528
    endloop
  endfacet
  facet normal -0.654092 -0.698441 -0.290421
    outer loop
      vertex -94.8795 -0.710558 31.9445
      vertex -94.9338 -0.668729 31.9662
      vertex -81.4547 0 0
    endloop
  endfacet
  facet normal 0.398723 -0.880235 -0.257308
    outer loop
      vertex 80.4375 -10.2346 23.139
      vertex 78.4406 -4.37521 0
      vertex 80.9988 -9.95395 23.0487
    endloop
  endfacet
  facet normal 0.406762 -0.876548 -0.257308
    outer loop
      vertex 78.4406 -4.37521 0
      vertex 84.0811 -8.37801 22.5527
      vertex 80.9988 -9.95395 23.0487
    endloop
  endfacet
  facet normal 0.406759 -0.87655 -0.257308
    outer loop
      vertex 84.0811 -8.37801 22.5527
      vertex 78.4406 -4.37521 0
      vertex 87.869 0 0
    endloop
  endfacet
  facet normal 0.454209 -0.850002 -0.266815
    outer loop
      vertex 93.9992 -3.37139 21.176
      vertex 87.869 0 0
      vertex 94.2092 -3.25186 21.1527
    endloop
  endfacet
  facet normal 0.931698 0.0304461 -0.361957
    outer loop
      vertex 96.0091 0 20.9531
      vertex 87.869 0 0
      vertex 96.0015 0.243271 20.954
    endloop
  endfacet
  facet normal 0.927985 -0.0914359 -0.361224
    outer loop
      vertex 95.9786 -0.48556 20.9565
      vertex 87.869 0 0
      vertex 96.0015 -0.243271 20.954
    endloop
  endfacet
  facet normal 0.894796 0.271205 -0.354667
    outer loop
      vertex 95.8875 0.963287 20.9666
      vertex 87.869 0 0
      vertex 95.8197 1.19679 20.9741
    endloop
  endfacet
  facet normal -0.610623 0.743322 -0.273151
    outer loop
      vertex -81.4547 0 0
      vertex -94.8795 0.710558 31.9445
      vertex -94.8221 0.749259 31.9215
    endloop
  endfacet
  facet normal -0.765901 0.548913 -0.334797
    outer loop
      vertex -81.4547 0 0
      vertex -95.0756 0.526347 32.0229
      vertex -95.0321 0.57643 32.0055
    endloop
  endfacet
  facet normal -0.847157 -0.384232 -0.367003
    outer loop
      vertex -95.1503 -0.419413 32.0528
      vertex -95.1812 -0.363033 32.0651
      vertex -81.4547 0 0
    endloop
  endfacet
  facet normal -0.732025 -0.600722 -0.32136
    outer loop
      vertex -94.9848 -0.623958 31.9866
      vertex -95.0321 -0.57643 32.0055
      vertex -81.4547 0 0
    endloop
  endfacet
  facet normal 0.927985 0.0914359 -0.361224
    outer loop
      vertex 96.0015 0.243271 20.954
      vertex 87.869 0 0
      vertex 95.9786 0.48556 20.9565
    endloop
  endfacet
  facet normal 0.920603 -0.151847 -0.359767
    outer loop
      vertex 95.9406 -0.725894 20.9607
      vertex 87.869 0 0
      vertex 95.9786 -0.48556 20.9565
    endloop
  endfacet
  facet normal 0.909437 0.212309 -0.357561
    outer loop
      vertex 95.9406 0.725894 20.9607
      vertex 87.869 0 0
      vertex 95.8875 0.963287 20.9666
    endloop
  endfacet
  facet normal 0.85429 0.387324 -0.346653
    outer loop
      vertex 95.7373 1.42543 20.9833
      vertex 87.869 0 0
      vertex 95.6406 1.64829 20.994
    endloop
  endfacet
  facet normal -0.918169 0.0291184 -0.395119
    outer loop
      vertex -81.4547 0 0
      vertex -95.2684 0 32.1
      vertex -95.266 0.062108 32.099
    endloop
  endfacet
  facet normal -0.796872 0.494503 -0.347076
    outer loop
      vertex -81.4547 0 0
      vertex -95.115 0.473945 32.0387
      vertex -95.0756 0.526347 32.0229
    endloop
  endfacet
  facet normal -0.732025 0.600722 -0.32136
    outer loop
      vertex -81.4547 0 0
      vertex -95.0321 0.57643 32.0055
      vertex -94.9848 0.623958 31.9866
    endloop
  endfacet
  facet normal -0.914703 -0.0909978 -0.393747
    outer loop
      vertex -95.2586 -0.123944 32.0961
      vertex -95.266 -0.062108 32.099
      vertex -81.4547 0 0
    endloop
  endfacet
  facet normal -0.796872 -0.494503 -0.347076
    outer loop
      vertex -95.0756 -0.526347 32.0229
      vertex -95.115 -0.473945 32.0387
      vertex -81.4547 0 0
    endloop
  endfacet
  facet normal 0.557832 -0.778526 -0.287612
    outer loop
      vertex 94.4109 -3.1188 21.1304
      vertex 87.869 0 0
      vertex 94.6036 -2.97282 21.109
    endloop
  endfacet
  facet normal -0.914703 0.0909978 -0.393747
    outer loop
      vertex -81.4547 0 0
      vertex -95.266 0.062108 32.099
      vertex -95.2586 0.123944 32.0961
    endloop
  endfacet
  facet normal -0.823424 0.440562 -0.3576
    outer loop
      vertex -81.4547 0 0
      vertex -95.1503 0.419413 32.0528
      vertex -95.115 0.473945 32.0387
    endloop
  endfacet
  facet normal -0.694263 0.651257 -0.306372
    outer loop
      vertex -81.4547 0 0
      vertex -94.9848 0.623958 31.9866
      vertex -94.9338 0.668729 31.9662
    endloop
  endfacet
  facet normal -0.908106 -0.149523 -0.391136
    outer loop
      vertex -95.2464 -0.185221 32.0912
      vertex -95.2586 -0.123944 32.0961
      vertex -81.4547 0 0
    endloop
  endfacet
  facet normal -0.88468 0.267437 -0.381862
    outer loop
      vertex -81.4547 0 0
      vertex -95.2293 0.245668 32.0844
      vertex -95.2076 0.305029 32.0757
    endloop
  endfacet
  facet normal -0.897736 -0.210424 -0.387031
    outer loop
      vertex -95.2293 -0.245668 32.0844
      vertex -95.2464 -0.185221 32.0912
      vertex -81.4547 0 0
    endloop
  endfacet
  facet normal -0.897736 0.210424 -0.387031
    outer loop
      vertex -81.4547 0 0
      vertex -95.2464 0.185221 32.0912
      vertex -95.2293 0.245668 32.0844
    endloop
  endfacet
  facet normal -0.867634 0.326345 -0.375113
    outer loop
      vertex -81.4547 0 0
      vertex -95.2076 0.305029 32.0757
      vertex -95.1812 0.363033 32.0651
    endloop
  endfacet
  facet normal -0.706355 0.046306 0.706341
    outer loop
      vertex 42.2362 -0.294404 4.82196
      vertex 42.2555 0 4.82196
      vertex 41.9611 -0.258185 4.54448
    endloop
  endfacet
  facet normal 1.35396e-19 0.707107 0.707107
    outer loop
      vertex 40 -1.97804 4.54448
      vertex -40 -2.25552 4.82196
      vertex 40 -2.25552 4.82196
    endloop
  endfacet
  facet normal 1.35396e-19 0.707107 0.707107
    outer loop
      vertex -40 -2.25552 4.82196
      vertex 40 -1.97804 4.54448
      vertex -40 -1.97804 4.54448
    endloop
  endfacet
  facet normal 0.0254847 -0.128289 0.991409
    outer loop
      vertex -40.0508 0.189524 3.80642
      vertex -40.0256 0.19453 3.80642
      vertex -40.0764 0.580263 3.85764
    endloop
  endfacet
  facet normal 0.0578868 0.117293 0.991409
    outer loop
      vertex -40.0751 -0.181273 3.80642
      vertex -40.0981 -0.169922 3.80642
      vertex -40.224 -0.540719 3.85764
    endloop
  endfacet
  facet normal -0 0.130524 0.991445
    outer loop
      vertex -40 -0.196209 3.80642
      vertex 40 -0.585271 3.85764
      vertex 40 -0.196209 3.80642
    endloop
  endfacet
  facet normal 0 0.130524 0.991445
    outer loop
      vertex 40 -0.585271 3.85764
      vertex -40 -0.196209 3.80642
      vertex -40 -0.585271 3.85764
    endloop
  endfacet
  facet normal -0.130499 0.00854126 0.991412
    outer loop
      vertex 40.5803 -0.0763931 3.85764
      vertex 40.5853 0 3.85764
      vertex 40.1945 -0.02561 3.80642
    endloop
  endfacet
  facet normal 0.376014 0.0747687 0.923593
    outer loop
      vertex -40.9315 -0.249583 3.95921
      vertex -40.9561 -0.125869 3.95921
      vertex -41.2817 -0.343418 4.10938
    endloop
  endfacet
  facet normal 0.330213 -0.3765 0.865568
    outer loop
      vertex -40.8077 1.05267 4.10938
      vertex -41.0146 1.32229 4.30559
      vertex -41.1785 1.17854 4.30559
    endloop
  endfacet
  facet normal 0.00855546 -0.130519 0.991409
    outer loop
      vertex -40.0256 0.19453 3.80642
      vertex -40 0.585271 3.85764
      vertex -40.0764 0.580263 3.85764
    endloop
  endfacet
  facet normal -0.458304 0.401926 0.792725
    outer loop
      vertex 41.3987 -1.39868 4.54448
      vertex 41.5693 -1.20415 4.54448
      vertex 41.3223 -1.01463 4.30559
    endloop
  endfacet
  facet normal -0.255224 -0.751886 0.607888
    outer loop
      vertex 40.7958 2.25064 5
      vertex 40.6191 2.31062 5
      vertex 40.5838 2.17866 4.82196
    endloop
  endfacet
  facet normal 0.393301 -0.58856 0.706336
    outer loop
      vertex -41.2042 1.56928 4.54448
      vertex -41.1278 1.95334 4.82196
      vertex -41.3731 1.78942 4.82196
    endloop
  endfacet
  facet normal 0.330213 0.3765 0.865568
    outer loop
      vertex -41.0146 -1.32229 4.30559
      vertex -40.8077 -1.05267 4.10938
      vertex -41.1785 -1.17854 4.30559
    endloop
  endfacet
  facet normal 0.778555 -0.155224 0.608077
    outer loop
      vertex -42.2362 0.294404 4.82196
      vertex -42.347 0.436123 5
      vertex -42.3717 0.312236 5
    endloop
  endfacet
  facet normal 0.778812 -0.154758 0.607866
    outer loop
      vertex -42.347 0.436123 5
      vertex -42.2362 0.294404 4.82196
      vertex -42.1787 0.583771 4.82196
    endloop
  endfacet
  facet normal -0.0862894 0.0982951 0.991409
    outer loop
      vertex 40.3563 -0.464326 3.85764
      vertex 40.4138 -0.413849 3.85764
      vertex 40.1387 -0.138741 3.80642
    endloop
  endfacet
  facet normal -0.499648 -0.0328886 0.865604
    outer loop
      vertex 41.3269 0 4.10938
      vertex 41.6525 0.217549 4.30559
      vertex 41.3155 0.17319 4.10938
    endloop
  endfacet
  facet normal -0.706325 -0.0462339 0.706376
    outer loop
      vertex 41.978 0 4.54448
      vertex 42.2555 0 4.82196
      vertex 41.9611 0.258185 4.54448
    endloop
  endfacet
  facet normal -0 0.25883 0.965923
    outer loop
      vertex -40 -0.585271 3.85764
      vertex 40 -0.964318 3.95921
      vertex 40 -0.585271 3.85764
    endloop
  endfacet
  facet normal 0 0.25883 0.965923
    outer loop
      vertex 40 -0.964318 3.95921
      vertex -40 -0.585271 3.85764
      vertex -40 -0.964318 3.95921
    endloop
  endfacet
  facet normal -0 0.382675 0.923883
    outer loop
      vertex -40 -0.964318 3.95921
      vertex 40 -1.32687 4.10938
      vertex 40 -0.964318 3.95921
    endloop
  endfacet
  facet normal 0 0.382675 0.923883
    outer loop
      vertex 40 -1.32687 4.10938
      vertex -40 -0.964318 3.95921
      vertex -40 -1.32687 4.10938
    endloop
  endfacet
  facet normal 0.00856021 -0.130519 0.991409
    outer loop
      vertex -40 0.196209 3.80642
      vertex -40 0.585271 3.85764
      vertex -40.0256 0.19453 3.80642
    endloop
  endfacet
  facet normal -0.144028 0.215705 0.965778
    outer loop
      vertex 40.587 -0.765045 3.95921
      vertex 40.3563 -0.464326 3.85764
      vertex 40.2926 -0.506859 3.85764
    endloop
  endfacet
  facet normal 0.23267 0.114536 0.965788
    outer loop
      vertex -40.5069 -0.292635 3.85764
      vertex -40.5407 -0.223973 3.85764
      vertex -40.8909 -0.369028 3.95921
    endloop
  endfacet
  facet normal 0.169496 0.343914 0.923577
    outer loop
      vertex -40.369 -0.890914 3.95921
      vertex -40.4822 -0.835124 3.95921
      vertex -40.6634 -1.1491 4.10938
    endloop
  endfacet
  facet normal 0.0327768 -0.499731 0.86556
    outer loop
      vertex -40.1732 1.31551 4.10938
      vertex -40 1.32687 4.10938
      vertex -40.2175 1.65245 4.30559
    endloop
  endfacet
  facet normal 0.351108 -0.712146 0.607923
    outer loop
      vertex -41.1278 1.95334 4.82196
      vertex -41.0828 2.12751 5
      vertex -41.1961 2.07165 5
    endloop
  endfacet
  facet normal 0.351195 -0.712133 0.607888
    outer loop
      vertex -41.0828 2.12751 5
      vertex -41.1278 1.95334 4.82196
      vertex -40.8632 2.08383 4.82196
    endloop
  endfacet
  facet normal 0.128269 -0.0254783 0.991412
    outer loop
      vertex -40.1945 0.02561 3.80642
      vertex -40.1895 0.0507822 3.80642
      vertex -40.5803 0.0763931 3.85764
    endloop
  endfacet
  facet normal 0.169604 0.343804 0.923598
    outer loop
      vertex -40.5078 -1.22586 4.10938
      vertex -40.369 -0.890914 3.95921
      vertex -40.6634 -1.1491 4.10938
    endloop
  endfacet
  facet normal 0.0420537 0.123852 0.991409
    outer loop
      vertex -40.0508 -0.189524 3.80642
      vertex -40.0751 -0.181273 3.80642
      vertex -40.224 -0.540719 3.85764
    endloop
  endfacet
  facet normal 0.117238 -0.0580613 0.991405
    outer loop
      vertex -40.1813 0.0750856 3.80642
      vertex -40.1699 0.0981045 3.80642
      vertex -40.5407 0.223973 3.85764
    endloop
  endfacet
  facet normal 0.0983214 0.0862633 0.991409
    outer loop
      vertex -40.4138 -0.413849 3.85764
      vertex -40.1387 -0.138741 3.80642
      vertex -40.4643 -0.35629 3.85764
    endloop
  endfacet
  facet normal 0.123963 0.0418254 0.991405
    outer loop
      vertex -40.1813 -0.0750856 3.80642
      vertex -40.1895 -0.0507822 3.80642
      vertex -40.5407 -0.223973 3.85764
    endloop
  endfacet
  facet normal -0.351108 0.712146 0.607923
    outer loop
      vertex 41.1278 -1.95334 4.82196
      vertex 41.0828 -2.12751 5
      vertex 41.1961 -2.07165 5
    endloop
  endfacet
  facet normal -0.351195 0.712133 0.607888
    outer loop
      vertex 41.0828 -2.12751 5
      vertex 41.1278 -1.95334 4.82196
      vertex 40.8632 -2.08383 4.82196
    endloop
  endfacet
  facet normal -0.52354 -0.597031 0.607832
    outer loop
      vertex 41.5965 1.77478 5
      vertex 41.4562 1.89781 5
      vertex 41.3731 1.78942 4.82196
    endloop
  endfacet
  facet normal -0.59788 -0.118979 0.792706
    outer loop
      vertex 41.9611 0.258185 4.54448
      vertex 41.9106 0.511953 4.54448
      vertex 41.6099 0.431376 4.30559
    endloop
  endfacet
  facet normal -0.393301 -0.58856 0.706336
    outer loop
      vertex 41.2042 1.56928 4.54448
      vertex 41.3731 1.78942 4.82196
      vertex 41.1278 1.95334 4.82196
    endloop
  endfacet
  facet normal -0.0463059 -0.706344 0.706352
    outer loop
      vertex 40.2582 1.96111 4.54448
      vertex 40.2944 2.23622 4.82196
      vertex 40 2.25552 4.82196
    endloop
  endfacet
  facet normal 0.0250913 -0.382554 0.923592
    outer loop
      vertex -40 0.964318 3.95921
      vertex -40 1.32687 4.10938
      vertex -40.1732 1.31551 4.10938
    endloop
  endfacet
  facet normal 0.318778 0.212943 0.9236
    outer loop
      vertex -41.0527 -0.807744 4.10938
      vertex -40.8351 -0.482159 3.95921
      vertex -41.1491 -0.663432 4.10938
    endloop
  endfacet
  facet normal 0.232626 0.114739 0.965774
    outer loop
      vertex -40.8351 -0.482159 3.95921
      vertex -40.5069 -0.292635 3.85764
      vertex -40.8909 -0.369028 3.95921
    endloop
  endfacet
  facet normal 0.0255123 -0.128287 0.991409
    outer loop
      vertex -40.0508 0.189524 3.80642
      vertex -40.0764 0.580263 3.85764
      vertex -40.1515 0.565328 3.85764
    endloop
  endfacet
  facet normal 0.706355 0.046306 0.706341
    outer loop
      vertex -42.2362 -0.294404 4.82196
      vertex -41.9611 -0.258185 4.54448
      vertex -42.2555 0 4.82196
    endloop
  endfacet
  facet normal -0.195949 -0.577221 0.79273
    outer loop
      vertex 40.757 1.82747 4.54448
      vertex 40.512 1.91064 4.54448
      vertex 40.4314 1.60992 4.30559
    endloop
  endfacet
  facet normal -0.343812 0.169579 0.9236
    outer loop
      vertex 41.1491 -0.663432 4.10938
      vertex 40.8909 -0.369028 3.95921
      vertex 40.8351 -0.482159 3.95921
    endloop
  endfacet
  facet normal -0.376071 0.0746717 0.923577
    outer loop
      vertex 41.2817 -0.343418 4.10938
      vertex 41.3155 -0.17319 4.10938
      vertex 40.9561 -0.125869 3.95921
    endloop
  endfacet
  facet normal -0.376071 -0.0746717 0.923577
    outer loop
      vertex 41.3155 0.17319 4.10938
      vertex 41.2817 0.343418 4.10938
      vertex 40.9561 0.125869 3.95921
    endloop
  endfacet
  facet normal -0.171116 -0.194924 0.965776
    outer loop
      vertex 40.4138 0.413849 3.85764
      vertex 40.587 0.765045 3.95921
      vertex 40.3563 0.464326 3.85764
    endloop
  endfacet
  facet normal -0.694157 -0.138138 0.706445
    outer loop
      vertex 41.9611 0.258185 4.54448
      vertex 42.1787 0.583771 4.82196
      vertex 41.9106 0.511953 4.54448
    endloop
  endfacet
  facet normal -0.608362 -0.0398215 0.79266
    outer loop
      vertex 41.978 0 4.54448
      vertex 41.9611 0.258185 4.54448
      vertex 41.6525 0.217549 4.30559
    endloop
  endfacet
  facet normal -0.313128 0.634793 0.706391
    outer loop
      vertex 41.1278 -1.95334 4.82196
      vertex 40.989 -1.71303 4.54448
      vertex 40.757 -1.82747 4.54448
    endloop
  endfacet
  facet normal 0.123863 0.0420313 0.991409
    outer loop
      vertex -40.5407 -0.223973 3.85764
      vertex -40.1895 -0.0507822 3.80642
      vertex -40.5653 -0.151479 3.85764
    endloop
  endfacet
  facet normal 0.0327644 0.499738 0.865557
    outer loop
      vertex -40 -1.66671 4.30559
      vertex -40 -1.32687 4.10938
      vertex -40.2175 -1.65245 4.30559
    endloop
  endfacet
  facet normal 0.123197 0.363033 0.923596
    outer loop
      vertex -40.3434 -1.28165 4.10938
      vertex -40.369 -0.890914 3.95921
      vertex -40.5078 -1.22586 4.10938
    endloop
  endfacet
  facet normal 0.577297 -0.195803 0.79271
    outer loop
      vertex -41.6099 0.431376 4.30559
      vertex -41.8275 0.756962 4.54448
      vertex -41.9106 0.511953 4.54448
    endloop
  endfacet
  facet normal -0.0254847 -0.128289 0.991409
    outer loop
      vertex 40.0508 0.189524 3.80642
      vertex 40.0764 0.580263 3.85764
      vertex 40.0256 0.19453 3.80642
    endloop
  endfacet
  facet normal 0.128259 0.0256225 0.99141
    outer loop
      vertex -40.5653 -0.151479 3.85764
      vertex -40.1895 -0.0507822 3.80642
      vertex -40.5803 -0.0763931 3.85764
    endloop
  endfacet
  facet normal -0.117238 0.0580613 0.991405
    outer loop
      vertex 40.5407 -0.223973 3.85764
      vertex 40.1813 -0.0750856 3.80642
      vertex 40.1699 -0.0981045 3.80642
    endloop
  endfacet
  facet normal 0.0169637 -0.258791 0.965784
    outer loop
      vertex -40.0764 0.580263 3.85764
      vertex -40 0.585271 3.85764
      vertex -40.1259 0.956068 3.95921
    endloop
  endfacet
  facet normal 0.0398804 0.608274 0.792725
    outer loop
      vertex -40 -1.97804 4.54448
      vertex -40 -1.66671 4.30559
      vertex -40.2175 -1.65245 4.30559
    endloop
  endfacet
  facet normal -0.376014 0.0747687 0.923593
    outer loop
      vertex 41.2817 -0.343418 4.10938
      vertex 40.9561 -0.125869 3.95921
      vertex 40.9315 -0.249583 3.95921
    endloop
  endfacet
  facet normal -0.232626 0.114739 0.965774
    outer loop
      vertex 40.8351 -0.482159 3.95921
      vertex 40.8909 -0.369028 3.95921
      vertex 40.5069 -0.292635 3.85764
    endloop
  endfacet
  facet normal 0.401916 0.458254 0.792759
    outer loop
      vertex -41.0146 -1.32229 4.30559
      vertex -41.1785 -1.17854 4.30559
      vertex -41.3987 -1.39868 4.54448
    endloop
  endfacet
  facet normal 0.123277 -0.363034 0.923585
    outer loop
      vertex -40.2496 0.931459 3.95921
      vertex -40.3434 1.28165 4.10938
      vertex -40.369 0.890914 3.95921
    endloop
  endfacet
  facet normal 0.170919 -0.195025 0.965791
    outer loop
      vertex -40.4138 0.413849 3.85764
      vertex -40.587 0.765045 3.95921
      vertex -40.6819 0.681875 3.95921
    endloop
  endfacet
  facet normal 0.0976614 -0.491177 0.865567
    outer loop
      vertex -40.3434 1.28165 4.10938
      vertex -40.2175 1.65245 4.30559
      vertex -40.4314 1.60992 4.30559
    endloop
  endfacet
  facet normal 0.608315 0.0397063 0.792702
    outer loop
      vertex -41.6525 -0.217549 4.30559
      vertex -41.6667 0 4.30559
      vertex -41.978 0 4.54448
    endloop
  endfacet
  facet normal -0.38251 -0.0251782 0.923608
    outer loop
      vertex 41.3269 0 4.10938
      vertex 41.3155 0.17319 4.10938
      vertex 40.9643 0 3.95921
    endloop
  endfacet
  facet normal -0.0169637 0.258791 0.965784
    outer loop
      vertex 40.1259 -0.956068 3.95921
      vertex 40.0764 -0.580263 3.85764
      vertex 40 -0.585271 3.85764
    endloop
  endfacet
  facet normal -0.258823 -0.0168616 0.965778
    outer loop
      vertex 40.9643 0 3.95921
      vertex 40.9561 0.125869 3.95921
      vertex 40.5853 0 3.85764
    endloop
  endfacet
  facet normal -0.491141 -0.0975195 0.865604
    outer loop
      vertex 41.3155 0.17319 4.10938
      vertex 41.6525 0.217549 4.30559
      vertex 41.2817 0.343418 4.10938
    endloop
  endfacet
  facet normal 0 -0.608758 0.793356
    outer loop
      vertex -40 1.97804 4.54448
      vertex 40 1.66671 4.30559
      vertex 40 1.97804 4.54448
    endloop
  endfacet
  facet normal 0 -0.608758 0.793356
    outer loop
      vertex 40 1.66671 4.30559
      vertex -40 1.97804 4.54448
      vertex -40 1.66671 4.30559
    endloop
  endfacet
  facet normal -0.258823 0.0168616 0.965778
    outer loop
      vertex 40.9561 -0.125869 3.95921
      vertex 40.9643 0 3.95921
      vertex 40.5853 0 3.85764
    endloop
  endfacet
  facet normal -0.706355 -0.046306 0.706341
    outer loop
      vertex 42.2555 0 4.82196
      vertex 42.2362 0.294404 4.82196
      vertex 41.9611 0.258185 4.54448
    endloop
  endfacet
  facet normal -0.670264 -0.227334 0.706445
    outer loop
      vertex 41.9106 0.511953 4.54448
      vertex 42.1787 0.583771 4.82196
      vertex 41.8275 0.756962 4.54448
    endloop
  endfacet
  facet normal -0.577297 -0.195803 0.79271
    outer loop
      vertex 41.9106 0.511953 4.54448
      vertex 41.8275 0.756962 4.54448
      vertex 41.6099 0.431376 4.30559
    endloop
  endfacet
  facet normal 0.546672 0.269737 0.792712
    outer loop
      vertex -41.713 -0.989018 4.54448
      vertex -41.4434 -0.833355 4.30559
      vertex -41.8275 -0.756962 4.54448
    endloop
  endfacet
  facet normal -0.441164 0.660186 0.607889
    outer loop
      vertex 41.1278 -1.95334 4.82196
      vertex 41.3011 -2.00147 5
      vertex 41.3731 -1.78942 4.82196
    endloop
  endfacet
  facet normal -0.441214 0.660124 0.60792
    outer loop
      vertex 41.3011 -2.00147 5
      vertex 41.1278 -1.95334 4.82196
      vertex 41.1961 -2.07165 5
    endloop
  endfacet
  facet normal -0.66039 0.440805 0.607928
    outer loop
      vertex 41.9533 -1.12776 4.82196
      vertex 42.0015 -1.30109 5
      vertex 42.0716 -1.19607 5
    endloop
  endfacet
  facet normal -0.660101 0.441036 0.608075
    outer loop
      vertex 42.0015 -1.30109 5
      vertex 41.9533 -1.12776 4.82196
      vertex 41.7894 -1.37307 4.82196
    endloop
  endfacet
  facet normal -0.221433 0.449157 0.865578
    outer loop
      vertex 40.8334 -1.44341 4.30559
      vertex 40.6634 -1.1491 4.10938
      vertex 40.6378 -1.53984 4.30559
    endloop
  endfacet
  facet normal 0.313083 0.634852 0.706358
    outer loop
      vertex -40.8632 -2.08383 4.82196
      vertex -40.757 -1.82747 4.54448
      vertex -41.1278 -1.95334 4.82196
    endloop
  endfacet
  facet normal -0 0.608758 0.793356
    outer loop
      vertex -40 -1.66671 4.30559
      vertex 40 -1.97804 4.54448
      vertex 40 -1.66671 4.30559
    endloop
  endfacet
  facet normal 0 0.608758 0.793356
    outer loop
      vertex 40 -1.97804 4.54448
      vertex -40 -1.66671 4.30559
      vertex -40 -1.97804 4.54448
    endloop
  endfacet
  facet normal 0.227504 0.670302 0.706355
    outer loop
      vertex -40.5838 -2.17866 4.82196
      vertex -40.757 -1.82747 4.54448
      vertex -40.8632 -2.08383 4.82196
    endloop
  endfacet
  facet normal -0.195949 0.577221 0.79273
    outer loop
      vertex 40.512 -1.91064 4.54448
      vertex 40.757 -1.82747 4.54448
      vertex 40.4314 -1.60992 4.30559
    endloop
  endfacet
  facet normal -0.0169582 0.258793 0.965784
    outer loop
      vertex 40.1259 -0.956068 3.95921
      vertex 40 -0.585271 3.85764
      vertex 40 -0.964318 3.95921
    endloop
  endfacet
  facet normal 0.21565 0.144137 0.965774
    outer loop
      vertex -40.765 -0.587039 3.95921
      vertex -40.5069 -0.292635 3.85764
      vertex -40.8351 -0.482159 3.95921
    endloop
  endfacet
  facet normal 0.074806 0.376018 0.923588
    outer loop
      vertex -40.1732 -1.31551 4.10938
      vertex -40.1259 -0.956068 3.95921
      vertex -40.3434 -1.28165 4.10938
    endloop
  endfacet
  facet normal -0.0505847 -0.254363 0.965785
    outer loop
      vertex 40.1515 0.565328 3.85764
      vertex 40.1259 0.956068 3.95921
      vertex 40.0764 0.580263 3.85764
    endloop
  endfacet
  facet normal -0.123863 -0.0420313 0.991409
    outer loop
      vertex 40.5653 0.151479 3.85764
      vertex 40.5407 0.223973 3.85764
      vertex 40.1895 0.0507822 3.80642
    endloop
  endfacet
  facet normal 0.144028 0.215705 0.965778
    outer loop
      vertex -40.2926 -0.506859 3.85764
      vertex -40.3563 -0.464326 3.85764
      vertex -40.587 -0.765045 3.95921
    endloop
  endfacet
  facet normal 0.0726344 0.108782 0.991408
    outer loop
      vertex -40.2926 -0.506859 3.85764
      vertex -40.0981 -0.169922 3.80642
      vertex -40.3563 -0.464326 3.85764
    endloop
  endfacet
  facet normal 0.072753 0.108678 0.991411
    outer loop
      vertex -40.0981 -0.169922 3.80642
      vertex -40.1194 -0.155663 3.80642
      vertex -40.3563 -0.464326 3.85764
    endloop
  endfacet
  facet normal 0.00855546 0.130519 0.991409
    outer loop
      vertex -40 -0.585271 3.85764
      vertex -40.0256 -0.19453 3.80642
      vertex -40.0764 -0.580263 3.85764
    endloop
  endfacet
  facet normal 0.0981719 0.0864861 0.991404
    outer loop
      vertex -40.1387 -0.138741 3.80642
      vertex -40.1557 -0.119444 3.80642
      vertex -40.4643 -0.35629 3.85764
    endloop
  endfacet
  facet normal 0.128269 0.0254783 0.991412
    outer loop
      vertex -40.1895 -0.0507822 3.80642
      vertex -40.1945 -0.02561 3.80642
      vertex -40.5803 -0.0763931 3.85764
    endloop
  endfacet
  facet normal 0.449189 -0.221619 0.865514
    outer loop
      vertex -41.2259 0.50777 4.10938
      vertex -41.1491 0.663432 4.10938
      vertex -41.5398 0.637822 4.30559
    endloop
  endfacet
  facet normal 0.195037 -0.170901 0.965792
    outer loop
      vertex -40.4138 0.413849 3.85764
      vertex -40.6819 0.681875 3.95921
      vertex -40.765 0.587039 3.95921
    endloop
  endfacet
  facet normal 0.416444 0.278203 0.86555
    outer loop
      vertex -41.3223 -1.01463 4.30559
      vertex -41.0527 -0.807744 4.10938
      vertex -41.4434 -0.833355 4.30559
    endloop
  endfacet
  facet normal 0.227549 0.670308 0.706335
    outer loop
      vertex -40.5838 -2.17866 4.82196
      vertex -40.512 -1.91064 4.54448
      vertex -40.757 -1.82747 4.54448
    endloop
  endfacet
  facet normal 0.221433 0.449157 0.865578
    outer loop
      vertex -40.6378 -1.53984 4.30559
      vertex -40.6634 -1.1491 4.10938
      vertex -40.8334 -1.44341 4.30559
    endloop
  endfacet
  facet normal 0.123277 0.363034 0.923585
    outer loop
      vertex -40.3434 -1.28165 4.10938
      vertex -40.2496 -0.931459 3.95921
      vertex -40.369 -0.890914 3.95921
    endloop
  endfacet
  facet normal 0.255246 -0.751907 0.607853
    outer loop
      vertex -40.8632 2.08383 4.82196
      vertex -40.7958 2.25064 5
      vertex -40.9154 2.21004 5
    endloop
  endfacet
  facet normal 0.255202 -0.751908 0.60787
    outer loop
      vertex -40.7958 2.25064 5
      vertex -40.8632 2.08383 4.82196
      vertex -40.5838 2.17866 4.82196
    endloop
  endfacet
  facet normal -0.0506034 0.254364 0.965784
    outer loop
      vertex 40.2496 -0.931459 3.95921
      vertex 40.1515 -0.565328 3.85764
      vertex 40.1259 -0.956068 3.95921
    endloop
  endfacet
  facet normal 0.195037 0.170901 0.965792
    outer loop
      vertex -40.6819 -0.681875 3.95921
      vertex -40.4138 -0.413849 3.85764
      vertex -40.765 -0.587039 3.95921
    endloop
  endfacet
  facet normal 0.245591 0.0833385 0.965784
    outer loop
      vertex -40.5407 -0.223973 3.85764
      vertex -40.5653 -0.151479 3.85764
      vertex -40.8909 -0.369028 3.95921
    endloop
  endfacet
  facet normal 0 -0.500006 0.866022
    outer loop
      vertex -40 1.66671 4.30559
      vertex 40 1.32687 4.10938
      vertex 40 1.66671 4.30559
    endloop
  endfacet
  facet normal 0 -0.500006 0.866022
    outer loop
      vertex 40 1.32687 4.10938
      vertex -40 1.66671 4.30559
      vertex -40 1.32687 4.10938
    endloop
  endfacet
  facet normal 0 -0.25883 0.965923
    outer loop
      vertex -40 0.964318 3.95921
      vertex 40 0.585271 3.85764
      vertex 40 0.964318 3.95921
    endloop
  endfacet
  facet normal 0 -0.25883 0.965923
    outer loop
      vertex 40 0.585271 3.85764
      vertex -40 0.964318 3.95921
      vertex -40 0.585271 3.85764
    endloop
  endfacet
  facet normal -0.660079 -0.441187 0.607988
    outer loop
      vertex 42.0015 1.30109 5
      vertex 41.8978 1.45624 5
      vertex 41.7894 1.37307 4.82196
    endloop
  endfacet
  facet normal 0.0981719 -0.0864861 0.991404
    outer loop
      vertex -40.1557 0.119444 3.80642
      vertex -40.1387 0.138741 3.80642
      vertex -40.4643 0.35629 3.85764
    endloop
  endfacet
  facet normal 0.130506 0.00866305 0.99141
    outer loop
      vertex -40.1945 -0.02561 3.80642
      vertex -40.1962 0 3.80642
      vertex -40.5853 0 3.85764
    endloop
  endfacet
  facet normal -0.376014 -0.0747687 0.923593
    outer loop
      vertex 40.9561 0.125869 3.95921
      vertex 41.2817 0.343418 4.10938
      vertex 40.9315 0.249583 3.95921
    endloop
  endfacet
  facet normal -0.0255123 -0.128287 0.991409
    outer loop
      vertex 40.1515 0.565328 3.85764
      vertex 40.0764 0.580263 3.85764
      vertex 40.0508 0.189524 3.80642
    endloop
  endfacet
  facet normal -0.213106 0.31869 0.923592
    outer loop
      vertex 40.8077 -1.05267 4.10938
      vertex 40.587 -0.765045 3.95921
      vertex 40.4822 -0.835124 3.95921
    endloop
  endfacet
  facet normal -0.546672 -0.269737 0.792712
    outer loop
      vertex 41.8275 0.756962 4.54448
      vertex 41.713 0.989018 4.54448
      vertex 41.4434 0.833355 4.30559
    endloop
  endfacet
  facet normal -0.416447 0.278185 0.865555
    outer loop
      vertex 41.4434 -0.833355 4.30559
      vertex 41.1491 -0.663432 4.10938
      vertex 41.0527 -0.807744 4.10938
    endloop
  endfacet
  facet normal -0.00856021 0.130519 0.991409
    outer loop
      vertex 40.0256 -0.19453 3.80642
      vertex 40 -0.196209 3.80642
      vertex 40 -0.585271 3.85764
    endloop
  endfacet
  facet normal -0.474293 0.16103 0.865515
    outer loop
      vertex 41.5398 -0.637822 4.30559
      vertex 41.2817 -0.343418 4.10938
      vertex 41.2259 -0.50777 4.10938
    endloop
  endfacet
  facet normal -0.449197 0.221459 0.865551
    outer loop
      vertex 41.4434 -0.833355 4.30559
      vertex 41.5398 -0.637822 4.30559
      vertex 41.1491 -0.663432 4.10938
    endloop
  endfacet
  facet normal -0.532243 0.46669 0.706341
    outer loop
      vertex 41.5949 -1.59489 4.82196
      vertex 41.7894 -1.37307 4.82196
      vertex 41.3987 -1.39868 4.54448
    endloop
  endfacet
  facet normal -0.523433 -0.597024 0.607931
    outer loop
      vertex 41.5965 1.77478 5
      vertex 41.5949 1.59489 4.82196
      vertex 41.6915 1.69149 5
    endloop
  endfacet
  facet normal -0.523569 -0.596965 0.607873
    outer loop
      vertex 41.5949 1.59489 4.82196
      vertex 41.5965 1.77478 5
      vertex 41.3731 1.78942 4.82196
    endloop
  endfacet
  facet normal -0.252769 -0.288254 0.923589
    outer loop
      vertex 40.9382 0.938235 4.10938
      vertex 40.8077 1.05267 4.10938
      vertex 40.587 0.765045 3.95921
    endloop
  endfacet
  facet normal -0.0726344 -0.108782 0.991408
    outer loop
      vertex 40.3563 0.464326 3.85764
      vertex 40.2926 0.506859 3.85764
      vertex 40.0981 0.169922 3.80642
    endloop
  endfacet
  facet normal -0.546672 0.269737 0.792712
    outer loop
      vertex 41.713 -0.989018 4.54448
      vertex 41.8275 -0.756962 4.54448
      vertex 41.4434 -0.833355 4.30559
    endloop
  endfacet
  facet normal -0.252713 -0.288355 0.923573
    outer loop
      vertex 40.6819 0.681875 3.95921
      vertex 40.9382 0.938235 4.10938
      vertex 40.587 0.765045 3.95921
    endloop
  endfacet
  facet normal -0.474279 -0.161044 0.865519
    outer loop
      vertex 41.6099 0.431376 4.30559
      vertex 41.5398 0.637822 4.30559
      vertex 41.2817 0.343418 4.10938
    endloop
  endfacet
  facet normal -0.778555 0.155224 0.608077
    outer loop
      vertex 42.2362 -0.294404 4.82196
      vertex 42.347 -0.436123 5
      vertex 42.3717 -0.312236 5
    endloop
  endfacet
  facet normal -0.778812 0.154758 0.607866
    outer loop
      vertex 42.347 -0.436123 5
      vertex 42.2362 -0.294404 4.82196
      vertex 42.1787 -0.583771 4.82196
    endloop
  endfacet
  facet normal -0.792202 -0.051538 0.608079
    outer loop
      vertex 42.2362 0.294404 4.82196
      vertex 42.3799 0.186192 5
      vertex 42.3717 0.312236 5
    endloop
  endfacet
  facet normal -0.792302 -0.0519403 0.607915
    outer loop
      vertex 42.3799 0.186192 5
      vertex 42.2362 0.294404 4.82196
      vertex 42.2555 0 4.82196
    endloop
  endfacet
  facet normal -0.634795 0.313218 0.706349
    outer loop
      vertex 41.9533 -1.12776 4.82196
      vertex 41.8275 -0.756962 4.54448
      vertex 41.713 -0.989018 4.54448
    endloop
  endfacet
  facet normal -0.660079 0.441187 0.607988
    outer loop
      vertex 41.8978 -1.45624 5
      vertex 42.0015 -1.30109 5
      vertex 41.7894 -1.37307 4.82196
    endloop
  endfacet
  facet normal -0.441225 0.660177 0.607854
    outer loop
      vertex 41.4562 -1.89781 5
      vertex 41.3731 -1.78942 4.82196
      vertex 41.3011 -2.00147 5
    endloop
  endfacet
  facet normal -0.278232 0.416353 0.865585
    outer loop
      vertex 40.8334 -1.44341 4.30559
      vertex 40.8077 -1.05267 4.10938
      vertex 40.6634 -1.1491 4.10938
    endloop
  endfacet
  facet normal 0.0519395 0.792279 0.607945
    outer loop
      vertex -40.2944 -2.23622 4.82196
      vertex -40.1862 -2.37993 5
      vertex -40 -2.25552 4.82196
    endloop
  endfacet
  facet normal 0.0519382 0.792278 0.607945
    outer loop
      vertex -40.1862 -2.37993 5
      vertex -40.2944 -2.23622 4.82196
      vertex -40.3122 -2.37167 5
    endloop
  endfacet
  facet normal 0.0463148 0.706348 0.706348
    outer loop
      vertex -40 -2.25552 4.82196
      vertex -40 -1.97804 4.54448
      vertex -40.2582 -1.96111 4.54448
    endloop
  endfacet
  facet normal -0.0398842 0.608276 0.792723
    outer loop
      vertex 40.2582 -1.96111 4.54448
      vertex 40.2175 -1.65245 4.30559
      vertex 40 -1.97804 4.54448
    endloop
  endfacet
  facet normal -0.269529 0.546717 0.792751
    outer loop
      vertex 40.757 -1.82747 4.54448
      vertex 40.8334 -1.44341 4.30559
      vertex 40.6378 -1.53984 4.30559
    endloop
  endfacet
  facet normal -0.0833918 0.245578 0.965783
    outer loop
      vertex 40.2496 -0.931459 3.95921
      vertex 40.369 -0.890914 3.95921
      vertex 40.1515 -0.565328 3.85764
    endloop
  endfacet
  facet normal -0.0398804 0.608274 0.792725
    outer loop
      vertex 40.2175 -1.65245 4.30559
      vertex 40 -1.66671 4.30559
      vertex 40 -1.97804 4.54448
    endloop
  endfacet
  facet normal -0.255224 0.751886 0.607888
    outer loop
      vertex 40.6191 -2.31062 5
      vertex 40.7958 -2.25064 5
      vertex 40.5838 -2.17866 4.82196
    endloop
  endfacet
  facet normal -0.0519382 0.792278 0.607945
    outer loop
      vertex 40.2944 -2.23622 4.82196
      vertex 40.1862 -2.37993 5
      vertex 40.3122 -2.37167 5
    endloop
  endfacet
  facet normal -0.0519395 0.792279 0.607945
    outer loop
      vertex 40.1862 -2.37993 5
      vertex 40.2944 -2.23622 4.82196
      vertex 40 -2.25552 4.82196
    endloop
  endfacet
  facet normal 0.195949 0.577221 0.79273
    outer loop
      vertex -40.512 -1.91064 4.54448
      vertex -40.4314 -1.60992 4.30559
      vertex -40.757 -1.82747 4.54448
    endloop
  endfacet
  facet normal -0.117238 -0.0580613 0.991405
    outer loop
      vertex 40.1813 0.0750856 3.80642
      vertex 40.5407 0.223973 3.85764
      vertex 40.1699 0.0981045 3.80642
    endloop
  endfacet
  facet normal 0.706325 0.0462339 0.706376
    outer loop
      vertex -41.9611 -0.258185 4.54448
      vertex -41.978 0 4.54448
      vertex -42.2555 0 4.82196
    endloop
  endfacet
  facet normal 0.232626 -0.114739 0.965774
    outer loop
      vertex -40.5069 0.292635 3.85764
      vertex -40.8351 0.482159 3.95921
      vertex -40.8909 0.369028 3.95921
    endloop
  endfacet
  facet normal 0.213033 0.318788 0.923575
    outer loop
      vertex -40.6634 -1.1491 4.10938
      vertex -40.4822 -0.835124 3.95921
      vertex -40.8077 -1.05267 4.10938
    endloop
  endfacet
  facet normal 0.161007 0.474198 0.865571
    outer loop
      vertex -40.4314 -1.60992 4.30559
      vertex -40.3434 -1.28165 4.10938
      vertex -40.6378 -1.53984 4.30559
    endloop
  endfacet
  facet normal 0.499648 -0.0328886 0.865604
    outer loop
      vertex -41.3269 0 4.10938
      vertex -41.3155 0.17319 4.10938
      vertex -41.6525 0.217549 4.30559
    endloop
  endfacet
  facet normal 0.608362 -0.0398215 0.79266
    outer loop
      vertex -41.6525 0.217549 4.30559
      vertex -41.9611 0.258185 4.54448
      vertex -41.978 0 4.54448
    endloop
  endfacet
  facet normal 0.108693 0.0727411 0.99141
    outer loop
      vertex -40.4643 -0.35629 3.85764
      vertex -40.1699 -0.0981045 3.80642
      vertex -40.5069 -0.292635 3.85764
    endloop
  endfacet
  facet normal -0.254327 -0.0505718 0.965795
    outer loop
      vertex 40.9561 0.125869 3.95921
      vertex 40.9315 0.249583 3.95921
      vertex 40.5653 0.151479 3.85764
    endloop
  endfacet
  facet normal 0.215534 0.144242 0.965784
    outer loop
      vertex -40.4643 -0.35629 3.85764
      vertex -40.5069 -0.292635 3.85764
      vertex -40.765 -0.587039 3.95921
    endloop
  endfacet
  facet normal 0.123863 -0.0420313 0.991409
    outer loop
      vertex -40.1895 0.0507822 3.80642
      vertex -40.5407 0.223973 3.85764
      vertex -40.5653 0.151479 3.85764
    endloop
  endfacet
  facet normal 0.130499 0.00854126 0.991412
    outer loop
      vertex -40.5803 -0.0763931 3.85764
      vertex -40.1945 -0.02561 3.80642
      vertex -40.5853 0 3.85764
    endloop
  endfacet
  facet normal -0.0862894 -0.0982951 0.991409
    outer loop
      vertex 40.4138 0.413849 3.85764
      vertex 40.3563 0.464326 3.85764
      vertex 40.1387 0.138741 3.80642
    endloop
  endfacet
  facet normal 0.0254847 0.128289 0.991409
    outer loop
      vertex -40.0256 -0.19453 3.80642
      vertex -40.0508 -0.189524 3.80642
      vertex -40.0764 -0.580263 3.85764
    endloop
  endfacet
  facet normal -0.11734 0.0577624 0.991411
    outer loop
      vertex 40.5069 -0.292635 3.85764
      vertex 40.5407 -0.223973 3.85764
      vertex 40.1699 -0.0981045 3.80642
    endloop
  endfacet
  facet normal 0.0505847 -0.254363 0.965785
    outer loop
      vertex -40.0764 0.580263 3.85764
      vertex -40.1259 0.956068 3.95921
      vertex -40.1515 0.565328 3.85764
    endloop
  endfacet
  facet normal 0.213106 -0.31869 0.923592
    outer loop
      vertex -40.587 0.765045 3.95921
      vertex -40.4822 0.835124 3.95921
      vertex -40.8077 1.05267 4.10938
    endloop
  endfacet
  facet normal 0.108693 -0.0727411 0.99141
    outer loop
      vertex -40.1699 0.0981045 3.80642
      vertex -40.4643 0.35629 3.85764
      vertex -40.5069 0.292635 3.85764
    endloop
  endfacet
  facet normal 0.00856021 0.130519 0.991409
    outer loop
      vertex -40 -0.585271 3.85764
      vertex -40 -0.196209 3.80642
      vertex -40.0256 -0.19453 3.80642
    endloop
  endfacet
  facet normal -0.086223 0.0983397 0.991411
    outer loop
      vertex 40.3563 -0.464326 3.85764
      vertex 40.1387 -0.138741 3.80642
      vertex 40.1194 -0.155663 3.80642
    endloop
  endfacet
  facet normal -0.0420417 0.123858 0.991409
    outer loop
      vertex 40.1515 -0.565328 3.85764
      vertex 40.224 -0.540719 3.85764
      vertex 40.0508 -0.189524 3.80642
    endloop
  endfacet
  facet normal 0.313128 0.634793 0.706391
    outer loop
      vertex -40.757 -1.82747 4.54448
      vertex -40.989 -1.71303 4.54448
      vertex -41.1278 -1.95334 4.82196
    endloop
  endfacet
  facet normal 0.278296 0.416341 0.86557
    outer loop
      vertex -40.8334 -1.44341 4.30559
      vertex -40.8077 -1.05267 4.10938
      vertex -41.0146 -1.32229 4.30559
    endloop
  endfacet
  facet normal 0.118875 -0.597867 0.792732
    outer loop
      vertex -40.2175 1.65245 4.30559
      vertex -40.2582 1.96111 4.54448
      vertex -40.4314 1.60992 4.30559
    endloop
  endfacet
  facet normal 0.154899 -0.778751 0.607908
    outer loop
      vertex -40.5838 2.17866 4.82196
      vertex -40.4361 2.34702 5
      vertex -40.6191 2.31062 5
    endloop
  endfacet
  facet normal 6.84327e-20 -0.793364 0.608748
    outer loop
      vertex -40 2.25552 4.82196
      vertex 40 2.39213 5
      vertex -40 2.39213 5
    endloop
  endfacet
  facet normal 6.84327e-20 -0.793364 0.608748
    outer loop
      vertex 40 2.39213 5
      vertex -40 2.25552 4.82196
      vertex 40 2.25552 4.82196
    endloop
  endfacet
  facet normal -0.195037 0.170901 0.965792
    outer loop
      vertex 40.6819 -0.681875 3.95921
      vertex 40.765 -0.587039 3.95921
      vertex 40.4138 -0.413849 3.85764
    endloop
  endfacet
  facet normal -0.144151 0.215571 0.96579
    outer loop
      vertex 40.4822 -0.835124 3.95921
      vertex 40.587 -0.765045 3.95921
      vertex 40.2926 -0.506859 3.85764
    endloop
  endfacet
  facet normal 0.278296 -0.416341 0.86557
    outer loop
      vertex -40.8077 1.05267 4.10938
      vertex -40.8334 1.44341 4.30559
      vertex -41.0146 1.32229 4.30559
    endloop
  endfacet
  facet normal 0.416447 -0.278185 0.865555
    outer loop
      vertex -41.1491 0.663432 4.10938
      vertex -41.0527 0.807744 4.10938
      vertex -41.4434 0.833355 4.30559
    endloop
  endfacet
  facet normal 0.252713 -0.288355 0.923573
    outer loop
      vertex -40.6819 0.681875 3.95921
      vertex -40.587 0.765045 3.95921
      vertex -40.9382 0.938235 4.10938
    endloop
  endfacet
  facet normal 0.130506 -0.00866305 0.99141
    outer loop
      vertex -40.1962 0 3.80642
      vertex -40.1945 0.02561 3.80642
      vertex -40.5853 0 3.85764
    endloop
  endfacet
  facet normal -0.138063 -0.694282 0.706337
    outer loop
      vertex 40.512 1.91064 4.54448
      vertex 40.5838 2.17866 4.82196
      vertex 40.2582 1.96111 4.54448
    endloop
  endfacet
  facet normal -0.0976614 -0.491177 0.865567
    outer loop
      vertex 40.3434 1.28165 4.10938
      vertex 40.4314 1.60992 4.30559
      vertex 40.2175 1.65245 4.30559
    endloop
  endfacet
  facet normal 0.074806 -0.376018 0.923588
    outer loop
      vertex -40.1259 0.956068 3.95921
      vertex -40.1732 1.31551 4.10938
      vertex -40.3434 1.28165 4.10938
    endloop
  endfacet
  facet normal 0.0977185 -0.49119 0.865554
    outer loop
      vertex -40.1732 1.31551 4.10938
      vertex -40.2175 1.65245 4.30559
      vertex -40.3434 1.28165 4.10938
    endloop
  endfacet
  facet normal 0.086223 -0.0983397 0.991411
    outer loop
      vertex -40.1387 0.138741 3.80642
      vertex -40.1194 0.155663 3.80642
      vertex -40.3563 0.464326 3.85764
    endloop
  endfacet
  facet normal 0.343812 -0.169579 0.9236
    outer loop
      vertex -40.8909 0.369028 3.95921
      vertex -40.8351 0.482159 3.95921
      vertex -41.1491 0.663432 4.10938
    endloop
  endfacet
  facet normal 0.0463148 -0.706348 0.706348
    outer loop
      vertex -40 1.97804 4.54448
      vertex -40 2.25552 4.82196
      vertex -40.2582 1.96111 4.54448
    endloop
  endfacet
  facet normal 0.401916 -0.458254 0.792759
    outer loop
      vertex -41.1785 1.17854 4.30559
      vertex -41.0146 1.32229 4.30559
      vertex -41.3987 1.39868 4.54448
    endloop
  endfacet
  facet normal 0.0169582 -0.258793 0.965784
    outer loop
      vertex -40 0.585271 3.85764
      vertex -40 0.964318 3.95921
      vertex -40.1259 0.956068 3.95921
    endloop
  endfacet
  facet normal 0.0250687 -0.382564 0.923589
    outer loop
      vertex -40.1259 0.956068 3.95921
      vertex -40 0.964318 3.95921
      vertex -40.1732 1.31551 4.10938
    endloop
  endfacet
  facet normal 0.072753 -0.108678 0.991411
    outer loop
      vertex -40.1194 0.155663 3.80642
      vertex -40.0981 0.169922 3.80642
      vertex -40.3563 0.464326 3.85764
    endloop
  endfacet
  facet normal 0.278232 -0.416353 0.865585
    outer loop
      vertex -40.8077 1.05267 4.10938
      vertex -40.6634 1.1491 4.10938
      vertex -40.8334 1.44341 4.30559
    endloop
  endfacet
  facet normal -0.670313 -0.227693 0.706283
    outer loop
      vertex 42.1787 0.583771 4.82196
      vertex 42.0838 0.86315 4.82196
      vertex 41.8275 0.756962 4.54448
    endloop
  endfacet
  facet normal 0.23267 -0.114536 0.965788
    outer loop
      vertex -40.5407 0.223973 3.85764
      vertex -40.5069 0.292635 3.85764
      vertex -40.8909 0.369028 3.95921
    endloop
  endfacet
  facet normal -0.0250913 -0.382554 0.923592
    outer loop
      vertex 40.1732 1.31551 4.10938
      vertex 40 1.32687 4.10938
      vertex 40 0.964318 3.95921
    endloop
  endfacet
  facet normal -0.546674 0.269517 0.792785
    outer loop
      vertex 41.8275 -0.756962 4.54448
      vertex 41.5398 -0.637822 4.30559
      vertex 41.4434 -0.833355 4.30559
    endloop
  endfacet
  facet normal -0.288139 0.252829 0.923609
    outer loop
      vertex 40.9382 -0.938235 4.10938
      vertex 41.0527 -0.807744 4.10938
      vertex 40.765 -0.587039 3.95921
    endloop
  endfacet
  facet normal -0.449189 0.221619 0.865514
    outer loop
      vertex 41.5398 -0.637822 4.30559
      vertex 41.2259 -0.50777 4.10938
      vertex 41.1491 -0.663432 4.10938
    endloop
  endfacet
  facet normal -0.0578933 0.117291 0.991409
    outer loop
      vertex 40.224 -0.540719 3.85764
      vertex 40.2926 -0.506859 3.85764
      vertex 40.0981 -0.169922 3.80642
    endloop
  endfacet
  facet normal -0.597917 -0.119121 0.792657
    outer loop
      vertex 41.6525 0.217549 4.30559
      vertex 41.9611 0.258185 4.54448
      vertex 41.6099 0.431376 4.30559
    endloop
  endfacet
  facet normal -0.706325 0.0462339 0.706376
    outer loop
      vertex 42.2555 0 4.82196
      vertex 41.978 0 4.54448
      vertex 41.9611 -0.258185 4.54448
    endloop
  endfacet
  facet normal -0.670264 0.227334 0.706445
    outer loop
      vertex 42.1787 -0.583771 4.82196
      vertex 41.9106 -0.511953 4.54448
      vertex 41.8275 -0.756962 4.54448
    endloop
  endfacet
  facet normal -0.608315 0.0397063 0.792702
    outer loop
      vertex 41.978 0 4.54448
      vertex 41.6667 0 4.30559
      vertex 41.6525 -0.217549 4.30559
    endloop
  endfacet
  facet normal 0.0519382 -0.792278 0.607945
    outer loop
      vertex -40.2944 2.23622 4.82196
      vertex -40.1862 2.37993 5
      vertex -40.3122 2.37167 5
    endloop
  endfacet
  facet normal 0.0519395 -0.792279 0.607945
    outer loop
      vertex -40.1862 2.37993 5
      vertex -40.2944 2.23622 4.82196
      vertex -40 2.25552 4.82196
    endloop
  endfacet
  facet normal -0.21565 -0.144137 0.965774
    outer loop
      vertex 40.8351 0.482159 3.95921
      vertex 40.765 0.587039 3.95921
      vertex 40.5069 0.292635 3.85764
    endloop
  endfacet
  facet normal -0.138085 -0.694265 0.706349
    outer loop
      vertex 40.5838 2.17866 4.82196
      vertex 40.2944 2.23622 4.82196
      vertex 40.2582 1.96111 4.54448
    endloop
  endfacet
  facet normal -0.0398804 -0.608274 0.792725
    outer loop
      vertex 40.2175 1.65245 4.30559
      vertex 40 1.97804 4.54448
      vertex 40 1.66671 4.30559
    endloop
  endfacet
  facet normal -0.278232 -0.416353 0.865585
    outer loop
      vertex 40.8077 1.05267 4.10938
      vertex 40.8334 1.44341 4.30559
      vertex 40.6634 1.1491 4.10938
    endloop
  endfacet
  facet normal -0.160942 -0.474257 0.865551
    outer loop
      vertex 40.5078 1.22586 4.10938
      vertex 40.6378 1.53984 4.30559
      vertex 40.3434 1.28165 4.10938
    endloop
  endfacet
  facet normal -0.0578933 -0.117291 0.991409
    outer loop
      vertex 40.2926 0.506859 3.85764
      vertex 40.224 0.540719 3.85764
      vertex 40.0981 0.169922 3.80642
    endloop
  endfacet
  facet normal 0 -0.130524 0.991445
    outer loop
      vertex -40 0.585271 3.85764
      vertex 40 0.196209 3.80642
      vertex 40 0.585271 3.85764
    endloop
  endfacet
  facet normal 0 -0.130524 0.991445
    outer loop
      vertex 40 0.196209 3.80642
      vertex -40 0.585271 3.85764
      vertex -40 0.196209 3.80642
    endloop
  endfacet
  facet normal -0.634795 -0.313218 0.706349
    outer loop
      vertex 41.8275 0.756962 4.54448
      vertex 41.9533 1.12776 4.82196
      vertex 41.713 0.989018 4.54448
    endloop
  endfacet
  facet normal -0.343778 -0.169612 0.923606
    outer loop
      vertex 41.2259 0.50777 4.10938
      vertex 41.1491 0.663432 4.10938
      vertex 40.8909 0.369028 3.95921
    endloop
  endfacet
  facet normal -0.491214 -0.0978629 0.865524
    outer loop
      vertex 41.6525 0.217549 4.30559
      vertex 41.6099 0.431376 4.30559
      vertex 41.2817 0.343418 4.10938
    endloop
  endfacet
  facet normal -0.382618 -0.0249265 0.92357
    outer loop
      vertex 40.9643 0 3.95921
      vertex 41.3155 0.17319 4.10938
      vertex 40.9561 0.125869 3.95921
    endloop
  endfacet
  facet normal -0.170919 -0.195025 0.965791
    outer loop
      vertex 40.6819 0.681875 3.95921
      vertex 40.587 0.765045 3.95921
      vertex 40.4138 0.413849 3.85764
    endloop
  endfacet
  facet normal -0.792316 -0.0519155 0.607899
    outer loop
      vertex 42.3921 0 5
      vertex 42.3799 0.186192 5
      vertex 42.2555 0 4.82196
    endloop
  endfacet
  facet normal -0.670313 0.227693 0.706283
    outer loop
      vertex 42.0838 -0.86315 4.82196
      vertex 42.1787 -0.583771 4.82196
      vertex 41.8275 -0.756962 4.54448
    endloop
  endfacet
  facet normal -0.694157 0.138138 0.706445
    outer loop
      vertex 42.1787 -0.583771 4.82196
      vertex 41.9611 -0.258185 4.54448
      vertex 41.9106 -0.511953 4.54448
    endloop
  endfacet
  facet normal -0.634915 0.313127 0.706282
    outer loop
      vertex 41.9533 -1.12776 4.82196
      vertex 42.0838 -0.86315 4.82196
      vertex 41.8275 -0.756962 4.54448
    endloop
  endfacet
  facet normal -0.712062 0.351174 0.607984
    outer loop
      vertex 41.9533 -1.12776 4.82196
      vertex 42.1275 -1.08278 5
      vertex 42.0838 -0.86315 4.82196
    endloop
  endfacet
  facet normal -0.712038 0.351336 0.607919
    outer loop
      vertex 42.1275 -1.08278 5
      vertex 41.9533 -1.12776 4.82196
      vertex 42.0716 -1.19607 5
    endloop
  endfacet
  facet normal -0.712175 0.351085 0.607902
    outer loop
      vertex 42.1275 -1.08278 5
      vertex 42.21 -0.915429 5
      vertex 42.0838 -0.86315 4.82196
    endloop
  endfacet
  facet normal -0.751878 0.255399 0.607824
    outer loop
      vertex 42.0838 -0.86315 4.82196
      vertex 42.2506 -0.795819 5
      vertex 42.1787 -0.583771 4.82196
    endloop
  endfacet
  facet normal -0.751882 0.255216 0.607897
    outer loop
      vertex 42.2506 -0.795819 5
      vertex 42.0838 -0.86315 4.82196
      vertex 42.21 -0.915429 5
    endloop
  endfacet
  facet normal -0.59697 0.523434 0.607984
    outer loop
      vertex 41.8978 -1.45624 5
      vertex 41.7894 -1.37307 4.82196
      vertex 41.7748 -1.59652 5
    endloop
  endfacet
  facet normal -0.523433 0.597024 0.607931
    outer loop
      vertex 41.5949 -1.59489 4.82196
      vertex 41.5965 -1.77478 5
      vertex 41.6915 -1.69149 5
    endloop
  endfacet
  facet normal -0.523569 0.596965 0.607873
    outer loop
      vertex 41.5965 -1.77478 5
      vertex 41.5949 -1.59489 4.82196
      vertex 41.3731 -1.78942 4.82196
    endloop
  endfacet
  facet normal -0.52354 0.597031 0.607832
    outer loop
      vertex 41.4562 -1.89781 5
      vertex 41.5965 -1.77478 5
      vertex 41.3731 -1.78942 4.82196
    endloop
  endfacet
  facet normal -0.338725 0.506745 0.792764
    outer loop
      vertex 41.2042 -1.56928 4.54448
      vertex 41.0146 -1.32229 4.30559
      vertex 40.8334 -1.44341 4.30559
    endloop
  endfacet
  facet normal -0.401925 0.458233 0.792766
    outer loop
      vertex 41.2042 -1.56928 4.54448
      vertex 41.3987 -1.39868 4.54448
      vertex 41.0146 -1.32229 4.30559
    endloop
  endfacet
  facet normal -0.466752 0.532184 0.706345
    outer loop
      vertex 41.5949 -1.59489 4.82196
      vertex 41.3987 -1.39868 4.54448
      vertex 41.3731 -1.78942 4.82196
    endloop
  endfacet
  facet normal -0.596961 0.523437 0.607989
    outer loop
      vertex 41.5949 -1.59489 4.82196
      vertex 41.7748 -1.59652 5
      vertex 41.7894 -1.37307 4.82196
    endloop
  endfacet
  facet normal -0.596908 0.523559 0.607937
    outer loop
      vertex 41.7748 -1.59652 5
      vertex 41.5949 -1.59489 4.82196
      vertex 41.6915 -1.69149 5
    endloop
  endfacet
  facet normal -0.792302 0.0519403 0.607915
    outer loop
      vertex 42.2362 -0.294404 4.82196
      vertex 42.3799 -0.186192 5
      vertex 42.2555 0 4.82196
    endloop
  endfacet
  facet normal -0.792202 0.051538 0.608079
    outer loop
      vertex 42.3799 -0.186192 5
      vertex 42.2362 -0.294404 4.82196
      vertex 42.3717 -0.312236 5
    endloop
  endfacet
  facet normal -0.269682 0.546716 0.7927
    outer loop
      vertex 40.989 -1.71303 4.54448
      vertex 40.8334 -1.44341 4.30559
      vertex 40.757 -1.82747 4.54448
    endloop
  endfacet
  facet normal -0.278296 0.416341 0.86557
    outer loop
      vertex 40.8334 -1.44341 4.30559
      vertex 41.0146 -1.32229 4.30559
      vertex 40.8077 -1.05267 4.10938
    endloop
  endfacet
  facet normal -0.466782 0.532176 0.706331
    outer loop
      vertex 41.3731 -1.78942 4.82196
      vertex 41.3987 -1.39868 4.54448
      vertex 41.2042 -1.56928 4.54448
    endloop
  endfacet
  facet normal -0.393301 0.58856 0.706336
    outer loop
      vertex 41.3731 -1.78942 4.82196
      vertex 41.2042 -1.56928 4.54448
      vertex 41.1278 -1.95334 4.82196
    endloop
  endfacet
  facet normal -0.0327644 0.499738 0.865557
    outer loop
      vertex 40.2175 -1.65245 4.30559
      vertex 40 -1.32687 4.10938
      vertex 40 -1.66671 4.30559
    endloop
  endfacet
  facet normal -0.213033 0.318788 0.923575
    outer loop
      vertex 40.6634 -1.1491 4.10938
      vertex 40.8077 -1.05267 4.10938
      vertex 40.4822 -0.835124 3.95921
    endloop
  endfacet
  facet normal 0.154899 0.778751 0.607908
    outer loop
      vertex -40.4361 -2.34702 5
      vertex -40.5838 -2.17866 4.82196
      vertex -40.6191 -2.31062 5
    endloop
  endfacet
  facet normal -0.118875 0.597867 0.792732
    outer loop
      vertex 40.2582 -1.96111 4.54448
      vertex 40.4314 -1.60992 4.30559
      vertex 40.2175 -1.65245 4.30559
    endloop
  endfacet
  facet normal 0.0976614 0.491177 0.865567
    outer loop
      vertex -40.2175 -1.65245 4.30559
      vertex -40.3434 -1.28165 4.10938
      vertex -40.4314 -1.60992 4.30559
    endloop
  endfacet
  facet normal 0.0398842 0.608276 0.792723
    outer loop
      vertex -40 -1.97804 4.54448
      vertex -40.2175 -1.65245 4.30559
      vertex -40.2582 -1.96111 4.54448
    endloop
  endfacet
  facet normal -6.84327e-20 0.793364 0.608748
    outer loop
      vertex 40 -2.25552 4.82196
      vertex -40 -2.39213 5
      vertex 40 -2.39213 5
    endloop
  endfacet
  facet normal -6.84327e-20 0.793364 0.608748
    outer loop
      vertex -40 -2.39213 5
      vertex 40 -2.25552 4.82196
      vertex -40 -2.25552 4.82196
    endloop
  endfacet
  facet normal 0.0519119 0.792294 0.607927
    outer loop
      vertex -40 -2.39213 5
      vertex -40 -2.25552 4.82196
      vertex -40.1862 -2.37993 5
    endloop
  endfacet
  facet normal -0 0.500006 0.866022
    outer loop
      vertex -40 -1.32687 4.10938
      vertex 40 -1.66671 4.30559
      vertex 40 -1.32687 4.10938
    endloop
  endfacet
  facet normal 0 0.500006 0.866022
    outer loop
      vertex 40 -1.66671 4.30559
      vertex -40 -1.32687 4.10938
      vertex -40 -1.66671 4.30559
    endloop
  endfacet
  facet normal -0.221573 0.44915 0.865546
    outer loop
      vertex 40.6378 -1.53984 4.30559
      vertex 40.6634 -1.1491 4.10938
      vertex 40.5078 -1.22586 4.10938
    endloop
  endfacet
  facet normal -0.227549 0.670308 0.706335
    outer loop
      vertex 40.5838 -2.17866 4.82196
      vertex 40.757 -1.82747 4.54448
      vertex 40.512 -1.91064 4.54448
    endloop
  endfacet
  facet normal -0.255246 0.751907 0.607853
    outer loop
      vertex 40.8632 -2.08383 4.82196
      vertex 40.7958 -2.25064 5
      vertex 40.9154 -2.21004 5
    endloop
  endfacet
  facet normal -0.255202 0.751908 0.60787
    outer loop
      vertex 40.7958 -2.25064 5
      vertex 40.8632 -2.08383 4.82196
      vertex 40.5838 -2.17866 4.82196
    endloop
  endfacet
  facet normal -0.0463148 0.706348 0.706348
    outer loop
      vertex 40.2582 -1.96111 4.54448
      vertex 40 -1.97804 4.54448
      vertex 40 -2.25552 4.82196
    endloop
  endfacet
  facet normal -0.0748055 0.376019 0.923588
    outer loop
      vertex 40.3434 -1.28165 4.10938
      vertex 40.2496 -0.931459 3.95921
      vertex 40.1259 -0.956068 3.95921
    endloop
  endfacet
  facet normal -0.0250687 0.382564 0.923589
    outer loop
      vertex 40.1732 -1.31551 4.10938
      vertex 40.1259 -0.956068 3.95921
      vertex 40 -0.964318 3.95921
    endloop
  endfacet
  facet normal 0.213106 0.31869 0.923592
    outer loop
      vertex -40.4822 -0.835124 3.95921
      vertex -40.587 -0.765045 3.95921
      vertex -40.8077 -1.05267 4.10938
    endloop
  endfacet
  facet normal 0.0250913 0.382554 0.923592
    outer loop
      vertex -40 -1.32687 4.10938
      vertex -40 -0.964318 3.95921
      vertex -40.1732 -1.31551 4.10938
    endloop
  endfacet
  facet normal 0.0169582 0.258793 0.965784
    outer loop
      vertex -40 -0.964318 3.95921
      vertex -40 -0.585271 3.85764
      vertex -40.1259 -0.956068 3.95921
    endloop
  endfacet
  facet normal 0.0250687 0.382564 0.923589
    outer loop
      vertex -40 -0.964318 3.95921
      vertex -40.1259 -0.956068 3.95921
      vertex -40.1732 -1.31551 4.10938
    endloop
  endfacet
  facet normal 0.11734 0.0577624 0.991411
    outer loop
      vertex -40.5069 -0.292635 3.85764
      vertex -40.1699 -0.0981045 3.80642
      vertex -40.5407 -0.223973 3.85764
    endloop
  endfacet
  facet normal 0.117238 0.0580613 0.991405
    outer loop
      vertex -40.1699 -0.0981045 3.80642
      vertex -40.1813 -0.0750856 3.80642
      vertex -40.5407 -0.223973 3.85764
    endloop
  endfacet
  facet normal 0.19496 0.171051 0.965781
    outer loop
      vertex -40.4138 -0.413849 3.85764
      vertex -40.4643 -0.35629 3.85764
      vertex -40.765 -0.587039 3.95921
    endloop
  endfacet
  facet normal 0.506879 0.338618 0.792724
    outer loop
      vertex -41.3223 -1.01463 4.30559
      vertex -41.4434 -0.833355 4.30559
      vertex -41.5693 -1.20415 4.54448
    endloop
  endfacet
  facet normal 0.634795 -0.313218 0.706349
    outer loop
      vertex -41.8275 0.756962 4.54448
      vertex -41.713 0.989018 4.54448
      vertex -41.9533 1.12776 4.82196
    endloop
  endfacet
  facet normal 0.376014 -0.0747687 0.923593
    outer loop
      vertex -40.9561 0.125869 3.95921
      vertex -40.9315 0.249583 3.95921
      vertex -41.2817 0.343418 4.10938
    endloop
  endfacet
  facet normal 0.288139 0.252829 0.923609
    outer loop
      vertex -40.9382 -0.938235 4.10938
      vertex -40.765 -0.587039 3.95921
      vertex -41.0527 -0.807744 4.10938
    endloop
  endfacet
  facet normal 0.401925 0.458233 0.792766
    outer loop
      vertex -41.2042 -1.56928 4.54448
      vertex -41.0146 -1.32229 4.30559
      vertex -41.3987 -1.39868 4.54448
    endloop
  endfacet
  facet normal 0.343812 0.169579 0.9236
    outer loop
      vertex -40.8351 -0.482159 3.95921
      vertex -40.8909 -0.369028 3.95921
      vertex -41.1491 -0.663432 4.10938
    endloop
  endfacet
  facet normal 0.245518 0.0834528 0.965793
    outer loop
      vertex -40.8909 -0.369028 3.95921
      vertex -40.5653 -0.151479 3.85764
      vertex -40.9315 -0.249583 3.95921
    endloop
  endfacet
  facet normal 0.376436 0.330305 0.86556
    outer loop
      vertex -40.9382 -0.938235 4.10938
      vertex -41.0527 -0.807744 4.10938
      vertex -41.1785 -1.17854 4.30559
    endloop
  endfacet
  facet normal 0.318691 0.213008 0.923615
    outer loop
      vertex -40.765 -0.587039 3.95921
      vertex -40.8351 -0.482159 3.95921
      vertex -41.0527 -0.807744 4.10938
    endloop
  endfacet
  facet normal -0.0981719 -0.0864861 0.991404
    outer loop
      vertex 40.1557 0.119444 3.80642
      vertex 40.4643 0.35629 3.85764
      vertex 40.1387 0.138741 3.80642
    endloop
  endfacet
  facet normal 0.123963 -0.0418254 0.991405
    outer loop
      vertex -40.1895 0.0507822 3.80642
      vertex -40.1813 0.0750856 3.80642
      vertex -40.5407 0.223973 3.85764
    endloop
  endfacet
  facet normal -0.171116 0.194924 0.965776
    outer loop
      vertex 40.587 -0.765045 3.95921
      vertex 40.4138 -0.413849 3.85764
      vertex 40.3563 -0.464326 3.85764
    endloop
  endfacet
  facet normal 0.11734 -0.0577624 0.991411
    outer loop
      vertex -40.1699 0.0981045 3.80642
      vertex -40.5069 0.292635 3.85764
      vertex -40.5407 0.223973 3.85764
    endloop
  endfacet
  facet normal 0.362987 -0.123381 0.92359
    outer loop
      vertex -40.9315 0.249583 3.95921
      vertex -40.8909 0.369028 3.95921
      vertex -41.2817 0.343418 4.10938
    endloop
  endfacet
  facet normal 0.288139 -0.252829 0.923609
    outer loop
      vertex -40.765 0.587039 3.95921
      vertex -40.9382 0.938235 4.10938
      vertex -41.0527 0.807744 4.10938
    endloop
  endfacet
  facet normal 0.213033 -0.318788 0.923575
    outer loop
      vertex -40.4822 0.835124 3.95921
      vertex -40.6634 1.1491 4.10938
      vertex -40.8077 1.05267 4.10938
    endloop
  endfacet
  facet normal -0.0578868 0.117293 0.991409
    outer loop
      vertex 40.224 -0.540719 3.85764
      vertex 40.0981 -0.169922 3.80642
      vertex 40.0751 -0.181273 3.80642
    endloop
  endfacet
  facet normal -0.245591 -0.0833385 0.965784
    outer loop
      vertex 40.5653 0.151479 3.85764
      vertex 40.8909 0.369028 3.95921
      vertex 40.5407 0.223973 3.85764
    endloop
  endfacet
  facet normal -0.108921 -0.0724799 0.991404
    outer loop
      vertex 40.1699 0.0981045 3.80642
      vertex 40.4643 0.35629 3.85764
      vertex 40.1557 0.119444 3.80642
    endloop
  endfacet
  facet normal 0.269682 0.546716 0.7927
    outer loop
      vertex -40.757 -1.82747 4.54448
      vertex -40.8334 -1.44341 4.30559
      vertex -40.989 -1.71303 4.54448
    endloop
  endfacet
  facet normal 0.351195 0.712133 0.607888
    outer loop
      vertex -41.1278 -1.95334 4.82196
      vertex -41.0828 -2.12751 5
      vertex -40.8632 -2.08383 4.82196
    endloop
  endfacet
  facet normal 0.351108 0.712146 0.607923
    outer loop
      vertex -41.0828 -2.12751 5
      vertex -41.1278 -1.95334 4.82196
      vertex -41.1961 -2.07165 5
    endloop
  endfacet
  facet normal 0.35113 0.712216 0.607829
    outer loop
      vertex -40.9154 -2.21004 5
      vertex -40.8632 -2.08383 4.82196
      vertex -41.0828 -2.12751 5
    endloop
  endfacet
  facet normal 0.338725 0.506745 0.792764
    outer loop
      vertex -40.8334 -1.44341 4.30559
      vertex -41.0146 -1.32229 4.30559
      vertex -41.2042 -1.56928 4.54448
    endloop
  endfacet
  facet normal 0.66039 -0.440805 0.607928
    outer loop
      vertex -41.9533 1.12776 4.82196
      vertex -42.0015 1.30109 5
      vertex -42.0716 1.19607 5
    endloop
  endfacet
  facet normal 0.660101 -0.441036 0.608075
    outer loop
      vertex -42.0015 1.30109 5
      vertex -41.9533 1.12776 4.82196
      vertex -41.7894 1.37307 4.82196
    endloop
  endfacet
  facet normal 0.694293 0.137963 0.706346
    outer loop
      vertex -42.1787 -0.583771 4.82196
      vertex -41.9611 -0.258185 4.54448
      vertex -42.2362 -0.294404 4.82196
    endloop
  endfacet
  facet normal 0.546674 -0.269517 0.792785
    outer loop
      vertex -41.5398 0.637822 4.30559
      vertex -41.4434 0.833355 4.30559
      vertex -41.8275 0.756962 4.54448
    endloop
  endfacet
  facet normal 0.313083 -0.634852 0.706358
    outer loop
      vertex -40.757 1.82747 4.54448
      vertex -40.8632 2.08383 4.82196
      vertex -41.1278 1.95334 4.82196
    endloop
  endfacet
  facet normal 0.227504 -0.670302 0.706355
    outer loop
      vertex -40.757 1.82747 4.54448
      vertex -40.5838 2.17866 4.82196
      vertex -40.8632 2.08383 4.82196
    endloop
  endfacet
  facet normal 0.0519119 -0.792294 0.607927
    outer loop
      vertex -40 2.25552 4.82196
      vertex -40 2.39213 5
      vertex -40.1862 2.37993 5
    endloop
  endfacet
  facet normal 0.154889 -0.778749 0.607914
    outer loop
      vertex -40.2944 2.23622 4.82196
      vertex -40.4361 2.34702 5
      vertex -40.5838 2.17866 4.82196
    endloop
  endfacet
  facet normal 0.154928 -0.778727 0.607932
    outer loop
      vertex -40.4361 2.34702 5
      vertex -40.2944 2.23622 4.82196
      vertex -40.3122 2.37167 5
    endloop
  endfacet
  facet normal -0.0519395 -0.792279 0.607945
    outer loop
      vertex 40.2944 2.23622 4.82196
      vertex 40.1862 2.37993 5
      vertex 40 2.25552 4.82196
    endloop
  endfacet
  facet normal -0.0519382 -0.792278 0.607945
    outer loop
      vertex 40.1862 2.37993 5
      vertex 40.2944 2.23622 4.82196
      vertex 40.3122 2.37167 5
    endloop
  endfacet
  facet normal 0.0833639 -0.245596 0.965781
    outer loop
      vertex -40.224 0.540719 3.85764
      vertex -40.1515 0.565328 3.85764
      vertex -40.369 0.890914 3.95921
    endloop
  endfacet
  facet normal -0.130506 0.00866305 0.99141
    outer loop
      vertex 40.5853 0 3.85764
      vertex 40.1962 0 3.80642
      vertex 40.1945 -0.02561 3.80642
    endloop
  endfacet
  facet normal -0.318778 0.212943 0.9236
    outer loop
      vertex 41.0527 -0.807744 4.10938
      vertex 41.1491 -0.663432 4.10938
      vertex 40.8351 -0.482159 3.95921
    endloop
  endfacet
  facet normal -0.215534 0.144242 0.965784
    outer loop
      vertex 40.765 -0.587039 3.95921
      vertex 40.5069 -0.292635 3.85764
      vertex 40.4643 -0.35629 3.85764
    endloop
  endfacet
  facet normal -0.0255123 0.128287 0.991409
    outer loop
      vertex 40.0764 -0.580263 3.85764
      vertex 40.1515 -0.565328 3.85764
      vertex 40.0508 -0.189524 3.80642
    endloop
  endfacet
  facet normal -0.128269 0.0254783 0.991412
    outer loop
      vertex 40.5803 -0.0763931 3.85764
      vertex 40.1945 -0.02561 3.80642
      vertex 40.1895 -0.0507822 3.80642
    endloop
  endfacet
  facet normal 0.608315 -0.0397063 0.792702
    outer loop
      vertex -41.6667 0 4.30559
      vertex -41.6525 0.217549 4.30559
      vertex -41.978 0 4.54448
    endloop
  endfacet
  facet normal 0.706355 -0.046306 0.706341
    outer loop
      vertex -41.9611 0.258185 4.54448
      vertex -42.2362 0.294404 4.82196
      vertex -42.2555 0 4.82196
    endloop
  endfacet
  facet normal 0.0983214 -0.0862633 0.991409
    outer loop
      vertex -40.1387 0.138741 3.80642
      vertex -40.4138 0.413849 3.85764
      vertex -40.4643 0.35629 3.85764
    endloop
  endfacet
  facet normal 0.21565 -0.144137 0.965774
    outer loop
      vertex -40.5069 0.292635 3.85764
      vertex -40.765 0.587039 3.95921
      vertex -40.8351 0.482159 3.95921
    endloop
  endfacet
  facet normal 0.108921 0.0724799 0.991404
    outer loop
      vertex -40.1557 -0.119444 3.80642
      vertex -40.1699 -0.0981045 3.80642
      vertex -40.4643 -0.35629 3.85764
    endloop
  endfacet
  facet normal -0.00855546 0.130519 0.991409
    outer loop
      vertex 40.0764 -0.580263 3.85764
      vertex 40.0256 -0.19453 3.80642
      vertex 40 -0.585271 3.85764
    endloop
  endfacet
  facet normal 0 -0.382675 0.923883
    outer loop
      vertex -40 1.32687 4.10938
      vertex 40 0.964318 3.95921
      vertex 40 1.32687 4.10938
    endloop
  endfacet
  facet normal 0 -0.382675 0.923883
    outer loop
      vertex 40 0.964318 3.95921
      vertex -40 1.32687 4.10938
      vertex -40 0.964318 3.95921
    endloop
  endfacet
  facet normal 0.0327644 -0.499738 0.865557
    outer loop
      vertex -40 1.32687 4.10938
      vertex -40 1.66671 4.30559
      vertex -40.2175 1.65245 4.30559
    endloop
  endfacet
  facet normal 0.0398804 -0.608274 0.792725
    outer loop
      vertex -40 1.66671 4.30559
      vertex -40 1.97804 4.54448
      vertex -40.2175 1.65245 4.30559
    endloop
  endfacet
  facet normal -1.35396e-19 -0.707107 0.707107
    outer loop
      vertex -40 1.97804 4.54448
      vertex 40 2.25552 4.82196
      vertex -40 2.25552 4.82196
    endloop
  endfacet
  facet normal -1.35396e-19 -0.707107 0.707107
    outer loop
      vertex 40 2.25552 4.82196
      vertex -40 1.97804 4.54448
      vertex 40 1.97804 4.54448
    endloop
  endfacet
  facet normal -0.0463148 -0.706348 0.706348
    outer loop
      vertex 40.2582 1.96111 4.54448
      vertex 40 2.25552 4.82196
      vertex 40 1.97804 4.54448
    endloop
  endfacet
  facet normal -0.39316 -0.588578 0.7064
    outer loop
      vertex 41.2042 1.56928 4.54448
      vertex 41.1278 1.95334 4.82196
      vertex 40.989 1.71303 4.54448
    endloop
  endfacet
  facet normal -0.123277 -0.363034 0.923585
    outer loop
      vertex 40.369 0.890914 3.95921
      vertex 40.3434 1.28165 4.10938
      vertex 40.2496 0.931459 3.95921
    endloop
  endfacet
  facet normal -0.118875 -0.597867 0.792732
    outer loop
      vertex 40.4314 1.60992 4.30559
      vertex 40.2582 1.96111 4.54448
      vertex 40.2175 1.65245 4.30559
    endloop
  endfacet
  facet normal 0.474293 -0.16103 0.865515
    outer loop
      vertex -41.2817 0.343418 4.10938
      vertex -41.2259 0.50777 4.10938
      vertex -41.5398 0.637822 4.30559
    endloop
  endfacet
  facet normal 0.0398842 -0.608276 0.792723
    outer loop
      vertex -40.2175 1.65245 4.30559
      vertex -40 1.97804 4.54448
      vertex -40.2582 1.96111 4.54448
    endloop
  endfacet
  facet normal 0.269529 -0.546717 0.792751
    outer loop
      vertex -40.6378 1.53984 4.30559
      vertex -40.757 1.82747 4.54448
      vertex -40.8334 1.44341 4.30559
    endloop
  endfacet
  facet normal 0.0420417 -0.123858 0.991409
    outer loop
      vertex -40.0508 0.189524 3.80642
      vertex -40.1515 0.565328 3.85764
      vertex -40.224 0.540719 3.85764
    endloop
  endfacet
  facet normal 0.160942 -0.474257 0.865551
    outer loop
      vertex -40.5078 1.22586 4.10938
      vertex -40.3434 1.28165 4.10938
      vertex -40.6378 1.53984 4.30559
    endloop
  endfacet
  facet normal 0.466782 0.532176 0.706331
    outer loop
      vertex -41.3731 -1.78942 4.82196
      vertex -41.2042 -1.56928 4.54448
      vertex -41.3987 -1.39868 4.54448
    endloop
  endfacet
  facet normal 0.634915 0.313127 0.706282
    outer loop
      vertex -41.9533 -1.12776 4.82196
      vertex -41.8275 -0.756962 4.54448
      vertex -42.0838 -0.86315 4.82196
    endloop
  endfacet
  facet normal -0.416444 0.278203 0.86555
    outer loop
      vertex 41.3223 -1.01463 4.30559
      vertex 41.4434 -0.833355 4.30559
      vertex 41.0527 -0.807744 4.10938
    endloop
  endfacet
  facet normal -0.506879 0.338618 0.792724
    outer loop
      vertex 41.5693 -1.20415 4.54448
      vertex 41.4434 -0.833355 4.30559
      vertex 41.3223 -1.01463 4.30559
    endloop
  endfacet
  facet normal -0.499784 -0.0326222 0.865535
    outer loop
      vertex 41.6667 0 4.30559
      vertex 41.6525 0.217549 4.30559
      vertex 41.3269 0 4.10938
    endloop
  endfacet
  facet normal -0.491141 0.0975195 0.865604
    outer loop
      vertex 41.6525 -0.217549 4.30559
      vertex 41.3155 -0.17319 4.10938
      vertex 41.2817 -0.343418 4.10938
    endloop
  endfacet
  facet normal -0.577134 0.195969 0.792788
    outer loop
      vertex 41.8275 -0.756962 4.54448
      vertex 41.6099 -0.431376 4.30559
      vertex 41.5398 -0.637822 4.30559
    endloop
  endfacet
  facet normal -0.474279 0.161044 0.865519
    outer loop
      vertex 41.5398 -0.637822 4.30559
      vertex 41.6099 -0.431376 4.30559
      vertex 41.2817 -0.343418 4.10938
    endloop
  endfacet
  facet normal -0.343778 0.169612 0.923606
    outer loop
      vertex 41.1491 -0.663432 4.10938
      vertex 41.2259 -0.50777 4.10938
      vertex 40.8909 -0.369028 3.95921
    endloop
  endfacet
  facet normal -0.362985 0.123239 0.923609
    outer loop
      vertex 41.2259 -0.50777 4.10938
      vertex 41.2817 -0.343418 4.10938
      vertex 40.8909 -0.369028 3.95921
    endloop
  endfacet
  facet normal -0.362987 0.123381 0.92359
    outer loop
      vertex 41.2817 -0.343418 4.10938
      vertex 40.9315 -0.249583 3.95921
      vertex 40.8909 -0.369028 3.95921
    endloop
  endfacet
  facet normal -0.254327 0.0505718 0.965795
    outer loop
      vertex 40.9315 -0.249583 3.95921
      vertex 40.9561 -0.125869 3.95921
      vertex 40.5653 -0.151479 3.85764
    endloop
  endfacet
  facet normal -0.608362 0.0398215 0.79266
    outer loop
      vertex 41.9611 -0.258185 4.54448
      vertex 41.978 0 4.54448
      vertex 41.6525 -0.217549 4.30559
    endloop
  endfacet
  facet normal -0.608315 -0.0397063 0.792702
    outer loop
      vertex 41.6667 0 4.30559
      vertex 41.978 0 4.54448
      vertex 41.6525 0.217549 4.30559
    endloop
  endfacet
  facet normal 0.138063 -0.694282 0.706337
    outer loop
      vertex -40.512 1.91064 4.54448
      vertex -40.2582 1.96111 4.54448
      vertex -40.5838 2.17866 4.82196
    endloop
  endfacet
  facet normal 0.118891 -0.597871 0.792726
    outer loop
      vertex -40.4314 1.60992 4.30559
      vertex -40.2582 1.96111 4.54448
      vertex -40.512 1.91064 4.54448
    endloop
  endfacet
  facet normal -0.227504 -0.670302 0.706355
    outer loop
      vertex 40.757 1.82747 4.54448
      vertex 40.8632 2.08383 4.82196
      vertex 40.5838 2.17866 4.82196
    endloop
  endfacet
  facet normal -0.278296 -0.416341 0.86557
    outer loop
      vertex 41.0146 1.32229 4.30559
      vertex 40.8334 1.44341 4.30559
      vertex 40.8077 1.05267 4.10938
    endloop
  endfacet
  facet normal -0.466782 -0.532176 0.706331
    outer loop
      vertex 41.3987 1.39868 4.54448
      vertex 41.3731 1.78942 4.82196
      vertex 41.2042 1.56928 4.54448
    endloop
  endfacet
  facet normal -0.441214 -0.660124 0.60792
    outer loop
      vertex 41.1278 1.95334 4.82196
      vertex 41.3011 2.00147 5
      vertex 41.1961 2.07165 5
    endloop
  endfacet
  facet normal -0.441164 -0.660186 0.607889
    outer loop
      vertex 41.3011 2.00147 5
      vertex 41.1278 1.95334 4.82196
      vertex 41.3731 1.78942 4.82196
    endloop
  endfacet
  facet normal -0.169496 -0.343914 0.923577
    outer loop
      vertex 40.4822 0.835124 3.95921
      vertex 40.6634 1.1491 4.10938
      vertex 40.369 0.890914 3.95921
    endloop
  endfacet
  facet normal -0.338618 -0.506927 0.792694
    outer loop
      vertex 41.2042 1.56928 4.54448
      vertex 40.989 1.71303 4.54448
      vertex 40.8334 1.44341 4.30559
    endloop
  endfacet
  facet normal -0.114798 -0.23258 0.965778
    outer loop
      vertex 40.2926 0.506859 3.85764
      vertex 40.369 0.890914 3.95921
      vertex 40.224 0.540719 3.85764
    endloop
  endfacet
  facet normal -0.213033 -0.318788 0.923575
    outer loop
      vertex 40.8077 1.05267 4.10938
      vertex 40.6634 1.1491 4.10938
      vertex 40.4822 0.835124 3.95921
    endloop
  endfacet
  facet normal -0.0327768 -0.499731 0.86556
    outer loop
      vertex 40.1732 1.31551 4.10938
      vertex 40.2175 1.65245 4.30559
      vertex 40 1.32687 4.10938
    endloop
  endfacet
  facet normal -0.0748055 -0.376019 0.923588
    outer loop
      vertex 40.2496 0.931459 3.95921
      vertex 40.3434 1.28165 4.10938
      vertex 40.1259 0.956068 3.95921
    endloop
  endfacet
  facet normal -0.213106 -0.31869 0.923592
    outer loop
      vertex 40.587 0.765045 3.95921
      vertex 40.8077 1.05267 4.10938
      vertex 40.4822 0.835124 3.95921
    endloop
  endfacet
  facet normal -0.114642 -0.232614 0.965789
    outer loop
      vertex 40.4822 0.835124 3.95921
      vertex 40.369 0.890914 3.95921
      vertex 40.2926 0.506859 3.85764
    endloop
  endfacet
  facet normal -0.712038 -0.351336 0.607919
    outer loop
      vertex 41.9533 1.12776 4.82196
      vertex 42.1275 1.08278 5
      vertex 42.0716 1.19607 5
    endloop
  endfacet
  facet normal -0.712062 -0.351174 0.607984
    outer loop
      vertex 42.1275 1.08278 5
      vertex 41.9533 1.12776 4.82196
      vertex 42.0838 0.86315 4.82196
    endloop
  endfacet
  facet normal -0.634915 -0.313127 0.706282
    outer loop
      vertex 42.0838 0.86315 4.82196
      vertex 41.9533 1.12776 4.82196
      vertex 41.8275 0.756962 4.54448
    endloop
  endfacet
  facet normal -0.546674 -0.269517 0.792785
    outer loop
      vertex 41.5398 0.637822 4.30559
      vertex 41.8275 0.756962 4.54448
      vertex 41.4434 0.833355 4.30559
    endloop
  endfacet
  facet normal -0.288139 -0.252829 0.923609
    outer loop
      vertex 41.0527 0.807744 4.10938
      vertex 40.9382 0.938235 4.10938
      vertex 40.765 0.587039 3.95921
    endloop
  endfacet
  facet normal -0.376476 -0.330286 0.86555
    outer loop
      vertex 41.3223 1.01463 4.30559
      vertex 41.1785 1.17854 4.30559
      vertex 41.0527 0.807744 4.10938
    endloop
  endfacet
  facet normal -0.376436 -0.330305 0.86556
    outer loop
      vertex 41.0527 0.807744 4.10938
      vertex 41.1785 1.17854 4.30559
      vertex 40.9382 0.938235 4.10938
    endloop
  endfacet
  facet normal -0.254338 -0.0508095 0.96578
    outer loop
      vertex 40.5803 0.0763931 3.85764
      vertex 40.9561 0.125869 3.95921
      vertex 40.5653 0.151479 3.85764
    endloop
  endfacet
  facet normal -0.288381 -0.252694 0.92357
    outer loop
      vertex 40.765 0.587039 3.95921
      vertex 40.9382 0.938235 4.10938
      vertex 40.6819 0.681875 3.95921
    endloop
  endfacet
  facet normal -0.506912 -0.338598 0.792711
    outer loop
      vertex 41.713 0.989018 4.54448
      vertex 41.5693 1.20415 4.54448
      vertex 41.4434 0.833355 4.30559
    endloop
  endfacet
  facet normal -0.416447 -0.278185 0.865555
    outer loop
      vertex 41.1491 0.663432 4.10938
      vertex 41.4434 0.833355 4.30559
      vertex 41.0527 0.807744 4.10938
    endloop
  endfacet
  facet normal -0.778853 -0.154914 0.607774
    outer loop
      vertex 42.347 0.436123 5
      vertex 42.3106 0.619129 5
      vertex 42.1787 0.583771 4.82196
    endloop
  endfacet
  facet normal -0.694293 -0.137963 0.706346
    outer loop
      vertex 42.2362 0.294404 4.82196
      vertex 42.1787 0.583771 4.82196
      vertex 41.9611 0.258185 4.54448
    endloop
  endfacet
  facet normal -0.778812 -0.154758 0.607866
    outer loop
      vertex 42.2362 0.294404 4.82196
      vertex 42.347 0.436123 5
      vertex 42.1787 0.583771 4.82196
    endloop
  endfacet
  facet normal -0.778555 -0.155224 0.608077
    outer loop
      vertex 42.347 0.436123 5
      vertex 42.2362 0.294404 4.82196
      vertex 42.3717 0.312236 5
    endloop
  endfacet
  facet normal -0.751936 -0.255341 0.607777
    outer loop
      vertex 42.3106 0.619129 5
      vertex 42.2506 0.795819 5
      vertex 42.1787 0.583771 4.82196
    endloop
  endfacet
  facet normal -0.792316 0.0519155 0.607899
    outer loop
      vertex 42.3799 -0.186192 5
      vertex 42.3921 0 5
      vertex 42.2555 0 4.82196
    endloop
  endfacet
  facet normal -0.694293 0.137963 0.706346
    outer loop
      vertex 42.1787 -0.583771 4.82196
      vertex 42.2362 -0.294404 4.82196
      vertex 41.9611 -0.258185 4.54448
    endloop
  endfacet
  facet normal -0.577297 0.195803 0.79271
    outer loop
      vertex 41.8275 -0.756962 4.54448
      vertex 41.9106 -0.511953 4.54448
      vertex 41.6099 -0.431376 4.30559
    endloop
  endfacet
  facet normal -0.59788 0.118979 0.792706
    outer loop
      vertex 41.9106 -0.511953 4.54448
      vertex 41.9611 -0.258185 4.54448
      vertex 41.6099 -0.431376 4.30559
    endloop
  endfacet
  facet normal -0.751936 0.255341 0.607777
    outer loop
      vertex 42.2506 -0.795819 5
      vertex 42.3106 -0.619129 5
      vertex 42.1787 -0.583771 4.82196
    endloop
  endfacet
  facet normal -0.588615 0.393274 0.706306
    outer loop
      vertex 41.7894 -1.37307 4.82196
      vertex 41.9533 -1.12776 4.82196
      vertex 41.5693 -1.20415 4.54448
    endloop
  endfacet
  facet normal -0.532226 0.466755 0.706311
    outer loop
      vertex 41.7894 -1.37307 4.82196
      vertex 41.5693 -1.20415 4.54448
      vertex 41.3987 -1.39868 4.54448
    endloop
  endfacet
  facet normal -0.338618 0.506927 0.792694
    outer loop
      vertex 40.989 -1.71303 4.54448
      vertex 41.2042 -1.56928 4.54448
      vertex 40.8334 -1.44341 4.30559
    endloop
  endfacet
  facet normal -0.39316 0.588578 0.7064
    outer loop
      vertex 41.1278 -1.95334 4.82196
      vertex 41.2042 -1.56928 4.54448
      vertex 40.989 -1.71303 4.54448
    endloop
  endfacet
  facet normal -0.114642 0.232614 0.965789
    outer loop
      vertex 40.369 -0.890914 3.95921
      vertex 40.4822 -0.835124 3.95921
      vertex 40.2926 -0.506859 3.85764
    endloop
  endfacet
  facet normal -0.169496 0.343914 0.923577
    outer loop
      vertex 40.6634 -1.1491 4.10938
      vertex 40.4822 -0.835124 3.95921
      vertex 40.369 -0.890914 3.95921
    endloop
  endfacet
  facet normal 0.195977 0.577193 0.792743
    outer loop
      vertex -40.4314 -1.60992 4.30559
      vertex -40.6378 -1.53984 4.30559
      vertex -40.757 -1.82747 4.54448
    endloop
  endfacet
  facet normal 0.269529 0.546717 0.792751
    outer loop
      vertex -40.757 -1.82747 4.54448
      vertex -40.6378 -1.53984 4.30559
      vertex -40.8334 -1.44341 4.30559
    endloop
  endfacet
  facet normal 0.0463059 0.706344 0.706352
    outer loop
      vertex -40 -2.25552 4.82196
      vertex -40.2582 -1.96111 4.54448
      vertex -40.2944 -2.23622 4.82196
    endloop
  endfacet
  facet normal 0.138063 0.694282 0.706337
    outer loop
      vertex -40.2582 -1.96111 4.54448
      vertex -40.512 -1.91064 4.54448
      vertex -40.5838 -2.17866 4.82196
    endloop
  endfacet
  facet normal -0.195977 0.577193 0.792743
    outer loop
      vertex 40.757 -1.82747 4.54448
      vertex 40.6378 -1.53984 4.30559
      vertex 40.4314 -1.60992 4.30559
    endloop
  endfacet
  facet normal -0.161007 0.474198 0.865571
    outer loop
      vertex 40.4314 -1.60992 4.30559
      vertex 40.6378 -1.53984 4.30559
      vertex 40.3434 -1.28165 4.10938
    endloop
  endfacet
  facet normal -0.138063 0.694282 0.706337
    outer loop
      vertex 40.5838 -2.17866 4.82196
      vertex 40.512 -1.91064 4.54448
      vertex 40.2582 -1.96111 4.54448
    endloop
  endfacet
  facet normal -0.118891 0.597871 0.792726
    outer loop
      vertex 40.512 -1.91064 4.54448
      vertex 40.4314 -1.60992 4.30559
      vertex 40.2582 -1.96111 4.54448
    endloop
  endfacet
  facet normal -0.123277 0.363034 0.923585
    outer loop
      vertex 40.3434 -1.28165 4.10938
      vertex 40.369 -0.890914 3.95921
      vertex 40.2496 -0.931459 3.95921
    endloop
  endfacet
  facet normal -0.160942 0.474257 0.865551
    outer loop
      vertex 40.6378 -1.53984 4.30559
      vertex 40.5078 -1.22586 4.10938
      vertex 40.3434 -1.28165 4.10938
    endloop
  endfacet
  facet normal -0.35113 0.712216 0.607829
    outer loop
      vertex 40.9154 -2.21004 5
      vertex 41.0828 -2.12751 5
      vertex 40.8632 -2.08383 4.82196
    endloop
  endfacet
  facet normal -0.0250913 0.382554 0.923592
    outer loop
      vertex 40.1732 -1.31551 4.10938
      vertex 40 -0.964318 3.95921
      vertex 40 -1.32687 4.10938
    endloop
  endfacet
  facet normal -0.0833639 -0.245596 0.965781
    outer loop
      vertex 40.224 0.540719 3.85764
      vertex 40.369 0.890914 3.95921
      vertex 40.1515 0.565328 3.85764
    endloop
  endfacet
  facet normal -0.0505847 0.254363 0.965785
    outer loop
      vertex 40.1259 -0.956068 3.95921
      vertex 40.1515 -0.565328 3.85764
      vertex 40.0764 -0.580263 3.85764
    endloop
  endfacet
  facet normal -0.0519119 0.792294 0.607927
    outer loop
      vertex 40.1862 -2.37993 5
      vertex 40 -2.25552 4.82196
      vertex 40 -2.39213 5
    endloop
  endfacet
  facet normal -0.154889 0.778749 0.607914
    outer loop
      vertex 40.2944 -2.23622 4.82196
      vertex 40.4361 -2.34702 5
      vertex 40.5838 -2.17866 4.82196
    endloop
  endfacet
  facet normal -0.154928 0.778727 0.607932
    outer loop
      vertex 40.4361 -2.34702 5
      vertex 40.2944 -2.23622 4.82196
      vertex 40.3122 -2.37167 5
    endloop
  endfacet
  facet normal 0.0327768 0.499731 0.86556
    outer loop
      vertex -40 -1.32687 4.10938
      vertex -40.1732 -1.31551 4.10938
      vertex -40.2175 -1.65245 4.30559
    endloop
  endfacet
  facet normal 0.0977185 0.49119 0.865554
    outer loop
      vertex -40.2175 -1.65245 4.30559
      vertex -40.1732 -1.31551 4.10938
      vertex -40.3434 -1.28165 4.10938
    endloop
  endfacet
  facet normal 0.118875 0.597867 0.792732
    outer loop
      vertex -40.2582 -1.96111 4.54448
      vertex -40.2175 -1.65245 4.30559
      vertex -40.4314 -1.60992 4.30559
    endloop
  endfacet
  facet normal 0.118891 0.597871 0.792726
    outer loop
      vertex -40.2582 -1.96111 4.54448
      vertex -40.4314 -1.60992 4.30559
      vertex -40.512 -1.91064 4.54448
    endloop
  endfacet
  facet normal 0.278232 0.416353 0.865585
    outer loop
      vertex -40.6634 -1.1491 4.10938
      vertex -40.8077 -1.05267 4.10938
      vertex -40.8334 -1.44341 4.30559
    endloop
  endfacet
  facet normal 0.252713 0.288355 0.923573
    outer loop
      vertex -40.587 -0.765045 3.95921
      vertex -40.6819 -0.681875 3.95921
      vertex -40.9382 -0.938235 4.10938
    endloop
  endfacet
  facet normal 0.170919 0.195025 0.965791
    outer loop
      vertex -40.587 -0.765045 3.95921
      vertex -40.4138 -0.413849 3.85764
      vertex -40.6819 -0.681875 3.95921
    endloop
  endfacet
  facet normal 0.114642 0.232614 0.965789
    outer loop
      vertex -40.369 -0.890914 3.95921
      vertex -40.2926 -0.506859 3.85764
      vertex -40.4822 -0.835124 3.95921
    endloop
  endfacet
  facet normal 0.0833639 0.245596 0.965781
    outer loop
      vertex -40.1515 -0.565328 3.85764
      vertex -40.224 -0.540719 3.85764
      vertex -40.369 -0.890914 3.95921
    endloop
  endfacet
  facet normal 0.0420417 0.123858 0.991409
    outer loop
      vertex -40.1515 -0.565328 3.85764
      vertex -40.0508 -0.189524 3.80642
      vertex -40.224 -0.540719 3.85764
    endloop
  endfacet
  facet normal 0.0255123 0.128287 0.991409
    outer loop
      vertex -40.0764 -0.580263 3.85764
      vertex -40.0508 -0.189524 3.80642
      vertex -40.1515 -0.565328 3.85764
    endloop
  endfacet
  facet normal 0.0169637 0.258791 0.965784
    outer loop
      vertex -40 -0.585271 3.85764
      vertex -40.0764 -0.580263 3.85764
      vertex -40.1259 -0.956068 3.95921
    endloop
  endfacet
  facet normal 0.694157 0.138138 0.706445
    outer loop
      vertex -41.9106 -0.511953 4.54448
      vertex -41.9611 -0.258185 4.54448
      vertex -42.1787 -0.583771 4.82196
    endloop
  endfacet
  facet normal 0.577297 0.195803 0.79271
    outer loop
      vertex -41.8275 -0.756962 4.54448
      vertex -41.6099 -0.431376 4.30559
      vertex -41.9106 -0.511953 4.54448
    endloop
  endfacet
  facet normal 0.130499 -0.00854126 0.991412
    outer loop
      vertex -40.1945 0.02561 3.80642
      vertex -40.5803 0.0763931 3.85764
      vertex -40.5853 0 3.85764
    endloop
  endfacet
  facet normal 0.258799 -0.0169386 0.965783
    outer loop
      vertex -40.5853 0 3.85764
      vertex -40.5803 0.0763931 3.85764
      vertex -40.9561 0.125869 3.95921
    endloop
  endfacet
  facet normal 0.254327 -0.0505718 0.965795
    outer loop
      vertex -40.5653 0.151479 3.85764
      vertex -40.9315 0.249583 3.95921
      vertex -40.9561 0.125869 3.95921
    endloop
  endfacet
  facet normal 0.318778 -0.212943 0.9236
    outer loop
      vertex -40.8351 0.482159 3.95921
      vertex -41.0527 0.807744 4.10938
      vertex -41.1491 0.663432 4.10938
    endloop
  endfacet
  facet normal 0.38251 -0.0251782 0.923608
    outer loop
      vertex -40.9643 0 3.95921
      vertex -41.3155 0.17319 4.10938
      vertex -41.3269 0 4.10938
    endloop
  endfacet
  facet normal 0.491214 0.0978629 0.865524
    outer loop
      vertex -41.6099 -0.431376 4.30559
      vertex -41.2817 -0.343418 4.10938
      vertex -41.6525 -0.217549 4.30559
    endloop
  endfacet
  facet normal 0.288381 0.252694 0.92357
    outer loop
      vertex -40.6819 -0.681875 3.95921
      vertex -40.765 -0.587039 3.95921
      vertex -40.9382 -0.938235 4.10938
    endloop
  endfacet
  facet normal 0.376476 0.330286 0.86555
    outer loop
      vertex -41.1785 -1.17854 4.30559
      vertex -41.0527 -0.807744 4.10938
      vertex -41.3223 -1.01463 4.30559
    endloop
  endfacet
  facet normal -0.072753 -0.108678 0.991411
    outer loop
      vertex 40.1194 0.155663 3.80642
      vertex 40.3563 0.464326 3.85764
      vertex 40.0981 0.169922 3.80642
    endloop
  endfacet
  facet normal 0.108921 -0.0724799 0.991404
    outer loop
      vertex -40.1699 0.0981045 3.80642
      vertex -40.1557 0.119444 3.80642
      vertex -40.4643 0.35629 3.85764
    endloop
  endfacet
  facet normal -0.072753 0.108678 0.991411
    outer loop
      vertex 40.3563 -0.464326 3.85764
      vertex 40.1194 -0.155663 3.80642
      vertex 40.0981 -0.169922 3.80642
    endloop
  endfacet
  facet normal 0.171116 -0.194924 0.965776
    outer loop
      vertex -40.4138 0.413849 3.85764
      vertex -40.3563 0.464326 3.85764
      vertex -40.587 0.765045 3.95921
    endloop
  endfacet
  facet normal 0.169604 -0.343804 0.923598
    outer loop
      vertex -40.369 0.890914 3.95921
      vertex -40.5078 1.22586 4.10938
      vertex -40.6634 1.1491 4.10938
    endloop
  endfacet
  facet normal 0.0833918 -0.245578 0.965783
    outer loop
      vertex -40.1515 0.565328 3.85764
      vertex -40.2496 0.931459 3.95921
      vertex -40.369 0.890914 3.95921
    endloop
  endfacet
  facet normal 0.0748055 -0.376019 0.923588
    outer loop
      vertex -40.2496 0.931459 3.95921
      vertex -40.1259 0.956068 3.95921
      vertex -40.3434 1.28165 4.10938
    endloop
  endfacet
  facet normal 0.114798 -0.23258 0.965778
    outer loop
      vertex -40.2926 0.506859 3.85764
      vertex -40.224 0.540719 3.85764
      vertex -40.369 0.890914 3.95921
    endloop
  endfacet
  facet normal 0.0578933 -0.117291 0.991409
    outer loop
      vertex -40.0981 0.169922 3.80642
      vertex -40.224 0.540719 3.85764
      vertex -40.2926 0.506859 3.85764
    endloop
  endfacet
  facet normal 0.144151 -0.215571 0.96579
    outer loop
      vertex -40.2926 0.506859 3.85764
      vertex -40.4822 0.835124 3.95921
      vertex -40.587 0.765045 3.95921
    endloop
  endfacet
  facet normal 0.0862894 -0.0982951 0.991409
    outer loop
      vertex -40.1387 0.138741 3.80642
      vertex -40.3563 0.464326 3.85764
      vertex -40.4138 0.413849 3.85764
    endloop
  endfacet
  facet normal 0.255224 0.751886 0.607888
    outer loop
      vertex -40.6191 -2.31062 5
      vertex -40.5838 -2.17866 4.82196
      vertex -40.7958 -2.25064 5
    endloop
  endfacet
  facet normal 0.255202 0.751908 0.60787
    outer loop
      vertex -40.8632 -2.08383 4.82196
      vertex -40.7958 -2.25064 5
      vertex -40.5838 -2.17866 4.82196
    endloop
  endfacet
  facet normal 0.255246 0.751907 0.607853
    outer loop
      vertex -40.7958 -2.25064 5
      vertex -40.8632 -2.08383 4.82196
      vertex -40.9154 -2.21004 5
    endloop
  endfacet
  facet normal 0.35113 -0.712216 0.607829
    outer loop
      vertex -40.8632 2.08383 4.82196
      vertex -40.9154 2.21004 5
      vertex -41.0828 2.12751 5
    endloop
  endfacet
  facet normal 0.778853 -0.154914 0.607774
    outer loop
      vertex -42.1787 0.583771 4.82196
      vertex -42.3106 0.619129 5
      vertex -42.347 0.436123 5
    endloop
  endfacet
  facet normal 0.706325 -0.0462339 0.706376
    outer loop
      vertex -41.978 0 4.54448
      vertex -41.9611 0.258185 4.54448
      vertex -42.2555 0 4.82196
    endloop
  endfacet
  facet normal 0.0463059 -0.706344 0.706352
    outer loop
      vertex -40.2582 1.96111 4.54448
      vertex -40 2.25552 4.82196
      vertex -40.2944 2.23622 4.82196
    endloop
  endfacet
  facet normal 0.138085 -0.694265 0.706349
    outer loop
      vertex -40.2582 1.96111 4.54448
      vertex -40.2944 2.23622 4.82196
      vertex -40.5838 2.17866 4.82196
    endloop
  endfacet
  facet normal -0.0519119 -0.792294 0.607927
    outer loop
      vertex 40.1862 2.37993 5
      vertex 40 2.39213 5
      vertex 40 2.25552 4.82196
    endloop
  endfacet
  facet normal -0.086223 -0.0983397 0.991411
    outer loop
      vertex 40.1387 0.138741 3.80642
      vertex 40.3563 0.464326 3.85764
      vertex 40.1194 0.155663 3.80642
    endloop
  endfacet
  facet normal -0.128259 0.0256225 0.99141
    outer loop
      vertex 40.5653 -0.151479 3.85764
      vertex 40.5803 -0.0763931 3.85764
      vertex 40.1895 -0.0507822 3.80642
    endloop
  endfacet
  facet normal -0.254338 0.0508095 0.96578
    outer loop
      vertex 40.9561 -0.125869 3.95921
      vertex 40.5803 -0.0763931 3.85764
      vertex 40.5653 -0.151479 3.85764
    endloop
  endfacet
  facet normal -0.252769 0.288254 0.923589
    outer loop
      vertex 40.8077 -1.05267 4.10938
      vertex 40.9382 -0.938235 4.10938
      vertex 40.587 -0.765045 3.95921
    endloop
  endfacet
  facet normal -0.288381 0.252694 0.92357
    outer loop
      vertex 40.9382 -0.938235 4.10938
      vertex 40.765 -0.587039 3.95921
      vertex 40.6819 -0.681875 3.95921
    endloop
  endfacet
  facet normal -0.318691 0.213008 0.923615
    outer loop
      vertex 41.0527 -0.807744 4.10938
      vertex 40.8351 -0.482159 3.95921
      vertex 40.765 -0.587039 3.95921
    endloop
  endfacet
  facet normal -0.21565 0.144137 0.965774
    outer loop
      vertex 40.765 -0.587039 3.95921
      vertex 40.8351 -0.482159 3.95921
      vertex 40.5069 -0.292635 3.85764
    endloop
  endfacet
  facet normal -0.0420537 0.123852 0.991409
    outer loop
      vertex 40.224 -0.540719 3.85764
      vertex 40.0751 -0.181273 3.80642
      vertex 40.0508 -0.189524 3.80642
    endloop
  endfacet
  facet normal 0.670313 -0.227693 0.706283
    outer loop
      vertex -41.8275 0.756962 4.54448
      vertex -42.0838 0.86315 4.82196
      vertex -42.1787 0.583771 4.82196
    endloop
  endfacet
  facet normal 0.449197 -0.221459 0.865551
    outer loop
      vertex -41.1491 0.663432 4.10938
      vertex -41.4434 0.833355 4.30559
      vertex -41.5398 0.637822 4.30559
    endloop
  endfacet
  facet normal 0.252769 -0.288254 0.923589
    outer loop
      vertex -40.587 0.765045 3.95921
      vertex -40.8077 1.05267 4.10938
      vertex -40.9382 0.938235 4.10938
    endloop
  endfacet
  facet normal 0.215534 -0.144242 0.965784
    outer loop
      vertex -40.5069 0.292635 3.85764
      vertex -40.4643 0.35629 3.85764
      vertex -40.765 0.587039 3.95921
    endloop
  endfacet
  facet normal 0.19496 -0.171051 0.965781
    outer loop
      vertex -40.4643 0.35629 3.85764
      vertex -40.4138 0.413849 3.85764
      vertex -40.765 0.587039 3.95921
    endloop
  endfacet
  facet normal -0.318691 -0.213008 0.923615
    outer loop
      vertex 40.8351 0.482159 3.95921
      vertex 41.0527 0.807744 4.10938
      vertex 40.765 0.587039 3.95921
    endloop
  endfacet
  facet normal -0.118891 -0.597871 0.792726
    outer loop
      vertex 40.4314 1.60992 4.30559
      vertex 40.512 1.91064 4.54448
      vertex 40.2582 1.96111 4.54448
    endloop
  endfacet
  facet normal -0.0398842 -0.608276 0.792723
    outer loop
      vertex 40.2175 1.65245 4.30559
      vertex 40.2582 1.96111 4.54448
      vertex 40 1.97804 4.54448
    endloop
  endfacet
  facet normal -0.227549 -0.670308 0.706335
    outer loop
      vertex 40.757 1.82747 4.54448
      vertex 40.5838 2.17866 4.82196
      vertex 40.512 1.91064 4.54448
    endloop
  endfacet
  facet normal -0.313128 -0.634793 0.706391
    outer loop
      vertex 40.989 1.71303 4.54448
      vertex 41.1278 1.95334 4.82196
      vertex 40.757 1.82747 4.54448
    endloop
  endfacet
  facet normal -0.123197 -0.363033 0.923596
    outer loop
      vertex 40.369 0.890914 3.95921
      vertex 40.5078 1.22586 4.10938
      vertex 40.3434 1.28165 4.10938
    endloop
  endfacet
  facet normal -0.221573 -0.44915 0.865546
    outer loop
      vertex 40.6634 1.1491 4.10938
      vertex 40.6378 1.53984 4.30559
      vertex 40.5078 1.22586 4.10938
    endloop
  endfacet
  facet normal 0.458189 -0.401975 0.792767
    outer loop
      vertex -41.3223 1.01463 4.30559
      vertex -41.1785 1.17854 4.30559
      vertex -41.3987 1.39868 4.54448
    endloop
  endfacet
  facet normal 0.466782 -0.532176 0.706331
    outer loop
      vertex -41.2042 1.56928 4.54448
      vertex -41.3731 1.78942 4.82196
      vertex -41.3987 1.39868 4.54448
    endloop
  endfacet
  facet normal 0.382618 -0.0249265 0.92357
    outer loop
      vertex -40.9643 0 3.95921
      vertex -40.9561 0.125869 3.95921
      vertex -41.3155 0.17319 4.10938
    endloop
  endfacet
  facet normal 0.499784 -0.0326222 0.865535
    outer loop
      vertex -41.3269 0 4.10938
      vertex -41.6525 0.217549 4.30559
      vertex -41.6667 0 4.30559
    endloop
  endfacet
  facet normal 0.338618 -0.506927 0.792694
    outer loop
      vertex -40.8334 1.44341 4.30559
      vertex -40.989 1.71303 4.54448
      vertex -41.2042 1.56928 4.54448
    endloop
  endfacet
  facet normal 0.39316 -0.588578 0.7064
    outer loop
      vertex -40.989 1.71303 4.54448
      vertex -41.1278 1.95334 4.82196
      vertex -41.2042 1.56928 4.54448
    endloop
  endfacet
  facet normal 0.161007 -0.474198 0.865571
    outer loop
      vertex -40.3434 1.28165 4.10938
      vertex -40.4314 1.60992 4.30559
      vertex -40.6378 1.53984 4.30559
    endloop
  endfacet
  facet normal 0.195977 -0.577193 0.792743
    outer loop
      vertex -40.6378 1.53984 4.30559
      vertex -40.4314 1.60992 4.30559
      vertex -40.757 1.82747 4.54448
    endloop
  endfacet
  facet normal 0.491141 0.0975195 0.865604
    outer loop
      vertex -41.2817 -0.343418 4.10938
      vertex -41.3155 -0.17319 4.10938
      vertex -41.6525 -0.217549 4.30559
    endloop
  endfacet
  facet normal 0.458304 0.401926 0.792725
    outer loop
      vertex -41.3987 -1.39868 4.54448
      vertex -41.3223 -1.01463 4.30559
      vertex -41.5693 -1.20415 4.54448
    endloop
  endfacet
  facet normal 0.458189 0.401975 0.792767
    outer loop
      vertex -41.1785 -1.17854 4.30559
      vertex -41.3223 -1.01463 4.30559
      vertex -41.3987 -1.39868 4.54448
    endloop
  endfacet
  facet normal -0.458189 0.401975 0.792767
    outer loop
      vertex 41.3987 -1.39868 4.54448
      vertex 41.3223 -1.01463 4.30559
      vertex 41.1785 -1.17854 4.30559
    endloop
  endfacet
  facet normal -0.330191 0.376545 0.865556
    outer loop
      vertex 41.1785 -1.17854 4.30559
      vertex 40.9382 -0.938235 4.10938
      vertex 40.8077 -1.05267 4.10938
    endloop
  endfacet
  facet normal -0.499648 0.0328886 0.865604
    outer loop
      vertex 41.6525 -0.217549 4.30559
      vertex 41.3269 0 4.10938
      vertex 41.3155 -0.17319 4.10938
    endloop
  endfacet
  facet normal -0.499784 0.0326222 0.865535
    outer loop
      vertex 41.6525 -0.217549 4.30559
      vertex 41.6667 0 4.30559
      vertex 41.3269 0 4.10938
    endloop
  endfacet
  facet normal -0.441225 -0.660177 0.607854
    outer loop
      vertex 41.3731 1.78942 4.82196
      vertex 41.4562 1.89781 5
      vertex 41.3011 2.00147 5
    endloop
  endfacet
  facet normal -0.351195 -0.712133 0.607888
    outer loop
      vertex 41.1278 1.95334 4.82196
      vertex 41.0828 2.12751 5
      vertex 40.8632 2.08383 4.82196
    endloop
  endfacet
  facet normal -0.351108 -0.712146 0.607923
    outer loop
      vertex 41.0828 2.12751 5
      vertex 41.1278 1.95334 4.82196
      vertex 41.1961 2.07165 5
    endloop
  endfacet
  facet normal -0.313083 -0.634852 0.706358
    outer loop
      vertex 41.1278 1.95334 4.82196
      vertex 40.8632 2.08383 4.82196
      vertex 40.757 1.82747 4.54448
    endloop
  endfacet
  facet normal -0.144151 -0.215571 0.96579
    outer loop
      vertex 40.587 0.765045 3.95921
      vertex 40.4822 0.835124 3.95921
      vertex 40.2926 0.506859 3.85764
    endloop
  endfacet
  facet normal -0.144028 -0.215705 0.965778
    outer loop
      vertex 40.3563 0.464326 3.85764
      vertex 40.587 0.765045 3.95921
      vertex 40.2926 0.506859 3.85764
    endloop
  endfacet
  facet normal -0.130506 -0.00866305 0.99141
    outer loop
      vertex 40.1962 0 3.80642
      vertex 40.5853 0 3.85764
      vertex 40.1945 0.02561 3.80642
    endloop
  endfacet
  facet normal -0.0169582 -0.258793 0.965784
    outer loop
      vertex 40.1259 0.956068 3.95921
      vertex 40 0.964318 3.95921
      vertex 40 0.585271 3.85764
    endloop
  endfacet
  facet normal -0.577134 -0.195969 0.792788
    outer loop
      vertex 41.6099 0.431376 4.30559
      vertex 41.8275 0.756962 4.54448
      vertex 41.5398 0.637822 4.30559
    endloop
  endfacet
  facet normal -0.449197 -0.221459 0.865551
    outer loop
      vertex 41.5398 0.637822 4.30559
      vertex 41.4434 0.833355 4.30559
      vertex 41.1491 0.663432 4.10938
    endloop
  endfacet
  facet normal -0.532226 -0.466755 0.706311
    outer loop
      vertex 41.5693 1.20415 4.54448
      vertex 41.7894 1.37307 4.82196
      vertex 41.3987 1.39868 4.54448
    endloop
  endfacet
  facet normal -0.660101 -0.441036 0.608075
    outer loop
      vertex 41.9533 1.12776 4.82196
      vertex 42.0015 1.30109 5
      vertex 41.7894 1.37307 4.82196
    endloop
  endfacet
  facet normal -0.66039 -0.440805 0.607928
    outer loop
      vertex 42.0015 1.30109 5
      vertex 41.9533 1.12776 4.82196
      vertex 42.0716 1.19607 5
    endloop
  endfacet
  facet normal -0.195977 -0.577193 0.792743
    outer loop
      vertex 40.6378 1.53984 4.30559
      vertex 40.757 1.82747 4.54448
      vertex 40.4314 1.60992 4.30559
    endloop
  endfacet
  facet normal -0.269682 -0.546716 0.7927
    outer loop
      vertex 40.8334 1.44341 4.30559
      vertex 40.989 1.71303 4.54448
      vertex 40.757 1.82747 4.54448
    endloop
  endfacet
  facet normal -0.38251 0.0251782 0.923608
    outer loop
      vertex 41.3155 -0.17319 4.10938
      vertex 41.3269 0 4.10938
      vertex 40.9643 0 3.95921
    endloop
  endfacet
  facet normal -0.382618 0.0249265 0.92357
    outer loop
      vertex 41.3155 -0.17319 4.10938
      vertex 40.9643 0 3.95921
      vertex 40.9561 -0.125869 3.95921
    endloop
  endfacet
  facet normal -0.318778 -0.212943 0.9236
    outer loop
      vertex 41.1491 0.663432 4.10938
      vertex 41.0527 0.807744 4.10938
      vertex 40.8351 0.482159 3.95921
    endloop
  endfacet
  facet normal -0.330191 -0.376545 0.865556
    outer loop
      vertex 40.9382 0.938235 4.10938
      vertex 41.1785 1.17854 4.30559
      vertex 40.8077 1.05267 4.10938
    endloop
  endfacet
  facet normal -0.401916 -0.458254 0.792759
    outer loop
      vertex 41.1785 1.17854 4.30559
      vertex 41.3987 1.39868 4.54448
      vertex 41.0146 1.32229 4.30559
    endloop
  endfacet
  facet normal -0.751882 -0.255216 0.607897
    outer loop
      vertex 42.0838 0.86315 4.82196
      vertex 42.2506 0.795819 5
      vertex 42.21 0.915429 5
    endloop
  endfacet
  facet normal -0.751878 -0.255399 0.607824
    outer loop
      vertex 42.2506 0.795819 5
      vertex 42.0838 0.86315 4.82196
      vertex 42.1787 0.583771 4.82196
    endloop
  endfacet
  facet normal -0.712175 -0.351085 0.607902
    outer loop
      vertex 42.21 0.915429 5
      vertex 42.1275 1.08278 5
      vertex 42.0838 0.86315 4.82196
    endloop
  endfacet
  facet normal -0.778853 0.154914 0.607774
    outer loop
      vertex 42.3106 -0.619129 5
      vertex 42.347 -0.436123 5
      vertex 42.1787 -0.583771 4.82196
    endloop
  endfacet
  facet normal -0.506912 0.338598 0.792711
    outer loop
      vertex 41.5693 -1.20415 4.54448
      vertex 41.713 -0.989018 4.54448
      vertex 41.4434 -0.833355 4.30559
    endloop
  endfacet
  facet normal -0.588627 0.39318 0.706348
    outer loop
      vertex 41.9533 -1.12776 4.82196
      vertex 41.713 -0.989018 4.54448
      vertex 41.5693 -1.20415 4.54448
    endloop
  endfacet
  facet normal -0.114798 0.23258 0.965778
    outer loop
      vertex 40.369 -0.890914 3.95921
      vertex 40.2926 -0.506859 3.85764
      vertex 40.224 -0.540719 3.85764
    endloop
  endfacet
  facet normal -0.0833639 0.245596 0.965781
    outer loop
      vertex 40.369 -0.890914 3.95921
      vertex 40.224 -0.540719 3.85764
      vertex 40.1515 -0.565328 3.85764
    endloop
  endfacet
  facet normal 0.39316 0.588578 0.7064
    outer loop
      vertex -41.1278 -1.95334 4.82196
      vertex -40.989 -1.71303 4.54448
      vertex -41.2042 -1.56928 4.54448
    endloop
  endfacet
  facet normal 0.338618 0.506927 0.792694
    outer loop
      vertex -40.989 -1.71303 4.54448
      vertex -40.8334 -1.44341 4.30559
      vertex -41.2042 -1.56928 4.54448
    endloop
  endfacet
  facet normal -0.123197 0.363033 0.923596
    outer loop
      vertex 40.5078 -1.22586 4.10938
      vertex 40.369 -0.890914 3.95921
      vertex 40.3434 -1.28165 4.10938
    endloop
  endfacet
  facet normal -0.169604 0.343804 0.923598
    outer loop
      vertex 40.5078 -1.22586 4.10938
      vertex 40.6634 -1.1491 4.10938
      vertex 40.369 -0.890914 3.95921
    endloop
  endfacet
  facet normal -0.074806 0.376018 0.923588
    outer loop
      vertex 40.1732 -1.31551 4.10938
      vertex 40.3434 -1.28165 4.10938
      vertex 40.1259 -0.956068 3.95921
    endloop
  endfacet
  facet normal -0.0327768 0.499731 0.86556
    outer loop
      vertex 40.2175 -1.65245 4.30559
      vertex 40.1732 -1.31551 4.10938
      vertex 40 -1.32687 4.10938
    endloop
  endfacet
  facet normal -0.227504 0.670302 0.706355
    outer loop
      vertex 40.8632 -2.08383 4.82196
      vertex 40.757 -1.82747 4.54448
      vertex 40.5838 -2.17866 4.82196
    endloop
  endfacet
  facet normal -0.313083 0.634852 0.706358
    outer loop
      vertex 40.8632 -2.08383 4.82196
      vertex 41.1278 -1.95334 4.82196
      vertex 40.757 -1.82747 4.54448
    endloop
  endfacet
  facet normal -0.0977185 0.49119 0.865554
    outer loop
      vertex 40.2175 -1.65245 4.30559
      vertex 40.3434 -1.28165 4.10938
      vertex 40.1732 -1.31551 4.10938
    endloop
  endfacet
  facet normal -0.0976614 0.491177 0.865567
    outer loop
      vertex 40.4314 -1.60992 4.30559
      vertex 40.3434 -1.28165 4.10938
      vertex 40.2175 -1.65245 4.30559
    endloop
  endfacet
  facet normal -0.154899 0.778751 0.607908
    outer loop
      vertex 40.6191 -2.31062 5
      vertex 40.5838 -2.17866 4.82196
      vertex 40.4361 -2.34702 5
    endloop
  endfacet
  facet normal -0.0463059 0.706344 0.706352
    outer loop
      vertex 40.2944 -2.23622 4.82196
      vertex 40.2582 -1.96111 4.54448
      vertex 40 -2.25552 4.82196
    endloop
  endfacet
  facet normal -0.138085 0.694265 0.706349
    outer loop
      vertex 40.2944 -2.23622 4.82196
      vertex 40.5838 -2.17866 4.82196
      vertex 40.2582 -1.96111 4.54448
    endloop
  endfacet
  facet normal 0.221573 0.44915 0.865546
    outer loop
      vertex -40.6378 -1.53984 4.30559
      vertex -40.5078 -1.22586 4.10938
      vertex -40.6634 -1.1491 4.10938
    endloop
  endfacet
  facet normal 0.160942 0.474257 0.865551
    outer loop
      vertex -40.3434 -1.28165 4.10938
      vertex -40.5078 -1.22586 4.10938
      vertex -40.6378 -1.53984 4.30559
    endloop
  endfacet
  facet normal 0.144151 0.215571 0.96579
    outer loop
      vertex -40.4822 -0.835124 3.95921
      vertex -40.2926 -0.506859 3.85764
      vertex -40.587 -0.765045 3.95921
    endloop
  endfacet
  facet normal 0.086223 0.0983397 0.991411
    outer loop
      vertex -40.1194 -0.155663 3.80642
      vertex -40.1387 -0.138741 3.80642
      vertex -40.3563 -0.464326 3.85764
    endloop
  endfacet
  facet normal 0.0505847 0.254363 0.965785
    outer loop
      vertex -40.1259 -0.956068 3.95921
      vertex -40.0764 -0.580263 3.85764
      vertex -40.1515 -0.565328 3.85764
    endloop
  endfacet
  facet normal 0.0833918 0.245578 0.965783
    outer loop
      vertex -40.2496 -0.931459 3.95921
      vertex -40.1515 -0.565328 3.85764
      vertex -40.369 -0.890914 3.95921
    endloop
  endfacet
  facet normal 0.0506034 0.254364 0.965784
    outer loop
      vertex -40.1259 -0.956068 3.95921
      vertex -40.1515 -0.565328 3.85764
      vertex -40.2496 -0.931459 3.95921
    endloop
  endfacet
  facet normal 0.0748055 0.376019 0.923588
    outer loop
      vertex -40.1259 -0.956068 3.95921
      vertex -40.2496 -0.931459 3.95921
      vertex -40.3434 -1.28165 4.10938
    endloop
  endfacet
  facet normal 0.59788 0.118979 0.792706
    outer loop
      vertex -41.9106 -0.511953 4.54448
      vertex -41.6099 -0.431376 4.30559
      vertex -41.9611 -0.258185 4.54448
    endloop
  endfacet
  facet normal 0.778555 0.155224 0.608077
    outer loop
      vertex -42.347 -0.436123 5
      vertex -42.2362 -0.294404 4.82196
      vertex -42.3717 -0.312236 5
    endloop
  endfacet
  facet normal 0.778812 0.154758 0.607866
    outer loop
      vertex -42.2362 -0.294404 4.82196
      vertex -42.347 -0.436123 5
      vertex -42.1787 -0.583771 4.82196
    endloop
  endfacet
  facet normal 0.416447 0.278185 0.865555
    outer loop
      vertex -41.0527 -0.807744 4.10938
      vertex -41.1491 -0.663432 4.10938
      vertex -41.4434 -0.833355 4.30559
    endloop
  endfacet
  facet normal 0.499784 0.0326222 0.865535
    outer loop
      vertex -41.6525 -0.217549 4.30559
      vertex -41.3269 0 4.10938
      vertex -41.6667 0 4.30559
    endloop
  endfacet
  facet normal 0.376071 0.0746717 0.923577
    outer loop
      vertex -41.2817 -0.343418 4.10938
      vertex -40.9561 -0.125869 3.95921
      vertex -41.3155 -0.17319 4.10938
    endloop
  endfacet
  facet normal 0.792302 0.0519403 0.607915
    outer loop
      vertex -42.3799 -0.186192 5
      vertex -42.2362 -0.294404 4.82196
      vertex -42.2555 0 4.82196
    endloop
  endfacet
  facet normal 0.792202 0.051538 0.608079
    outer loop
      vertex -42.2362 -0.294404 4.82196
      vertex -42.3799 -0.186192 5
      vertex -42.3717 -0.312236 5
    endloop
  endfacet
  facet normal 0.546672 -0.269737 0.792712
    outer loop
      vertex -41.4434 0.833355 4.30559
      vertex -41.713 0.989018 4.54448
      vertex -41.8275 0.756962 4.54448
    endloop
  endfacet
  facet normal 0.245518 -0.0834528 0.965793
    outer loop
      vertex -40.5653 0.151479 3.85764
      vertex -40.8909 0.369028 3.95921
      vertex -40.9315 0.249583 3.95921
    endloop
  endfacet
  facet normal 0.245591 -0.0833385 0.965784
    outer loop
      vertex -40.5653 0.151479 3.85764
      vertex -40.5407 0.223973 3.85764
      vertex -40.8909 0.369028 3.95921
    endloop
  endfacet
  facet normal 0.382618 0.0249265 0.92357
    outer loop
      vertex -40.9561 -0.125869 3.95921
      vertex -40.9643 0 3.95921
      vertex -41.3155 -0.17319 4.10938
    endloop
  endfacet
  facet normal 0.258823 -0.0168616 0.965778
    outer loop
      vertex -40.5853 0 3.85764
      vertex -40.9561 0.125869 3.95921
      vertex -40.9643 0 3.95921
    endloop
  endfacet
  facet normal 0.449189 0.221619 0.865514
    outer loop
      vertex -41.1491 -0.663432 4.10938
      vertex -41.2259 -0.50777 4.10938
      vertex -41.5398 -0.637822 4.30559
    endloop
  endfacet
  facet normal 0.362987 0.123381 0.92359
    outer loop
      vertex -40.8909 -0.369028 3.95921
      vertex -40.9315 -0.249583 3.95921
      vertex -41.2817 -0.343418 4.10938
    endloop
  endfacet
  facet normal 0.252769 0.288254 0.923589
    outer loop
      vertex -40.8077 -1.05267 4.10938
      vertex -40.587 -0.765045 3.95921
      vertex -40.9382 -0.938235 4.10938
    endloop
  endfacet
  facet normal 0.330191 0.376545 0.865556
    outer loop
      vertex -40.8077 -1.05267 4.10938
      vertex -40.9382 -0.938235 4.10938
      vertex -41.1785 -1.17854 4.30559
    endloop
  endfacet
  facet normal 0.123197 -0.363033 0.923596
    outer loop
      vertex -40.369 0.890914 3.95921
      vertex -40.3434 1.28165 4.10938
      vertex -40.5078 1.22586 4.10938
    endloop
  endfacet
  facet normal 0.0506034 -0.254364 0.965784
    outer loop
      vertex -40.1515 0.565328 3.85764
      vertex -40.1259 0.956068 3.95921
      vertex -40.2496 0.931459 3.95921
    endloop
  endfacet
  facet normal 0.144028 -0.215705 0.965778
    outer loop
      vertex -40.3563 0.464326 3.85764
      vertex -40.2926 0.506859 3.85764
      vertex -40.587 0.765045 3.95921
    endloop
  endfacet
  facet normal 0.0726344 -0.108782 0.991408
    outer loop
      vertex -40.0981 0.169922 3.80642
      vertex -40.2926 0.506859 3.85764
      vertex -40.3563 0.464326 3.85764
    endloop
  endfacet
  facet normal -0.0169637 -0.258791 0.965784
    outer loop
      vertex 40.0764 0.580263 3.85764
      vertex 40.1259 0.956068 3.95921
      vertex 40 0.585271 3.85764
    endloop
  endfacet
  facet normal 0.138085 0.694265 0.706349
    outer loop
      vertex -40.2944 -2.23622 4.82196
      vertex -40.2582 -1.96111 4.54448
      vertex -40.5838 -2.17866 4.82196
    endloop
  endfacet
  facet normal 0.154928 0.778727 0.607932
    outer loop
      vertex -40.2944 -2.23622 4.82196
      vertex -40.4361 -2.34702 5
      vertex -40.3122 -2.37167 5
    endloop
  endfacet
  facet normal 0.154889 0.778749 0.607914
    outer loop
      vertex -40.4361 -2.34702 5
      vertex -40.2944 -2.23622 4.82196
      vertex -40.5838 -2.17866 4.82196
    endloop
  endfacet
  facet normal 0.255224 -0.751886 0.607888
    outer loop
      vertex -40.5838 2.17866 4.82196
      vertex -40.6191 2.31062 5
      vertex -40.7958 2.25064 5
    endloop
  endfacet
  facet normal -0.154899 -0.778751 0.607908
    outer loop
      vertex 40.5838 2.17866 4.82196
      vertex 40.6191 2.31062 5
      vertex 40.4361 2.34702 5
    endloop
  endfacet
  facet normal -0.154928 -0.778727 0.607932
    outer loop
      vertex 40.2944 2.23622 4.82196
      vertex 40.4361 2.34702 5
      vertex 40.3122 2.37167 5
    endloop
  endfacet
  facet normal -0.154889 -0.778749 0.607914
    outer loop
      vertex 40.4361 2.34702 5
      vertex 40.2944 2.23622 4.82196
      vertex 40.5838 2.17866 4.82196
    endloop
  endfacet
  facet normal -0.108693 0.0727411 0.99141
    outer loop
      vertex 40.4643 -0.35629 3.85764
      vertex 40.5069 -0.292635 3.85764
      vertex 40.1699 -0.0981045 3.80642
    endloop
  endfacet
  facet normal -0.245518 0.0834528 0.965793
    outer loop
      vertex 40.8909 -0.369028 3.95921
      vertex 40.9315 -0.249583 3.95921
      vertex 40.5653 -0.151479 3.85764
    endloop
  endfacet
  facet normal -0.123863 0.0420313 0.991409
    outer loop
      vertex 40.5407 -0.223973 3.85764
      vertex 40.5653 -0.151479 3.85764
      vertex 40.1895 -0.0507822 3.80642
    endloop
  endfacet
  facet normal -0.19496 0.171051 0.965781
    outer loop
      vertex 40.765 -0.587039 3.95921
      vertex 40.4643 -0.35629 3.85764
      vertex 40.4138 -0.413849 3.85764
    endloop
  endfacet
  facet normal -0.376436 0.330305 0.86556
    outer loop
      vertex 41.1785 -1.17854 4.30559
      vertex 41.0527 -0.807744 4.10938
      vertex 40.9382 -0.938235 4.10938
    endloop
  endfacet
  facet normal -0.376476 0.330286 0.86555
    outer loop
      vertex 41.1785 -1.17854 4.30559
      vertex 41.3223 -1.01463 4.30559
      vertex 41.0527 -0.807744 4.10938
    endloop
  endfacet
  facet normal -0.0420537 -0.123852 0.991409
    outer loop
      vertex 40.0751 0.181273 3.80642
      vertex 40.224 0.540719 3.85764
      vertex 40.0508 0.189524 3.80642
    endloop
  endfacet
  facet normal 0.466752 -0.532184 0.706345
    outer loop
      vertex -41.3987 1.39868 4.54448
      vertex -41.3731 1.78942 4.82196
      vertex -41.5949 1.59489 4.82196
    endloop
  endfacet
  facet normal 0.343778 -0.169612 0.923606
    outer loop
      vertex -40.8909 0.369028 3.95921
      vertex -41.1491 0.663432 4.10938
      vertex -41.2259 0.50777 4.10938
    endloop
  endfacet
  facet normal 0.362985 -0.123239 0.923609
    outer loop
      vertex -40.8909 0.369028 3.95921
      vertex -41.2259 0.50777 4.10938
      vertex -41.2817 0.343418 4.10938
    endloop
  endfacet
  facet normal -0.0506034 -0.254364 0.965784
    outer loop
      vertex 40.1515 0.565328 3.85764
      vertex 40.2496 0.931459 3.95921
      vertex 40.1259 0.956068 3.95921
    endloop
  endfacet
  facet normal -0.0833918 -0.245578 0.965783
    outer loop
      vertex 40.369 0.890914 3.95921
      vertex 40.2496 0.931459 3.95921
      vertex 40.1515 0.565328 3.85764
    endloop
  endfacet
  facet normal -0.0977185 -0.49119 0.865554
    outer loop
      vertex 40.3434 1.28165 4.10938
      vertex 40.2175 1.65245 4.30559
      vertex 40.1732 1.31551 4.10938
    endloop
  endfacet
  facet normal -0.0327644 -0.499738 0.865557
    outer loop
      vertex 40.2175 1.65245 4.30559
      vertex 40 1.66671 4.30559
      vertex 40 1.32687 4.10938
    endloop
  endfacet
  facet normal -0.161007 -0.474198 0.865571
    outer loop
      vertex 40.6378 1.53984 4.30559
      vertex 40.4314 1.60992 4.30559
      vertex 40.3434 1.28165 4.10938
    endloop
  endfacet
  facet normal -0.169604 -0.343804 0.923598
    outer loop
      vertex 40.6634 1.1491 4.10938
      vertex 40.5078 1.22586 4.10938
      vertex 40.369 0.890914 3.95921
    endloop
  endfacet
  facet normal 0.401925 -0.458233 0.792766
    outer loop
      vertex -41.0146 1.32229 4.30559
      vertex -41.2042 1.56928 4.54448
      vertex -41.3987 1.39868 4.54448
    endloop
  endfacet
  facet normal 0.338725 -0.506745 0.792764
    outer loop
      vertex -41.0146 1.32229 4.30559
      vertex -40.8334 1.44341 4.30559
      vertex -41.2042 1.56928 4.54448
    endloop
  endfacet
  facet normal 0.288381 -0.252694 0.92357
    outer loop
      vertex -40.765 0.587039 3.95921
      vertex -40.6819 0.681875 3.95921
      vertex -40.9382 0.938235 4.10938
    endloop
  endfacet
  facet normal 0.318691 -0.213008 0.923615
    outer loop
      vertex -40.8351 0.482159 3.95921
      vertex -40.765 0.587039 3.95921
      vertex -41.0527 0.807744 4.10938
    endloop
  endfacet
  facet normal 0.506912 -0.338598 0.792711
    outer loop
      vertex -41.4434 0.833355 4.30559
      vertex -41.5693 1.20415 4.54448
      vertex -41.713 0.989018 4.54448
    endloop
  endfacet
  facet normal 0.588627 -0.39318 0.706348
    outer loop
      vertex -41.713 0.989018 4.54448
      vertex -41.5693 1.20415 4.54448
      vertex -41.9533 1.12776 4.82196
    endloop
  endfacet
  facet normal 0.313128 -0.634793 0.706391
    outer loop
      vertex -40.989 1.71303 4.54448
      vertex -40.757 1.82747 4.54448
      vertex -41.1278 1.95334 4.82196
    endloop
  endfacet
  facet normal 0.269682 -0.546716 0.7927
    outer loop
      vertex -40.8334 1.44341 4.30559
      vertex -40.757 1.82747 4.54448
      vertex -40.989 1.71303 4.54448
    endloop
  endfacet
  facet normal 0.221573 -0.44915 0.865546
    outer loop
      vertex -40.5078 1.22586 4.10938
      vertex -40.6378 1.53984 4.30559
      vertex -40.6634 1.1491 4.10938
    endloop
  endfacet
  facet normal 0.221433 -0.449157 0.865578
    outer loop
      vertex -40.6634 1.1491 4.10938
      vertex -40.6378 1.53984 4.30559
      vertex -40.8334 1.44341 4.30559
    endloop
  endfacet
  facet normal 0.195949 -0.577221 0.79273
    outer loop
      vertex -40.4314 1.60992 4.30559
      vertex -40.512 1.91064 4.54448
      vertex -40.757 1.82747 4.54448
    endloop
  endfacet
  facet normal 0.227549 -0.670308 0.706335
    outer loop
      vertex -40.512 1.91064 4.54448
      vertex -40.5838 2.17866 4.82196
      vertex -40.757 1.82747 4.54448
    endloop
  endfacet
  facet normal 0.393301 0.58856 0.706336
    outer loop
      vertex -41.1278 -1.95334 4.82196
      vertex -41.2042 -1.56928 4.54448
      vertex -41.3731 -1.78942 4.82196
    endloop
  endfacet
  facet normal 0.441214 0.660124 0.60792
    outer loop
      vertex -41.1278 -1.95334 4.82196
      vertex -41.3011 -2.00147 5
      vertex -41.1961 -2.07165 5
    endloop
  endfacet
  facet normal 0.441164 0.660186 0.607889
    outer loop
      vertex -41.3011 -2.00147 5
      vertex -41.1278 -1.95334 4.82196
      vertex -41.3731 -1.78942 4.82196
    endloop
  endfacet
  facet normal 0.712175 0.351085 0.607902
    outer loop
      vertex -42.1275 -1.08278 5
      vertex -42.0838 -0.86315 4.82196
      vertex -42.21 -0.915429 5
    endloop
  endfacet
  facet normal -0.597917 0.119121 0.792657
    outer loop
      vertex 41.9611 -0.258185 4.54448
      vertex 41.6525 -0.217549 4.30559
      vertex 41.6099 -0.431376 4.30559
    endloop
  endfacet
  facet normal -0.491214 0.0978629 0.865524
    outer loop
      vertex 41.6099 -0.431376 4.30559
      vertex 41.6525 -0.217549 4.30559
      vertex 41.2817 -0.343418 4.10938
    endloop
  endfacet
  facet normal -0.59697 -0.523434 0.607984
    outer loop
      vertex 41.7894 1.37307 4.82196
      vertex 41.8978 1.45624 5
      vertex 41.7748 1.59652 5
    endloop
  endfacet
  facet normal -0.35113 -0.712216 0.607829
    outer loop
      vertex 41.0828 2.12751 5
      vertex 40.9154 2.21004 5
      vertex 40.8632 2.08383 4.82196
    endloop
  endfacet
  facet normal -0.255202 -0.751908 0.60787
    outer loop
      vertex 40.8632 2.08383 4.82196
      vertex 40.7958 2.25064 5
      vertex 40.5838 2.17866 4.82196
    endloop
  endfacet
  facet normal -0.255246 -0.751907 0.607853
    outer loop
      vertex 40.7958 2.25064 5
      vertex 40.8632 2.08383 4.82196
      vertex 40.9154 2.21004 5
    endloop
  endfacet
  facet normal -0.074806 -0.376018 0.923588
    outer loop
      vertex 40.3434 1.28165 4.10938
      vertex 40.1732 1.31551 4.10938
      vertex 40.1259 0.956068 3.95921
    endloop
  endfacet
  facet normal -0.0250687 -0.382564 0.923589
    outer loop
      vertex 40.1259 0.956068 3.95921
      vertex 40.1732 1.31551 4.10938
      vertex 40 0.964318 3.95921
    endloop
  endfacet
  facet normal -0.343812 -0.169579 0.9236
    outer loop
      vertex 40.8909 0.369028 3.95921
      vertex 41.1491 0.663432 4.10938
      vertex 40.8351 0.482159 3.95921
    endloop
  endfacet
  facet normal -0.362985 -0.123239 0.923609
    outer loop
      vertex 41.2817 0.343418 4.10938
      vertex 41.2259 0.50777 4.10938
      vertex 40.8909 0.369028 3.95921
    endloop
  endfacet
  facet normal -0.232626 -0.114739 0.965774
    outer loop
      vertex 40.8909 0.369028 3.95921
      vertex 40.8351 0.482159 3.95921
      vertex 40.5069 0.292635 3.85764
    endloop
  endfacet
  facet normal -0.23267 -0.114536 0.965788
    outer loop
      vertex 40.5407 0.223973 3.85764
      vertex 40.8909 0.369028 3.95921
      vertex 40.5069 0.292635 3.85764
    endloop
  endfacet
  facet normal -0.19496 -0.171051 0.965781
    outer loop
      vertex 40.4643 0.35629 3.85764
      vertex 40.765 0.587039 3.95921
      vertex 40.4138 0.413849 3.85764
    endloop
  endfacet
  facet normal -0.195037 -0.170901 0.965792
    outer loop
      vertex 40.765 0.587039 3.95921
      vertex 40.6819 0.681875 3.95921
      vertex 40.4138 0.413849 3.85764
    endloop
  endfacet
  facet normal -0.416444 -0.278203 0.86555
    outer loop
      vertex 41.4434 0.833355 4.30559
      vertex 41.3223 1.01463 4.30559
      vertex 41.0527 0.807744 4.10938
    endloop
  endfacet
  facet normal -0.458304 -0.401926 0.792725
    outer loop
      vertex 41.5693 1.20415 4.54448
      vertex 41.3987 1.39868 4.54448
      vertex 41.3223 1.01463 4.30559
    endloop
  endfacet
  facet normal -0.330213 -0.3765 0.865568
    outer loop
      vertex 41.1785 1.17854 4.30559
      vertex 41.0146 1.32229 4.30559
      vertex 40.8077 1.05267 4.10938
    endloop
  endfacet
  facet normal -0.458189 -0.401975 0.792767
    outer loop
      vertex 41.3223 1.01463 4.30559
      vertex 41.3987 1.39868 4.54448
      vertex 41.1785 1.17854 4.30559
    endloop
  endfacet
  facet normal 0.0578933 0.117291 0.991409
    outer loop
      vertex -40.224 -0.540719 3.85764
      vertex -40.0981 -0.169922 3.80642
      vertex -40.2926 -0.506859 3.85764
    endloop
  endfacet
  facet normal 0.114798 0.23258 0.965778
    outer loop
      vertex -40.224 -0.540719 3.85764
      vertex -40.2926 -0.506859 3.85764
      vertex -40.369 -0.890914 3.95921
    endloop
  endfacet
  facet normal 0.792316 0.0519155 0.607899
    outer loop
      vertex -42.3799 -0.186192 5
      vertex -42.2555 0 4.82196
      vertex -42.3921 0 5
    endloop
  endfacet
  facet normal 0.751878 0.255399 0.607824
    outer loop
      vertex -42.2506 -0.795819 5
      vertex -42.0838 -0.86315 4.82196
      vertex -42.1787 -0.583771 4.82196
    endloop
  endfacet
  facet normal 0.751882 0.255216 0.607897
    outer loop
      vertex -42.0838 -0.86315 4.82196
      vertex -42.2506 -0.795819 5
      vertex -42.21 -0.915429 5
    endloop
  endfacet
  facet normal 0.792316 -0.0519155 0.607899
    outer loop
      vertex -42.2555 0 4.82196
      vertex -42.3799 0.186192 5
      vertex -42.3921 0 5
    endloop
  endfacet
  facet normal 0.792202 -0.051538 0.608079
    outer loop
      vertex -42.3799 0.186192 5
      vertex -42.2362 0.294404 4.82196
      vertex -42.3717 0.312236 5
    endloop
  endfacet
  facet normal 0.792302 -0.0519403 0.607915
    outer loop
      vertex -42.2362 0.294404 4.82196
      vertex -42.3799 0.186192 5
      vertex -42.2555 0 4.82196
    endloop
  endfacet
  facet normal 0.608362 0.0398215 0.79266
    outer loop
      vertex -41.9611 -0.258185 4.54448
      vertex -41.6525 -0.217549 4.30559
      vertex -41.978 0 4.54448
    endloop
  endfacet
  facet normal 0.597917 0.119121 0.792657
    outer loop
      vertex -41.6099 -0.431376 4.30559
      vertex -41.6525 -0.217549 4.30559
      vertex -41.9611 -0.258185 4.54448
    endloop
  endfacet
  facet normal 0.634795 0.313218 0.706349
    outer loop
      vertex -41.713 -0.989018 4.54448
      vertex -41.8275 -0.756962 4.54448
      vertex -41.9533 -1.12776 4.82196
    endloop
  endfacet
  facet normal 0.449197 0.221459 0.865551
    outer loop
      vertex -41.4434 -0.833355 4.30559
      vertex -41.1491 -0.663432 4.10938
      vertex -41.5398 -0.637822 4.30559
    endloop
  endfacet
  facet normal 0.254327 0.0505718 0.965795
    outer loop
      vertex -40.9315 -0.249583 3.95921
      vertex -40.5653 -0.151479 3.85764
      vertex -40.9561 -0.125869 3.95921
    endloop
  endfacet
  facet normal 0.254338 0.0508095 0.96578
    outer loop
      vertex -40.5653 -0.151479 3.85764
      vertex -40.5803 -0.0763931 3.85764
      vertex -40.9561 -0.125869 3.95921
    endloop
  endfacet
  facet normal 0.712175 -0.351085 0.607902
    outer loop
      vertex -42.0838 0.86315 4.82196
      vertex -42.1275 1.08278 5
      vertex -42.21 0.915429 5
    endloop
  endfacet
  facet normal 0.712038 -0.351336 0.607919
    outer loop
      vertex -42.1275 1.08278 5
      vertex -41.9533 1.12776 4.82196
      vertex -42.0716 1.19607 5
    endloop
  endfacet
  facet normal 0.712062 -0.351174 0.607984
    outer loop
      vertex -41.9533 1.12776 4.82196
      vertex -42.1275 1.08278 5
      vertex -42.0838 0.86315 4.82196
    endloop
  endfacet
  facet normal 0.491214 -0.0978629 0.865524
    outer loop
      vertex -41.2817 0.343418 4.10938
      vertex -41.6099 0.431376 4.30559
      vertex -41.6525 0.217549 4.30559
    endloop
  endfacet
  facet normal 0.597917 -0.119121 0.792657
    outer loop
      vertex -41.6525 0.217549 4.30559
      vertex -41.6099 0.431376 4.30559
      vertex -41.9611 0.258185 4.54448
    endloop
  endfacet
  facet normal 0.128259 -0.0256225 0.99141
    outer loop
      vertex -40.1895 0.0507822 3.80642
      vertex -40.5653 0.151479 3.85764
      vertex -40.5803 0.0763931 3.85764
    endloop
  endfacet
  facet normal 0.254338 -0.0508095 0.96578
    outer loop
      vertex -40.5803 0.0763931 3.85764
      vertex -40.5653 0.151479 3.85764
      vertex -40.9561 0.125869 3.95921
    endloop
  endfacet
  facet normal 0.114642 -0.232614 0.965789
    outer loop
      vertex -40.2926 0.506859 3.85764
      vertex -40.369 0.890914 3.95921
      vertex -40.4822 0.835124 3.95921
    endloop
  endfacet
  facet normal 0.169496 -0.343914 0.923577
    outer loop
      vertex -40.4822 0.835124 3.95921
      vertex -40.369 0.890914 3.95921
      vertex -40.6634 1.1491 4.10938
    endloop
  endfacet
  facet normal 0.0420537 -0.123852 0.991409
    outer loop
      vertex -40.0751 0.181273 3.80642
      vertex -40.0508 0.189524 3.80642
      vertex -40.224 0.540719 3.85764
    endloop
  endfacet
  facet normal 0.0578868 -0.117293 0.991409
    outer loop
      vertex -40.0981 0.169922 3.80642
      vertex -40.0751 0.181273 3.80642
      vertex -40.224 0.540719 3.85764
    endloop
  endfacet
  facet normal 0.751882 -0.255216 0.607897
    outer loop
      vertex -42.2506 0.795819 5
      vertex -42.0838 0.86315 4.82196
      vertex -42.21 0.915429 5
    endloop
  endfacet
  facet normal 0.751878 -0.255399 0.607824
    outer loop
      vertex -42.0838 0.86315 4.82196
      vertex -42.2506 0.795819 5
      vertex -42.1787 0.583771 4.82196
    endloop
  endfacet
  facet normal -0.00855546 -0.130519 0.991409
    outer loop
      vertex 40.0256 0.19453 3.80642
      vertex 40.0764 0.580263 3.85764
      vertex 40 0.585271 3.85764
    endloop
  endfacet
  facet normal -0.0420417 -0.123858 0.991409
    outer loop
      vertex 40.224 0.540719 3.85764
      vertex 40.1515 0.565328 3.85764
      vertex 40.0508 0.189524 3.80642
    endloop
  endfacet
  facet normal -0.245591 0.0833385 0.965784
    outer loop
      vertex 40.8909 -0.369028 3.95921
      vertex 40.5653 -0.151479 3.85764
      vertex 40.5407 -0.223973 3.85764
    endloop
  endfacet
  facet normal -0.23267 0.114536 0.965788
    outer loop
      vertex 40.8909 -0.369028 3.95921
      vertex 40.5407 -0.223973 3.85764
      vertex 40.5069 -0.292635 3.85764
    endloop
  endfacet
  facet normal -0.0254847 0.128289 0.991409
    outer loop
      vertex 40.0764 -0.580263 3.85764
      vertex 40.0508 -0.189524 3.80642
      vertex 40.0256 -0.19453 3.80642
    endloop
  endfacet
  facet normal -0.258799 0.0169386 0.965783
    outer loop
      vertex 40.9561 -0.125869 3.95921
      vertex 40.5853 0 3.85764
      vertex 40.5803 -0.0763931 3.85764
    endloop
  endfacet
  facet normal -0.123963 0.0418254 0.991405
    outer loop
      vertex 40.5407 -0.223973 3.85764
      vertex 40.1895 -0.0507822 3.80642
      vertex 40.1813 -0.0750856 3.80642
    endloop
  endfacet
  facet normal -0.0726344 0.108782 0.991408
    outer loop
      vertex 40.2926 -0.506859 3.85764
      vertex 40.3563 -0.464326 3.85764
      vertex 40.0981 -0.169922 3.80642
    endloop
  endfacet
  facet normal -0.00856021 -0.130519 0.991409
    outer loop
      vertex 40.0256 0.19453 3.80642
      vertex 40 0.585271 3.85764
      vertex 40 0.196209 3.80642
    endloop
  endfacet
  facet normal -0.0983214 -0.0862633 0.991409
    outer loop
      vertex 40.4643 0.35629 3.85764
      vertex 40.4138 0.413849 3.85764
      vertex 40.1387 0.138741 3.80642
    endloop
  endfacet
  facet normal -0.128269 -0.0254783 0.991412
    outer loop
      vertex 40.1945 0.02561 3.80642
      vertex 40.5803 0.0763931 3.85764
      vertex 40.1895 0.0507822 3.80642
    endloop
  endfacet
  facet normal -0.123963 -0.0418254 0.991405
    outer loop
      vertex 40.1895 0.0507822 3.80642
      vertex 40.5407 0.223973 3.85764
      vertex 40.1813 0.0750856 3.80642
    endloop
  endfacet
  facet normal -0.252713 0.288355 0.923573
    outer loop
      vertex 40.9382 -0.938235 4.10938
      vertex 40.6819 -0.681875 3.95921
      vertex 40.587 -0.765045 3.95921
    endloop
  endfacet
  facet normal -0.170919 0.195025 0.965791
    outer loop
      vertex 40.587 -0.765045 3.95921
      vertex 40.6819 -0.681875 3.95921
      vertex 40.4138 -0.413849 3.85764
    endloop
  endfacet
  facet normal -0.108921 0.0724799 0.991404
    outer loop
      vertex 40.4643 -0.35629 3.85764
      vertex 40.1699 -0.0981045 3.80642
      vertex 40.1557 -0.119444 3.80642
    endloop
  endfacet
  facet normal -0.128259 -0.0256225 0.99141
    outer loop
      vertex 40.5803 0.0763931 3.85764
      vertex 40.5653 0.151479 3.85764
      vertex 40.1895 0.0507822 3.80642
    endloop
  endfacet
  facet normal -0.401916 0.458254 0.792759
    outer loop
      vertex 41.3987 -1.39868 4.54448
      vertex 41.1785 -1.17854 4.30559
      vertex 41.0146 -1.32229 4.30559
    endloop
  endfacet
  facet normal -0.330213 0.3765 0.865568
    outer loop
      vertex 41.0146 -1.32229 4.30559
      vertex 41.1785 -1.17854 4.30559
      vertex 40.8077 -1.05267 4.10938
    endloop
  endfacet
  facet normal -0.11734 -0.0577624 0.991411
    outer loop
      vertex 40.5407 0.223973 3.85764
      vertex 40.5069 0.292635 3.85764
      vertex 40.1699 0.0981045 3.80642
    endloop
  endfacet
  facet normal -0.269529 -0.546717 0.792751
    outer loop
      vertex 40.8334 1.44341 4.30559
      vertex 40.757 1.82747 4.54448
      vertex 40.6378 1.53984 4.30559
    endloop
  endfacet
  facet normal -0.221433 -0.449157 0.865578
    outer loop
      vertex 40.6634 1.1491 4.10938
      vertex 40.8334 1.44341 4.30559
      vertex 40.6378 1.53984 4.30559
    endloop
  endfacet
  facet normal 0.506879 -0.338618 0.792724
    outer loop
      vertex -41.4434 0.833355 4.30559
      vertex -41.3223 1.01463 4.30559
      vertex -41.5693 1.20415 4.54448
    endloop
  endfacet
  facet normal 0.458304 -0.401926 0.792725
    outer loop
      vertex -41.3223 1.01463 4.30559
      vertex -41.3987 1.39868 4.54448
      vertex -41.5693 1.20415 4.54448
    endloop
  endfacet
  facet normal 0.376436 -0.330305 0.86556
    outer loop
      vertex -41.0527 0.807744 4.10938
      vertex -40.9382 0.938235 4.10938
      vertex -41.1785 1.17854 4.30559
    endloop
  endfacet
  facet normal 0.330191 -0.376545 0.865556
    outer loop
      vertex -40.9382 0.938235 4.10938
      vertex -40.8077 1.05267 4.10938
      vertex -41.1785 1.17854 4.30559
    endloop
  endfacet
  facet normal 0.588615 0.393274 0.706306
    outer loop
      vertex -41.7894 -1.37307 4.82196
      vertex -41.5693 -1.20415 4.54448
      vertex -41.9533 -1.12776 4.82196
    endloop
  endfacet
  facet normal 0.441225 0.660177 0.607854
    outer loop
      vertex -41.3011 -2.00147 5
      vertex -41.3731 -1.78942 4.82196
      vertex -41.4562 -1.89781 5
    endloop
  endfacet
  facet normal 0.66039 0.440805 0.607928
    outer loop
      vertex -42.0015 -1.30109 5
      vertex -41.9533 -1.12776 4.82196
      vertex -42.0716 -1.19607 5
    endloop
  endfacet
  facet normal 0.660101 0.441036 0.608075
    outer loop
      vertex -41.9533 -1.12776 4.82196
      vertex -42.0015 -1.30109 5
      vertex -41.7894 -1.37307 4.82196
    endloop
  endfacet
  facet normal 0.712062 0.351174 0.607984
    outer loop
      vertex -42.1275 -1.08278 5
      vertex -41.9533 -1.12776 4.82196
      vertex -42.0838 -0.86315 4.82196
    endloop
  endfacet
  facet normal 0.712038 0.351336 0.607919
    outer loop
      vertex -41.9533 -1.12776 4.82196
      vertex -42.1275 -1.08278 5
      vertex -42.0716 -1.19607 5
    endloop
  endfacet
  facet normal 0.751936 0.255341 0.607777
    outer loop
      vertex -42.2506 -0.795819 5
      vertex -42.1787 -0.583771 4.82196
      vertex -42.3106 -0.619129 5
    endloop
  endfacet
  facet normal -0.596908 -0.523559 0.607937
    outer loop
      vertex 41.5949 1.59489 4.82196
      vertex 41.7748 1.59652 5
      vertex 41.6915 1.69149 5
    endloop
  endfacet
  facet normal -0.596961 -0.523437 0.607989
    outer loop
      vertex 41.7748 1.59652 5
      vertex 41.5949 1.59489 4.82196
      vertex 41.7894 1.37307 4.82196
    endloop
  endfacet
  facet normal -0.466752 -0.532184 0.706345
    outer loop
      vertex 41.3987 1.39868 4.54448
      vertex 41.5949 1.59489 4.82196
      vertex 41.3731 1.78942 4.82196
    endloop
  endfacet
  facet normal -0.245518 -0.0834528 0.965793
    outer loop
      vertex 40.9315 0.249583 3.95921
      vertex 40.8909 0.369028 3.95921
      vertex 40.5653 0.151479 3.85764
    endloop
  endfacet
  facet normal -0.362987 -0.123381 0.92359
    outer loop
      vertex 40.9315 0.249583 3.95921
      vertex 41.2817 0.343418 4.10938
      vertex 40.8909 0.369028 3.95921
    endloop
  endfacet
  facet normal -0.449189 -0.221619 0.865514
    outer loop
      vertex 41.2259 0.50777 4.10938
      vertex 41.5398 0.637822 4.30559
      vertex 41.1491 0.663432 4.10938
    endloop
  endfacet
  facet normal -0.474293 -0.16103 0.865515
    outer loop
      vertex 41.2817 0.343418 4.10938
      vertex 41.5398 0.637822 4.30559
      vertex 41.2259 0.50777 4.10938
    endloop
  endfacet
  facet normal -0.532243 -0.46669 0.706341
    outer loop
      vertex 41.7894 1.37307 4.82196
      vertex 41.5949 1.59489 4.82196
      vertex 41.3987 1.39868 4.54448
    endloop
  endfacet
  facet normal -0.506879 -0.338618 0.792724
    outer loop
      vertex 41.4434 0.833355 4.30559
      vertex 41.5693 1.20415 4.54448
      vertex 41.3223 1.01463 4.30559
    endloop
  endfacet
  facet normal -0.338725 -0.506745 0.792764
    outer loop
      vertex 41.0146 1.32229 4.30559
      vertex 41.2042 1.56928 4.54448
      vertex 40.8334 1.44341 4.30559
    endloop
  endfacet
  facet normal -0.401925 -0.458233 0.792766
    outer loop
      vertex 41.3987 1.39868 4.54448
      vertex 41.2042 1.56928 4.54448
      vertex 41.0146 1.32229 4.30559
    endloop
  endfacet
  facet normal 0.171116 0.194924 0.965776
    outer loop
      vertex -40.3563 -0.464326 3.85764
      vertex -40.4138 -0.413849 3.85764
      vertex -40.587 -0.765045 3.95921
    endloop
  endfacet
  facet normal 0.0862894 0.0982951 0.991409
    outer loop
      vertex -40.3563 -0.464326 3.85764
      vertex -40.1387 -0.138741 3.80642
      vertex -40.4138 -0.413849 3.85764
    endloop
  endfacet
  facet normal 0.778853 0.154914 0.607774
    outer loop
      vertex -42.3106 -0.619129 5
      vertex -42.1787 -0.583771 4.82196
      vertex -42.347 -0.436123 5
    endloop
  endfacet
  facet normal 0.670264 0.227334 0.706445
    outer loop
      vertex -41.8275 -0.756962 4.54448
      vertex -41.9106 -0.511953 4.54448
      vertex -42.1787 -0.583771 4.82196
    endloop
  endfacet
  facet normal 0.670313 0.227693 0.706283
    outer loop
      vertex -42.0838 -0.86315 4.82196
      vertex -41.8275 -0.756962 4.54448
      vertex -42.1787 -0.583771 4.82196
    endloop
  endfacet
  facet normal 0.546674 0.269517 0.792785
    outer loop
      vertex -41.4434 -0.833355 4.30559
      vertex -41.5398 -0.637822 4.30559
      vertex -41.8275 -0.756962 4.54448
    endloop
  endfacet
  facet normal 0.577134 0.195969 0.792788
    outer loop
      vertex -41.5398 -0.637822 4.30559
      vertex -41.6099 -0.431376 4.30559
      vertex -41.8275 -0.756962 4.54448
    endloop
  endfacet
  facet normal 0.506912 0.338598 0.792711
    outer loop
      vertex -41.5693 -1.20415 4.54448
      vertex -41.4434 -0.833355 4.30559
      vertex -41.713 -0.989018 4.54448
    endloop
  endfacet
  facet normal 0.588627 0.39318 0.706348
    outer loop
      vertex -41.5693 -1.20415 4.54448
      vertex -41.713 -0.989018 4.54448
      vertex -41.9533 -1.12776 4.82196
    endloop
  endfacet
  facet normal 0.474293 0.16103 0.865515
    outer loop
      vertex -41.2259 -0.50777 4.10938
      vertex -41.2817 -0.343418 4.10938
      vertex -41.5398 -0.637822 4.30559
    endloop
  endfacet
  facet normal 0.474279 0.161044 0.865519
    outer loop
      vertex -41.5398 -0.637822 4.30559
      vertex -41.2817 -0.343418 4.10938
      vertex -41.6099 -0.431376 4.30559
    endloop
  endfacet
  facet normal 0.751936 -0.255341 0.607777
    outer loop
      vertex -42.1787 0.583771 4.82196
      vertex -42.2506 0.795819 5
      vertex -42.3106 0.619129 5
    endloop
  endfacet
  facet normal 0.634915 -0.313127 0.706282
    outer loop
      vertex -41.8275 0.756962 4.54448
      vertex -41.9533 1.12776 4.82196
      vertex -42.0838 0.86315 4.82196
    endloop
  endfacet
  facet normal 0.59788 -0.118979 0.792706
    outer loop
      vertex -41.6099 0.431376 4.30559
      vertex -41.9106 0.511953 4.54448
      vertex -41.9611 0.258185 4.54448
    endloop
  endfacet
  facet normal 0.694293 -0.137963 0.706346
    outer loop
      vertex -41.9611 0.258185 4.54448
      vertex -42.1787 0.583771 4.82196
      vertex -42.2362 0.294404 4.82196
    endloop
  endfacet
  facet normal 0.491141 -0.0975195 0.865604
    outer loop
      vertex -41.3155 0.17319 4.10938
      vertex -41.2817 0.343418 4.10938
      vertex -41.6525 0.217549 4.30559
    endloop
  endfacet
  facet normal 0.376071 -0.0746717 0.923577
    outer loop
      vertex -40.9561 0.125869 3.95921
      vertex -41.2817 0.343418 4.10938
      vertex -41.3155 0.17319 4.10938
    endloop
  endfacet
  facet normal 0.577134 -0.195969 0.792788
    outer loop
      vertex -41.6099 0.431376 4.30559
      vertex -41.5398 0.637822 4.30559
      vertex -41.8275 0.756962 4.54448
    endloop
  endfacet
  facet normal 0.474279 -0.161044 0.865519
    outer loop
      vertex -41.2817 0.343418 4.10938
      vertex -41.5398 0.637822 4.30559
      vertex -41.6099 0.431376 4.30559
    endloop
  endfacet
  facet normal -0.258799 -0.0169386 0.965783
    outer loop
      vertex 40.5853 0 3.85764
      vertex 40.9561 0.125869 3.95921
      vertex 40.5803 0.0763931 3.85764
    endloop
  endfacet
  facet normal -0.130499 -0.00854126 0.991412
    outer loop
      vertex 40.5853 0 3.85764
      vertex 40.5803 0.0763931 3.85764
      vertex 40.1945 0.02561 3.80642
    endloop
  endfacet
  facet normal -0.0983214 0.0862633 0.991409
    outer loop
      vertex 40.4138 -0.413849 3.85764
      vertex 40.4643 -0.35629 3.85764
      vertex 40.1387 -0.138741 3.80642
    endloop
  endfacet
  facet normal -0.0981719 0.0864861 0.991404
    outer loop
      vertex 40.4643 -0.35629 3.85764
      vertex 40.1557 -0.119444 3.80642
      vertex 40.1387 -0.138741 3.80642
    endloop
  endfacet
  facet normal -0.0578868 -0.117293 0.991409
    outer loop
      vertex 40.0981 0.169922 3.80642
      vertex 40.224 0.540719 3.85764
      vertex 40.0751 0.181273 3.80642
    endloop
  endfacet
  facet normal 0.523569 -0.596965 0.607873
    outer loop
      vertex -41.5965 1.77478 5
      vertex -41.5949 1.59489 4.82196
      vertex -41.3731 1.78942 4.82196
    endloop
  endfacet
  facet normal 0.523433 -0.597024 0.607931
    outer loop
      vertex -41.5949 1.59489 4.82196
      vertex -41.5965 1.77478 5
      vertex -41.6915 1.69149 5
    endloop
  endfacet
  facet normal 0.376476 -0.330286 0.86555
    outer loop
      vertex -41.0527 0.807744 4.10938
      vertex -41.1785 1.17854 4.30559
      vertex -41.3223 1.01463 4.30559
    endloop
  endfacet
  facet normal 0.416444 -0.278203 0.86555
    outer loop
      vertex -41.0527 0.807744 4.10938
      vertex -41.3223 1.01463 4.30559
      vertex -41.4434 0.833355 4.30559
    endloop
  endfacet
  facet normal 0.532226 0.466755 0.706311
    outer loop
      vertex -41.3987 -1.39868 4.54448
      vertex -41.5693 -1.20415 4.54448
      vertex -41.7894 -1.37307 4.82196
    endloop
  endfacet
  facet normal 0.466752 0.532184 0.706345
    outer loop
      vertex -41.3731 -1.78942 4.82196
      vertex -41.3987 -1.39868 4.54448
      vertex -41.5949 -1.59489 4.82196
    endloop
  endfacet
  facet normal 0.660079 0.441187 0.607988
    outer loop
      vertex -41.8978 -1.45624 5
      vertex -41.7894 -1.37307 4.82196
      vertex -42.0015 -1.30109 5
    endloop
  endfacet
  facet normal -0.215534 -0.144242 0.965784
    outer loop
      vertex 40.5069 0.292635 3.85764
      vertex 40.765 0.587039 3.95921
      vertex 40.4643 0.35629 3.85764
    endloop
  endfacet
  facet normal -0.108693 -0.0727411 0.99141
    outer loop
      vertex 40.5069 0.292635 3.85764
      vertex 40.4643 0.35629 3.85764
      vertex 40.1699 0.0981045 3.80642
    endloop
  endfacet
  facet normal -0.588615 -0.393274 0.706306
    outer loop
      vertex 41.9533 1.12776 4.82196
      vertex 41.7894 1.37307 4.82196
      vertex 41.5693 1.20415 4.54448
    endloop
  endfacet
  facet normal -0.588627 -0.39318 0.706348
    outer loop
      vertex 41.713 0.989018 4.54448
      vertex 41.9533 1.12776 4.82196
      vertex 41.5693 1.20415 4.54448
    endloop
  endfacet
  facet normal 0.499648 0.0328886 0.865604
    outer loop
      vertex -41.3155 -0.17319 4.10938
      vertex -41.3269 0 4.10938
      vertex -41.6525 -0.217549 4.30559
    endloop
  endfacet
  facet normal 0.38251 0.0251782 0.923608
    outer loop
      vertex -41.3155 -0.17319 4.10938
      vertex -40.9643 0 3.95921
      vertex -41.3269 0 4.10938
    endloop
  endfacet
  facet normal 0.362985 0.123239 0.923609
    outer loop
      vertex -41.2259 -0.50777 4.10938
      vertex -40.8909 -0.369028 3.95921
      vertex -41.2817 -0.343418 4.10938
    endloop
  endfacet
  facet normal 0.343778 0.169612 0.923606
    outer loop
      vertex -41.1491 -0.663432 4.10938
      vertex -40.8909 -0.369028 3.95921
      vertex -41.2259 -0.50777 4.10938
    endloop
  endfacet
  facet normal 0.694157 -0.138138 0.706445
    outer loop
      vertex -41.9611 0.258185 4.54448
      vertex -41.9106 0.511953 4.54448
      vertex -42.1787 0.583771 4.82196
    endloop
  endfacet
  facet normal 0.670264 -0.227334 0.706445
    outer loop
      vertex -41.9106 0.511953 4.54448
      vertex -41.8275 0.756962 4.54448
      vertex -42.1787 0.583771 4.82196
    endloop
  endfacet
  facet normal 0.59697 -0.523434 0.607984
    outer loop
      vertex -41.7894 1.37307 4.82196
      vertex -41.7748 1.59652 5
      vertex -41.8978 1.45624 5
    endloop
  endfacet
  facet normal 0.660079 -0.441187 0.607988
    outer loop
      vertex -41.7894 1.37307 4.82196
      vertex -41.8978 1.45624 5
      vertex -42.0015 1.30109 5
    endloop
  endfacet
  facet normal 0.441164 -0.660186 0.607889
    outer loop
      vertex -41.1278 1.95334 4.82196
      vertex -41.3011 2.00147 5
      vertex -41.3731 1.78942 4.82196
    endloop
  endfacet
  facet normal 0.441214 -0.660124 0.60792
    outer loop
      vertex -41.3011 2.00147 5
      vertex -41.1278 1.95334 4.82196
      vertex -41.1961 2.07165 5
    endloop
  endfacet
  facet normal 0.441225 -0.660177 0.607854
    outer loop
      vertex -41.3731 1.78942 4.82196
      vertex -41.3011 2.00147 5
      vertex -41.4562 1.89781 5
    endloop
  endfacet
  facet normal 0.52354 -0.597031 0.607832
    outer loop
      vertex -41.3731 1.78942 4.82196
      vertex -41.4562 1.89781 5
      vertex -41.5965 1.77478 5
    endloop
  endfacet
  facet normal 0 0 1
    outer loop
      vertex 40.1945 0.02561 3.80642
      vertex 40.1945 -0.02561 3.80642
      vertex 40.1962 0 3.80642
    endloop
  endfacet
  facet normal 0 0 1
    outer loop
      vertex 40.1895 0.0507822 3.80642
      vertex 40.1945 -0.02561 3.80642
      vertex 40.1945 0.02561 3.80642
    endloop
  endfacet
  facet normal 0 0 1
    outer loop
      vertex 40.1895 0.0507822 3.80642
      vertex 40.1895 -0.0507822 3.80642
      vertex 40.1945 -0.02561 3.80642
    endloop
  endfacet
  facet normal 0 0 1
    outer loop
      vertex 40.1813 0.0750856 3.80642
      vertex 40.1895 -0.0507822 3.80642
      vertex 40.1895 0.0507822 3.80642
    endloop
  endfacet
  facet normal 0 0 1
    outer loop
      vertex 40.1813 0.0750856 3.80642
      vertex 40.1813 -0.0750856 3.80642
      vertex 40.1895 -0.0507822 3.80642
    endloop
  endfacet
  facet normal 0 0 1
    outer loop
      vertex 40.1699 0.0981045 3.80642
      vertex 40.1813 -0.0750856 3.80642
      vertex 40.1813 0.0750856 3.80642
    endloop
  endfacet
  facet normal 0 0 1
    outer loop
      vertex 40.1699 0.0981045 3.80642
      vertex 40.1699 -0.0981045 3.80642
      vertex 40.1813 -0.0750856 3.80642
    endloop
  endfacet
  facet normal 0 0 1
    outer loop
      vertex 40.1557 0.119444 3.80642
      vertex 40.1699 -0.0981045 3.80642
      vertex 40.1699 0.0981045 3.80642
    endloop
  endfacet
  facet normal 0 0 1
    outer loop
      vertex 40.1557 0.119444 3.80642
      vertex 40.1557 -0.119444 3.80642
      vertex 40.1699 -0.0981045 3.80642
    endloop
  endfacet
  facet normal 0 0 1
    outer loop
      vertex 40.1387 0.138741 3.80642
      vertex 40.1557 -0.119444 3.80642
      vertex 40.1557 0.119444 3.80642
    endloop
  endfacet
  facet normal 0 0 1
    outer loop
      vertex 40.1387 0.138741 3.80642
      vertex 40.1387 -0.138741 3.80642
      vertex 40.1557 -0.119444 3.80642
    endloop
  endfacet
  facet normal 0 0 1
    outer loop
      vertex 40.1194 0.155663 3.80642
      vertex 40.1387 -0.138741 3.80642
      vertex 40.1387 0.138741 3.80642
    endloop
  endfacet
  facet normal 0 0 1
    outer loop
      vertex 40.1194 0.155663 3.80642
      vertex 40.1194 -0.155663 3.80642
      vertex 40.1387 -0.138741 3.80642
    endloop
  endfacet
  facet normal 0 0 1
    outer loop
      vertex 40.0981 0.169922 3.80642
      vertex 40.1194 -0.155663 3.80642
      vertex 40.1194 0.155663 3.80642
    endloop
  endfacet
  facet normal 0 0 1
    outer loop
      vertex 40.0981 0.169922 3.80642
      vertex 40.0981 -0.169922 3.80642
      vertex 40.1194 -0.155663 3.80642
    endloop
  endfacet
  facet normal 0 0 1
    outer loop
      vertex 40.0751 0.181273 3.80642
      vertex 40.0981 -0.169922 3.80642
      vertex 40.0981 0.169922 3.80642
    endloop
  endfacet
  facet normal 0 0 1
    outer loop
      vertex 40.0751 0.181273 3.80642
      vertex 40.0751 -0.181273 3.80642
      vertex 40.0981 -0.169922 3.80642
    endloop
  endfacet
  facet normal 0 0 1
    outer loop
      vertex 40.0508 0.189524 3.80642
      vertex 40.0751 -0.181273 3.80642
      vertex 40.0751 0.181273 3.80642
    endloop
  endfacet
  facet normal 0 0 1
    outer loop
      vertex 40.0508 0.189524 3.80642
      vertex 40.0508 -0.189524 3.80642
      vertex 40.0751 -0.181273 3.80642
    endloop
  endfacet
  facet normal 0 0 1
    outer loop
      vertex 40.0256 0.19453 3.80642
      vertex 40.0508 -0.189524 3.80642
      vertex 40.0508 0.189524 3.80642
    endloop
  endfacet
  facet normal 0 0 1
    outer loop
      vertex 40.0256 0.19453 3.80642
      vertex 40.0256 -0.19453 3.80642
      vertex 40.0508 -0.189524 3.80642
    endloop
  endfacet
  facet normal 0 0 1
    outer loop
      vertex 40 0.196209 3.80642
      vertex 40.0256 -0.19453 3.80642
      vertex 40.0256 0.19453 3.80642
    endloop
  endfacet
  facet normal 0 0 1
    outer loop
      vertex 40 0.196209 3.80642
      vertex 40 -0.196209 3.80642
      vertex 40.0256 -0.19453 3.80642
    endloop
  endfacet
  facet normal -0 0 1
    outer loop
      vertex -40 0.196209 3.80642
      vertex 40 -0.196209 3.80642
      vertex 40 0.196209 3.80642
    endloop
  endfacet
  facet normal 0 0 1
    outer loop
      vertex -40 0.196209 3.80642
      vertex -40 -0.196209 3.80642
      vertex 40 -0.196209 3.80642
    endloop
  endfacet
  facet normal -0 0 1
    outer loop
      vertex -40.0256 0.19453 3.80642
      vertex -40 -0.196209 3.80642
      vertex -40 0.196209 3.80642
    endloop
  endfacet
  facet normal 0 0 1
    outer loop
      vertex -40.0256 0.19453 3.80642
      vertex -40.0256 -0.19453 3.80642
      vertex -40 -0.196209 3.80642
    endloop
  endfacet
  facet normal -0 0 1
    outer loop
      vertex -40.0508 0.189524 3.80642
      vertex -40.0256 -0.19453 3.80642
      vertex -40.0256 0.19453 3.80642
    endloop
  endfacet
  facet normal 0 0 1
    outer loop
      vertex -40.0508 0.189524 3.80642
      vertex -40.0508 -0.189524 3.80642
      vertex -40.0256 -0.19453 3.80642
    endloop
  endfacet
  facet normal -0 0 1
    outer loop
      vertex -40.0751 0.181273 3.80642
      vertex -40.0508 -0.189524 3.80642
      vertex -40.0508 0.189524 3.80642
    endloop
  endfacet
  facet normal 0 0 1
    outer loop
      vertex -40.0751 0.181273 3.80642
      vertex -40.0751 -0.181273 3.80642
      vertex -40.0508 -0.189524 3.80642
    endloop
  endfacet
  facet normal -0 0 1
    outer loop
      vertex -40.0981 0.169922 3.80642
      vertex -40.0751 -0.181273 3.80642
      vertex -40.0751 0.181273 3.80642
    endloop
  endfacet
  facet normal 0 0 1
    outer loop
      vertex -40.0981 0.169922 3.80642
      vertex -40.0981 -0.169922 3.80642
      vertex -40.0751 -0.181273 3.80642
    endloop
  endfacet
  facet normal -0 0 1
    outer loop
      vertex -40.1194 0.155663 3.80642
      vertex -40.0981 -0.169922 3.80642
      vertex -40.0981 0.169922 3.80642
    endloop
  endfacet
  facet normal 0 0 1
    outer loop
      vertex -40.1194 0.155663 3.80642
      vertex -40.1194 -0.155663 3.80642
      vertex -40.0981 -0.169922 3.80642
    endloop
  endfacet
  facet normal -0 0 1
    outer loop
      vertex -40.1387 0.138741 3.80642
      vertex -40.1194 -0.155663 3.80642
      vertex -40.1194 0.155663 3.80642
    endloop
  endfacet
  facet normal 0 0 1
    outer loop
      vertex -40.1387 0.138741 3.80642
      vertex -40.1387 -0.138741 3.80642
      vertex -40.1194 -0.155663 3.80642
    endloop
  endfacet
  facet normal -0 0 1
    outer loop
      vertex -40.1557 0.119444 3.80642
      vertex -40.1387 -0.138741 3.80642
      vertex -40.1387 0.138741 3.80642
    endloop
  endfacet
  facet normal 0 0 1
    outer loop
      vertex -40.1557 0.119444 3.80642
      vertex -40.1557 -0.119444 3.80642
      vertex -40.1387 -0.138741 3.80642
    endloop
  endfacet
  facet normal -0 0 1
    outer loop
      vertex -40.1699 0.0981045 3.80642
      vertex -40.1557 -0.119444 3.80642
      vertex -40.1557 0.119444 3.80642
    endloop
  endfacet
  facet normal 0 0 1
    outer loop
      vertex -40.1699 0.0981045 3.80642
      vertex -40.1699 -0.0981045 3.80642
      vertex -40.1557 -0.119444 3.80642
    endloop
  endfacet
  facet normal -0 0 1
    outer loop
      vertex -40.1813 0.0750856 3.80642
      vertex -40.1699 -0.0981045 3.80642
      vertex -40.1699 0.0981045 3.80642
    endloop
  endfacet
  facet normal 0 0 1
    outer loop
      vertex -40.1813 0.0750856 3.80642
      vertex -40.1813 -0.0750856 3.80642
      vertex -40.1699 -0.0981045 3.80642
    endloop
  endfacet
  facet normal -0 0 1
    outer loop
      vertex -40.1895 0.0507822 3.80642
      vertex -40.1813 -0.0750856 3.80642
      vertex -40.1813 0.0750856 3.80642
    endloop
  endfacet
  facet normal 0 0 1
    outer loop
      vertex -40.1895 0.0507822 3.80642
      vertex -40.1895 -0.0507822 3.80642
      vertex -40.1813 -0.0750856 3.80642
    endloop
  endfacet
  facet normal -0 0 1
    outer loop
      vertex -40.1945 0.02561 3.80642
      vertex -40.1895 -0.0507822 3.80642
      vertex -40.1895 0.0507822 3.80642
    endloop
  endfacet
  facet normal 0 0 1
    outer loop
      vertex -40.1945 0.02561 3.80642
      vertex -40.1945 -0.02561 3.80642
      vertex -40.1895 -0.0507822 3.80642
    endloop
  endfacet
  facet normal 0 -0 1
    outer loop
      vertex -40.1945 -0.02561 3.80642
      vertex -40.1945 0.02561 3.80642
      vertex -40.1962 0 3.80642
    endloop
  endfacet
  facet normal 0.258823 0.0168616 0.965778
    outer loop
      vertex -40.9561 -0.125869 3.95921
      vertex -40.5853 0 3.85764
      vertex -40.9643 0 3.95921
    endloop
  endfacet
  facet normal 0.258799 0.0169386 0.965783
    outer loop
      vertex -40.5803 -0.0763931 3.85764
      vertex -40.5853 0 3.85764
      vertex -40.9561 -0.125869 3.95921
    endloop
  endfacet
  facet normal 0.532226 -0.466755 0.706311
    outer loop
      vertex -41.5693 1.20415 4.54448
      vertex -41.3987 1.39868 4.54448
      vertex -41.7894 1.37307 4.82196
    endloop
  endfacet
  facet normal 0.588615 -0.393274 0.706306
    outer loop
      vertex -41.5693 1.20415 4.54448
      vertex -41.7894 1.37307 4.82196
      vertex -41.9533 1.12776 4.82196
    endloop
  endfacet
  facet normal 0.532243 0.46669 0.706341
    outer loop
      vertex -41.5949 -1.59489 4.82196
      vertex -41.3987 -1.39868 4.54448
      vertex -41.7894 -1.37307 4.82196
    endloop
  endfacet
  facet normal 0.52354 0.597031 0.607832
    outer loop
      vertex -41.4562 -1.89781 5
      vertex -41.3731 -1.78942 4.82196
      vertex -41.5965 -1.77478 5
    endloop
  endfacet
  facet normal 0.532243 -0.46669 0.706341
    outer loop
      vertex -41.3987 1.39868 4.54448
      vertex -41.5949 1.59489 4.82196
      vertex -41.7894 1.37307 4.82196
    endloop
  endfacet
  facet normal 0.596908 -0.523559 0.607937
    outer loop
      vertex -41.7748 1.59652 5
      vertex -41.5949 1.59489 4.82196
      vertex -41.6915 1.69149 5
    endloop
  endfacet
  facet normal 0.596961 -0.523437 0.607989
    outer loop
      vertex -41.5949 1.59489 4.82196
      vertex -41.7748 1.59652 5
      vertex -41.7894 1.37307 4.82196
    endloop
  endfacet
  facet normal 0.59697 0.523434 0.607984
    outer loop
      vertex -41.7748 -1.59652 5
      vertex -41.7894 -1.37307 4.82196
      vertex -41.8978 -1.45624 5
    endloop
  endfacet
  facet normal 0.523569 0.596965 0.607873
    outer loop
      vertex -41.5949 -1.59489 4.82196
      vertex -41.5965 -1.77478 5
      vertex -41.3731 -1.78942 4.82196
    endloop
  endfacet
  facet normal 0.523433 0.597024 0.607931
    outer loop
      vertex -41.5965 -1.77478 5
      vertex -41.5949 -1.59489 4.82196
      vertex -41.6915 -1.69149 5
    endloop
  endfacet
  facet normal 0.596908 0.523559 0.607937
    outer loop
      vertex -41.5949 -1.59489 4.82196
      vertex -41.7748 -1.59652 5
      vertex -41.6915 -1.69149 5
    endloop
  endfacet
  facet normal 0.596961 0.523437 0.607989
    outer loop
      vertex -41.7748 -1.59652 5
      vertex -41.5949 -1.59489 4.82196
      vertex -41.7894 -1.37307 4.82196
    endloop
  endfacet
  facet normal -0.453995 9.8589e-18 -0.891004
    outer loop
      vertex 54.8089 -6 6.68655
      vertex 58.1189 6 5
      vertex 58.1189 -6 5
    endloop
  endfacet
  facet normal -0.453995 9.8589e-18 -0.891004
    outer loop
      vertex 58.1189 6 5
      vertex 54.8089 -6 6.68655
      vertex 54.8089 6 6.68655
    endloop
  endfacet
  facet normal 0 -1 0
    outer loop
      vertex 58.1189 -6 5
      vertex 55.1721 -6 7.39936
      vertex 54.8089 -6 6.68655
    endloop
  endfacet
  facet normal 0 -1 0
    outer loop
      vertex 55.1721 -6 7.39936
      vertex 58.1189 -6 5
      vertex 59.8811 -6 5
    endloop
  endfacet
  facet normal 0.898327 0.00112901 -0.439326
    outer loop
      vertex 65.8403 -0.331653 8.6118
      vertex 65.8245 -0.0368595 8.58025
      vertex 65.8246 -0.0347109 8.58046
    endloop
  endfacet
  facet normal 0.894753 0.000163209 -0.446561
    outer loop
      vertex 65.8403 -0.331653 8.6118
      vertex 65.8102 -0.331653 8.55149
      vertex 65.8245 -0.0368595 8.58025
    endloop
  endfacet
  facet normal 0.894434 -0.000120614 -0.4472
    outer loop
      vertex 65.7622 -0.650561 8.45568
      vertex 65.8403 -0.331653 8.6118
      vertex 65.8921 -0.650561 8.71549
    endloop
  endfacet
  facet normal 0.894753 -0.000511684 -0.446561
    outer loop
      vertex 65.8403 -0.331653 8.6118
      vertex 65.7622 -0.650561 8.45568
      vertex 65.8102 -0.331653 8.55149
    endloop
  endfacet
  facet normal 0.894434 7.62681e-05 -0.4472
    outer loop
      vertex 65.8921 -0.650561 8.71549
      vertex 65.6929 -0.912456 8.31703
      vertex 65.7622 -0.650561 8.45568
    endloop
  endfacet
  facet normal 0.894438 6.11881e-05 -0.447192
    outer loop
      vertex 65.9763 -0.944468 8.88386
      vertex 65.6929 -0.912456 8.31703
      vertex 65.8921 -0.650561 8.71549
    endloop
  endfacet
  facet normal 0.894418 -0.000826041 -0.447232
    outer loop
      vertex 65.9763 -0.944468 8.88386
      vertex 65.6844 -0.944468 8.30009
      vertex 65.6929 -0.912456 8.31703
    endloop
  endfacet
  facet normal 0.894418 0.000310349 -0.447232
    outer loop
      vertex 65.9763 -0.944468 8.88386
      vertex 65.591 -1.17446 8.11314
      vertex 65.6844 -0.944468 8.30009
    endloop
  endfacet
  facet normal 0.894449 4.85151e-05 -0.447169
    outer loop
      vertex 66.0896 -1.20208 9.11046
      vertex 65.591 -1.17446 8.11314
      vertex 65.9763 -0.944468 8.88386
    endloop
  endfacet
  facet normal 0.894457 0.00074901 -0.447154
    outer loop
      vertex 66.0896 -1.20208 9.11046
      vertex 65.5798 -1.20208 8.09069
      vertex 65.591 -1.17446 8.11314
    endloop
  endfacet
  facet normal 0.894452 -0.00325895 -0.447152
    outer loop
      vertex 66.0896 -1.20208 9.11046
      vertex 65.5661 -1.22466 8.06345
      vertex 65.5798 -1.20208 8.09069
    endloop
  endfacet
  facet normal 0.894429 3.341e-05 -0.447211
    outer loop
      vertex 66.1911 -1.35751 9.31345
      vertex 65.5661 -1.22466 8.06345
      vertex 66.0896 -1.20208 9.11046
    endloop
  endfacet
  facet normal 0.894436 0.000209901 -0.447196
    outer loop
      vertex 66.1911 -1.35751 9.31345
      vertex 65.4522 -1.4135 7.83555
      vertex 65.5661 -1.22466 8.06345
    endloop
  endfacet
  facet normal 0.894417 0.00140341 -0.447231
    outer loop
      vertex 66.1911 -1.35751 9.31345
      vertex 65.437 -1.42993 7.8051
      vertex 65.4522 -1.4135 7.83555
    endloop
  endfacet
  facet normal 0.894457 -0.000613964 -0.447154
    outer loop
      vertex 66.1911 -1.35751 9.31345
      vertex 65.3066 -1.57059 7.54445
      vertex 65.437 -1.42993 7.8051
    endloop
  endfacet
  facet normal 0.894427 5.15374e-06 -0.447214
    outer loop
      vertex 65.8499 -5.77844 8.631
      vertex 65.3066 -1.57059 7.54445
      vertex 66.1911 -1.35751 9.31345
    endloop
  endfacet
  facet normal 0.895232 0.000847294 -0.445599
    outer loop
      vertex 65.8499 -5.77844 8.631
      vertex 64.9845 -1.7 6.90012
      vertex 65.0004 -1.69682 6.93207
    endloop
  endfacet
  facet normal 0.894386 -3.48296e-05 -0.447295
    outer loop
      vertex 65.8499 -5.77844 8.631
      vertex 65.0004 -1.69682 6.93207
      vertex 65.1487 -1.66733 7.2286
    endloop
  endfacet
  facet normal 0.894453 2.18661e-05 -0.447162
    outer loop
      vertex 65.3066 -1.57059 7.54445
      vertex 65.8499 -5.77844 8.631
      vertex 65.1487 -1.66733 7.2286
    endloop
  endfacet
  facet normal 0.89444 -2.83316e-18 -0.447187
    outer loop
      vertex 65.8499 -5.77844 8.631
      vertex 66.1911 -1.35751 9.31345
      vertex 66.1911 -5.75 9.31345
    endloop
  endfacet
  facet normal 0.894427 -9.31804e-06 -0.447215
    outer loop
      vertex 64.9845 -1.7 6.90012
      vertex 65.8499 -5.77844 8.631
      vertex 64.0344 -5.2773 5
    endloop
  endfacet
  facet normal 0.89444 0 -0.447187
    outer loop
      vertex 66.1911 1.35751 9.31345
      vertex 65.8499 5.77844 8.631
      vertex 66.1911 5.75 9.31345
    endloop
  endfacet
  facet normal 0.895232 -0.000847294 -0.445599
    outer loop
      vertex 64.9845 1.7 6.90012
      vertex 65.8499 5.77844 8.631
      vertex 65.0004 1.69682 6.93207
    endloop
  endfacet
  facet normal 0.894427 9.31804e-06 -0.447215
    outer loop
      vertex 65.8499 5.77844 8.631
      vertex 64.9845 1.7 6.90012
      vertex 64.0344 5.2773 5
    endloop
  endfacet
  facet normal 0.894386 3.48296e-05 -0.447295
    outer loop
      vertex 65.8499 5.77844 8.631
      vertex 65.1487 1.66733 7.2286
      vertex 65.0004 1.69682 6.93207
    endloop
  endfacet
  facet normal 0.894453 -2.18661e-05 -0.447162
    outer loop
      vertex 65.8499 5.77844 8.631
      vertex 65.3066 1.57059 7.54445
      vertex 65.1487 1.66733 7.2286
    endloop
  endfacet
  facet normal 0.894427 -5.15374e-06 -0.447214
    outer loop
      vertex 65.8499 5.77844 8.631
      vertex 66.1911 1.35751 9.31345
      vertex 65.3066 1.57059 7.54445
    endloop
  endfacet
  facet normal 0.894457 0.000613964 -0.447154
    outer loop
      vertex 65.3066 1.57059 7.54445
      vertex 66.1911 1.35751 9.31345
      vertex 65.437 1.42993 7.8051
    endloop
  endfacet
  facet normal 0.894417 -0.00140341 -0.447231
    outer loop
      vertex 65.437 1.42993 7.8051
      vertex 66.1911 1.35751 9.31345
      vertex 65.4522 1.4135 7.83555
    endloop
  endfacet
  facet normal 0.894436 -0.000209901 -0.447196
    outer loop
      vertex 66.1911 1.35751 9.31345
      vertex 65.5661 1.22466 8.06345
      vertex 65.4522 1.4135 7.83555
    endloop
  endfacet
  facet normal 0.894429 -3.341e-05 -0.447211
    outer loop
      vertex 66.0896 1.20208 9.11046
      vertex 65.5661 1.22466 8.06345
      vertex 66.1911 1.35751 9.31345
    endloop
  endfacet
  facet normal 0.894452 0.00325895 -0.447152
    outer loop
      vertex 66.0896 1.20208 9.11046
      vertex 65.5798 1.20208 8.09069
      vertex 65.5661 1.22466 8.06345
    endloop
  endfacet
  facet normal 0.894457 -0.00074901 -0.447154
    outer loop
      vertex 66.0896 1.20208 9.11046
      vertex 65.591 1.17446 8.11314
      vertex 65.5798 1.20208 8.09069
    endloop
  endfacet
  facet normal 0.894449 -4.85151e-05 -0.447169
    outer loop
      vertex 65.9763 0.944468 8.88386
      vertex 65.591 1.17446 8.11314
      vertex 66.0896 1.20208 9.11046
    endloop
  endfacet
  facet normal 0.894418 -0.000310349 -0.447232
    outer loop
      vertex 65.9763 0.944468 8.88386
      vertex 65.6844 0.944468 8.30009
      vertex 65.591 1.17446 8.11314
    endloop
  endfacet
  facet normal 0.894418 0.000826041 -0.447232
    outer loop
      vertex 65.9763 0.944468 8.88386
      vertex 65.6929 0.912456 8.31703
      vertex 65.6844 0.944468 8.30009
    endloop
  endfacet
  facet normal 0.894438 -6.11881e-05 -0.447192
    outer loop
      vertex 65.8921 0.650561 8.71549
      vertex 65.6929 0.912456 8.31703
      vertex 65.9763 0.944468 8.88386
    endloop
  endfacet
  facet normal 0.894434 -7.62681e-05 -0.4472
    outer loop
      vertex 65.8921 0.650561 8.71549
      vertex 65.7622 0.650561 8.45568
      vertex 65.6929 0.912456 8.31703
    endloop
  endfacet
  facet normal 0.894434 0.000120614 -0.4472
    outer loop
      vertex 65.8403 0.331653 8.6118
      vertex 65.7622 0.650561 8.45568
      vertex 65.8921 0.650561 8.71549
    endloop
  endfacet
  facet normal 0.894753 0.000511684 -0.446561
    outer loop
      vertex 65.8403 0.331653 8.6118
      vertex 65.8102 0.331653 8.55149
      vertex 65.7622 0.650561 8.45568
    endloop
  endfacet
  facet normal 0.894753 -0.000163209 -0.446561
    outer loop
      vertex 65.8403 0.331653 8.6118
      vertex 65.8245 0.0368595 8.58025
      vertex 65.8102 0.331653 8.55149
    endloop
  endfacet
  facet normal 0.898327 -0.00112901 -0.439326
    outer loop
      vertex 65.8245 0.0368595 8.58025
      vertex 65.8403 0.331653 8.6118
      vertex 65.8246 0.0347109 8.58046
    endloop
  endfacet
  facet normal 0.894335 -0.000111858 -0.447397
    outer loop
      vertex 64.8357 1.67042 6.60268
      vertex 64.0344 5.2773 5
      vertex 64.9845 1.7 6.90012
    endloop
  endfacet
  facet normal 0.894648 0.000235788 -0.446771
    outer loop
      vertex 64.8202 1.66733 6.57164
      vertex 64.0344 5.2773 5
      vertex 64.8357 1.67042 6.60268
    endloop
  endfacet
  facet normal 0.894453 2.28235e-05 -0.447163
    outer loop
      vertex 64.6623 1.57059 6.25579
      vertex 64.0344 5.2773 5
      vertex 64.8202 1.66733 6.57164
    endloop
  endfacet
  facet normal 0.89437 -4.72954e-05 -0.447328
    outer loop
      vertex 64.5297 1.42753 5.99069
      vertex 64.0344 5.2773 5
      vertex 64.6623 1.57059 6.25579
    endloop
  endfacet
  facet normal 0.894429 -9.1802e-06 -0.44721
    outer loop
      vertex 64.5167 1.4135 5.96469
      vertex 64.0344 5.2773 5
      vertex 64.5297 1.42753 5.99069
    endloop
  endfacet
  facet normal 0.894952 0.000317874 -0.446161
    outer loop
      vertex 64.5054 1.3947 5.94201
      vertex 64.0344 5.2773 5
      vertex 64.5167 1.4135 5.96469
    endloop
  endfacet
  facet normal 0.894466 2.236e-05 -0.447136
    outer loop
      vertex 64.3892 1.20208 5.70955
      vertex 64.0344 5.2773 5
      vertex 64.5054 1.3947 5.94201
    endloop
  endfacet
  facet normal 0.894371 -1.89177e-05 -0.447326
    outer loop
      vertex 64.2934 0.966454 5.51802
      vertex 64.0344 5.2773 5
      vertex 64.3892 1.20208 5.70955
    endloop
  endfacet
  facet normal 0.895038 0.000181712 -0.44599
    outer loop
      vertex 64.2845 0.944468 5.50015
      vertex 64.0344 5.2773 5
      vertex 64.2934 0.966454 5.51802
    endloop
  endfacet
  facet normal 0.894757 0.000100368 -0.446554
    outer loop
      vertex 64.2779 0.919463 5.48692
      vertex 64.0344 5.2773 5
      vertex 64.2845 0.944468 5.50015
    endloop
  endfacet
  facet normal 0.894381 -4.81406e-06 -0.447307
    outer loop
      vertex 64.2067 0.650561 5.34456
      vertex 64.0344 5.2773 5
      vertex 64.2779 0.919463 5.48692
    endloop
  endfacet
  facet normal 0.894438 5.88401e-06 -0.447192
    outer loop
      vertex 64.1588 0.331653 5.24875
      vertex 64.0344 5.2773 5
      vertex 64.2067 0.650561 5.34456
    endloop
  endfacet
  facet normal 0.893898 -6.20052e-05 -0.448271
    outer loop
      vertex 64.1439 0.0274687 5.21908
      vertex 64.0344 5.2773 5
      vertex 64.1588 0.331653 5.24875
    endloop
  endfacet
  facet normal 0.898171 0.000387037 -0.439647
    outer loop
      vertex 64.1426 0 5.2164
      vertex 64.0344 5.2773 5
      vertex 64.1439 0.0274687 5.21908
    endloop
  endfacet
  facet normal 0.0156403 0.0978258 0.995081
    outer loop
      vertex 64.1588 -0.331653 5.24875
      vertex 64.1426 0 5.2164
      vertex 64.1439 -0.0274687 5.21908
    endloop
  endfacet
  facet normal 0.894427 2.99373e-19 -0.447214
    outer loop
      vertex 64.1426 0 5.2164
      vertex 64.0344 -5.2773 5
      vertex 64.0344 5.2773 5
    endloop
  endfacet
  facet normal 0.894232 1.99505e-05 -0.447603
    outer loop
      vertex 64.1588 -0.331653 5.24875
      vertex 64.0344 -5.2773 5
      vertex 64.1426 0 5.2164
    endloop
  endfacet
  facet normal 0.894438 -5.88401e-06 -0.447192
    outer loop
      vertex 64.2067 -0.650561 5.34456
      vertex 64.0344 -5.2773 5
      vertex 64.1588 -0.331653 5.24875
    endloop
  endfacet
  facet normal 0.894381 4.81406e-06 -0.447307
    outer loop
      vertex 64.2779 -0.919463 5.48692
      vertex 64.0344 -5.2773 5
      vertex 64.2067 -0.650561 5.34456
    endloop
  endfacet
  facet normal 0.894757 -0.000100368 -0.446554
    outer loop
      vertex 64.2845 -0.944468 5.50015
      vertex 64.0344 -5.2773 5
      vertex 64.2779 -0.919463 5.48692
    endloop
  endfacet
  facet normal 0.895038 -0.000181712 -0.44599
    outer loop
      vertex 64.2934 -0.966454 5.51802
      vertex 64.0344 -5.2773 5
      vertex 64.2845 -0.944468 5.50015
    endloop
  endfacet
  facet normal 0.894371 1.89177e-05 -0.447326
    outer loop
      vertex 64.3892 -1.20208 5.70955
      vertex 64.0344 -5.2773 5
      vertex 64.2934 -0.966454 5.51802
    endloop
  endfacet
  facet normal 0.894466 -2.236e-05 -0.447136
    outer loop
      vertex 64.5054 -1.3947 5.94201
      vertex 64.0344 -5.2773 5
      vertex 64.3892 -1.20208 5.70955
    endloop
  endfacet
  facet normal 0.894952 -0.000317874 -0.446161
    outer loop
      vertex 64.5167 -1.4135 5.96469
      vertex 64.0344 -5.2773 5
      vertex 64.5054 -1.3947 5.94201
    endloop
  endfacet
  facet normal 0.894429 9.1802e-06 -0.44721
    outer loop
      vertex 64.5297 -1.42753 5.99069
      vertex 64.0344 -5.2773 5
      vertex 64.5167 -1.4135 5.96469
    endloop
  endfacet
  facet normal 0.89437 4.72954e-05 -0.447328
    outer loop
      vertex 64.6623 -1.57059 6.25579
      vertex 64.0344 -5.2773 5
      vertex 64.5297 -1.42753 5.99069
    endloop
  endfacet
  facet normal 0.894453 -2.28235e-05 -0.447163
    outer loop
      vertex 64.8202 -1.66733 6.57164
      vertex 64.0344 -5.2773 5
      vertex 64.6623 -1.57059 6.25579
    endloop
  endfacet
  facet normal 0.894648 -0.000235788 -0.446771
    outer loop
      vertex 64.8357 -1.67042 6.60268
      vertex 64.0344 -5.2773 5
      vertex 64.8202 -1.66733 6.57164
    endloop
  endfacet
  facet normal 0.894335 0.000111858 -0.447397
    outer loop
      vertex 64.0344 -5.2773 5
      vertex 64.8357 -1.67042 6.60268
      vertex 64.9845 -1.7 6.90012
    endloop
  endfacet
  facet normal 0.0169112 0.999306 0.0331895
    outer loop
      vertex 65.8499 5.77844 8.631
      vertex 58.1721 5.75 13.3994
      vertex 66.1911 5.75 9.31345
    endloop
  endfacet
  facet normal 0.0169074 0.999306 0.0331834
    outer loop
      vertex 62.3144 5.95883 5
      vertex 58.1721 5.75 13.3994
      vertex 65.8499 5.77844 8.631
    endloop
  endfacet
  facet normal 0.0169077 0.999306 0.0331835
    outer loop
      vertex 58.1721 5.75 13.3994
      vertex 62.3144 5.95883 5
      vertex 59.8811 6 5
    endloop
  endfacet
  facet normal 0.0169079 0.999306 0.0331836
    outer loop
      vertex 58.1721 5.75 13.3994
      vertex 59.8811 6 5
      vertex 55.1721 6 7.39936
    endloop
  endfacet
  facet normal 0.0169112 -0.999306 0.0331895
    outer loop
      vertex 58.1721 -5.75 13.3994
      vertex 65.8499 -5.77844 8.631
      vertex 66.1911 -5.75 9.31345
    endloop
  endfacet
  facet normal 0.0169079 -0.999306 0.0331836
    outer loop
      vertex 59.8811 -6 5
      vertex 58.1721 -5.75 13.3994
      vertex 55.1721 -6 7.39936
    endloop
  endfacet
  facet normal 0.0169077 -0.999306 0.0331835
    outer loop
      vertex 62.3144 -5.95883 5
      vertex 58.1721 -5.75 13.3994
      vertex 59.8811 -6 5
    endloop
  endfacet
  facet normal 0.0169074 -0.999306 0.0331834
    outer loop
      vertex 58.1721 -5.75 13.3994
      vertex 62.3144 -5.95883 5
      vertex 65.8499 -5.77844 8.631
    endloop
  endfacet
  facet normal 0 1 -0
    outer loop
      vertex 58.1189 6 5
      vertex 55.1721 6 7.39936
      vertex 59.8811 6 5
    endloop
  endfacet
  facet normal 0 1 0
    outer loop
      vertex 55.1721 6 7.39936
      vertex 58.1189 6 5
      vertex 54.8089 6 6.68655
    endloop
  endfacet
  facet normal -0.873034 0.199826 0.444839
    outer loop
      vertex 57.8089 5.75 12.6866
      vertex 55.1721 6 7.39936
      vertex 54.8089 6 6.68655
    endloop
  endfacet
  facet normal -0.873008 0.199952 0.444832
    outer loop
      vertex 55.1721 6 7.39936
      vertex 57.8089 5.75 12.6866
      vertex 58.1721 5.75 13.3994
    endloop
  endfacet
  facet normal -0.891001 -1.43339e-18 0.454001
    outer loop
      vertex 57.8089 5.75 12.6866
      vertex 58.1721 1.00124 13.3994
      vertex 58.1721 5.75 13.3994
    endloop
  endfacet
  facet normal -0.890583 0.00015522 0.454821
    outer loop
      vertex 57.8089 5.75 12.6866
      vertex 58.1487 0.944468 13.3536
      vertex 58.1721 1.00124 13.3994
    endloop
  endfacet
  facet normal -0.891601 -0.000194178 0.452823
    outer loop
      vertex 57.8089 5.75 12.6866
      vertex 58.1283 0.86814 13.3134
      vertex 58.1487 0.944468 13.3536
    endloop
  endfacet
  facet normal -0.890848 4.49289e-05 0.454302
    outer loop
      vertex 57.8089 5.75 12.6866
      vertex 58.07 0.650561 13.1991
      vertex 58.1283 0.86814 13.3134
    endloop
  endfacet
  facet normal -0.891171 -3.51989e-05 0.453669
    outer loop
      vertex 57.8089 5.75 12.6866
      vertex 58.0216 0.331653 13.104
      vertex 58.07 0.650561 13.1991
    endloop
  endfacet
  facet normal -0.890379 0.000115358 0.45522
    outer loop
      vertex 57.8089 5.75 12.6866
      vertex 58.0094 0.085487 13.0802
      vertex 58.0216 0.331653 13.104
    endloop
  endfacet
  facet normal -0.89176 -0.000121941 0.452508
    outer loop
      vertex 57.8089 5.75 12.6866
      vertex 58.0052 0 13.0719
      vertex 58.0094 0.085487 13.0802
    endloop
  endfacet
  facet normal -0.891025 0 0.453953
    outer loop
      vertex 57.8089 -5.75 12.6866
      vertex 58.0052 0 13.0719
      vertex 57.8089 5.75 12.6866
    endloop
  endfacet
  facet normal -0.89176 0.000121941 0.452508
    outer loop
      vertex 57.8089 -5.75 12.6866
      vertex 58.0094 -0.085487 13.0802
      vertex 58.0052 0 13.0719
    endloop
  endfacet
  facet normal -0.890379 -0.000115358 0.45522
    outer loop
      vertex 57.8089 -5.75 12.6866
      vertex 58.0216 -0.331653 13.104
      vertex 58.0094 -0.085487 13.0802
    endloop
  endfacet
  facet normal -0.891171 3.51989e-05 0.453669
    outer loop
      vertex 57.8089 -5.75 12.6866
      vertex 58.07 -0.650561 13.1991
      vertex 58.0216 -0.331653 13.104
    endloop
  endfacet
  facet normal -0.890848 -4.49289e-05 0.454302
    outer loop
      vertex 57.8089 -5.75 12.6866
      vertex 58.1283 -0.86814 13.3134
      vertex 58.07 -0.650561 13.1991
    endloop
  endfacet
  facet normal -0.891601 0.000194178 0.452823
    outer loop
      vertex 57.8089 -5.75 12.6866
      vertex 58.1487 -0.944468 13.3536
      vertex 58.1283 -0.86814 13.3134
    endloop
  endfacet
  facet normal -0.890583 -0.00015522 0.454821
    outer loop
      vertex 57.8089 -5.75 12.6866
      vertex 58.1721 -1.00124 13.3994
      vertex 58.1487 -0.944468 13.3536
    endloop
  endfacet
  facet normal -0.891001 0 0.454001
    outer loop
      vertex 58.1721 -1.00124 13.3994
      vertex 57.8089 -5.75 12.6866
      vertex 58.1721 -5.75 13.3994
    endloop
  endfacet
  facet normal -0.894429 2.30263e-17 0.447211
    outer loop
      vertex 54.8089 6 6.68655
      vertex 57.8089 -5.75 12.6866
      vertex 57.8089 5.75 12.6866
    endloop
  endfacet
  facet normal -0.894429 2.20668e-17 0.447211
    outer loop
      vertex 57.8089 -5.75 12.6866
      vertex 54.8089 6 6.68655
      vertex 54.8089 -6 6.68655
    endloop
  endfacet
  facet normal -0.873034 -0.199826 0.444839
    outer loop
      vertex 55.1721 -6 7.39936
      vertex 57.8089 -5.75 12.6866
      vertex 54.8089 -6 6.68655
    endloop
  endfacet
  facet normal -0.873008 -0.199952 0.444832
    outer loop
      vertex 57.8089 -5.75 12.6866
      vertex 55.1721 -6 7.39936
      vertex 58.1721 -5.75 13.3994
    endloop
  endfacet
  facet normal 0.0165434 -0.999336 0.0324678
    outer loop
      vertex 69.0209 -5.5 15.5664
      vertex 58.1721 -5.75 13.3994
      vertex 66.1911 -5.75 9.31345
    endloop
  endfacet
  facet normal 0.0165434 0.999336 0.0324678
    outer loop
      vertex 66.1911 5.75 9.31345
      vertex 58.1721 5.75 13.3994
      vertex 69.0209 5.5 15.5664
    endloop
  endfacet
  facet normal 0.0161214 0.999272 0.0345733
    outer loop
      vertex 69.0209 5.5 15.5664
      vertex 58.1721 5.75 13.3994
      vertex 61.3172 5.5 19.1586
    endloop
  endfacet
  facet normal 0.911049 3.8193e-06 -0.412299
    outer loop
      vertex 69.0209 5.5 15.5664
      vertex 68.1073 1.57059 13.5476
      vertex 66.1911 5.75 9.31345
    endloop
  endfacet
  facet normal 0.91101 -4.05636e-05 -0.412384
    outer loop
      vertex 66.1911 5.75 9.31345
      vertex 66.8732 1.66733 10.8207
      vertex 66.7049 1.7 10.4489
    endloop
  endfacet
  facet normal 0.911039 -2.08281e-05 -0.412319
    outer loop
      vertex 67.035 1.57059 11.1783
      vertex 66.1911 5.75 9.31345
      vertex 68.1073 1.57059 13.5476
    endloop
  endfacet
  facet normal 0.911084 3.18288e-05 -0.412221
    outer loop
      vertex 66.1911 5.75 9.31345
      vertex 67.035 1.57059 11.1783
      vertex 66.8732 1.66733 10.8207
    endloop
  endfacet
  facet normal 0.911037 -0.00237165 -0.412318
    outer loop
      vertex 68.0833 1.54813 13.4947
      vertex 67.035 1.57059 11.1783
      vertex 68.1073 1.57059 13.5476
    endloop
  endfacet
  facet normal 0.911048 3.57874e-05 -0.4123
    outer loop
      vertex 67.9398 1.4135 13.1776
      vertex 67.035 1.57059 11.1783
      vertex 68.0833 1.54813 13.4947
    endloop
  endfacet
  facet normal 0.911064 0.000569474 -0.412265
    outer loop
      vertex 67.9398 1.4135 13.1776
      vertex 67.1842 1.4135 11.5078
      vertex 67.035 1.57059 11.1783
    endloop
  endfacet
  facet normal 0.911064 -8.17449e-05 -0.412265
    outer loop
      vertex 67.8129 1.23075 12.8972
      vertex 67.1842 1.4135 11.5078
      vertex 67.9398 1.4135 13.1776
    endloop
  endfacet
  facet normal 0.911071 0.00030256 -0.41225
    outer loop
      vertex 67.3149 1.20208 11.7966
      vertex 67.8129 1.23075 12.8972
      vertex 67.793 1.20208 12.8532
    endloop
  endfacet
  facet normal 0.911073 9.83784e-05 -0.412245
    outer loop
      vertex 67.8129 1.23075 12.8972
      vertex 67.3149 1.20208 11.7966
      vertex 67.1842 1.4135 11.5078
    endloop
  endfacet
  facet normal 0.911071 0.000186035 -0.41225
    outer loop
      vertex 67.6726 0.944468 12.587
      vertex 67.3149 1.20208 11.7966
      vertex 67.793 1.20208 12.8532
    endloop
  endfacet
  facet normal 0.910986 -0.000509957 -0.412438
    outer loop
      vertex 67.6726 0.944468 12.587
      vertex 67.4221 0.944468 12.0337
      vertex 67.3149 1.20208 11.7966
    endloop
  endfacet
  facet normal 0.910985 -0.000679453 -0.412438
    outer loop
      vertex 67.6608 0.905842 12.561
      vertex 67.4221 0.944468 12.0337
      vertex 67.6726 0.944468 12.587
    endloop
  endfacet
  facet normal 0.911026 -0.00014243 -0.412349
    outer loop
      vertex 67.5018 0.650561 12.2098
      vertex 67.6608 0.905842 12.561
      vertex 67.583 0.650561 12.3892
    endloop
  endfacet
  facet normal 0.911003 -5.69319e-05 -0.4124
    outer loop
      vertex 67.6608 0.905842 12.561
      vertex 67.5018 0.650561 12.2098
      vertex 67.4221 0.944468 12.0337
    endloop
  endfacet
  facet normal 0.911026 0.000196616 -0.412349
    outer loop
      vertex 67.5018 0.650561 12.2098
      vertex 67.583 0.650561 12.3892
      vertex 67.5401 0.402096 12.2943
    endloop
  endfacet
  facet normal 0.911038 5.24412e-06 -0.412323
    outer loop
      vertex 69.0209 5.5 15.5664
      vertex 68.667 1.66733 14.7844
      vertex 68.478 1.7 14.3668
    endloop
  endfacet
  facet normal 0.911049 -8.18239e-07 -0.412298
    outer loop
      vertex 69.0209 5.5 15.5664
      vertex 68.8487 1.57059 15.1859
      vertex 68.667 1.66733 14.7844
    endloop
  endfacet
  facet normal 0.911141 -2.45502e-05 -0.412095
    outer loop
      vertex 69.0209 5.5 15.5664
      vertex 68.988 1.43987 15.4939
      vertex 68.8487 1.57059 15.1859
    endloop
  endfacet
  facet normal 0.910518 5.05354e-06 -0.41347
    outer loop
      vertex 69.0209 5.5 15.5664
      vertex 69.0162 1.4135 15.556
      vertex 68.988 1.43987 15.4939
    endloop
  endfacet
  facet normal 0.911265 6.04576e-21 -0.411821
    outer loop
      vertex 69.0162 1.4135 15.556
      vertex 69.0209 5.5 15.5664
      vertex 69.0209 1.40672 15.5664
    endloop
  endfacet
  facet normal 0.911038 5.50971e-06 -0.412323
    outer loop
      vertex 68.289 1.66733 13.9492
      vertex 69.0209 5.5 15.5664
      vertex 68.478 1.7 14.3668
    endloop
  endfacet
  facet normal 0.911093 -5.65334e-05 -0.412201
    outer loop
      vertex 68.1073 1.57059 13.5476
      vertex 69.0209 5.5 15.5664
      vertex 68.289 1.66733 13.9492
    endloop
  endfacet
  facet normal 0.911143 5.87615e-05 -0.41209
    outer loop
      vertex 66.5367 1.66733 10.077
      vertex 66.1911 5.75 9.31345
      vertex 66.7049 1.7 10.4489
    endloop
  endfacet
  facet normal 0.911053 1.39214e-05 -0.412289
    outer loop
      vertex 66.3749 1.57059 9.71946
      vertex 66.1911 5.75 9.31345
      vertex 66.5367 1.66733 10.077
    endloop
  endfacet
  facet normal 0.910973 -6.90099e-06 -0.412467
    outer loop
      vertex 66.2257 1.4135 9.38994
      vertex 66.1911 5.75 9.31345
      vertex 66.3749 1.57059 9.71946
    endloop
  endfacet
  facet normal 0.91112 0 -0.412142
    outer loop
      vertex 66.1911 5.75 9.31345
      vertex 66.2257 1.4135 9.38994
      vertex 66.1911 1.35751 9.31345
    endloop
  endfacet
  facet normal 0.910518 -5.05354e-06 -0.41347
    outer loop
      vertex 69.0209 -5.5 15.5664
      vertex 68.988 -1.43987 15.4939
      vertex 69.0162 -1.4135 15.556
    endloop
  endfacet
  facet normal 0.911084 -3.18288e-05 -0.412221
    outer loop
      vertex 67.035 -1.57059 11.1783
      vertex 66.1911 -5.75 9.31345
      vertex 66.8732 -1.66733 10.8207
    endloop
  endfacet
  facet normal 0.911038 -5.24412e-06 -0.412323
    outer loop
      vertex 68.667 -1.66733 14.7844
      vertex 69.0209 -5.5 15.5664
      vertex 68.478 -1.7 14.3668
    endloop
  endfacet
  facet normal 0.911049 8.18239e-07 -0.412298
    outer loop
      vertex 68.8487 -1.57059 15.1859
      vertex 69.0209 -5.5 15.5664
      vertex 68.667 -1.66733 14.7844
    endloop
  endfacet
  facet normal 0.911141 2.45502e-05 -0.412095
    outer loop
      vertex 68.988 -1.43987 15.4939
      vertex 69.0209 -5.5 15.5664
      vertex 68.8487 -1.57059 15.1859
    endloop
  endfacet
  facet normal 0.911265 0 -0.411821
    outer loop
      vertex 69.0209 -5.5 15.5664
      vertex 69.0162 -1.4135 15.556
      vertex 69.0209 -1.40672 15.5664
    endloop
  endfacet
  facet normal 0.911026 -0.000196616 -0.412349
    outer loop
      vertex 67.583 -0.650561 12.3892
      vertex 67.5018 -0.650561 12.2098
      vertex 67.5401 -0.402096 12.2943
    endloop
  endfacet
  facet normal 0.911026 0.00014243 -0.412349
    outer loop
      vertex 67.6608 -0.905842 12.561
      vertex 67.5018 -0.650561 12.2098
      vertex 67.583 -0.650561 12.3892
    endloop
  endfacet
  facet normal 0.910985 0.000679453 -0.412438
    outer loop
      vertex 67.4221 -0.944468 12.0337
      vertex 67.6608 -0.905842 12.561
      vertex 67.6726 -0.944468 12.587
    endloop
  endfacet
  facet normal 0.911003 5.69319e-05 -0.4124
    outer loop
      vertex 67.6608 -0.905842 12.561
      vertex 67.4221 -0.944468 12.0337
      vertex 67.5018 -0.650561 12.2098
    endloop
  endfacet
  facet normal 0.911071 -0.000186035 -0.41225
    outer loop
      vertex 67.3149 -1.20208 11.7966
      vertex 67.6726 -0.944468 12.587
      vertex 67.793 -1.20208 12.8532
    endloop
  endfacet
  facet normal 0.910986 0.000509957 -0.412438
    outer loop
      vertex 67.6726 -0.944468 12.587
      vertex 67.3149 -1.20208 11.7966
      vertex 67.4221 -0.944468 12.0337
    endloop
  endfacet
  facet normal 0.911071 -0.00030256 -0.41225
    outer loop
      vertex 67.8129 -1.23075 12.8972
      vertex 67.3149 -1.20208 11.7966
      vertex 67.793 -1.20208 12.8532
    endloop
  endfacet
  facet normal 0.911064 8.17449e-05 -0.412265
    outer loop
      vertex 67.1842 -1.4135 11.5078
      vertex 67.8129 -1.23075 12.8972
      vertex 67.9398 -1.4135 13.1776
    endloop
  endfacet
  facet normal 0.911073 -9.83784e-05 -0.412245
    outer loop
      vertex 67.8129 -1.23075 12.8972
      vertex 67.1842 -1.4135 11.5078
      vertex 67.3149 -1.20208 11.7966
    endloop
  endfacet
  facet normal 0.911048 -3.57874e-05 -0.4123
    outer loop
      vertex 67.035 -1.57059 11.1783
      vertex 67.9398 -1.4135 13.1776
      vertex 68.0833 -1.54813 13.4947
    endloop
  endfacet
  facet normal 0.911037 0.00237165 -0.412318
    outer loop
      vertex 67.035 -1.57059 11.1783
      vertex 68.0833 -1.54813 13.4947
      vertex 68.1073 -1.57059 13.5476
    endloop
  endfacet
  facet normal 0.911064 -0.000569474 -0.412265
    outer loop
      vertex 67.9398 -1.4135 13.1776
      vertex 67.035 -1.57059 11.1783
      vertex 67.1842 -1.4135 11.5078
    endloop
  endfacet
  facet normal 0.911093 5.65334e-05 -0.412201
    outer loop
      vertex 69.0209 -5.5 15.5664
      vertex 68.1073 -1.57059 13.5476
      vertex 68.289 -1.66733 13.9492
    endloop
  endfacet
  facet normal 0.911049 -3.8193e-06 -0.412299
    outer loop
      vertex 66.1911 -5.75 9.31345
      vertex 68.1073 -1.57059 13.5476
      vertex 69.0209 -5.5 15.5664
    endloop
  endfacet
  facet normal 0.911038 -5.50971e-06 -0.412323
    outer loop
      vertex 69.0209 -5.5 15.5664
      vertex 68.289 -1.66733 13.9492
      vertex 68.478 -1.7 14.3668
    endloop
  endfacet
  facet normal 0.911039 2.08281e-05 -0.412319
    outer loop
      vertex 68.1073 -1.57059 13.5476
      vertex 66.1911 -5.75 9.31345
      vertex 67.035 -1.57059 11.1783
    endloop
  endfacet
  facet normal 0.91101 4.05636e-05 -0.412384
    outer loop
      vertex 66.8732 -1.66733 10.8207
      vertex 66.1911 -5.75 9.31345
      vertex 66.7049 -1.7 10.4489
    endloop
  endfacet
  facet normal 0.911143 -5.87615e-05 -0.41209
    outer loop
      vertex 66.7049 -1.7 10.4489
      vertex 66.1911 -5.75 9.31345
      vertex 66.5367 -1.66733 10.077
    endloop
  endfacet
  facet normal 0.911053 -1.39214e-05 -0.412289
    outer loop
      vertex 66.5367 -1.66733 10.077
      vertex 66.1911 -5.75 9.31345
      vertex 66.3749 -1.57059 9.71946
    endloop
  endfacet
  facet normal 0.91112 -5.72509e-19 -0.412142
    outer loop
      vertex 66.2257 -1.4135 9.38994
      vertex 66.1911 -5.75 9.31345
      vertex 66.1911 -1.35751 9.31345
    endloop
  endfacet
  facet normal 0.910973 6.90099e-06 -0.412467
    outer loop
      vertex 66.3749 -1.57059 9.71946
      vertex 66.1911 -5.75 9.31345
      vertex 66.2257 -1.4135 9.38994
    endloop
  endfacet
  facet normal -0.878723 0 0.477331
    outer loop
      vertex 58.1721 -5.75 13.3994
      vertex 58.1765 -1.01157 13.4075
      vertex 58.1721 -1.00124 13.3994
    endloop
  endfacet
  facet normal -0.877541 -2.88147e-05 0.479502
    outer loop
      vertex 58.1721 -5.75 13.3994
      vertex 58.4332 -1.455 13.8775
      vertex 58.3926 -1.4135 13.8032
    endloop
  endfacet
  facet normal -0.878005 0.000205634 0.478652
    outer loop
      vertex 58.1721 -5.75 13.3994
      vertex 58.7591 -1.67612 14.4744
      vertex 58.7126 -1.66733 14.3891
    endloop
  endfacet
  facet normal -0.877636 -2.56958e-05 0.479328
    outer loop
      vertex 58.7591 -1.67612 14.4744
      vertex 58.1721 -5.75 13.3994
      vertex 58.8857 -1.7 14.7062
    endloop
  endfacet
  facet normal -0.877663 8.77303e-06 0.479278
    outer loop
      vertex 58.1721 -5.75 13.3994
      vertex 58.7126 -1.66733 14.3891
      vertex 58.5461 -1.57059 14.0842
    endloop
  endfacet
  facet normal -0.877621 -7.55672e-06 0.479355
    outer loop
      vertex 58.4332 -1.455 13.8775
      vertex 58.1721 -5.75 13.3994
      vertex 58.5461 -1.57059 14.0842
    endloop
  endfacet
  facet normal -0.877657 -9.60009e-06 0.479289
    outer loop
      vertex 58.8857 -1.7 14.7062
      vertex 58.1721 -5.75 13.3994
      vertex 61.3172 -5.5 19.1586
    endloop
  endfacet
  facet normal -0.877591 -1.76982e-05 0.47941
    outer loop
      vertex 58.3572 -1.35787 13.7384
      vertex 58.1721 -5.75 13.3994
      vertex 58.3926 -1.4135 13.8032
    endloop
  endfacet
  facet normal -0.877692 7.74448e-07 0.479225
    outer loop
      vertex 58.2581 -1.20208 13.5569
      vertex 58.1721 -5.75 13.3994
      vertex 58.3572 -1.35787 13.7384
    endloop
  endfacet
  facet normal -0.877628 -4.45331e-06 0.479342
    outer loop
      vertex 58.1765 -1.01157 13.4075
      vertex 58.1721 -5.75 13.3994
      vertex 58.2581 -1.20208 13.5569
    endloop
  endfacet
  facet normal -0.8775 0.000130305 0.479577
    outer loop
      vertex 58.9327 1.69113 14.7922
      vertex 58.1721 5.75 13.3994
      vertex 58.8857 1.7 14.7062
    endloop
  endfacet
  facet normal -0.877636 2.56958e-05 0.479328
    outer loop
      vertex 58.1721 5.75 13.3994
      vertex 58.7591 1.67612 14.4744
      vertex 58.8857 1.7 14.7062
    endloop
  endfacet
  facet normal -0.878005 -0.000205634 0.478652
    outer loop
      vertex 58.1721 5.75 13.3994
      vertex 58.7126 1.66733 14.3891
      vertex 58.7591 1.67612 14.4744
    endloop
  endfacet
  facet normal -0.877663 -8.77303e-06 0.479278
    outer loop
      vertex 58.1721 5.75 13.3994
      vertex 58.5461 1.57059 14.0842
      vertex 58.7126 1.66733 14.3891
    endloop
  endfacet
  facet normal -0.877621 7.55672e-06 0.479355
    outer loop
      vertex 58.1721 5.75 13.3994
      vertex 58.4332 1.455 13.8775
      vertex 58.5461 1.57059 14.0842
    endloop
  endfacet
  facet normal -0.877541 2.88147e-05 0.479502
    outer loop
      vertex 58.1721 5.75 13.3994
      vertex 58.3926 1.4135 13.8032
      vertex 58.4332 1.455 13.8775
    endloop
  endfacet
  facet normal -0.877591 1.76982e-05 0.47941
    outer loop
      vertex 58.1721 5.75 13.3994
      vertex 58.3572 1.35787 13.7384
      vertex 58.3926 1.4135 13.8032
    endloop
  endfacet
  facet normal -0.877692 -7.74448e-07 0.479225
    outer loop
      vertex 58.1721 5.75 13.3994
      vertex 58.2581 1.20208 13.5569
      vertex 58.3572 1.35787 13.7384
    endloop
  endfacet
  facet normal -0.877628 4.45331e-06 0.479342
    outer loop
      vertex 58.1721 5.75 13.3994
      vertex 58.1765 1.01157 13.4075
      vertex 58.2581 1.20208 13.5569
    endloop
  endfacet
  facet normal -0.878723 8.18069e-21 0.477331
    outer loop
      vertex 58.1765 1.01157 13.4075
      vertex 58.1721 5.75 13.3994
      vertex 58.1721 1.00124 13.3994
    endloop
  endfacet
  facet normal -0.877573 7.05978e-05 0.479443
    outer loop
      vertex 59.0589 1.66733 15.0232
      vertex 58.1721 5.75 13.3994
      vertex 58.9327 1.69113 14.7922
    endloop
  endfacet
  facet normal -0.877667 -1.82518e-05 0.479271
    outer loop
      vertex 59.2254 1.57059 15.3281
      vertex 58.1721 5.75 13.3994
      vertex 59.0589 1.66733 15.0232
    endloop
  endfacet
  facet normal -0.877657 -7.85051e-06 0.479289
    outer loop
      vertex 58.1721 5.75 13.3994
      vertex 59.2254 1.57059 15.3281
      vertex 61.3172 5.5 19.1586
    endloop
  endfacet
  facet normal -0.877262 0 0.480011
    outer loop
      vertex 61.3172 5.5 19.1586
      vertex 61.3056 1.66733 19.1374
      vertex 61.3172 1.66937 19.1586
    endloop
  endfacet
  facet normal -0.877674 2.99904e-05 0.479259
    outer loop
      vertex 59.3363 1.45706 15.5312
      vertex 61.3172 5.5 19.1586
      vertex 59.2254 1.57059 15.3281
    endloop
  endfacet
  facet normal -0.877671 5.37393e-06 0.479264
    outer loop
      vertex 61.3172 5.5 19.1586
      vertex 61.1266 1.57059 18.8096
      vertex 61.3056 1.66733 19.1374
    endloop
  endfacet
  facet normal -0.877788 0.000273959 0.479049
    outer loop
      vertex 59.3788 1.4135 15.6091
      vertex 61.3172 5.5 19.1586
      vertex 59.3363 1.45706 15.5312
    endloop
  endfacet
  facet normal -0.877654 -3.79004e-06 0.479295
    outer loop
      vertex 61.3172 5.5 19.1586
      vertex 59.3788 1.4135 15.6091
      vertex 60.9617 1.4135 18.5076
    endloop
  endfacet
  facet normal -0.877686 8.60737e-06 0.479236
    outer loop
      vertex 61.3172 5.5 19.1586
      vertex 60.9617 1.4135 18.5076
      vertex 61.1266 1.57059 18.8096
    endloop
  endfacet
  facet normal -0.877645 0.000223716 0.479312
    outer loop
      vertex 60.8171 1.20208 18.2428
      vertex 59.3788 1.4135 15.6091
      vertex 59.4757 1.26114 15.7866
    endloop
  endfacet
  facet normal -0.877651 -0.000403346 0.4793
    outer loop
      vertex 60.8171 1.20208 18.2428
      vertex 59.4757 1.26114 15.7866
      vertex 59.5133 1.20208 15.8554
    endloop
  endfacet
  facet normal -0.877654 -4.1276e-05 0.479295
    outer loop
      vertex 59.3788 1.4135 15.6091
      vertex 60.8171 1.20208 18.2428
      vertex 60.9617 1.4135 18.5076
    endloop
  endfacet
  facet normal -0.87765 -0.00109094 0.4793
    outer loop
      vertex 59.5443 1.12986 15.912
      vertex 60.8171 1.20208 18.2428
      vertex 59.5133 1.20208 15.8554
    endloop
  endfacet
  facet normal -0.877662 0.000263767 0.47928
    outer loop
      vertex 60.6984 0.944468 18.0255
      vertex 59.5443 1.12986 15.912
      vertex 59.6237 0.944468 16.0575
    endloop
  endfacet
  facet normal -0.877667 0.00012986 0.479271
    outer loop
      vertex 59.5443 1.12986 15.912
      vertex 60.6984 0.944468 18.0255
      vertex 60.8171 1.20208 18.2428
    endloop
  endfacet
  facet normal -0.877662 -5.33034e-06 0.47928
    outer loop
      vertex 59.6468 0.861639 16.0998
      vertex 60.6984 0.944468 18.0255
      vertex 59.6237 0.944468 16.0575
    endloop
  endfacet
  facet normal -0.877659 9.91107e-05 0.479286
    outer loop
      vertex 60.6102 0.650561 17.864
      vertex 59.6468 0.861639 16.0998
      vertex 59.7057 0.650561 16.2077
    endloop
  endfacet
  facet normal -0.877662 2.11872e-05 0.479279
    outer loop
      vertex 59.6468 0.861639 16.0998
      vertex 60.6102 0.650561 17.864
      vertex 60.6984 0.944468 18.0255
    endloop
  endfacet
  facet normal -0.87766 3.76804e-05 0.479285
    outer loop
      vertex 60.5559 0.331653 17.7646
      vertex 59.7057 0.650561 16.2077
      vertex 59.7562 0.331653 16.3002
    endloop
  endfacet
  facet normal -0.877659 4.94985e-05 0.479286
    outer loop
      vertex 59.7057 0.650561 16.2077
      vertex 60.5559 0.331653 17.7646
      vertex 60.6102 0.650561 17.864
    endloop
  endfacet
  facet normal -0.87766 -8.1651e-05 0.479285
    outer loop
      vertex 59.7684 0.0940523 16.3225
      vertex 60.5559 0.331653 17.7646
      vertex 59.7562 0.331653 16.3002
    endloop
  endfacet
  facet normal -0.877663 -0.000371839 0.479278
    outer loop
      vertex 60.5376 0 17.731
      vertex 59.7684 0.0940523 16.3225
      vertex 59.7733 0 16.3314
    endloop
  endfacet
  facet normal -0.877656 -0.000129831 0.479291
    outer loop
      vertex 59.7684 0.0940523 16.3225
      vertex 60.5376 0 17.731
      vertex 60.5559 0.331653 17.7646
    endloop
  endfacet
  facet normal -0.877663 0.000371839 0.479278
    outer loop
      vertex 59.7684 -0.0940523 16.3225
      vertex 60.5376 0 17.731
      vertex 59.7733 0 16.3314
    endloop
  endfacet
  facet normal -0.87766 8.1651e-05 0.479285
    outer loop
      vertex 60.5559 -0.331653 17.7646
      vertex 59.7684 -0.0940523 16.3225
      vertex 59.7562 -0.331653 16.3002
    endloop
  endfacet
  facet normal -0.877656 0.000129831 0.479291
    outer loop
      vertex 59.7684 -0.0940523 16.3225
      vertex 60.5559 -0.331653 17.7646
      vertex 60.5376 0 17.731
    endloop
  endfacet
  facet normal -0.87766 -3.76804e-05 0.479285
    outer loop
      vertex 59.7057 -0.650561 16.2077
      vertex 60.5559 -0.331653 17.7646
      vertex 59.7562 -0.331653 16.3002
    endloop
  endfacet
  facet normal -0.877659 -4.94985e-05 0.479286
    outer loop
      vertex 59.7057 -0.650561 16.2077
      vertex 60.6102 -0.650561 17.864
      vertex 60.5559 -0.331653 17.7646
    endloop
  endfacet
  facet normal -0.877659 -9.91107e-05 0.479286
    outer loop
      vertex 59.6468 -0.861639 16.0998
      vertex 60.6102 -0.650561 17.864
      vertex 59.7057 -0.650561 16.2077
    endloop
  endfacet
  facet normal -0.877662 5.33034e-06 0.47928
    outer loop
      vertex 60.6984 -0.944468 18.0255
      vertex 59.6468 -0.861639 16.0998
      vertex 59.6237 -0.944468 16.0575
    endloop
  endfacet
  facet normal -0.877662 -2.11872e-05 0.479279
    outer loop
      vertex 59.6468 -0.861639 16.0998
      vertex 60.6984 -0.944468 18.0255
      vertex 60.6102 -0.650561 17.864
    endloop
  endfacet
  facet normal -0.877662 -0.000263767 0.47928
    outer loop
      vertex 59.5443 -1.12986 15.912
      vertex 60.6984 -0.944468 18.0255
      vertex 59.6237 -0.944468 16.0575
    endloop
  endfacet
  facet normal -0.87765 0.00109094 0.4793
    outer loop
      vertex 60.8171 -1.20208 18.2428
      vertex 59.5443 -1.12986 15.912
      vertex 59.5133 -1.20208 15.8554
    endloop
  endfacet
  facet normal -0.877667 -0.00012986 0.479271
    outer loop
      vertex 59.5443 -1.12986 15.912
      vertex 60.8171 -1.20208 18.2428
      vertex 60.6984 -0.944468 18.0255
    endloop
  endfacet
  facet normal -0.877651 0.000403346 0.4793
    outer loop
      vertex 59.4757 -1.26114 15.7866
      vertex 60.8171 -1.20208 18.2428
      vertex 59.5133 -1.20208 15.8554
    endloop
  endfacet
  facet normal -0.877645 -0.000223716 0.479312
    outer loop
      vertex 59.3788 -1.4135 15.6091
      vertex 60.8171 -1.20208 18.2428
      vertex 59.4757 -1.26114 15.7866
    endloop
  endfacet
  facet normal -0.877654 4.1276e-05 0.479295
    outer loop
      vertex 59.3788 -1.4135 15.6091
      vertex 60.9617 -1.4135 18.5076
      vertex 60.8171 -1.20208 18.2428
    endloop
  endfacet
  facet normal -0.877788 -0.000273959 0.479049
    outer loop
      vertex 61.3172 -5.5 19.1586
      vertex 59.3788 -1.4135 15.6091
      vertex 59.3363 -1.45706 15.5312
    endloop
  endfacet
  facet normal -0.877674 -2.99904e-05 0.479259
    outer loop
      vertex 61.3172 -5.5 19.1586
      vertex 59.3363 -1.45706 15.5312
      vertex 59.2254 -1.57059 15.3281
    endloop
  endfacet
  facet normal -0.877654 3.79004e-06 0.479295
    outer loop
      vertex 59.3788 -1.4135 15.6091
      vertex 61.3172 -5.5 19.1586
      vertex 60.9617 -1.4135 18.5076
    endloop
  endfacet
  facet normal -0.877664 -6.47349e-06 0.479277
    outer loop
      vertex 61.3172 -5.5 19.1586
      vertex 59.2254 -1.57059 15.3281
      vertex 59.0589 -1.66733 15.0232
    endloop
  endfacet
  facet normal -0.877686 -8.60737e-06 0.479236
    outer loop
      vertex 60.9617 -1.4135 18.5076
      vertex 61.3172 -5.5 19.1586
      vertex 61.1266 -1.57059 18.8096
    endloop
  endfacet
  facet normal -0.877671 -5.37393e-06 0.479264
    outer loop
      vertex 61.1266 -1.57059 18.8096
      vertex 61.3172 -5.5 19.1586
      vertex 61.3056 -1.66733 19.1374
    endloop
  endfacet
  facet normal -0.877584 0.000196414 0.479422
    outer loop
      vertex 61.3172 -5.5 19.1586
      vertex 59.0589 -1.66733 15.0232
      vertex 58.9327 -1.69113 14.7922
    endloop
  endfacet
  facet normal -0.877521 0.000368456 0.479538
    outer loop
      vertex 61.3172 -5.5 19.1586
      vertex 58.9327 -1.69113 14.7922
      vertex 58.8857 -1.7 14.7062
    endloop
  endfacet
  facet normal -0.877262 -6.50059e-20 0.480011
    outer loop
      vertex 61.3056 -1.66733 19.1374
      vertex 61.3172 -5.5 19.1586
      vertex 61.3172 -1.66937 19.1586
    endloop
  endfacet
  facet normal 0.0161214 -0.999272 0.0345733
    outer loop
      vertex 61.3172 -5.5 19.1586
      vertex 58.1721 -5.75 13.3994
      vertex 69.0209 -5.5 15.5664
    endloop
  endfacet
  facet normal 0.0345113 -0.99666 0.0740117
    outer loop
      vertex 64.5296 -5 24.3938
      vertex 61.3172 -5.5 19.1586
      vertex 69.0209 -5.5 15.5664
    endloop
  endfacet
  facet normal 0.954452 -1.8683e-05 -0.298363
    outer loop
      vertex 69.2376 0.944468 16.2599
      vertex 69.0209 5.5 15.5664
      vertex 70.8211 5 21.3252
    endloop
  endfacet
  facet normal 0.954766 0 -0.297357
    outer loop
      vertex 69.0209 5.5 15.5664
      vertex 69.0375 1.37767 15.6197
      vertex 69.0209 1.40672 15.5664
    endloop
  endfacet
  facet normal 0.954414 -1.60103e-05 -0.298485
    outer loop
      vertex 69.0209 5.5 15.5664
      vertex 69.1382 1.20208 15.9417
      vertex 69.0375 1.37767 15.6197
    endloop
  endfacet
  facet normal 0.954711 7.52003e-05 -0.297534
    outer loop
      vertex 69.0209 5.5 15.5664
      vertex 69.1555 1.15713 15.9972
      vertex 69.1382 1.20208 15.9417
    endloop
  endfacet
  facet normal 0.954472 -8.42349e-06 -0.298302
    outer loop
      vertex 69.0209 5.5 15.5664
      vertex 69.2376 0.944468 16.2599
      vertex 69.1555 1.15713 15.9972
    endloop
  endfacet
  facet normal 0.954423 0.000110994 -0.298458
    outer loop
      vertex 70.8211 5 21.3252
      vertex 69.2982 0.703622 16.4536
      vertex 69.2376 0.944468 16.2599
    endloop
  endfacet
  facet normal 0.954578 -0.000508773 -0.29796
    outer loop
      vertex 70.8211 5 21.3252
      vertex 69.3115 0.650561 16.4963
      vertex 69.2982 0.703622 16.4536
    endloop
  endfacet
  facet normal 0.954307 0.000548075 -0.298827
    outer loop
      vertex 70.8211 5 21.3252
      vertex 69.3198 0.592694 16.5227
      vertex 69.3115 0.650561 16.4963
    endloop
  endfacet
  facet normal 0.954426 9.56518e-05 -0.298449
    outer loop
      vertex 70.8211 5 21.3252
      vertex 69.3571 0.331653 16.6419
      vertex 69.3198 0.592694 16.5227
    endloop
  endfacet
  facet normal 0.954484 -0.000108316 -0.298264
    outer loop
      vertex 70.8211 5 21.3252
      vertex 69.3696 0.0608813 16.682
      vertex 69.3571 0.331653 16.6419
    endloop
  endfacet
  facet normal 0.954506 -0.000182477 -0.298192
    outer loop
      vertex 70.8211 5 21.3252
      vertex 69.3724 0 16.691
      vertex 69.3696 0.0608813 16.682
    endloop
  endfacet
  facet normal 0.95445 0 -0.298371
    outer loop
      vertex 70.8211 -5 21.3252
      vertex 69.3724 0 16.691
      vertex 70.8211 5 21.3252
    endloop
  endfacet
  facet normal 0.954506 0.000182477 -0.298192
    outer loop
      vertex 69.3724 0 16.691
      vertex 70.8211 -5 21.3252
      vertex 69.3696 -0.0608813 16.682
    endloop
  endfacet
  facet normal 0.954484 0.000108316 -0.298264
    outer loop
      vertex 69.3696 -0.0608813 16.682
      vertex 70.8211 -5 21.3252
      vertex 69.3571 -0.331653 16.6419
    endloop
  endfacet
  facet normal 0.954426 -9.56518e-05 -0.298449
    outer loop
      vertex 69.3571 -0.331653 16.6419
      vertex 70.8211 -5 21.3252
      vertex 69.3198 -0.592694 16.5227
    endloop
  endfacet
  facet normal 0.954307 -0.000548075 -0.298827
    outer loop
      vertex 69.3198 -0.592694 16.5227
      vertex 70.8211 -5 21.3252
      vertex 69.3115 -0.650561 16.4963
    endloop
  endfacet
  facet normal 0.954578 0.000508773 -0.29796
    outer loop
      vertex 69.3115 -0.650561 16.4963
      vertex 70.8211 -5 21.3252
      vertex 69.2982 -0.703622 16.4536
    endloop
  endfacet
  facet normal 0.954472 8.42349e-06 -0.298302
    outer loop
      vertex 69.0209 -5.5 15.5664
      vertex 69.1555 -1.15713 15.9972
      vertex 69.2376 -0.944468 16.2599
    endloop
  endfacet
  facet normal 0.954423 -0.000110994 -0.298458
    outer loop
      vertex 69.2982 -0.703622 16.4536
      vertex 70.8211 -5 21.3252
      vertex 69.2376 -0.944468 16.2599
    endloop
  endfacet
  facet normal 0.954452 1.8683e-05 -0.298363
    outer loop
      vertex 69.0209 -5.5 15.5664
      vertex 69.2376 -0.944468 16.2599
      vertex 70.8211 -5 21.3252
    endloop
  endfacet
  facet normal 0.954711 -7.52003e-05 -0.297534
    outer loop
      vertex 69.1555 -1.15713 15.9972
      vertex 69.0209 -5.5 15.5664
      vertex 69.1382 -1.20208 15.9417
    endloop
  endfacet
  facet normal 0.954414 1.60103e-05 -0.298485
    outer loop
      vertex 69.1382 -1.20208 15.9417
      vertex 69.0209 -5.5 15.5664
      vertex 69.0375 -1.37767 15.6197
    endloop
  endfacet
  facet normal 0.954766 -1.45198e-20 -0.297357
    outer loop
      vertex 69.0375 -1.37767 15.6197
      vertex 69.0209 -5.5 15.5664
      vertex 69.0209 -1.40672 15.5664
    endloop
  endfacet
  facet normal 0.0366164 0.996505 0.075074
    outer loop
      vertex 69.0209 5.5 15.5664
      vertex 64.5296 5 24.3938
      vertex 70.8211 5 21.3252
    endloop
  endfacet
  facet normal 0.0366164 -0.996505 0.075074
    outer loop
      vertex 70.8211 -5 21.3252
      vertex 64.5296 -5 24.3938
      vertex 69.0209 -5.5 15.5664
    endloop
  endfacet
  facet normal 0.0345113 0.99666 0.0740117
    outer loop
      vertex 69.0209 5.5 15.5664
      vertex 61.3172 5.5 19.1586
      vertex 64.5296 5 24.3938
    endloop
  endfacet
  facet normal -0.852316 -5.37924e-06 0.523028
    outer loop
      vertex 64.2519 -1.66733 23.9413
      vertex 64.5296 -5 24.3938
      vertex 64.4676 -1.7 24.2928
    endloop
  endfacet
  facet normal -0.852288 0 0.523072
    outer loop
      vertex 61.3172 -5.5 19.1586
      vertex 61.5023 -1.7 19.4602
      vertex 61.3172 -1.66937 19.1586
    endloop
  endfacet
  facet normal -0.852331 1.26875e-05 0.523002
    outer loop
      vertex 61.6996 -1.66733 19.7817
      vertex 61.3172 -5.5 19.1586
      vertex 64.5296 -5 24.3938
    endloop
  endfacet
  facet normal -0.852302 9.42988e-06 0.52305
    outer loop
      vertex 62.0642 1.4135 20.3759
      vertex 61.3172 5.5 19.1586
      vertex 61.8893 1.57059 20.0909
    endloop
  endfacet
  facet normal -0.852316 5.37924e-06 0.523028
    outer loop
      vertex 64.5296 5 24.3938
      vertex 64.2519 1.66733 23.9413
      vertex 64.4676 1.7 24.2928
    endloop
  endfacet
  facet normal -0.852331 -9.83677e-06 0.523003
    outer loop
      vertex 61.3172 5.5 19.1586
      vertex 62.0642 1.4135 20.3759
      vertex 64.5296 5 24.3938
    endloop
  endfacet
  facet normal -0.852334 1.11003e-05 0.522997
    outer loop
      vertex 64.5296 5 24.3938
      vertex 64.0445 1.57059 23.6033
      vertex 64.2519 1.66733 23.9413
    endloop
  endfacet
  facet normal -0.8525 9.68964e-05 0.522727
    outer loop
      vertex 64.5296 5 24.3938
      vertex 63.9833 1.52027 23.5035
      vertex 64.0445 1.57059 23.6033
    endloop
  endfacet
  facet normal -0.852336 2.70423e-06 0.522995
    outer loop
      vertex 64.5296 5 24.3938
      vertex 62.0642 1.4135 20.3759
      vertex 63.8534 1.4135 23.2918
    endloop
  endfacet
  facet normal -0.852335 2.3115e-06 0.522995
    outer loop
      vertex 64.5296 5 24.3938
      vertex 63.8534 1.4135 23.2918
      vertex 63.9833 1.52027 23.5035
    endloop
  endfacet
  facet normal -0.852336 -0.000122087 0.522994
    outer loop
      vertex 62.0642 1.4135 20.3759
      vertex 63.7388 1.26884 23.105
      vertex 63.8534 1.4135 23.2918
    endloop
  endfacet
  facet normal -0.852325 0.000341907 0.523012
    outer loop
      vertex 62.2174 1.20208 20.6257
      vertex 63.7388 1.26884 23.105
      vertex 62.0642 1.4135 20.3759
    endloop
  endfacet
  facet normal -0.852322 5.48961e-05 0.523018
    outer loop
      vertex 62.2174 1.20208 20.6257
      vertex 63.6859 1.20208 23.0188
      vertex 63.7388 1.26884 23.105
    endloop
  endfacet
  facet normal -0.852319 -8.75988e-06 0.523022
    outer loop
      vertex 63.5484 0.944468 22.7947
      vertex 62.2174 1.20208 20.6257
      vertex 62.3432 0.944468 20.8307
    endloop
  endfacet
  facet normal -0.852322 -5.47484e-05 0.523018
    outer loop
      vertex 62.2174 1.20208 20.6257
      vertex 63.5484 0.944468 22.7947
      vertex 63.6859 1.20208 23.0188
    endloop
  endfacet
  facet normal -0.852319 0.000481958 0.523022
    outer loop
      vertex 62.3432 0.944468 20.8307
      vertex 63.5165 0.852876 22.7428
      vertex 63.5484 0.944468 22.7947
    endloop
  endfacet
  facet normal -0.852326 0.000160891 0.523011
    outer loop
      vertex 62.4366 0.650561 20.983
      vertex 63.5165 0.852876 22.7428
      vertex 62.3432 0.944468 20.8307
    endloop
  endfacet
  facet normal -0.852312 -0.000109084 0.523033
    outer loop
      vertex 62.4366 0.650561 20.983
      vertex 63.4462 0.650561 22.6282
      vertex 63.5165 0.852876 22.7428
    endloop
  endfacet
  facet normal -0.852312 -0.000183508 0.523033
    outer loop
      vertex 62.4366 0.650561 20.983
      vertex 63.4028 0.43036 22.5574
      vertex 63.4462 0.650561 22.6282
    endloop
  endfacet
  facet normal -0.852307 -9.89272e-05 0.523042
    outer loop
      vertex 62.4942 0.331653 21.0768
      vertex 63.4028 0.43036 22.5574
      vertex 62.4366 0.650561 20.983
    endloop
  endfacet
  facet normal -0.852322 0.000411689 0.523017
    outer loop
      vertex 62.4942 0.331653 21.0768
      vertex 63.3833 0.331653 22.5257
      vertex 63.4028 0.43036 22.5574
    endloop
  endfacet
  facet normal -0.852322 0.00028336 0.523017
    outer loop
      vertex 62.4942 0.331653 21.0768
      vertex 63.3767 0.229161 22.515
      vertex 63.3833 0.331653 22.5257
    endloop
  endfacet
  facet normal -0.852332 -2.53319e-05 0.523001
    outer loop
      vertex 62.5136 0 21.1084
      vertex 63.3767 0.229161 22.515
      vertex 62.4942 0.331653 21.0768
    endloop
  endfacet
  facet normal -0.852343 0.00013162 0.522983
    outer loop
      vertex 62.5136 0 21.1084
      vertex 63.362 0 22.4911
      vertex 63.3767 0.229161 22.515
    endloop
  endfacet
  facet normal -0.852343 -0.00013162 0.522983
    outer loop
      vertex 62.5136 0 21.1084
      vertex 63.3767 -0.229161 22.515
      vertex 63.362 0 22.4911
    endloop
  endfacet
  facet normal -0.852332 2.53319e-05 0.523001
    outer loop
      vertex 62.4942 -0.331653 21.0768
      vertex 63.3767 -0.229161 22.515
      vertex 62.5136 0 21.1084
    endloop
  endfacet
  facet normal -0.852322 -0.00028336 0.523017
    outer loop
      vertex 62.4942 -0.331653 21.0768
      vertex 63.3833 -0.331653 22.5257
      vertex 63.3767 -0.229161 22.515
    endloop
  endfacet
  facet normal -0.852322 -0.000411689 0.523017
    outer loop
      vertex 62.4942 -0.331653 21.0768
      vertex 63.4028 -0.43036 22.5574
      vertex 63.3833 -0.331653 22.5257
    endloop
  endfacet
  facet normal -0.852307 9.89272e-05 0.523042
    outer loop
      vertex 62.4366 -0.650561 20.983
      vertex 63.4028 -0.43036 22.5574
      vertex 62.4942 -0.331653 21.0768
    endloop
  endfacet
  facet normal -0.852312 0.000183508 0.523033
    outer loop
      vertex 62.4366 -0.650561 20.983
      vertex 63.4462 -0.650561 22.6282
      vertex 63.4028 -0.43036 22.5574
    endloop
  endfacet
  facet normal -0.852312 0.000109084 0.523033
    outer loop
      vertex 62.4366 -0.650561 20.983
      vertex 63.5165 -0.852876 22.7428
      vertex 63.4462 -0.650561 22.6282
    endloop
  endfacet
  facet normal -0.852326 -0.000160891 0.523011
    outer loop
      vertex 62.3432 -0.944468 20.8307
      vertex 63.5165 -0.852876 22.7428
      vertex 62.4366 -0.650561 20.983
    endloop
  endfacet
  facet normal -0.852319 -0.000481958 0.523022
    outer loop
      vertex 62.3432 -0.944468 20.8307
      vertex 63.5484 -0.944468 22.7947
      vertex 63.5165 -0.852876 22.7428
    endloop
  endfacet
  facet normal -0.852319 8.75988e-06 0.523022
    outer loop
      vertex 62.2174 -1.20208 20.6257
      vertex 63.5484 -0.944468 22.7947
      vertex 62.3432 -0.944468 20.8307
    endloop
  endfacet
  facet normal -0.852322 5.47484e-05 0.523018
    outer loop
      vertex 62.2174 -1.20208 20.6257
      vertex 63.6859 -1.20208 23.0188
      vertex 63.5484 -0.944468 22.7947
    endloop
  endfacet
  facet normal -0.852322 -5.48961e-05 0.523018
    outer loop
      vertex 62.2174 -1.20208 20.6257
      vertex 63.7388 -1.26884 23.105
      vertex 63.6859 -1.20208 23.0188
    endloop
  endfacet
  facet normal -0.852325 -0.000341907 0.523012
    outer loop
      vertex 62.0642 -1.4135 20.3759
      vertex 63.7388 -1.26884 23.105
      vertex 62.2174 -1.20208 20.6257
    endloop
  endfacet
  facet normal -0.852336 0.000122087 0.522994
    outer loop
      vertex 62.0642 -1.4135 20.3759
      vertex 63.8534 -1.4135 23.2918
      vertex 63.7388 -1.26884 23.105
    endloop
  endfacet
  facet normal -0.852316 4.7278e-05 0.523027
    outer loop
      vertex 64.5296 -5 24.3938
      vertex 62.0642 -1.4135 20.3759
      vertex 61.8893 -1.57059 20.0909
    endloop
  endfacet
  facet normal -0.852336 -2.70423e-06 0.522995
    outer loop
      vertex 62.0642 -1.4135 20.3759
      vertex 64.5296 -5 24.3938
      vertex 63.8534 -1.4135 23.2918
    endloop
  endfacet
  facet normal -0.852335 -2.3115e-06 0.522995
    outer loop
      vertex 63.8534 -1.4135 23.2918
      vertex 64.5296 -5 24.3938
      vertex 63.9833 -1.52027 23.5035
    endloop
  endfacet
  facet normal -0.852358 -6.96312e-05 0.522959
    outer loop
      vertex 64.5296 -5 24.3938
      vertex 61.8893 -1.57059 20.0909
      vertex 61.6996 -1.66733 19.7817
    endloop
  endfacet
  facet normal -0.8525 -9.68964e-05 0.522727
    outer loop
      vertex 63.9833 -1.52027 23.5035
      vertex 64.5296 -5 24.3938
      vertex 64.0445 -1.57059 23.6033
    endloop
  endfacet
  facet normal -0.852304 2.79214e-06 0.523047
    outer loop
      vertex 61.3172 -5.5 19.1586
      vertex 61.6996 -1.66733 19.7817
      vertex 61.5023 -1.7 19.4602
    endloop
  endfacet
  facet normal -0.852334 -1.11003e-05 0.522997
    outer loop
      vertex 64.0445 -1.57059 23.6033
      vertex 64.5296 -5 24.3938
      vertex 64.2519 -1.66733 23.9413
    endloop
  endfacet
  facet normal -0.852304 -2.79214e-06 0.523047
    outer loop
      vertex 61.6996 1.66733 19.7817
      vertex 61.3172 5.5 19.1586
      vertex 61.5023 1.7 19.4602
    endloop
  endfacet
  facet normal -0.852288 -2.14999e-18 0.523072
    outer loop
      vertex 61.5023 1.7 19.4602
      vertex 61.3172 5.5 19.1586
      vertex 61.3172 1.66937 19.1586
    endloop
  endfacet
  facet normal -0.852371 -2.72887e-05 0.522937
    outer loop
      vertex 61.8893 1.57059 20.0909
      vertex 61.3172 5.5 19.1586
      vertex 61.6996 1.66733 19.7817
    endloop
  endfacet
  facet normal -0.852237 0 0.523156
    outer loop
      vertex 64.5296 5 24.3938
      vertex 64.4676 1.7 24.2928
      vertex 64.5296 1.69061 24.3938
    endloop
  endfacet
  facet normal -0.852237 0 0.523156
    outer loop
      vertex 64.5296 -1.69061 24.3938
      vertex 64.4676 -1.7 24.2928
      vertex 64.5296 -5 24.3938
    endloop
  endfacet
  facet normal 0.0316068 -0.997397 0.0648029
    outer loop
      vertex 66.5389 -4.75 27.2616
      vertex 64.5296 -5 24.3938
      vertex 70.8211 -5 21.3252
    endloop
  endfacet
  facet normal 0.0362148 0.99702 0.068111
    outer loop
      vertex 70.8211 5 21.3252
      vertex 66.5389 4.75 27.2616
      vertex 71.8366 4.75 24.4448
    endloop
  endfacet
  facet normal 0.0362148 -0.99702 0.068111
    outer loop
      vertex 71.8366 -4.75 24.4448
      vertex 66.5389 -4.75 27.2616
      vertex 70.8211 -5 21.3252
    endloop
  endfacet
  facet normal 0.0316068 0.997397 0.0648029
    outer loop
      vertex 70.8211 5 21.3252
      vertex 64.5296 5 24.3938
      vertex 66.5389 4.75 27.2616
    endloop
  endfacet
  facet normal 0.950888 0 -0.309535
    outer loop
      vertex 71.8366 -4.75 24.4448
      vertex 70.8211 5 21.3252
      vertex 71.8366 4.75 24.4448
    endloop
  endfacet
  facet normal 0.950888 0 -0.309535
    outer loop
      vertex 70.8211 5 21.3252
      vertex 71.8366 -4.75 24.4448
      vertex 70.8211 -5 21.3252
    endloop
  endfacet
  facet normal -0.818998 -2.44007e-18 0.573796
    outer loop
      vertex 64.6913 1.66733 24.6246
      vertex 64.5296 5 24.3938
      vertex 64.5296 1.69061 24.3938
    endloop
  endfacet
  facet normal -0.818997 2.17833e-07 0.573798
    outer loop
      vertex 64.9094 1.57059 24.9359
      vertex 64.5296 5 24.3938
      vertex 64.6913 1.66733 24.6246
    endloop
  endfacet
  facet normal -0.818985 4.3139e-06 0.573815
    outer loop
      vertex 64.5296 5 24.3938
      vertex 64.9094 1.57059 24.9359
      vertex 66.5389 4.75 27.2616
    endloop
  endfacet
  facet normal -0.819059 0.00012008 0.573709
    outer loop
      vertex 65.0424 1.46667 25.1258
      vertex 66.5389 4.75 27.2616
      vertex 64.9094 1.57059 24.9359
    endloop
  endfacet
  facet normal -0.818784 -0.000261009 0.574102
    outer loop
      vertex 65.1105 1.4135 25.2229
      vertex 66.5389 4.75 27.2616
      vertex 65.0424 1.46667 25.1258
    endloop
  endfacet
  facet normal -0.81891 -9.65229e-05 0.573921
    outer loop
      vertex 65.1705 1.34152 25.3085
      vertex 66.5389 4.75 27.2616
      vertex 65.1105 1.4135 25.2229
    endloop
  endfacet
  facet normal -0.819044 6.58318e-05 0.573731
    outer loop
      vertex 65.2867 1.20208 25.4744
      vertex 66.5389 4.75 27.2616
      vertex 65.1705 1.34152 25.3085
    endloop
  endfacet
  facet normal -0.819002 2.12994e-05 0.573791
    outer loop
      vertex 65.3363 1.11371 25.5452
      vertex 66.5389 4.75 27.2616
      vertex 65.2867 1.20208 25.4744
    endloop
  endfacet
  facet normal -0.818996 1.52183e-05 0.573799
    outer loop
      vertex 65.4313 0.944468 25.6808
      vertex 66.5389 4.75 27.2616
      vertex 65.3363 1.11371 25.5452
    endloop
  endfacet
  facet normal -0.819077 8.69096e-05 0.573684
    outer loop
      vertex 65.5016 0.752144 25.7812
      vertex 66.5389 4.75 27.2616
      vertex 65.4313 0.944468 25.6808
    endloop
  endfacet
  facet normal -0.818697 -0.000212386 0.574226
    outer loop
      vertex 65.5388 0.650561 25.8342
      vertex 66.5389 4.75 27.2616
      vertex 65.5016 0.752144 25.7812
    endloop
  endfacet
  facet normal -0.819044 4.43751e-05 0.573731
    outer loop
      vertex 65.5617 0.54004 25.8669
      vertex 66.5389 4.75 27.2616
      vertex 65.5388 0.650561 25.8342
    endloop
  endfacet
  facet normal -0.818775 -0.000144701 0.574114
    outer loop
      vertex 65.605 0.331653 25.9286
      vertex 66.5389 4.75 27.2616
      vertex 65.5617 0.54004 25.8669
    endloop
  endfacet
  facet normal -0.818878 -7.89634e-05 0.573968
    outer loop
      vertex 65.6196 0.115237 25.9494
      vertex 66.5389 4.75 27.2616
      vertex 65.605 0.331653 25.9286
    endloop
  endfacet
  facet normal -0.819682 0.000405635 0.572819
    outer loop
      vertex 65.6273 0 25.9605
      vertex 66.5389 4.75 27.2616
      vertex 65.6196 0.115237 25.9494
    endloop
  endfacet
  facet normal -0.819682 -0.000405635 0.572819
    outer loop
      vertex 66.5389 -4.75 27.2616
      vertex 65.6273 0 25.9605
      vertex 65.6196 -0.115237 25.9494
    endloop
  endfacet
  facet normal -0.818878 7.89634e-05 0.573968
    outer loop
      vertex 66.5389 -4.75 27.2616
      vertex 65.6196 -0.115237 25.9494
      vertex 65.605 -0.331653 25.9286
    endloop
  endfacet
  facet normal -0.819044 -4.43751e-05 0.573731
    outer loop
      vertex 66.5389 -4.75 27.2616
      vertex 65.5617 -0.54004 25.8669
      vertex 65.5388 -0.650561 25.8342
    endloop
  endfacet
  facet normal -0.819002 -2.12994e-05 0.573791
    outer loop
      vertex 66.5389 -4.75 27.2616
      vertex 65.3363 -1.11371 25.5452
      vertex 65.2867 -1.20208 25.4744
    endloop
  endfacet
  facet normal -0.81891 9.65229e-05 0.573921
    outer loop
      vertex 66.5389 -4.75 27.2616
      vertex 65.1705 -1.34152 25.3085
      vertex 65.1105 -1.4135 25.2229
    endloop
  endfacet
  facet normal -0.819059 -0.00012008 0.573709
    outer loop
      vertex 66.5389 -4.75 27.2616
      vertex 65.0424 -1.46667 25.1258
      vertex 64.9094 -1.57059 24.9359
    endloop
  endfacet
  facet normal -0.818986 -6.1652e-18 0.573813
    outer loop
      vertex 65.6273 0 25.9605
      vertex 66.5389 -4.75 27.2616
      vertex 66.5389 4.75 27.2616
    endloop
  endfacet
  facet normal -0.818775 0.000144701 0.574114
    outer loop
      vertex 65.5617 -0.54004 25.8669
      vertex 66.5389 -4.75 27.2616
      vertex 65.605 -0.331653 25.9286
    endloop
  endfacet
  facet normal -0.818697 0.000212386 0.574226
    outer loop
      vertex 65.5016 -0.752144 25.7812
      vertex 66.5389 -4.75 27.2616
      vertex 65.5388 -0.650561 25.8342
    endloop
  endfacet
  facet normal -0.819077 -8.69096e-05 0.573684
    outer loop
      vertex 65.4313 -0.944468 25.6808
      vertex 66.5389 -4.75 27.2616
      vertex 65.5016 -0.752144 25.7812
    endloop
  endfacet
  facet normal -0.818996 -1.52183e-05 0.573799
    outer loop
      vertex 65.3363 -1.11371 25.5452
      vertex 66.5389 -4.75 27.2616
      vertex 65.4313 -0.944468 25.6808
    endloop
  endfacet
  facet normal -0.819044 -6.58318e-05 0.573731
    outer loop
      vertex 65.1705 -1.34152 25.3085
      vertex 66.5389 -4.75 27.2616
      vertex 65.2867 -1.20208 25.4744
    endloop
  endfacet
  facet normal -0.818784 0.000261009 0.574102
    outer loop
      vertex 65.0424 -1.46667 25.1258
      vertex 66.5389 -4.75 27.2616
      vertex 65.1105 -1.4135 25.2229
    endloop
  endfacet
  facet normal -0.818997 -2.17833e-07 0.573798
    outer loop
      vertex 64.5296 -5 24.3938
      vertex 64.9094 -1.57059 24.9359
      vertex 64.6913 -1.66733 24.6246
    endloop
  endfacet
  facet normal -0.818998 0 0.573796
    outer loop
      vertex 64.5296 -5 24.3938
      vertex 64.6913 -1.66733 24.6246
      vertex 64.5296 -1.69061 24.3938
    endloop
  endfacet
  facet normal -0.818985 -4.3139e-06 0.573815
    outer loop
      vertex 64.9094 -1.57059 24.9359
      vertex 64.5296 -5 24.3938
      vertex 66.5389 -4.75 27.2616
    endloop
  endfacet
  facet normal 0.0607715 -0.991586 0.114296
    outer loop
      vertex 68.7279 -4.5 28.2666
      vertex 66.5389 -4.75 27.2616
      vertex 71.8366 -4.75 24.4448
    endloop
  endfacet
  facet normal 0.0821191 0.98792 0.131421
    outer loop
      vertex 71.8366 4.75 24.4448
      vertex 68.7279 4.5 28.2666
      vertex 71.6961 4.5 26.4119
    endloop
  endfacet
  facet normal 0.529912 -6.75867e-18 0.848053
    outer loop
      vertex 68.7279 4.5 28.2666
      vertex 71.6961 -4.5 26.4119
      vertex 71.6961 4.5 26.4119
    endloop
  endfacet
  facet normal 0.529912 -6.75867e-18 0.848053
    outer loop
      vertex 71.6961 -4.5 26.4119
      vertex 68.7279 4.5 28.2666
      vertex 68.7279 -4.5 28.2666
    endloop
  endfacet
  facet normal 0.0821191 -0.98792 0.131421
    outer loop
      vertex 71.6961 -4.5 26.4119
      vertex 68.7279 -4.5 28.2666
      vertex 71.8366 -4.75 24.4448
    endloop
  endfacet
  facet normal 0.0607715 0.991586 0.114296
    outer loop
      vertex 71.8366 4.75 24.4448
      vertex 66.5389 4.75 27.2616
      vertex 68.7279 4.5 28.2666
    endloop
  endfacet
  facet normal 0.997459 -0 0.0712434
    outer loop
      vertex 71.6961 -4.5 26.4119
      vertex 71.8366 4.75 24.4448
      vertex 71.6961 4.5 26.4119
    endloop
  endfacet
  facet normal 0.997459 0 0.0712434
    outer loop
      vertex 71.8366 4.75 24.4448
      vertex 71.6961 -4.5 26.4119
      vertex 71.8366 -4.75 24.4448
    endloop
  endfacet
  facet normal -0.417241 4.438e-18 0.908796
    outer loop
      vertex 66.5389 4.75 27.2616
      vertex 68.7279 -4.5 28.2666
      vertex 68.7279 4.5 28.2666
    endloop
  endfacet
  facet normal -0.417241 4.20442e-18 0.908796
    outer loop
      vertex 68.7279 -4.5 28.2666
      vertex 66.5389 4.75 27.2616
      vertex 66.5389 -4.75 27.2616
    endloop
  endfacet
  facet normal -0.78423 -0.0978179 -0.612712
    outer loop
      vertex 65.8245 0.0368595 8.58025
      vertex 59.7562 0.331653 16.3002
      vertex 65.8102 0.331653 8.55149
    endloop
  endfacet
  facet normal -0.784232 -0.0977741 -0.612715
    outer loop
      vertex 59.7562 0.331653 16.3002
      vertex 65.8245 0.0368595 8.58025
      vertex 59.7684 0.0940523 16.3225
    endloop
  endfacet
  facet normal 0.371457 0.881926 0.290219
    outer loop
      vertex 67.6437 -1.4135 1.9624
      vertex 65.6434 -1.57059 5
      vertex 67.8753 -1.57059 2.14334
    endloop
  endfacet
  facet normal 0.371498 0.8819 0.290244
    outer loop
      vertex 65.6434 -1.57059 5
      vertex 67.6437 -1.4135 1.9624
      vertex 65.2956 -1.42408 5
    endloop
  endfacet
  facet normal 0.371507 0.881894 0.290252
    outer loop
      vertex 64.6623 -1.57059 6.25579
      vertex 58.4332 -1.455 13.8775
      vertex 58.5461 -1.57059 14.0842
    endloop
  endfacet
  facet normal 0.37141 0.881961 0.290171
    outer loop
      vertex 58.4332 -1.455 13.8775
      vertex 64.6623 -1.57059 6.25579
      vertex 64.5297 -1.42753 5.99069
    endloop
  endfacet
  facet normal -0.785138 -0.0963362 -0.611782
    outer loop
      vertex 65.7972 0 8.62109
      vertex 65.8245 0.0368595 8.58025
      vertex 65.8246 0.0347109 8.58046
    endloop
  endfacet
  facet normal -0.784213 -0.0980369 -0.612698
    outer loop
      vertex 65.8245 0.0368595 8.58025
      vertex 65.7972 0 8.62109
      vertex 59.7684 0.0940523 16.3225
    endloop
  endfacet
  facet normal -0.784156 -0.0988269 -0.612644
    outer loop
      vertex 59.7684 0.0940523 16.3225
      vertex 65.7972 0 8.62109
      vertex 59.7733 0 16.3314
    endloop
  endfacet
  facet normal 0.0774458 -0.995159 0.0605082
    outer loop
      vertex 68.1266 1.66733 2.33968
      vertex 66.0729 1.66926 5
      vertex 66.0481 1.66733 5
    endloop
  endfacet
  facet normal 0.0773147 -0.995175 0.060404
    outer loop
      vertex 58.7126 1.66733 14.3891
      vertex 64.8357 1.67042 6.60268
      vertex 58.7591 1.67612 14.4744
    endloop
  endfacet
  facet normal 0.0773587 -0.99517 0.0604386
    outer loop
      vertex 64.8357 1.67042 6.60268
      vertex 58.7126 1.66733 14.3891
      vertex 64.8202 1.66733 6.57164
    endloop
  endfacet
  facet normal -0.78423 0.0978179 -0.612712
    outer loop
      vertex 59.7562 -0.331653 16.3002
      vertex 65.8245 -0.0368595 8.58025
      vertex 65.8102 -0.331653 8.55149
    endloop
  endfacet
  facet normal -0.784232 0.0977741 -0.612715
    outer loop
      vertex 65.8245 -0.0368595 8.58025
      vertex 59.7562 -0.331653 16.3002
      vertex 59.7684 -0.0940523 16.3225
    endloop
  endfacet
  facet normal 0.501113 0.771748 0.391523
    outer loop
      vertex 65.2704 -1.4135 5
      vertex 67.6437 -1.4135 1.9624
      vertex 65.2483 -1.39915 5
    endloop
  endfacet
  facet normal 0.499887 0.773034 0.390553
    outer loop
      vertex 64.5167 -1.4135 5.96469
      vertex 58.3572 -1.35787 13.7384
      vertex 58.3926 -1.4135 13.8032
    endloop
  endfacet
  facet normal 0.500427 0.772466 0.390985
    outer loop
      vertex 58.3572 -1.35787 13.7384
      vertex 64.5167 -1.4135 5.96469
      vertex 64.5054 -1.3947 5.94201
    endloop
  endfacet
  facet normal 0.49991 0.773011 0.390569
    outer loop
      vertex 67.4407 -1.20208 1.80379
      vertex 65.2483 -1.39915 5
      vertex 67.6437 -1.4135 1.9624
    endloop
  endfacet
  facet normal 0.499839 0.77308 0.390524
    outer loop
      vertex 65.2483 -1.39915 5
      vertex 67.4407 -1.20208 1.80379
      vertex 64.9435 -1.20208 5
    endloop
  endfacet
  facet normal 0.499901 0.773017 0.390568
    outer loop
      vertex 64.5054 -1.3947 5.94201
      vertex 58.2581 -1.20208 13.5569
      vertex 58.3572 -1.35787 13.7384
    endloop
  endfacet
  facet normal 0.499937 0.772979 0.390598
    outer loop
      vertex 58.2581 -1.20208 13.5569
      vertex 64.5054 -1.3947 5.94201
      vertex 64.3892 -1.20208 5.70955
    endloop
  endfacet
  facet normal -0.615695 -4.14731e-05 0.787985
    outer loop
      vertex 67.2741 -0.944468 1.67363
      vertex 67.4407 -1.20208 1.80379
      vertex 67.0483 0 1.49725
    endloop
  endfacet
  facet normal 0.499839 -0.77308 0.390524
    outer loop
      vertex 67.4407 1.20208 1.80379
      vertex 65.2483 1.39915 5
      vertex 64.9435 1.20208 5
    endloop
  endfacet
  facet normal 0.49991 -0.773011 0.390569
    outer loop
      vertex 65.2483 1.39915 5
      vertex 67.4407 1.20208 1.80379
      vertex 67.6437 1.4135 1.9624
    endloop
  endfacet
  facet normal 0.499901 -0.773017 0.390568
    outer loop
      vertex 58.2581 1.20208 13.5569
      vertex 64.5054 1.3947 5.94201
      vertex 58.3572 1.35787 13.7384
    endloop
  endfacet
  facet normal 0.499937 -0.772979 0.390598
    outer loop
      vertex 64.5054 1.3947 5.94201
      vertex 58.2581 1.20208 13.5569
      vertex 64.3892 1.20208 5.70955
    endloop
  endfacet
  facet normal -0.615586 0.00015027 0.78807
    outer loop
      vertex 69.3352 1.20208 3.28395
      vertex 69.1322 1.4135 3.12534
      vertex 68.9006 1.57059 2.9444
    endloop
  endfacet
  facet normal -0.371872 -0.881642 -0.290549
    outer loop
      vertex 69.1322 1.4135 3.12534
      vertex 67.6675 1.4135 5
      vertex 67.6519 1.42008 5
    endloop
  endfacet
  facet normal -0.371622 -0.881814 -0.290345
    outer loop
      vertex 59.3363 1.45706 15.5312
      vertex 65.4522 1.4135 7.83555
      vertex 59.3788 1.4135 15.6091
    endloop
  endfacet
  facet normal -0.371594 -0.881834 -0.290322
    outer loop
      vertex 65.4522 1.4135 7.83555
      vertex 59.3363 1.45706 15.5312
      vertex 65.437 1.42993 7.8051
    endloop
  endfacet
  facet normal 0.609136 0.634394 0.475918
    outer loop
      vertex 67.2741 -0.944468 1.67363
      vertex 64.9435 -1.20208 5
      vertex 67.4407 -1.20208 1.80379
    endloop
  endfacet
  facet normal 0.609222 0.634273 0.475969
    outer loop
      vertex 64.9435 -1.20208 5
      vertex 67.2741 -0.944468 1.67363
      vertex 64.6951 -0.963491 5
    endloop
  endfacet
  facet normal 0.60924 0.634234 0.475997
    outer loop
      vertex 64.3892 -1.20208 5.70955
      vertex 58.1765 -1.01157 13.4075
      vertex 58.2581 -1.20208 13.5569
    endloop
  endfacet
  facet normal 0.609097 0.634463 0.475876
    outer loop
      vertex 58.1765 -1.01157 13.4075
      vertex 64.3892 -1.20208 5.70955
      vertex 64.2934 -0.966454 5.51802
    endloop
  endfacet
  facet normal -0.0773539 0.99517 -0.0604342
    outer loop
      vertex 66.4919 -1.69822 5
      vertex 68.3879 -1.7 2.54387
      vertex 66.469 -1.7 5
    endloop
  endfacet
  facet normal -0.0773029 0.995177 -0.0603951
    outer loop
      vertex 65.0004 -1.69682 6.93207
      vertex 58.8857 -1.7 14.7062
      vertex 58.9327 -1.69113 14.7922
    endloop
  endfacet
  facet normal -0.0774458 0.995159 -0.0605075
    outer loop
      vertex 58.8857 -1.7 14.7062
      vertex 65.0004 -1.69682 6.93207
      vertex 64.9845 -1.7 6.90012
    endloop
  endfacet
  facet normal -0.615639 1.98562e-05 0.788029
    outer loop
      vertex 67.2741 0.944468 1.67363
      vertex 67.1503 0.650561 1.57692
      vertex 67.0483 0 1.49725
    endloop
  endfacet
  facet normal -0.616305 -9.64071e-05 0.787507
    outer loop
      vertex 69.0465 0.331653 3.05843
      vertex 68.9006 1.57059 2.9444
      vertex 69.0206 0 3.03812
    endloop
  endfacet
  facet normal -0.615668 2.45685e-05 0.788006
    outer loop
      vertex 69.1235 0.650561 3.11858
      vertex 68.9006 1.57059 2.9444
      vertex 69.0465 0.331653 3.05843
    endloop
  endfacet
  facet normal -0.615685 1.78364e-05 0.787993
    outer loop
      vertex 69.2485 0.944468 3.21624
      vertex 68.9006 1.57059 2.9444
      vertex 69.1235 0.650561 3.11858
    endloop
  endfacet
  facet normal -0.615193 0.000457697 0.788376
    outer loop
      vertex 68.9006 1.57059 2.9444
      vertex 69.2485 0.944468 3.21624
      vertex 69.2772 0.988298 3.23861
    endloop
  endfacet
  facet normal -0.615193 -0.000457697 0.788376
    outer loop
      vertex 69.2485 -0.944468 3.21624
      vertex 68.9006 -1.57059 2.9444
      vertex 69.2772 -0.988298 3.23861
    endloop
  endfacet
  facet normal -0.615685 -1.78364e-05 0.787993
    outer loop
      vertex 69.1235 -0.650561 3.11858
      vertex 68.9006 -1.57059 2.9444
      vertex 69.2485 -0.944468 3.21624
    endloop
  endfacet
  facet normal -0.615668 -2.45685e-05 0.788006
    outer loop
      vertex 69.0465 -0.331653 3.05843
      vertex 68.9006 -1.57059 2.9444
      vertex 69.1235 -0.650561 3.11858
    endloop
  endfacet
  facet normal -0.616305 9.64071e-05 0.787507
    outer loop
      vertex 69.0206 0 3.03812
      vertex 68.9006 -1.57059 2.9444
      vertex 69.0465 -0.331653 3.05843
    endloop
  endfacet
  facet normal -0.615522 0 0.78812
    outer loop
      vertex 68.9006 -1.57059 2.9444
      vertex 69.0206 0 3.03812
      vertex 68.9006 1.57059 2.9444
    endloop
  endfacet
  facet normal -0.754034 0.29048 -0.589112
    outer loop
      vertex 59.7057 -0.650561 16.2077
      vertex 65.8102 -0.331653 8.55149
      vertex 65.7622 -0.650561 8.45568
    endloop
  endfacet
  facet normal -0.754075 0.290295 -0.589152
    outer loop
      vertex 65.8102 -0.331653 8.55149
      vertex 59.7057 -0.650561 16.2077
      vertex 59.7562 -0.331653 16.3002
    endloop
  endfacet
  facet normal 0.077233 -0.995185 0.0603439
    outer loop
      vertex 68.1266 1.66733 2.33968
      vertex 66.469 1.7 5
      vertex 66.0729 1.66926 5
    endloop
  endfacet
  facet normal 0.0772588 -0.995182 0.0603599
    outer loop
      vertex 66.469 1.7 5
      vertex 68.1266 1.66733 2.33968
      vertex 68.3879 1.7 2.54387
    endloop
  endfacet
  facet normal 0.0772337 -0.995185 0.0603418
    outer loop
      vertex 58.7591 1.67612 14.4744
      vertex 64.9845 1.7 6.90012
      vertex 58.8857 1.7 14.7062
    endloop
  endfacet
  facet normal 0.0772265 -0.995186 0.0603359
    outer loop
      vertex 64.9845 1.7 6.90012
      vertex 58.7591 1.67612 14.4744
      vertex 64.8357 1.67042 6.60268
    endloop
  endfacet
  facet normal -0.499886 -0.773027 -0.390568
    outer loop
      vertex 69.1322 1.4135 3.12534
      vertex 67.9819 1.21019 5
      vertex 67.6675 1.4135 5
    endloop
  endfacet
  facet normal -0.499904 -0.773011 -0.390577
    outer loop
      vertex 67.9819 1.21019 5
      vertex 69.1322 1.4135 3.12534
      vertex 69.3352 1.20208 3.28395
    endloop
  endfacet
  facet normal -0.499929 -0.772989 -0.390588
    outer loop
      vertex 59.3788 1.4135 15.6091
      vertex 65.5661 1.22466 8.06345
      vertex 59.4757 1.26114 15.7866
    endloop
  endfacet
  facet normal -0.499957 -0.772959 -0.390612
    outer loop
      vertex 65.5661 1.22466 8.06345
      vertex 59.3788 1.4135 15.6091
      vertex 65.4522 1.4135 7.83555
    endloop
  endfacet
  facet normal -0.615662 8.75291e-18 0.78801
    outer loop
      vertex 67.6437 1.4135 1.9624
      vertex 68.9006 -1.57059 2.9444
      vertex 68.9006 1.57059 2.9444
    endloop
  endfacet
  facet normal -0.615662 9.72567e-18 0.78801
    outer loop
      vertex 68.9006 -1.57059 2.9444
      vertex 67.6437 1.4135 1.9624
      vertex 67.6437 -1.4135 1.9624
    endloop
  endfacet
  facet normal -0.616084 0.000469807 0.787681
    outer loop
      vertex 69.3144 -1.0454 3.26774
      vertex 69.2772 -0.988298 3.23861
      vertex 68.9006 -1.57059 2.9444
    endloop
  endfacet
  facet normal -0.614341 0.00124601 0.78904
    outer loop
      vertex 69.3716 1.13292 3.3124
      vertex 69.3758 1.13931 3.31566
      vertex 69.3352 1.20208 3.28395
    endloop
  endfacet
  facet normal 0.501113 -0.771748 0.391523
    outer loop
      vertex 67.6437 1.4135 1.9624
      vertex 65.2704 1.4135 5
      vertex 65.2483 1.39915 5
    endloop
  endfacet
  facet normal 0.499887 -0.773034 0.390553
    outer loop
      vertex 58.3572 1.35787 13.7384
      vertex 64.5167 1.4135 5.96469
      vertex 58.3926 1.4135 13.8032
    endloop
  endfacet
  facet normal 0.500427 -0.772466 0.390985
    outer loop
      vertex 64.5167 1.4135 5.96469
      vertex 58.3572 1.35787 13.7384
      vertex 64.5054 1.3947 5.94201
    endloop
  endfacet
  facet normal 0.784294 -0.0970815 0.612747
    outer loop
      vertex 67.0483 0 1.49725
      vertex 64.3149 0.0258519 5
      vertex 64.3117 0 5
    endloop
  endfacet
  facet normal 0.784218 -0.0980159 0.612695
    outer loop
      vertex 58.0052 0 13.0719
      vertex 64.1439 0.0274687 5.21908
      vertex 58.0094 0.085487 13.0802
    endloop
  endfacet
  facet normal 0.784302 -0.0969031 0.612765
    outer loop
      vertex 64.1439 0.0274687 5.21908
      vertex 58.0052 0 13.0719
      vertex 64.1426 0 5.2164
    endloop
  endfacet
  facet normal 0.608045 -0.636077 0.475067
    outer loop
      vertex 67.2741 0.944468 1.67363
      vertex 64.6951 0.963491 5
      vertex 64.6752 0.944468 5
    endloop
  endfacet
  facet normal 0.676209 -0.610897 0.411759
    outer loop
      vertex 58.1487 0.944468 13.3536
      vertex 58.1765 1.01157 13.4075
      vertex 58.1721 1.00124 13.3994
    endloop
  endfacet
  facet normal 0.609046 -0.634542 0.475836
    outer loop
      vertex 58.1487 0.944468 13.3536
      vertex 64.2934 0.966454 5.51802
      vertex 58.1765 1.01157 13.4075
    endloop
  endfacet
  facet normal 0.609524 -0.633799 0.476213
    outer loop
      vertex 64.2934 0.966454 5.51802
      vertex 58.1487 0.944468 13.3536
      vertex 64.2845 0.944468 5.50015
    endloop
  endfacet
  facet normal -0.371495 -0.881902 -0.290242
    outer loop
      vertex 68.9006 1.57059 2.9444
      vertex 67.6519 1.42008 5
      vertex 67.2946 1.57059 5
    endloop
  endfacet
  facet normal -0.371456 -0.881926 -0.29022
    outer loop
      vertex 67.6519 1.42008 5
      vertex 68.9006 1.57059 2.9444
      vertex 69.1322 1.4135 3.12534
    endloop
  endfacet
  facet normal -0.371423 -0.88195 -0.290187
    outer loop
      vertex 59.2254 1.57059 15.3281
      vertex 65.437 1.42993 7.8051
      vertex 59.3363 1.45706 15.5312
    endloop
  endfacet
  facet normal -0.371388 -0.881975 -0.290158
    outer loop
      vertex 65.437 1.42993 7.8051
      vertex 59.2254 1.57059 15.3281
      vertex 65.3066 1.57059 7.54445
    endloop
  endfacet
  facet normal -0.616084 -0.000469807 0.787681
    outer loop
      vertex 69.2772 0.988298 3.23861
      vertex 69.3144 1.0454 3.26774
      vertex 68.9006 1.57059 2.9444
    endloop
  endfacet
  facet normal 0.371498 -0.8819 0.290244
    outer loop
      vertex 67.6437 1.4135 1.9624
      vertex 65.6434 1.57059 5
      vertex 65.2956 1.42408 5
    endloop
  endfacet
  facet normal 0.371457 -0.881926 0.290219
    outer loop
      vertex 65.6434 1.57059 5
      vertex 67.6437 1.4135 1.9624
      vertex 67.8753 1.57059 2.14334
    endloop
  endfacet
  facet normal 0.371507 -0.881894 0.290252
    outer loop
      vertex 58.4332 1.455 13.8775
      vertex 64.6623 1.57059 6.25579
      vertex 58.5461 1.57059 14.0842
    endloop
  endfacet
  facet normal 0.37141 -0.881961 0.290171
    outer loop
      vertex 64.6623 1.57059 6.25579
      vertex 58.4332 1.455 13.8775
      vertex 64.5297 1.42753 5.99069
    endloop
  endfacet
  facet normal -0.0772393 -0.995185 -0.0603458
    outer loop
      vertex 68.3879 1.7 2.54387
      vertex 66.8899 1.66733 5
      vertex 66.4919 1.69822 5
    endloop
  endfacet
  facet normal -0.0772401 -0.995185 -0.0603463
    outer loop
      vertex 66.8899 1.66733 5
      vertex 68.3879 1.7 2.54387
      vertex 68.6493 1.66733 2.74806
    endloop
  endfacet
  facet normal -0.0772325 -0.995185 -0.0603406
    outer loop
      vertex 58.9327 1.69113 14.7922
      vertex 65.1487 1.66733 7.2286
      vertex 59.0589 1.66733 15.0232
    endloop
  endfacet
  facet normal -0.0772367 -0.995185 -0.060344
    outer loop
      vertex 65.1487 1.66733 7.2286
      vertex 58.9327 1.69113 14.7922
      vertex 65.0004 1.69682 6.93207
    endloop
  endfacet
  facet normal -0.616341 -0.000197099 0.78748
    outer loop
      vertex 67.0741 -0.331653 1.51736
      vertex 67.1503 -0.650561 1.57692
      vertex 67.0483 0 1.49725
    endloop
  endfacet
  facet normal 0.695011 0.471268 0.543016
    outer loop
      vertex 67.2741 -0.944468 1.67363
      vertex 64.4759 -0.650561 5
      vertex 64.6604 -0.922656 5
    endloop
  endfacet
  facet normal 0.694964 0.471396 0.542965
    outer loop
      vertex 64.4759 -0.650561 5
      vertex 67.2741 -0.944468 1.67363
      vertex 67.1503 -0.650561 1.57692
    endloop
  endfacet
  facet normal 0.694943 0.471438 0.542955
    outer loop
      vertex 64.2779 -0.919463 5.48692
      vertex 58.07 -0.650561 13.1991
      vertex 58.1283 -0.86814 13.3134
    endloop
  endfacet
  facet normal 0.694938 0.471451 0.542951
    outer loop
      vertex 58.07 -0.650561 13.1991
      vertex 64.2779 -0.919463 5.48692
      vertex 64.2067 -0.650561 5.34456
    endloop
  endfacet
  facet normal -0.785138 0.0963362 -0.611782
    outer loop
      vertex 65.8245 -0.0368595 8.58025
      vertex 65.7972 0 8.62109
      vertex 65.8246 -0.0347109 8.58046
    endloop
  endfacet
  facet normal -0.784213 0.0980369 -0.612698
    outer loop
      vertex 65.7972 0 8.62109
      vertex 65.8245 -0.0368595 8.58025
      vertex 59.7684 -0.0940523 16.3225
    endloop
  endfacet
  facet normal -0.784156 0.0988269 -0.612644
    outer loop
      vertex 65.7972 0 8.62109
      vertex 59.7684 -0.0940523 16.3225
      vertex 59.7733 0 16.3314
    endloop
  endfacet
  facet normal -0.0772401 0.995185 -0.0603463
    outer loop
      vertex 68.3879 -1.7 2.54387
      vertex 66.8899 -1.66733 5
      vertex 68.6493 -1.66733 2.74806
    endloop
  endfacet
  facet normal -0.0772393 0.995185 -0.0603458
    outer loop
      vertex 66.8899 -1.66733 5
      vertex 68.3879 -1.7 2.54387
      vertex 66.4919 -1.69822 5
    endloop
  endfacet
  facet normal -0.0772325 0.995185 -0.0603406
    outer loop
      vertex 65.1487 -1.66733 7.2286
      vertex 58.9327 -1.69113 14.7922
      vertex 59.0589 -1.66733 15.0232
    endloop
  endfacet
  facet normal -0.0772367 0.995185 -0.060344
    outer loop
      vertex 58.9327 -1.69113 14.7922
      vertex 65.1487 -1.66733 7.2286
      vertex 65.0004 -1.69682 6.93207
    endloop
  endfacet
  facet normal -0.228748 -0.95694 -0.178717
    outer loop
      vertex 68.6493 1.66733 2.74806
      vertex 67.2946 1.57059 5
      vertex 66.8899 1.66733 5
    endloop
  endfacet
  facet normal -0.22875 -0.95694 -0.178718
    outer loop
      vertex 67.2946 1.57059 5
      vertex 68.6493 1.66733 2.74806
      vertex 68.9006 1.57059 2.9444
    endloop
  endfacet
  facet normal -0.228742 -0.956943 -0.178711
    outer loop
      vertex 59.0589 1.66733 15.0232
      vertex 65.3066 1.57059 7.54445
      vertex 59.2254 1.57059 15.3281
    endloop
  endfacet
  facet normal -0.228764 -0.956934 -0.17873
    outer loop
      vertex 65.3066 1.57059 7.54445
      vertex 59.0589 1.66733 15.0232
      vertex 65.1487 1.66733 7.2286
    endloop
  endfacet
  facet normal -0.0773539 -0.99517 -0.0604342
    outer loop
      vertex 68.3879 1.7 2.54387
      vertex 66.4919 1.69822 5
      vertex 66.469 1.7 5
    endloop
  endfacet
  facet normal -0.0773029 -0.995177 -0.0603951
    outer loop
      vertex 58.8857 1.7 14.7062
      vertex 65.0004 1.69682 6.93207
      vertex 58.9327 1.69113 14.7922
    endloop
  endfacet
  facet normal -0.0774458 -0.995159 -0.0605075
    outer loop
      vertex 65.0004 1.69682 6.93207
      vertex 58.8857 1.7 14.7062
      vertex 64.9845 1.7 6.90012
    endloop
  endfacet
  facet normal 0.228748 -0.95694 0.17872
    outer loop
      vertex 67.8753 1.57059 2.14334
      vertex 66.0481 1.66733 5
      vertex 65.6434 1.57059 5
    endloop
  endfacet
  facet normal 0.228748 -0.95694 0.17872
    outer loop
      vertex 66.0481 1.66733 5
      vertex 67.8753 1.57059 2.14334
      vertex 68.1266 1.66733 2.33968
    endloop
  endfacet
  facet normal 0.228742 -0.956943 0.178711
    outer loop
      vertex 58.5461 1.57059 14.0842
      vertex 64.8202 1.66733 6.57164
      vertex 58.7126 1.66733 14.3891
    endloop
  endfacet
  facet normal 0.228765 -0.956934 0.17873
    outer loop
      vertex 64.8202 1.66733 6.57164
      vertex 58.5461 1.57059 14.0842
      vertex 64.6623 1.57059 6.25579
    endloop
  endfacet
  facet normal -0.615683 -1.94326e-18 0.787994
    outer loop
      vertex 67.4407 1.20208 1.80379
      vertex 67.6437 -1.4135 1.9624
      vertex 67.6437 1.4135 1.9624
    endloop
  endfacet
  facet normal -0.615683 -2.28504e-18 0.787994
    outer loop
      vertex 67.6437 -1.4135 1.9624
      vertex 67.4407 1.20208 1.80379
      vertex 67.4407 -1.20208 1.80379
    endloop
  endfacet
  facet normal 0.695011 -0.471268 0.543016
    outer loop
      vertex 64.4759 0.650561 5
      vertex 67.2741 0.944468 1.67363
      vertex 64.6604 0.922656 5
    endloop
  endfacet
  facet normal 0.694964 -0.471396 0.542965
    outer loop
      vertex 67.2741 0.944468 1.67363
      vertex 64.4759 0.650561 5
      vertex 67.1503 0.650561 1.57692
    endloop
  endfacet
  facet normal 0.694943 -0.471438 0.542955
    outer loop
      vertex 58.07 0.650561 13.1991
      vertex 64.2779 0.919463 5.48692
      vertex 58.1283 0.86814 13.3134
    endloop
  endfacet
  facet normal 0.694938 -0.471451 0.542951
    outer loop
      vertex 64.2779 0.919463 5.48692
      vertex 58.07 0.650561 13.1991
      vertex 64.2067 0.650561 5.34456
    endloop
  endfacet
  facet normal 0.694909 -0.471513 0.542934
    outer loop
      vertex 67.2741 0.944468 1.67363
      vertex 64.6752 0.944468 5
      vertex 64.6604 0.922656 5
    endloop
  endfacet
  facet normal 0.694861 -0.471638 0.542886
    outer loop
      vertex 58.1283 0.86814 13.3134
      vertex 64.2845 0.944468 5.50015
      vertex 58.1487 0.944468 13.3536
    endloop
  endfacet
  facet normal 0.695181 -0.470867 0.543146
    outer loop
      vertex 64.2845 0.944468 5.50015
      vertex 58.1283 0.86814 13.3134
      vertex 64.2779 0.919463 5.48692
    endloop
  endfacet
  facet normal -0.615663 -1.53914e-05 0.788009
    outer loop
      vertex 68.6493 -1.66733 2.74806
      vertex 68.9006 -1.57059 2.9444
      vertex 67.6437 -1.4135 1.9624
    endloop
  endfacet
  facet normal -0.615614 0.000302337 0.788048
    outer loop
      vertex 68.3879 -1.7 2.54387
      vertex 68.6493 -1.66733 2.74806
      vertex 67.6437 -1.4135 1.9624
    endloop
  endfacet
  facet normal 0.370531 -0.882551 0.289499
    outer loop
      vertex 67.6437 1.4135 1.9624
      vertex 65.2956 1.42408 5
      vertex 65.2704 1.4135 5
    endloop
  endfacet
  facet normal 0.371111 -0.882162 0.289941
    outer loop
      vertex 58.3926 1.4135 13.8032
      vertex 64.5297 1.42753 5.99069
      vertex 58.4332 1.455 13.8775
    endloop
  endfacet
  facet normal 0.371433 -0.881944 0.290194
    outer loop
      vertex 64.5297 1.42753 5.99069
      vertex 58.3926 1.4135 13.8032
      vertex 64.5167 1.4135 5.96469
    endloop
  endfacet
  facet normal -0.615616 0 0.788046
    outer loop
      vertex 67.4407 -1.20208 1.80379
      vertex 67.4407 1.20208 1.80379
      vertex 67.0483 0 1.49725
    endloop
  endfacet
  facet normal -0.69498 -0.471357 -0.542978
    outer loop
      vertex 65.7622 0.650561 8.45568
      vertex 59.6468 0.861639 16.0998
      vertex 65.6929 0.912456 8.31703
    endloop
  endfacet
  facet normal -0.694938 -0.471462 -0.542941
    outer loop
      vertex 59.6468 0.861639 16.0998
      vertex 65.7622 0.650561 8.45568
      vertex 59.7057 0.650561 16.2077
    endloop
  endfacet
  facet normal -0.615589 0.000189357 0.788068
    outer loop
      vertex 69.3352 1.20208 3.28395
      vertex 69.3144 1.0454 3.26774
      vertex 69.3716 1.13292 3.3124
    endloop
  endfacet
  facet normal -0.615568 0.000184896 0.788084
    outer loop
      vertex 69.3144 1.0454 3.26774
      vertex 69.3352 1.20208 3.28395
      vertex 68.9006 1.57059 2.9444
    endloop
  endfacet
  facet normal 0.228748 0.95694 0.17872
    outer loop
      vertex 67.8753 -1.57059 2.14334
      vertex 66.0481 -1.66733 5
      vertex 68.1266 -1.66733 2.33968
    endloop
  endfacet
  facet normal 0.228748 0.95694 0.17872
    outer loop
      vertex 66.0481 -1.66733 5
      vertex 67.8753 -1.57059 2.14334
      vertex 65.6434 -1.57059 5
    endloop
  endfacet
  facet normal 0.228742 0.956943 0.178711
    outer loop
      vertex 64.8202 -1.66733 6.57164
      vertex 58.5461 -1.57059 14.0842
      vertex 58.7126 -1.66733 14.3891
    endloop
  endfacet
  facet normal 0.228765 0.956934 0.17873
    outer loop
      vertex 58.5461 -1.57059 14.0842
      vertex 64.8202 -1.66733 6.57164
      vertex 64.6623 -1.57059 6.25579
    endloop
  endfacet
  facet normal -0.615639 -1.98562e-05 0.788029
    outer loop
      vertex 67.1503 -0.650561 1.57692
      vertex 67.2741 -0.944468 1.67363
      vertex 67.0483 0 1.49725
    endloop
  endfacet
  facet normal -0.694938 0.471462 -0.542941
    outer loop
      vertex 65.7622 -0.650561 8.45568
      vertex 59.6468 -0.861639 16.0998
      vertex 59.7057 -0.650561 16.2077
    endloop
  endfacet
  facet normal -0.69498 0.471357 -0.542978
    outer loop
      vertex 59.6468 -0.861639 16.0998
      vertex 65.7622 -0.650561 8.45568
      vertex 65.6929 -0.912456 8.31703
    endloop
  endfacet
  facet normal 0.754061 -0.290362 0.589136
    outer loop
      vertex 64.3531 0.331653 5
      vertex 67.1503 0.650561 1.57692
      vertex 64.4759 0.650561 5
    endloop
  endfacet
  facet normal 0.754089 -0.290217 0.589172
    outer loop
      vertex 67.1503 0.650561 1.57692
      vertex 64.3531 0.331653 5
      vertex 67.0741 0.331653 1.51736
    endloop
  endfacet
  facet normal 0.75411 -0.290146 0.589181
    outer loop
      vertex 58.0216 0.331653 13.104
      vertex 64.2067 0.650561 5.34456
      vertex 58.07 0.650561 13.1991
    endloop
  endfacet
  facet normal 0.754084 -0.290264 0.589155
    outer loop
      vertex 64.2067 0.650561 5.34456
      vertex 58.0216 0.331653 13.104
      vertex 64.1588 0.331653 5.24875
    endloop
  endfacet
  facet normal 0.784214 -0.0979622 0.612709
    outer loop
      vertex 64.3149 0.0258519 5
      vertex 67.0741 0.331653 1.51736
      vertex 64.3531 0.331653 5
    endloop
  endfacet
  facet normal 0.784207 -0.0981558 0.612687
    outer loop
      vertex 67.0741 0.331653 1.51736
      vertex 64.3149 0.0258519 5
      vertex 67.0483 0 1.49725
    endloop
  endfacet
  facet normal 0.784209 -0.0981022 0.612692
    outer loop
      vertex 58.0094 0.085487 13.0802
      vertex 64.1588 0.331653 5.24875
      vertex 58.0216 0.331653 13.104
    endloop
  endfacet
  facet normal 0.784205 -0.0981742 0.612686
    outer loop
      vertex 64.1588 0.331653 5.24875
      vertex 58.0094 0.085487 13.0802
      vertex 64.1439 0.0274687 5.21908
    endloop
  endfacet
  facet normal 0.609222 -0.634273 0.475969
    outer loop
      vertex 67.2741 0.944468 1.67363
      vertex 64.9435 1.20208 5
      vertex 64.6951 0.963491 5
    endloop
  endfacet
  facet normal 0.609136 -0.634394 0.475918
    outer loop
      vertex 64.9435 1.20208 5
      vertex 67.2741 0.944468 1.67363
      vertex 67.4407 1.20208 1.80379
    endloop
  endfacet
  facet normal 0.60924 -0.634234 0.475997
    outer loop
      vertex 58.1765 1.01157 13.4075
      vertex 64.3892 1.20208 5.70955
      vertex 58.2581 1.20208 13.5569
    endloop
  endfacet
  facet normal 0.609097 -0.634463 0.475876
    outer loop
      vertex 64.3892 1.20208 5.70955
      vertex 58.1765 1.01157 13.4075
      vertex 64.2934 0.966454 5.51802
    endloop
  endfacet
  facet normal -0.615695 4.14731e-05 0.787985
    outer loop
      vertex 67.4407 1.20208 1.80379
      vertex 67.2741 0.944468 1.67363
      vertex 67.0483 0 1.49725
    endloop
  endfacet
  facet normal -0.615691 9.79462e-05 0.787988
    outer loop
      vertex 68.1266 1.66733 2.33968
      vertex 67.8753 1.57059 2.14334
      vertex 67.6437 1.4135 1.9624
    endloop
  endfacet
  facet normal -0.615761 0.000313104 0.787933
    outer loop
      vertex 68.3879 1.7 2.54387
      vertex 68.1266 1.66733 2.33968
      vertex 67.6437 1.4135 1.9624
    endloop
  endfacet
  facet normal -0.754034 -0.29048 -0.589112
    outer loop
      vertex 65.8102 0.331653 8.55149
      vertex 59.7057 0.650561 16.2077
      vertex 65.7622 0.650561 8.45568
    endloop
  endfacet
  facet normal -0.754075 -0.290295 -0.589152
    outer loop
      vertex 59.7057 0.650561 16.2077
      vertex 65.8102 0.331653 8.55149
      vertex 59.7562 0.331653 16.3002
    endloop
  endfacet
  facet normal -0.609544 -0.633776 -0.476219
    outer loop
      vertex 69.3352 1.20208 3.28395
      vertex 68.0047 1.19227 5
      vertex 67.9945 1.20208 5
    endloop
  endfacet
  facet normal -0.609118 -0.634428 -0.475896
    outer loop
      vertex 59.5133 1.20208 15.8554
      vertex 65.591 1.17446 8.11314
      vertex 59.5443 1.12986 15.912
    endloop
  endfacet
  facet normal -0.609353 -0.634062 -0.476082
    outer loop
      vertex 65.591 1.17446 8.11314
      vertex 59.5133 1.20208 15.8554
      vertex 65.5798 1.20208 8.09069
    endloop
  endfacet
  facet normal -0.498496 -0.774482 -0.38946
    outer loop
      vertex 69.3352 1.20208 3.28395
      vertex 67.9945 1.20208 5
      vertex 67.9819 1.21019 5
    endloop
  endfacet
  facet normal -0.499816 -0.773106 -0.390502
    outer loop
      vertex 59.4757 1.26114 15.7866
      vertex 65.5798 1.20208 8.09069
      vertex 59.5133 1.20208 15.8554
    endloop
  endfacet
  facet normal -0.499343 -0.773602 -0.390123
    outer loop
      vertex 65.5798 1.20208 8.09069
      vertex 59.4757 1.26114 15.7866
      vertex 65.5661 1.22466 8.06345
    endloop
  endfacet
  facet normal -0.615691 -9.79462e-05 0.787988
    outer loop
      vertex 67.8753 -1.57059 2.14334
      vertex 68.1266 -1.66733 2.33968
      vertex 67.6437 -1.4135 1.9624
    endloop
  endfacet
  facet normal -0.615761 -0.000313104 0.787933
    outer loop
      vertex 68.1266 -1.66733 2.33968
      vertex 68.3879 -1.7 2.54387
      vertex 67.6437 -1.4135 1.9624
    endloop
  endfacet
  facet normal 0.784294 0.0970815 0.612747
    outer loop
      vertex 64.3149 -0.0258519 5
      vertex 67.0483 0 1.49725
      vertex 64.3117 0 5
    endloop
  endfacet
  facet normal 0.784302 0.0969031 0.612765
    outer loop
      vertex 58.0052 0 13.0719
      vertex 64.1439 -0.0274687 5.21908
      vertex 64.1426 0 5.2164
    endloop
  endfacet
  facet normal 0.784218 0.0980159 0.612695
    outer loop
      vertex 64.1439 -0.0274687 5.21908
      vertex 58.0052 0 13.0719
      vertex 58.0094 -0.085487 13.0802
    endloop
  endfacet
  facet normal 0.694909 0.471513 0.542934
    outer loop
      vertex 64.6752 -0.944468 5
      vertex 67.2741 -0.944468 1.67363
      vertex 64.6604 -0.922656 5
    endloop
  endfacet
  facet normal 0.694861 0.471638 0.542886
    outer loop
      vertex 64.2845 -0.944468 5.50015
      vertex 58.1283 -0.86814 13.3134
      vertex 58.1487 -0.944468 13.3536
    endloop
  endfacet
  facet normal 0.695181 0.470867 0.543146
    outer loop
      vertex 58.1283 -0.86814 13.3134
      vertex 64.2845 -0.944468 5.50015
      vertex 64.2779 -0.919463 5.48692
    endloop
  endfacet
  facet normal 0.608045 0.636077 0.475067
    outer loop
      vertex 64.6951 -0.963491 5
      vertex 67.2741 -0.944468 1.67363
      vertex 64.6752 -0.944468 5
    endloop
  endfacet
  facet normal 0.676209 0.610897 0.411759
    outer loop
      vertex 58.1765 -1.01157 13.4075
      vertex 58.1487 -0.944468 13.3536
      vertex 58.1721 -1.00124 13.3994
    endloop
  endfacet
  facet normal 0.609046 0.634542 0.475836
    outer loop
      vertex 64.2934 -0.966454 5.51802
      vertex 58.1487 -0.944468 13.3536
      vertex 58.1765 -1.01157 13.4075
    endloop
  endfacet
  facet normal 0.609524 0.633799 0.476213
    outer loop
      vertex 58.1487 -0.944468 13.3536
      vertex 64.2934 -0.966454 5.51802
      vertex 64.2845 -0.944468 5.50015
    endloop
  endfacet
  facet normal 0.0774458 0.995159 0.0605082
    outer loop
      vertex 66.0729 -1.66926 5
      vertex 68.1266 -1.66733 2.33968
      vertex 66.0481 -1.66733 5
    endloop
  endfacet
  facet normal 0.0773147 0.995175 0.060404
    outer loop
      vertex 64.8357 -1.67042 6.60268
      vertex 58.7126 -1.66733 14.3891
      vertex 58.7591 -1.67612 14.4744
    endloop
  endfacet
  facet normal 0.0773587 0.99517 0.0604386
    outer loop
      vertex 58.7126 -1.66733 14.3891
      vertex 64.8357 -1.67042 6.60268
      vertex 64.8202 -1.66733 6.57164
    endloop
  endfacet
  facet normal 0.0772588 0.995182 0.0603599
    outer loop
      vertex 68.1266 -1.66733 2.33968
      vertex 66.469 -1.7 5
      vertex 68.3879 -1.7 2.54387
    endloop
  endfacet
  facet normal 0.077233 0.995185 0.0603439
    outer loop
      vertex 66.469 -1.7 5
      vertex 68.1266 -1.66733 2.33968
      vertex 66.0729 -1.66926 5
    endloop
  endfacet
  facet normal 0.0772337 0.995185 0.0603418
    outer loop
      vertex 64.9845 -1.7 6.90012
      vertex 58.7591 -1.67612 14.4744
      vertex 58.8857 -1.7 14.7062
    endloop
  endfacet
  facet normal 0.0772265 0.995186 0.0603359
    outer loop
      vertex 58.7591 -1.67612 14.4744
      vertex 64.9845 -1.7 6.90012
      vertex 64.8357 -1.67042 6.60268
    endloop
  endfacet
  facet normal -0.499904 0.773011 -0.390577
    outer loop
      vertex 69.1322 -1.4135 3.12534
      vertex 67.9819 -1.21019 5
      vertex 69.3352 -1.20208 3.28395
    endloop
  endfacet
  facet normal -0.499886 0.773027 -0.390568
    outer loop
      vertex 67.9819 -1.21019 5
      vertex 69.1322 -1.4135 3.12534
      vertex 67.6675 -1.4135 5
    endloop
  endfacet
  facet normal -0.499929 0.772989 -0.390588
    outer loop
      vertex 65.5661 -1.22466 8.06345
      vertex 59.3788 -1.4135 15.6091
      vertex 59.4757 -1.26114 15.7866
    endloop
  endfacet
  facet normal -0.499957 0.772959 -0.390612
    outer loop
      vertex 59.3788 -1.4135 15.6091
      vertex 65.5661 -1.22466 8.06345
      vertex 65.4522 -1.4135 7.83555
    endloop
  endfacet
  facet normal -0.616341 0.000197099 0.78748
    outer loop
      vertex 67.1503 0.650561 1.57692
      vertex 67.0741 0.331653 1.51736
      vertex 67.0483 0 1.49725
    endloop
  endfacet
  facet normal -0.615663 1.53914e-05 0.788009
    outer loop
      vertex 68.9006 1.57059 2.9444
      vertex 68.6493 1.66733 2.74806
      vertex 67.6437 1.4135 1.9624
    endloop
  endfacet
  facet normal -0.615614 -0.000302337 0.788048
    outer loop
      vertex 68.6493 1.66733 2.74806
      vertex 68.3879 1.7 2.54387
      vertex 67.6437 1.4135 1.9624
    endloop
  endfacet
  facet normal -0.609142 -0.634393 -0.475911
    outer loop
      vertex 69.3352 1.20208 3.28395
      vertex 68.2397 0.966624 5
      vertex 68.0047 1.19227 5
    endloop
  endfacet
  facet normal -0.609132 -0.634407 -0.475906
    outer loop
      vertex 68.2397 0.966624 5
      vertex 69.3352 1.20208 3.28395
      vertex 69.3758 1.13931 3.31566
    endloop
  endfacet
  facet normal -0.609144 -0.634391 -0.475911
    outer loop
      vertex 59.5443 1.12986 15.912
      vertex 65.6844 0.944468 8.30009
      vertex 59.6237 0.944468 16.0575
    endloop
  endfacet
  facet normal -0.609207 -0.63429 -0.475965
    outer loop
      vertex 65.6844 0.944468 8.30009
      vertex 59.5443 1.12986 15.912
      vertex 65.591 1.17446 8.11314
    endloop
  endfacet
  facet normal -0.694816 -0.471752 -0.542845
    outer loop
      vertex 65.6929 0.912456 8.31703
      vertex 59.6237 0.944468 16.0575
      vertex 65.6844 0.944468 8.30009
    endloop
  endfacet
  facet normal -0.69506 -0.471169 -0.543039
    outer loop
      vertex 59.6237 0.944468 16.0575
      vertex 65.6929 0.912456 8.31703
      vertex 59.6468 0.861639 16.0998
    endloop
  endfacet
  facet normal 0.370531 0.882551 0.289499
    outer loop
      vertex 65.2956 -1.42408 5
      vertex 67.6437 -1.4135 1.9624
      vertex 65.2704 -1.4135 5
    endloop
  endfacet
  facet normal 0.371111 0.882162 0.289941
    outer loop
      vertex 64.5297 -1.42753 5.99069
      vertex 58.3926 -1.4135 13.8032
      vertex 58.4332 -1.455 13.8775
    endloop
  endfacet
  facet normal 0.371433 0.881944 0.290194
    outer loop
      vertex 58.3926 -1.4135 13.8032
      vertex 64.5297 -1.42753 5.99069
      vertex 64.5167 -1.4135 5.96469
    endloop
  endfacet
  facet normal 0.754061 0.290362 0.589136
    outer loop
      vertex 67.1503 -0.650561 1.57692
      vertex 64.3531 -0.331653 5
      vertex 64.4759 -0.650561 5
    endloop
  endfacet
  facet normal 0.754089 0.290217 0.589172
    outer loop
      vertex 64.3531 -0.331653 5
      vertex 67.1503 -0.650561 1.57692
      vertex 67.0741 -0.331653 1.51736
    endloop
  endfacet
  facet normal 0.75411 0.290146 0.589181
    outer loop
      vertex 64.2067 -0.650561 5.34456
      vertex 58.0216 -0.331653 13.104
      vertex 58.07 -0.650561 13.1991
    endloop
  endfacet
  facet normal 0.754084 0.290264 0.589155
    outer loop
      vertex 58.0216 -0.331653 13.104
      vertex 64.2067 -0.650561 5.34456
      vertex 64.1588 -0.331653 5.24875
    endloop
  endfacet
  facet normal 0.784214 0.0979622 0.612709
    outer loop
      vertex 67.0741 -0.331653 1.51736
      vertex 64.3149 -0.0258519 5
      vertex 64.3531 -0.331653 5
    endloop
  endfacet
  facet normal 0.784207 0.0981558 0.612687
    outer loop
      vertex 64.3149 -0.0258519 5
      vertex 67.0741 -0.331653 1.51736
      vertex 67.0483 0 1.49725
    endloop
  endfacet
  facet normal 0.784209 0.0981022 0.612692
    outer loop
      vertex 64.1588 -0.331653 5.24875
      vertex 58.0094 -0.085487 13.0802
      vertex 58.0216 -0.331653 13.104
    endloop
  endfacet
  facet normal 0.784205 0.0981742 0.612686
    outer loop
      vertex 58.0094 -0.085487 13.0802
      vertex 64.1588 -0.331653 5.24875
      vertex 64.1439 -0.0274687 5.21908
    endloop
  endfacet
  facet normal -0.22875 0.95694 -0.178718
    outer loop
      vertex 68.6493 -1.66733 2.74806
      vertex 67.2946 -1.57059 5
      vertex 68.9006 -1.57059 2.9444
    endloop
  endfacet
  facet normal -0.228748 0.95694 -0.178717
    outer loop
      vertex 67.2946 -1.57059 5
      vertex 68.6493 -1.66733 2.74806
      vertex 66.8899 -1.66733 5
    endloop
  endfacet
  facet normal -0.228742 0.956943 -0.178711
    outer loop
      vertex 65.3066 -1.57059 7.54445
      vertex 59.0589 -1.66733 15.0232
      vertex 59.2254 -1.57059 15.3281
    endloop
  endfacet
  facet normal -0.228764 0.956934 -0.17873
    outer loop
      vertex 59.0589 -1.66733 15.0232
      vertex 65.3066 -1.57059 7.54445
      vertex 65.1487 -1.66733 7.2286
    endloop
  endfacet
  facet normal -0.498496 0.774482 -0.38946
    outer loop
      vertex 67.9945 -1.20208 5
      vertex 69.3352 -1.20208 3.28395
      vertex 67.9819 -1.21019 5
    endloop
  endfacet
  facet normal -0.499816 0.773106 -0.390502
    outer loop
      vertex 65.5798 -1.20208 8.09069
      vertex 59.4757 -1.26114 15.7866
      vertex 59.5133 -1.20208 15.8554
    endloop
  endfacet
  facet normal -0.499343 0.773602 -0.390123
    outer loop
      vertex 59.4757 -1.26114 15.7866
      vertex 65.5798 -1.20208 8.09069
      vertex 65.5661 -1.22466 8.06345
    endloop
  endfacet
  facet normal -0.615586 -0.00015027 0.78807
    outer loop
      vertex 69.1322 -1.4135 3.12534
      vertex 69.3352 -1.20208 3.28395
      vertex 68.9006 -1.57059 2.9444
    endloop
  endfacet
  facet normal -0.614341 -0.00124601 0.78904
    outer loop
      vertex 69.3758 -1.13931 3.31566
      vertex 69.3716 -1.13292 3.3124
      vertex 69.3352 -1.20208 3.28395
    endloop
  endfacet
  facet normal -0.615589 -0.000189357 0.788068
    outer loop
      vertex 69.3144 -1.0454 3.26774
      vertex 69.3352 -1.20208 3.28395
      vertex 69.3716 -1.13292 3.3124
    endloop
  endfacet
  facet normal -0.615568 -0.000184896 0.788084
    outer loop
      vertex 69.3352 -1.20208 3.28395
      vertex 69.3144 -1.0454 3.26774
      vertex 68.9006 -1.57059 2.9444
    endloop
  endfacet
  facet normal -0.609132 0.634407 -0.475906
    outer loop
      vertex 69.3352 -1.20208 3.28395
      vertex 68.2397 -0.966624 5
      vertex 69.3758 -1.13931 3.31566
    endloop
  endfacet
  facet normal -0.609142 0.634393 -0.475911
    outer loop
      vertex 68.2397 -0.966624 5
      vertex 69.3352 -1.20208 3.28395
      vertex 68.0047 -1.19227 5
    endloop
  endfacet
  facet normal -0.609144 0.634391 -0.475911
    outer loop
      vertex 65.6844 -0.944468 8.30009
      vertex 59.5443 -1.12986 15.912
      vertex 59.6237 -0.944468 16.0575
    endloop
  endfacet
  facet normal -0.609207 0.63429 -0.475965
    outer loop
      vertex 59.5443 -1.12986 15.912
      vertex 65.6844 -0.944468 8.30009
      vertex 65.591 -1.17446 8.11314
    endloop
  endfacet
  facet normal -0.694816 0.471752 -0.542845
    outer loop
      vertex 59.6237 -0.944468 16.0575
      vertex 65.6929 -0.912456 8.31703
      vertex 65.6844 -0.944468 8.30009
    endloop
  endfacet
  facet normal -0.69506 0.471169 -0.543039
    outer loop
      vertex 65.6929 -0.912456 8.31703
      vertex 59.6237 -0.944468 16.0575
      vertex 59.6468 -0.861639 16.0998
    endloop
  endfacet
  facet normal -0.371872 0.881642 -0.290549
    outer loop
      vertex 67.6675 -1.4135 5
      vertex 69.1322 -1.4135 3.12534
      vertex 67.6519 -1.42008 5
    endloop
  endfacet
  facet normal -0.371622 0.881814 -0.290345
    outer loop
      vertex 65.4522 -1.4135 7.83555
      vertex 59.3363 -1.45706 15.5312
      vertex 59.3788 -1.4135 15.6091
    endloop
  endfacet
  facet normal -0.371594 0.881834 -0.290322
    outer loop
      vertex 59.3363 -1.45706 15.5312
      vertex 65.4522 -1.4135 7.83555
      vertex 65.437 -1.42993 7.8051
    endloop
  endfacet
  facet normal -0.371456 0.881926 -0.29022
    outer loop
      vertex 68.9006 -1.57059 2.9444
      vertex 67.6519 -1.42008 5
      vertex 69.1322 -1.4135 3.12534
    endloop
  endfacet
  facet normal -0.371495 0.881902 -0.290242
    outer loop
      vertex 67.6519 -1.42008 5
      vertex 68.9006 -1.57059 2.9444
      vertex 67.2946 -1.57059 5
    endloop
  endfacet
  facet normal -0.371423 0.88195 -0.290187
    outer loop
      vertex 65.437 -1.42993 7.8051
      vertex 59.2254 -1.57059 15.3281
      vertex 59.3363 -1.45706 15.5312
    endloop
  endfacet
  facet normal -0.371388 0.881975 -0.290158
    outer loop
      vertex 59.2254 -1.57059 15.3281
      vertex 65.437 -1.42993 7.8051
      vertex 65.3066 -1.57059 7.54445
    endloop
  endfacet
  facet normal -0.609544 0.633776 -0.476219
    outer loop
      vertex 68.0047 -1.19227 5
      vertex 69.3352 -1.20208 3.28395
      vertex 67.9945 -1.20208 5
    endloop
  endfacet
  facet normal -0.609118 0.634428 -0.475896
    outer loop
      vertex 65.591 -1.17446 8.11314
      vertex 59.5133 -1.20208 15.8554
      vertex 59.5443 -1.12986 15.912
    endloop
  endfacet
  facet normal -0.609353 0.634062 -0.476082
    outer loop
      vertex 59.5133 -1.20208 15.8554
      vertex 65.591 -1.17446 8.11314
      vertex 65.5798 -1.20208 8.09069
    endloop
  endfacet
  facet normal -0.499999 8.31875e-06 0.866026
    outer loop
      vertex 70.6866 -1.57059 2.25132
      vertex 72.6102 -0.650561 3.3619
      vertex 69.7778 0 1.72661
    endloop
  endfacet
  facet normal -0.828712 -0.290335 -0.478479
    outer loop
      vertex 72.694 0.331653 3.41027
      vertex 71.6644 0.650561 5
      vertex 72.6102 0.650561 3.3619
    endloop
  endfacet
  facet normal -0.828724 -0.290267 -0.4785
    outer loop
      vertex 71.6644 0.650561 5
      vertex 72.694 0.331653 3.41027
      vertex 71.7761 0.331653 5
    endloop
  endfacet
  facet normal -0.82853 -0.290511 -0.478688
    outer loop
      vertex 67.4849 0.373165 12.4074
      vertex 67.5018 0.650561 12.2098
      vertex 67.5401 0.402096 12.2943
    endloop
  endfacet
  facet normal -0.82873 -0.29033 -0.478451
    outer loop
      vertex 67.4058 0.331653 12.5696
      vertex 67.5018 0.650561 12.2098
      vertex 67.4849 0.373165 12.4074
    endloop
  endfacet
  facet normal -0.828719 -0.290344 -0.478461
    outer loop
      vertex 67.5018 0.650561 12.2098
      vertex 67.4058 0.331653 12.5696
      vertex 62.4366 0.650561 20.983
    endloop
  endfacet
  facet normal -0.828705 -0.290403 -0.47845
    outer loop
      vertex 62.4366 0.650561 20.983
      vertex 67.4058 0.331653 12.5696
      vertex 62.4942 0.331653 21.0768
    endloop
  endfacet
  facet normal -0.861858 -0.0978 -0.497631
    outer loop
      vertex 72.7222 0 3.42661
      vertex 71.7761 0.331653 5
      vertex 72.694 0.331653 3.41027
    endloop
  endfacet
  facet normal -0.861859 -0.0979701 -0.497596
    outer loop
      vertex 71.7761 0.331653 5
      vertex 72.7222 0 3.42661
      vertex 71.8138 0 5
    endloop
  endfacet
  facet normal -0.861758 -0.0991718 -0.497533
    outer loop
      vertex 67.3783 0.287162 12.6261
      vertex 62.4942 0.331653 21.0768
      vertex 67.4058 0.331653 12.5696
    endloop
  endfacet
  facet normal -0.861871 -0.0978079 -0.497605
    outer loop
      vertex 67.2005 0 12.9905
      vertex 62.4942 0.331653 21.0768
      vertex 67.3783 0.287162 12.6261
    endloop
  endfacet
  facet normal -0.86187 -0.0978268 -0.497604
    outer loop
      vertex 62.4942 0.331653 21.0768
      vertex 67.2005 0 12.9905
      vertex 62.5136 0 21.1084
    endloop
  endfacet
  facet normal -0.408299 -0.881888 -0.235723
    outer loop
      vertex 71.8134 1.57059 2.90189
      vertex 70.9414 1.4135 5
      vertex 70.6021 1.57059 5
    endloop
  endfacet
  facet normal -0.408259 -0.88191 -0.235708
    outer loop
      vertex 70.9414 1.4135 5
      vertex 71.8134 1.57059 2.90189
      vertex 72.0679 1.4135 3.04884
    endloop
  endfacet
  facet normal -0.408163 -0.88197 -0.235653
    outer loop
      vertex 61.8893 1.57059 20.0909
      vertex 67.1842 1.4135 11.5078
      vertex 62.0642 1.4135 20.3759
    endloop
  endfacet
  facet normal -0.40817 -0.881966 -0.235657
    outer loop
      vertex 67.1842 1.4135 11.5078
      vertex 61.8893 1.57059 20.0909
      vertex 67.035 1.57059 11.1783
    endloop
  endfacet
  facet normal 0.763763 -0.471367 0.440997
    outer loop
      vertex 69.1235 0.650561 3.11858
      vertex 70.0259 0.944468 1.86986
      vertex 69.2485 0.944468 3.21624
    endloop
  endfacet
  facet normal 0.763718 -0.471501 0.440933
    outer loop
      vertex 70.0259 0.944468 1.86986
      vertex 69.1235 0.650561 3.11858
      vertex 69.8898 0.650561 1.79131
    endloop
  endfacet
  facet normal 0.763728 -0.471482 0.440936
    outer loop
      vertex 60.6102 0.650561 17.864
      vertex 65.9763 0.944468 8.88386
      vertex 60.6984 0.944468 18.0255
    endloop
  endfacet
  facet normal 0.763758 -0.471415 0.440956
    outer loop
      vertex 65.9763 0.944468 8.88386
      vertex 60.6102 0.650561 17.864
      vertex 65.8921 0.650561 8.71549
    endloop
  endfacet
  facet normal -0.76372 0.471501 -0.44093
    outer loop
      vertex 71.483 -0.944468 5
      vertex 72.6102 -0.650561 3.3619
      vertex 72.4741 -0.944468 3.28335
    endloop
  endfacet
  facet normal -0.763759 0.471394 -0.440976
    outer loop
      vertex 72.6102 -0.650561 3.3619
      vertex 71.483 -0.944468 5
      vertex 71.6644 -0.650561 5
    endloop
  endfacet
  facet normal -0.763795 0.471339 -0.440973
    outer loop
      vertex 62.3432 -0.944468 20.8307
      vertex 67.5018 -0.650561 12.2098
      vertex 67.4221 -0.944468 12.0337
    endloop
  endfacet
  facet normal -0.763831 0.471257 -0.440997
    outer loop
      vertex 67.5018 -0.650561 12.2098
      vertex 62.3432 -0.944468 20.8307
      vertex 62.4366 -0.650561 20.983
    endloop
  endfacet
  facet normal -0.500007 3.0556e-05 0.866021
    outer loop
      vertex 71.25 -1.7 2.57661
      vertex 72.6102 -0.650561 3.3619
      vertex 70.6866 -1.57059 2.25132
    endloop
  endfacet
  facet normal -0.0849114 -0.995182 -0.0490221
    outer loop
      vertex 71.25 1.7 2.57661
      vertex 70.2338 1.66733 5
      vertex 69.8509 1.7 5
    endloop
  endfacet
  facet normal -0.0849036 -0.995183 -0.0490188
    outer loop
      vertex 70.2338 1.66733 5
      vertex 71.25 1.7 2.57661
      vertex 71.5372 1.66733 2.74243
    endloop
  endfacet
  facet normal -0.0849077 -0.995182 -0.0490212
    outer loop
      vertex 61.5023 1.7 19.4602
      vertex 66.8732 1.66733 10.8207
      vertex 61.6996 1.66733 19.7817
    endloop
  endfacet
  facet normal -0.0848992 -0.995183 -0.0490159
    outer loop
      vertex 66.8732 1.66733 10.8207
      vertex 61.5023 1.7 19.4602
      vertex 66.7049 1.7 10.4489
    endloop
  endfacet
  facet normal -0.500026 6.82426e-05 0.86601
    outer loop
      vertex 70.209 1.20208 1.97556
      vertex 70.0259 0.944468 1.86986
      vertex 69.806 0.331653 1.74294
    endloop
  endfacet
  facet normal -0.408259 0.88191 -0.235708
    outer loop
      vertex 71.8134 -1.57059 2.90189
      vertex 70.9414 -1.4135 5
      vertex 72.0679 -1.4135 3.04884
    endloop
  endfacet
  facet normal -0.408299 0.881888 -0.235723
    outer loop
      vertex 70.9414 -1.4135 5
      vertex 71.8134 -1.57059 2.90189
      vertex 70.6021 -1.57059 5
    endloop
  endfacet
  facet normal -0.408163 0.88197 -0.235653
    outer loop
      vertex 67.1842 -1.4135 11.5078
      vertex 61.8893 -1.57059 20.0909
      vertex 62.0642 -1.4135 20.3759
    endloop
  endfacet
  facet normal -0.40817 0.881966 -0.235657
    outer loop
      vertex 61.8893 -1.57059 20.0909
      vertex 67.1842 -1.4135 11.5078
      vertex 67.035 -1.57059 11.1783
    endloop
  endfacet
  facet normal -0.500031 7.12466e-05 0.866008
    outer loop
      vertex 72.0679 -1.4135 3.04884
      vertex 72.6102 -0.650561 3.3619
      vertex 71.25 -1.7 2.57661
    endloop
  endfacet
  facet normal -0.500084 -0.000103604 0.865977
    outer loop
      vertex 70.209 -1.20208 1.97556
      vertex 70.6866 -1.57059 2.25132
      vertex 69.806 -0.331653 1.74294
    endloop
  endfacet
  facet normal -0.549367 -0.773043 -0.317176
    outer loop
      vertex 72.0679 1.4135 3.04884
      vertex 71.2389 1.20208 5
      vertex 70.9414 1.4135 5
    endloop
  endfacet
  facet normal -0.549406 -0.77301 -0.317189
    outer loop
      vertex 71.2389 1.20208 5
      vertex 72.0679 1.4135 3.04884
      vertex 72.291 1.20208 3.17765
    endloop
  endfacet
  facet normal -0.549452 -0.772961 -0.317227
    outer loop
      vertex 62.0642 1.4135 20.3759
      vertex 67.3149 1.20208 11.7966
      vertex 62.2174 1.20208 20.6257
    endloop
  endfacet
  facet normal -0.549434 -0.772978 -0.317216
    outer loop
      vertex 67.3149 1.20208 11.7966
      vertex 62.0642 1.4135 20.3759
      vertex 67.1842 1.4135 11.5078
    endloop
  endfacet
  facet normal 0.861875 -0.0977797 0.497605
    outer loop
      vertex 69.0206 0 3.03812
      vertex 69.806 0.331653 1.74294
      vertex 69.0465 0.331653 3.05843
    endloop
  endfacet
  facet normal 0.861875 -0.0977852 0.497603
    outer loop
      vertex 69.806 0.331653 1.74294
      vertex 69.0206 0 3.03812
      vertex 69.7778 0 1.72661
    endloop
  endfacet
  facet normal 0.861858 -0.0979676 0.497597
    outer loop
      vertex 60.5376 0 17.731
      vertex 65.8403 0.331653 8.6118
      vertex 60.5559 0.331653 17.7646
    endloop
  endfacet
  facet normal 0.861852 -0.0980639 0.497589
    outer loop
      vertex 65.8403 0.331653 8.6118
      vertex 60.5376 0 17.731
      vertex 65.7972 0 8.62109
    endloop
  endfacet
  facet normal 0.861918 -0.0980759 0.497471
    outer loop
      vertex 65.8403 0.331653 8.6118
      vertex 65.7972 0 8.62109
      vertex 65.8246 0.0347109 8.58046
    endloop
  endfacet
  facet normal -0.500001 0 0.866025
    outer loop
      vertex 72.6102 -0.650561 3.3619
      vertex 72.6102 0.650561 3.3619
      vertex 69.7778 0 1.72661
    endloop
  endfacet
  facet normal 0.0849029 0.995183 0.0490171
    outer loop
      vertex 70.9628 -1.66733 2.41078
      vertex 69.8509 -1.7 5
      vertex 71.25 -1.7 2.57661
    endloop
  endfacet
  facet normal 0.0848895 0.995184 0.0490114
    outer loop
      vertex 69.8509 -1.7 5
      vertex 70.9628 -1.66733 2.41078
      vertex 69.4679 -1.66733 5
    endloop
  endfacet
  facet normal 0.0797464 0.99545 0.0521538
    outer loop
      vertex 61.5023 -1.7 19.4602
      vertex 61.3056 -1.66733 19.1374
      vertex 61.3172 -1.66937 19.1586
    endloop
  endfacet
  facet normal 0.084875 0.995186 0.0490019
    outer loop
      vertex 66.7049 -1.7 10.4489
      vertex 61.3056 -1.66733 19.1374
      vertex 61.5023 -1.7 19.4602
    endloop
  endfacet
  facet normal 0.0849071 0.995182 0.0490219
    outer loop
      vertex 61.3056 -1.66733 19.1374
      vertex 66.7049 -1.7 10.4489
      vertex 66.5367 -1.66733 10.077
    endloop
  endfacet
  facet normal -0.251384 0.956945 -0.145131
    outer loop
      vertex 71.5372 -1.66733 2.74243
      vertex 70.6021 -1.57059 5
      vertex 71.8134 -1.57059 2.90189
    endloop
  endfacet
  facet normal -0.251359 0.956953 -0.145121
    outer loop
      vertex 70.6021 -1.57059 5
      vertex 71.5372 -1.66733 2.74243
      vertex 70.2338 -1.66733 5
    endloop
  endfacet
  facet normal -0.251411 0.956934 -0.145152
    outer loop
      vertex 67.035 -1.57059 11.1783
      vertex 61.6996 -1.66733 19.7817
      vertex 61.8893 -1.57059 20.0909
    endloop
  endfacet
  facet normal -0.251385 0.956944 -0.145136
    outer loop
      vertex 61.6996 -1.66733 19.7817
      vertex 67.035 -1.57059 11.1783
      vertex 66.8732 -1.66733 10.8207
    endloop
  endfacet
  facet normal -0.500117 0.000152786 0.865958
    outer loop
      vertex 72.4741 -0.944468 3.28335
      vertex 72.6102 -0.650561 3.3619
      vertex 72.0679 -1.4135 3.04884
    endloop
  endfacet
  facet normal -0.500117 -0.000152786 0.865958
    outer loop
      vertex 72.6102 0.650561 3.3619
      vertex 72.4741 0.944468 3.28335
      vertex 72.0679 1.4135 3.04884
    endloop
  endfacet
  facet normal -0.500031 -7.12466e-05 0.866008
    outer loop
      vertex 72.6102 0.650561 3.3619
      vertex 72.0679 1.4135 3.04884
      vertex 71.25 1.7 2.57661
    endloop
  endfacet
  facet normal -0.669449 -0.634398 -0.386494
    outer loop
      vertex 72.4741 0.944468 3.28335
      vertex 71.2389 1.20208 5
      vertex 72.291 1.20208 3.17765
    endloop
  endfacet
  facet normal -0.669473 -0.634358 -0.386517
    outer loop
      vertex 71.2389 1.20208 5
      vertex 72.4741 0.944468 3.28335
      vertex 71.483 0.944468 5
    endloop
  endfacet
  facet normal -0.669483 -0.634342 -0.386527
    outer loop
      vertex 67.4221 0.944468 12.0337
      vertex 62.2174 1.20208 20.6257
      vertex 67.3149 1.20208 11.7966
    endloop
  endfacet
  facet normal -0.669412 -0.634445 -0.386481
    outer loop
      vertex 62.2174 1.20208 20.6257
      vertex 67.4221 0.944468 12.0337
      vertex 62.3432 0.944468 20.8307
    endloop
  endfacet
  facet normal 0.251359 -0.956952 0.145127
    outer loop
      vertex 70.6866 1.57059 2.25132
      vertex 69.4679 1.66733 5
      vertex 69.0996 1.57059 5
    endloop
  endfacet
  facet normal 0.251381 -0.956945 0.145136
    outer loop
      vertex 69.4679 1.66733 5
      vertex 70.6866 1.57059 2.25132
      vertex 70.9628 1.66733 2.41078
    endloop
  endfacet
  facet normal 0.251385 -0.956943 0.145139
    outer loop
      vertex 61.1266 1.57059 18.8096
      vertex 66.5367 1.66733 10.077
      vertex 61.3056 1.66733 19.1374
    endloop
  endfacet
  facet normal 0.251403 -0.956937 0.14515
    outer loop
      vertex 66.5367 1.66733 10.077
      vertex 61.1266 1.57059 18.8096
      vertex 66.3749 1.57059 9.71946
    endloop
  endfacet
  facet normal -0.500055 0.000246223 0.865994
    outer loop
      vertex 71.25 1.7 2.57661
      vertex 70.9628 1.66733 2.41078
      vertex 70.6866 1.57059 2.25132
    endloop
  endfacet
  facet normal -0.500271 -2.30779e-19 0.865869
    outer loop
      vertex 72.7222 0 3.42661
      vertex 72.6102 0.650561 3.3619
      vertex 72.6102 -0.650561 3.3619
    endloop
  endfacet
  facet normal -0.499215 0.000242346 0.866478
    outer loop
      vertex 72.7222 0 3.42661
      vertex 72.694 0.331653 3.41027
      vertex 72.6102 0.650561 3.3619
    endloop
  endfacet
  facet normal -0.499818 0.000147823 0.86613
    outer loop
      vertex 69.806 -0.331653 1.74294
      vertex 70.6866 -1.57059 2.25132
      vertex 69.7778 0 1.72661
    endloop
  endfacet
  facet normal -0.499929 -0.000231653 0.866066
    outer loop
      vertex 71.8134 -1.57059 2.90189
      vertex 72.0679 -1.4135 3.04884
      vertex 71.5372 -1.66733 2.74243
    endloop
  endfacet
  facet normal -0.500011 -4.33306e-06 0.866019
    outer loop
      vertex 71.5372 -1.66733 2.74243
      vertex 72.0679 -1.4135 3.04884
      vertex 71.25 -1.7 2.57661
    endloop
  endfacet
  facet normal -0.500122 0.000158816 0.865955
    outer loop
      vertex 72.291 -1.20208 3.17765
      vertex 72.4741 -0.944468 3.28335
      vertex 72.0679 -1.4135 3.04884
    endloop
  endfacet
  facet normal -0.499929 0.000231653 0.866066
    outer loop
      vertex 72.0679 1.4135 3.04884
      vertex 71.8134 1.57059 2.90189
      vertex 71.5372 1.66733 2.74243
    endloop
  endfacet
  facet normal -0.500011 4.33306e-06 0.866019
    outer loop
      vertex 72.0679 1.4135 3.04884
      vertex 71.5372 1.66733 2.74243
      vertex 71.25 1.7 2.57661
    endloop
  endfacet
  facet normal -0.500122 -0.000158816 0.865955
    outer loop
      vertex 72.4741 0.944468 3.28335
      vertex 72.291 1.20208 3.17765
      vertex 72.0679 1.4135 3.04884
    endloop
  endfacet
  facet normal 0.669479 -0.634343 0.386532
    outer loop
      vertex 68.4628 1.20208 5
      vertex 69.3758 1.13931 3.31566
      vertex 70.209 1.20208 1.97556
    endloop
  endfacet
  facet normal 0.669477 -0.634345 0.386532
    outer loop
      vertex 69.3758 1.13931 3.31566
      vertex 68.4628 1.20208 5
      vertex 68.2397 0.966624 5
    endloop
  endfacet
  facet normal 0.668315 -0.636056 0.385729
    outer loop
      vertex 69.3716 1.13292 3.3124
      vertex 70.209 1.20208 1.97556
      vertex 69.3758 1.13931 3.31566
    endloop
  endfacet
  facet normal 0.669294 -0.634609 0.386416
    outer loop
      vertex 69.3144 1.0454 3.26774
      vertex 70.209 1.20208 1.97556
      vertex 69.3716 1.13292 3.3124
    endloop
  endfacet
  facet normal 0.669835 -0.633745 0.386896
    outer loop
      vertex 69.2772 0.988298 3.23861
      vertex 70.209 1.20208 1.97556
      vertex 69.3144 1.0454 3.26774
    endloop
  endfacet
  facet normal 0.669019 -0.635114 0.386062
    outer loop
      vertex 69.2485 0.944468 3.21624
      vertex 70.209 1.20208 1.97556
      vertex 69.2772 0.988298 3.23861
    endloop
  endfacet
  facet normal 0.669429 -0.634398 0.386528
    outer loop
      vertex 70.209 1.20208 1.97556
      vertex 69.2485 0.944468 3.21624
      vertex 70.0259 0.944468 1.86986
    endloop
  endfacet
  facet normal 0.66941 -0.634447 0.38648
    outer loop
      vertex 60.6984 0.944468 18.0255
      vertex 66.0896 1.20208 9.11046
      vertex 60.8171 1.20208 18.2428
    endloop
  endfacet
  facet normal 0.669443 -0.6344 0.386501
    outer loop
      vertex 66.0896 1.20208 9.11046
      vertex 60.6984 0.944468 18.0255
      vertex 65.9763 0.944468 8.88386
    endloop
  endfacet
  facet normal 0.408298 -0.881886 0.235732
    outer loop
      vertex 70.4321 1.4135 2.10437
      vertex 69.0996 1.57059 5
      vertex 68.7603 1.4135 5
    endloop
  endfacet
  facet normal 0.408256 -0.88191 0.235714
    outer loop
      vertex 69.0996 1.57059 5
      vertex 70.4321 1.4135 2.10437
      vertex 70.6866 1.57059 2.25132
    endloop
  endfacet
  facet normal 0.408332 -0.881864 0.235755
    outer loop
      vertex 60.9617 1.4135 18.5076
      vertex 66.3749 1.57059 9.71946
      vertex 61.1266 1.57059 18.8096
    endloop
  endfacet
  facet normal 0.408162 -0.881971 0.235649
    outer loop
      vertex 66.3749 1.57059 9.71946
      vertex 60.9617 1.4135 18.5076
      vertex 66.2257 1.4135 9.38994
    endloop
  endfacet
  facet normal -0.500088 0.000110788 0.865975
    outer loop
      vertex 70.6866 1.57059 2.25132
      vertex 70.4321 1.4135 2.10437
      vertex 70.209 1.20208 1.97556
    endloop
  endfacet
  facet normal 0.828721 0.290338 0.478462
    outer loop
      vertex 69.8898 -0.650561 1.79131
      vertex 69.0465 -0.331653 3.05843
      vertex 69.1235 -0.650561 3.11858
    endloop
  endfacet
  facet normal 0.828721 0.290335 0.478463
    outer loop
      vertex 69.0465 -0.331653 3.05843
      vertex 69.8898 -0.650561 1.79131
      vertex 69.806 -0.331653 1.74294
    endloop
  endfacet
  facet normal 0.828745 0.290245 0.478477
    outer loop
      vertex 65.8921 -0.650561 8.71549
      vertex 60.5559 -0.331653 17.7646
      vertex 60.6102 -0.650561 17.864
    endloop
  endfacet
  facet normal 0.828758 0.29019 0.478486
    outer loop
      vertex 60.5559 -0.331653 17.7646
      vertex 65.8921 -0.650561 8.71549
      vertex 65.8403 -0.331653 8.6118
    endloop
  endfacet
  facet normal -0.499215 -0.000242346 0.866478
    outer loop
      vertex 72.694 -0.331653 3.41027
      vertex 72.7222 0 3.42661
      vertex 72.6102 -0.650561 3.3619
    endloop
  endfacet
  facet normal -0.500088 -0.000110788 0.865975
    outer loop
      vertex 70.4321 -1.4135 2.10437
      vertex 70.6866 -1.57059 2.25132
      vertex 70.209 -1.20208 1.97556
    endloop
  endfacet
  facet normal -0.500055 -0.000246223 0.865994
    outer loop
      vertex 70.9628 -1.66733 2.41078
      vertex 71.25 -1.7 2.57661
      vertex 70.6866 -1.57059 2.25132
    endloop
  endfacet
  facet normal 0.861875 0.0977797 0.497605
    outer loop
      vertex 69.806 -0.331653 1.74294
      vertex 69.0206 0 3.03812
      vertex 69.0465 -0.331653 3.05843
    endloop
  endfacet
  facet normal 0.861875 0.0977852 0.497603
    outer loop
      vertex 69.0206 0 3.03812
      vertex 69.806 -0.331653 1.74294
      vertex 69.7778 0 1.72661
    endloop
  endfacet
  facet normal 0.861852 0.0980639 0.497589
    outer loop
      vertex 65.8403 -0.331653 8.6118
      vertex 65.7972 0 8.62109
      vertex 60.5376 0 17.731
    endloop
  endfacet
  facet normal 0.861858 0.0979676 0.497597
    outer loop
      vertex 65.8403 -0.331653 8.6118
      vertex 60.5376 0 17.731
      vertex 60.5559 -0.331653 17.7646
    endloop
  endfacet
  facet normal 0.861918 0.0980759 0.497471
    outer loop
      vertex 65.7972 0 8.62109
      vertex 65.8403 -0.331653 8.6118
      vertex 65.8246 -0.0347109 8.58046
    endloop
  endfacet
  facet normal -0.669449 0.634398 -0.386494
    outer loop
      vertex 71.2389 -1.20208 5
      vertex 72.4741 -0.944468 3.28335
      vertex 72.291 -1.20208 3.17765
    endloop
  endfacet
  facet normal -0.669473 0.634358 -0.386517
    outer loop
      vertex 72.4741 -0.944468 3.28335
      vertex 71.2389 -1.20208 5
      vertex 71.483 -0.944468 5
    endloop
  endfacet
  facet normal -0.669483 0.634342 -0.386527
    outer loop
      vertex 62.2174 -1.20208 20.6257
      vertex 67.4221 -0.944468 12.0337
      vertex 67.3149 -1.20208 11.7966
    endloop
  endfacet
  facet normal -0.669412 0.634445 -0.386481
    outer loop
      vertex 67.4221 -0.944468 12.0337
      vertex 62.2174 -1.20208 20.6257
      vertex 62.3432 -0.944468 20.8307
    endloop
  endfacet
  facet normal -0.828712 0.290335 -0.478479
    outer loop
      vertex 71.6644 -0.650561 5
      vertex 72.694 -0.331653 3.41027
      vertex 72.6102 -0.650561 3.3619
    endloop
  endfacet
  facet normal -0.828724 0.290267 -0.4785
    outer loop
      vertex 72.694 -0.331653 3.41027
      vertex 71.6644 -0.650561 5
      vertex 71.7761 -0.331653 5
    endloop
  endfacet
  facet normal -0.82873 0.29033 -0.478451
    outer loop
      vertex 67.5018 -0.650561 12.2098
      vertex 67.4058 -0.331653 12.5696
      vertex 67.4849 -0.373165 12.4074
    endloop
  endfacet
  facet normal -0.82853 0.290511 -0.478688
    outer loop
      vertex 67.5018 -0.650561 12.2098
      vertex 67.4849 -0.373165 12.4074
      vertex 67.5401 -0.402096 12.2943
    endloop
  endfacet
  facet normal -0.828719 0.290344 -0.478461
    outer loop
      vertex 67.4058 -0.331653 12.5696
      vertex 67.5018 -0.650561 12.2098
      vertex 62.4366 -0.650561 20.983
    endloop
  endfacet
  facet normal -0.828705 0.290403 -0.47845
    outer loop
      vertex 67.4058 -0.331653 12.5696
      vertex 62.4366 -0.650561 20.983
      vertex 62.4942 -0.331653 21.0768
    endloop
  endfacet
  facet normal -0.251359 -0.956953 -0.145121
    outer loop
      vertex 71.5372 1.66733 2.74243
      vertex 70.6021 1.57059 5
      vertex 70.2338 1.66733 5
    endloop
  endfacet
  facet normal -0.251384 -0.956945 -0.145131
    outer loop
      vertex 70.6021 1.57059 5
      vertex 71.5372 1.66733 2.74243
      vertex 71.8134 1.57059 2.90189
    endloop
  endfacet
  facet normal -0.251411 -0.956934 -0.145152
    outer loop
      vertex 61.6996 1.66733 19.7817
      vertex 67.035 1.57059 11.1783
      vertex 61.8893 1.57059 20.0909
    endloop
  endfacet
  facet normal -0.251385 -0.956944 -0.145136
    outer loop
      vertex 67.035 1.57059 11.1783
      vertex 61.6996 1.66733 19.7817
      vertex 66.8732 1.66733 10.8207
    endloop
  endfacet
  facet normal -0.76372 -0.471501 -0.44093
    outer loop
      vertex 72.6102 0.650561 3.3619
      vertex 71.483 0.944468 5
      vertex 72.4741 0.944468 3.28335
    endloop
  endfacet
  facet normal -0.763759 -0.471394 -0.440976
    outer loop
      vertex 71.483 0.944468 5
      vertex 72.6102 0.650561 3.3619
      vertex 71.6644 0.650561 5
    endloop
  endfacet
  facet normal -0.763795 -0.471339 -0.440973
    outer loop
      vertex 67.5018 0.650561 12.2098
      vertex 62.3432 0.944468 20.8307
      vertex 67.4221 0.944468 12.0337
    endloop
  endfacet
  facet normal -0.763831 -0.471257 -0.440997
    outer loop
      vertex 62.3432 0.944468 20.8307
      vertex 67.5018 0.650561 12.2098
      vertex 62.4366 0.650561 20.983
    endloop
  endfacet
  facet normal 0.549366 -0.773041 0.317183
    outer loop
      vertex 70.209 1.20208 1.97556
      vertex 68.7603 1.4135 5
      vertex 68.4628 1.20208 5
    endloop
  endfacet
  facet normal 0.549401 -0.77301 0.317198
    outer loop
      vertex 68.7603 1.4135 5
      vertex 70.209 1.20208 1.97556
      vertex 70.4321 1.4135 2.10437
    endloop
  endfacet
  facet normal 0.54939 -0.773023 0.317185
    outer loop
      vertex 60.8171 1.20208 18.2428
      vertex 66.2257 1.4135 9.38994
      vertex 60.9617 1.4135 18.5076
    endloop
  endfacet
  facet normal 0.549416 -0.772997 0.317202
    outer loop
      vertex 66.0896 1.20208 9.11046
      vertex 66.2257 1.4135 9.38994
      vertex 60.8171 1.20208 18.2428
    endloop
  endfacet
  facet normal 0.547177 -0.773866 0.318949
    outer loop
      vertex 66.2257 1.4135 9.38994
      vertex 66.0896 1.20208 9.11046
      vertex 66.1911 1.35751 9.31345
    endloop
  endfacet
  facet normal -0.500007 -3.0556e-05 0.866021
    outer loop
      vertex 72.6102 0.650561 3.3619
      vertex 71.25 1.7 2.57661
      vertex 70.6866 1.57059 2.25132
    endloop
  endfacet
  facet normal -0.499999 -8.31875e-06 0.866026
    outer loop
      vertex 72.6102 0.650561 3.3619
      vertex 70.6866 1.57059 2.25132
      vertex 69.7778 0 1.72661
    endloop
  endfacet
  facet normal -0.49982 -3.07718e-05 0.86613
    outer loop
      vertex 70.0259 0.944468 1.86986
      vertex 69.8898 0.650561 1.79131
      vertex 69.806 0.331653 1.74294
    endloop
  endfacet
  facet normal -0.500084 0.000103604 0.865977
    outer loop
      vertex 70.6866 1.57059 2.25132
      vertex 70.209 1.20208 1.97556
      vertex 69.806 0.331653 1.74294
    endloop
  endfacet
  facet normal -0.499818 -0.000147823 0.86613
    outer loop
      vertex 70.6866 1.57059 2.25132
      vertex 69.806 0.331653 1.74294
      vertex 69.7778 0 1.72661
    endloop
  endfacet
  facet normal -0.549406 0.77301 -0.317189
    outer loop
      vertex 72.0679 -1.4135 3.04884
      vertex 71.2389 -1.20208 5
      vertex 72.291 -1.20208 3.17765
    endloop
  endfacet
  facet normal -0.549367 0.773043 -0.317176
    outer loop
      vertex 71.2389 -1.20208 5
      vertex 72.0679 -1.4135 3.04884
      vertex 70.9414 -1.4135 5
    endloop
  endfacet
  facet normal -0.549452 0.772961 -0.317227
    outer loop
      vertex 67.3149 -1.20208 11.7966
      vertex 62.0642 -1.4135 20.3759
      vertex 62.2174 -1.20208 20.6257
    endloop
  endfacet
  facet normal -0.549434 0.772978 -0.317216
    outer loop
      vertex 62.0642 -1.4135 20.3759
      vertex 67.3149 -1.20208 11.7966
      vertex 67.1842 -1.4135 11.5078
    endloop
  endfacet
  facet normal -0.861858 0.0978 -0.497631
    outer loop
      vertex 71.7761 -0.331653 5
      vertex 72.7222 0 3.42661
      vertex 72.694 -0.331653 3.41027
    endloop
  endfacet
  facet normal -0.861859 0.0979701 -0.497596
    outer loop
      vertex 72.7222 0 3.42661
      vertex 71.7761 -0.331653 5
      vertex 71.8138 0 5
    endloop
  endfacet
  facet normal -0.861871 0.0978079 -0.497605
    outer loop
      vertex 62.4942 -0.331653 21.0768
      vertex 67.2005 0 12.9905
      vertex 67.3783 -0.287162 12.6261
    endloop
  endfacet
  facet normal -0.861758 0.0991718 -0.497533
    outer loop
      vertex 62.4942 -0.331653 21.0768
      vertex 67.3783 -0.287162 12.6261
      vertex 67.4058 -0.331653 12.5696
    endloop
  endfacet
  facet normal -0.86187 0.0978268 -0.497604
    outer loop
      vertex 67.2005 0 12.9905
      vertex 62.4942 -0.331653 21.0768
      vertex 62.5136 0 21.1084
    endloop
  endfacet
  facet normal 0.408256 0.88191 0.235714
    outer loop
      vertex 70.4321 -1.4135 2.10437
      vertex 69.0996 -1.57059 5
      vertex 70.6866 -1.57059 2.25132
    endloop
  endfacet
  facet normal 0.408298 0.881886 0.235732
    outer loop
      vertex 69.0996 -1.57059 5
      vertex 70.4321 -1.4135 2.10437
      vertex 68.7603 -1.4135 5
    endloop
  endfacet
  facet normal 0.408332 0.881864 0.235755
    outer loop
      vertex 66.3749 -1.57059 9.71946
      vertex 60.9617 -1.4135 18.5076
      vertex 61.1266 -1.57059 18.8096
    endloop
  endfacet
  facet normal 0.408162 0.881971 0.235649
    outer loop
      vertex 60.9617 -1.4135 18.5076
      vertex 66.3749 -1.57059 9.71946
      vertex 66.2257 -1.4135 9.38994
    endloop
  endfacet
  facet normal -0.49982 3.07718e-05 0.86613
    outer loop
      vertex 69.8898 -0.650561 1.79131
      vertex 70.0259 -0.944468 1.86986
      vertex 69.806 -0.331653 1.74294
    endloop
  endfacet
  facet normal 0.763763 0.471367 0.440997
    outer loop
      vertex 70.0259 -0.944468 1.86986
      vertex 69.1235 -0.650561 3.11858
      vertex 69.2485 -0.944468 3.21624
    endloop
  endfacet
  facet normal 0.763718 0.471501 0.440933
    outer loop
      vertex 69.1235 -0.650561 3.11858
      vertex 70.0259 -0.944468 1.86986
      vertex 69.8898 -0.650561 1.79131
    endloop
  endfacet
  facet normal 0.763728 0.471482 0.440936
    outer loop
      vertex 65.9763 -0.944468 8.88386
      vertex 60.6102 -0.650561 17.864
      vertex 60.6984 -0.944468 18.0255
    endloop
  endfacet
  facet normal 0.763758 0.471415 0.440956
    outer loop
      vertex 60.6102 -0.650561 17.864
      vertex 65.9763 -0.944468 8.88386
      vertex 65.8921 -0.650561 8.71549
    endloop
  endfacet
  facet normal 0.549401 0.77301 0.317198
    outer loop
      vertex 70.209 -1.20208 1.97556
      vertex 68.7603 -1.4135 5
      vertex 70.4321 -1.4135 2.10437
    endloop
  endfacet
  facet normal 0.549366 0.773041 0.317183
    outer loop
      vertex 68.7603 -1.4135 5
      vertex 70.209 -1.20208 1.97556
      vertex 68.4628 -1.20208 5
    endloop
  endfacet
  facet normal 0.54939 0.773023 0.317185
    outer loop
      vertex 66.2257 -1.4135 9.38994
      vertex 60.8171 -1.20208 18.2428
      vertex 60.9617 -1.4135 18.5076
    endloop
  endfacet
  facet normal 0.547177 0.773866 0.318949
    outer loop
      vertex 66.0896 -1.20208 9.11046
      vertex 66.2257 -1.4135 9.38994
      vertex 66.1911 -1.35751 9.31345
    endloop
  endfacet
  facet normal 0.549416 0.772997 0.317202
    outer loop
      vertex 66.2257 -1.4135 9.38994
      vertex 66.0896 -1.20208 9.11046
      vertex 60.8171 -1.20208 18.2428
    endloop
  endfacet
  facet normal -0.500026 -6.82426e-05 0.86601
    outer loop
      vertex 70.0259 -0.944468 1.86986
      vertex 70.209 -1.20208 1.97556
      vertex 69.806 -0.331653 1.74294
    endloop
  endfacet
  facet normal -0.0849036 0.995183 -0.0490188
    outer loop
      vertex 71.25 -1.7 2.57661
      vertex 70.2338 -1.66733 5
      vertex 71.5372 -1.66733 2.74243
    endloop
  endfacet
  facet normal -0.0849114 0.995182 -0.0490221
    outer loop
      vertex 70.2338 -1.66733 5
      vertex 71.25 -1.7 2.57661
      vertex 69.8509 -1.7 5
    endloop
  endfacet
  facet normal -0.0849077 0.995182 -0.0490212
    outer loop
      vertex 66.8732 -1.66733 10.8207
      vertex 61.5023 -1.7 19.4602
      vertex 61.6996 -1.66733 19.7817
    endloop
  endfacet
  facet normal -0.0848992 0.995183 -0.0490159
    outer loop
      vertex 61.5023 -1.7 19.4602
      vertex 66.8732 -1.66733 10.8207
      vertex 66.7049 -1.7 10.4489
    endloop
  endfacet
  facet normal 0.0848895 -0.995184 0.0490114
    outer loop
      vertex 70.9628 1.66733 2.41078
      vertex 69.8509 1.7 5
      vertex 69.4679 1.66733 5
    endloop
  endfacet
  facet normal 0.0849029 -0.995183 0.0490171
    outer loop
      vertex 69.8509 1.7 5
      vertex 70.9628 1.66733 2.41078
      vertex 71.25 1.7 2.57661
    endloop
  endfacet
  facet normal 0.0797464 -0.99545 0.0521538
    outer loop
      vertex 61.3056 1.66733 19.1374
      vertex 61.5023 1.7 19.4602
      vertex 61.3172 1.66937 19.1586
    endloop
  endfacet
  facet normal 0.084875 -0.995186 0.0490019
    outer loop
      vertex 61.3056 1.66733 19.1374
      vertex 66.7049 1.7 10.4489
      vertex 61.5023 1.7 19.4602
    endloop
  endfacet
  facet normal 0.0849071 -0.995182 0.0490219
    outer loop
      vertex 66.7049 1.7 10.4489
      vertex 61.3056 1.66733 19.1374
      vertex 66.5367 1.66733 10.077
    endloop
  endfacet
  facet normal 0.828721 -0.290338 0.478462
    outer loop
      vertex 69.0465 0.331653 3.05843
      vertex 69.8898 0.650561 1.79131
      vertex 69.1235 0.650561 3.11858
    endloop
  endfacet
  facet normal 0.828721 -0.290335 0.478463
    outer loop
      vertex 69.8898 0.650561 1.79131
      vertex 69.0465 0.331653 3.05843
      vertex 69.806 0.331653 1.74294
    endloop
  endfacet
  facet normal 0.828745 -0.290245 0.478477
    outer loop
      vertex 60.5559 0.331653 17.7646
      vertex 65.8921 0.650561 8.71549
      vertex 60.6102 0.650561 17.864
    endloop
  endfacet
  facet normal 0.828758 -0.29019 0.478486
    outer loop
      vertex 65.8921 0.650561 8.71549
      vertex 60.5559 0.331653 17.7646
      vertex 65.8403 0.331653 8.6118
    endloop
  endfacet
  facet normal 0.251381 0.956945 0.145136
    outer loop
      vertex 70.6866 -1.57059 2.25132
      vertex 69.4679 -1.66733 5
      vertex 70.9628 -1.66733 2.41078
    endloop
  endfacet
  facet normal 0.251359 0.956952 0.145127
    outer loop
      vertex 69.4679 -1.66733 5
      vertex 70.6866 -1.57059 2.25132
      vertex 69.0996 -1.57059 5
    endloop
  endfacet
  facet normal 0.251385 0.956943 0.145139
    outer loop
      vertex 66.5367 -1.66733 10.077
      vertex 61.1266 -1.57059 18.8096
      vertex 61.3056 -1.66733 19.1374
    endloop
  endfacet
  facet normal 0.251403 0.956937 0.14515
    outer loop
      vertex 61.1266 -1.57059 18.8096
      vertex 66.5367 -1.66733 10.077
      vertex 66.3749 -1.57059 9.71946
    endloop
  endfacet
  facet normal 0.669477 0.634345 0.386532
    outer loop
      vertex 68.2397 -0.966624 5
      vertex 68.4628 -1.20208 5
      vertex 69.3758 -1.13931 3.31566
    endloop
  endfacet
  facet normal 0.669019 0.635114 0.386062
    outer loop
      vertex 70.209 -1.20208 1.97556
      vertex 69.2485 -0.944468 3.21624
      vertex 69.2772 -0.988298 3.23861
    endloop
  endfacet
  facet normal 0.669835 0.633745 0.386896
    outer loop
      vertex 70.209 -1.20208 1.97556
      vertex 69.2772 -0.988298 3.23861
      vertex 69.3144 -1.0454 3.26774
    endloop
  endfacet
  facet normal 0.669294 0.634609 0.386416
    outer loop
      vertex 70.209 -1.20208 1.97556
      vertex 69.3144 -1.0454 3.26774
      vertex 69.3716 -1.13292 3.3124
    endloop
  endfacet
  facet normal 0.668315 0.636056 0.385729
    outer loop
      vertex 70.209 -1.20208 1.97556
      vertex 69.3716 -1.13292 3.3124
      vertex 69.3758 -1.13931 3.31566
    endloop
  endfacet
  facet normal 0.669429 0.634398 0.386528
    outer loop
      vertex 69.2485 -0.944468 3.21624
      vertex 70.209 -1.20208 1.97556
      vertex 70.0259 -0.944468 1.86986
    endloop
  endfacet
  facet normal 0.669479 0.634343 0.386532
    outer loop
      vertex 70.209 -1.20208 1.97556
      vertex 69.3758 -1.13931 3.31566
      vertex 68.4628 -1.20208 5
    endloop
  endfacet
  facet normal 0.66941 0.634447 0.38648
    outer loop
      vertex 66.0896 -1.20208 9.11046
      vertex 60.6984 -0.944468 18.0255
      vertex 60.8171 -1.20208 18.2428
    endloop
  endfacet
  facet normal 0.669443 0.6344 0.386501
    outer loop
      vertex 60.6984 -0.944468 18.0255
      vertex 66.0896 -1.20208 9.11046
      vertex 65.9763 -0.944468 8.88386
    endloop
  endfacet
  facet normal -0.922737 -0.0978094 -0.372813
    outer loop
      vertex 69.3696 0.0608813 16.682
      vertex 65.605 0.331653 25.9286
      vertex 69.3571 0.331653 16.6419
    endloop
  endfacet
  facet normal -0.922715 -0.0980787 -0.372796
    outer loop
      vertex 65.605 0.331653 25.9286
      vertex 69.3696 0.0608813 16.682
      vertex 65.6196 0.115237 25.9494
    endloop
  endfacet
  facet normal -0.922762 -0.0975521 -0.372818
    outer loop
      vertex 69.3724 0 16.691
      vertex 65.6196 0.115237 25.9494
      vertex 69.3696 0.0608813 16.682
    endloop
  endfacet
  facet normal -0.922761 -0.0975688 -0.372817
    outer loop
      vertex 65.6196 0.115237 25.9494
      vertex 69.3724 0 16.691
      vertex 65.6273 0 25.9605
    endloop
  endfacet
  facet normal -0.887128 -0.29076 -0.358418
    outer loop
      vertex 69.3198 0.592694 16.5227
      vertex 65.5388 0.650561 25.8342
      vertex 69.3115 0.650561 16.4963
    endloop
  endfacet
  facet normal -0.887358 -0.289936 -0.358516
    outer loop
      vertex 65.5388 0.650561 25.8342
      vertex 69.3198 0.592694 16.5227
      vertex 65.5617 0.54004 25.8669
    endloop
  endfacet
  facet normal -0.922737 0.0978094 -0.372813
    outer loop
      vertex 65.605 -0.331653 25.9286
      vertex 69.3696 -0.0608813 16.682
      vertex 69.3571 -0.331653 16.6419
    endloop
  endfacet
  facet normal -0.922715 0.0980787 -0.372796
    outer loop
      vertex 69.3696 -0.0608813 16.682
      vertex 65.605 -0.331653 25.9286
      vertex 65.6196 -0.115237 25.9494
    endloop
  endfacet
  facet normal -0.0905915 -0.995204 -0.0369137
    outer loop
      vertex 64.4676 1.7 24.2928
      vertex 64.6913 1.66733 24.6246
      vertex 64.5296 1.69061 24.3938
    endloop
  endfacet
  facet normal -0.0908795 -0.995185 -0.0367177
    outer loop
      vertex 64.4676 1.7 24.2928
      vertex 68.667 1.66733 14.7844
      vertex 64.6913 1.66733 24.6246
    endloop
  endfacet
  facet normal -0.0908878 -0.995184 -0.0367214
    outer loop
      vertex 68.667 1.66733 14.7844
      vertex 64.4676 1.7 24.2928
      vertex 68.478 1.7 14.3668
    endloop
  endfacet
  facet normal 0.922714 0.0980701 0.372802
    outer loop
      vertex 63.3767 -0.229161 22.515
      vertex 67.2005 0 12.9905
      vertex 63.362 0 22.4911
    endloop
  endfacet
  facet normal 0.922698 0.0982296 0.372799
    outer loop
      vertex 67.2005 0 12.9905
      vertex 63.3767 -0.229161 22.515
      vertex 67.3783 -0.287162 12.6261
    endloop
  endfacet
  facet normal -0.88721 -0.290457 -0.358459
    outer loop
      vertex 69.3571 0.331653 16.6419
      vertex 65.5617 0.54004 25.8669
      vertex 69.3198 0.592694 16.5227
    endloop
  endfacet
  facet normal -0.887203 -0.290482 -0.358456
    outer loop
      vertex 65.5617 0.54004 25.8669
      vertex 69.3571 0.331653 16.6419
      vertex 65.605 0.331653 25.9286
    endloop
  endfacet
  facet normal -0.269204 0.956922 -0.108767
    outer loop
      vertex 68.8487 -1.57059 15.1859
      vertex 64.6913 -1.66733 24.6246
      vertex 64.9094 -1.57059 24.9359
    endloop
  endfacet
  facet normal -0.269174 0.956931 -0.108754
    outer loop
      vertex 64.6913 -1.66733 24.6246
      vertex 68.8487 -1.57059 15.1859
      vertex 68.667 -1.66733 14.7844
    endloop
  endfacet
  facet normal 0.0908894 -0.995184 0.036722
    outer loop
      vertex 64.2519 1.66733 23.9413
      vertex 68.478 1.7 14.3668
      vertex 64.4676 1.7 24.2928
    endloop
  endfacet
  facet normal 0.0908879 -0.995184 0.0367214
    outer loop
      vertex 68.478 1.7 14.3668
      vertex 64.2519 1.66733 23.9413
      vertex 68.289 1.66733 13.9492
    endloop
  endfacet
  facet normal 0.588237 -0.772978 0.237659
    outer loop
      vertex 63.6859 1.20208 23.0188
      vertex 67.8129 1.23075 12.8972
      vertex 63.7388 1.26884 23.105
    endloop
  endfacet
  facet normal 0.588211 -0.773001 0.237649
    outer loop
      vertex 67.8129 1.23075 12.8972
      vertex 63.6859 1.20208 23.0188
      vertex 67.793 1.20208 12.8532
    endloop
  endfacet
  facet normal 0.716698 0.634428 0.28956
    outer loop
      vertex 67.793 -1.20208 12.8532
      vertex 63.5484 -0.944468 22.7947
      vertex 63.6859 -1.20208 23.0188
    endloop
  endfacet
  facet normal 0.716808 0.63428 0.289611
    outer loop
      vertex 63.5484 -0.944468 22.7947
      vertex 67.793 -1.20208 12.8532
      vertex 67.6726 -0.944468 12.587
    endloop
  endfacet
  facet normal 0.817471 0.471864 0.330281
    outer loop
      vertex 67.6726 -0.944468 12.587
      vertex 63.5165 -0.852876 22.7428
      vertex 63.5484 -0.944468 22.7947
    endloop
  endfacet
  facet normal 0.817399 0.472009 0.330251
    outer loop
      vertex 63.5165 -0.852876 22.7428
      vertex 67.6726 -0.944468 12.587
      vertex 67.6608 -0.905842 12.561
    endloop
  endfacet
  facet normal 0.0908894 0.995184 0.036722
    outer loop
      vertex 68.478 -1.7 14.3668
      vertex 64.2519 -1.66733 23.9413
      vertex 64.4676 -1.7 24.2928
    endloop
  endfacet
  facet normal 0.0908879 0.995184 0.0367214
    outer loop
      vertex 64.2519 -1.66733 23.9413
      vertex 68.478 -1.7 14.3668
      vertex 68.289 -1.66733 13.9492
    endloop
  endfacet
  facet normal -0.436929 0.882003 -0.176532
    outer loop
      vertex 69.0162 -1.4135 15.556
      vertex 65.0424 -1.46667 25.1258
      vertex 65.1105 -1.4135 25.2229
    endloop
  endfacet
  facet normal -0.436561 0.882216 -0.176377
    outer loop
      vertex 65.0424 -1.46667 25.1258
      vertex 69.0162 -1.4135 15.556
      vertex 68.988 -1.43987 15.4939
    endloop
  endfacet
  facet normal 0.887229 0.290397 0.358461
    outer loop
      vertex 63.4028 -0.43036 22.5574
      vertex 67.4058 -0.331653 12.5696
      vertex 63.3833 -0.331653 22.5257
    endloop
  endfacet
  facet normal 0.887335 0.290023 0.3585
    outer loop
      vertex 67.4058 -0.331653 12.5696
      vertex 63.4028 -0.43036 22.5574
      vertex 67.4849 -0.373165 12.4074
    endloop
  endfacet
  facet normal -0.588243 -0.772973 -0.237664
    outer loop
      vertex 65.1105 1.4135 25.2229
      vertex 69.0375 1.37767 15.6197
      vertex 65.1705 1.34152 25.3085
    endloop
  endfacet
  facet normal -0.588581 -0.772672 -0.237803
    outer loop
      vertex 69.0162 1.4135 15.556
      vertex 69.0375 1.37767 15.6197
      vertex 65.1105 1.4135 25.2229
    endloop
  endfacet
  facet normal -0.588141 -0.772919 -0.238089
    outer loop
      vertex 69.0375 1.37767 15.6197
      vertex 69.0162 1.4135 15.556
      vertex 69.0209 1.40672 15.5664
    endloop
  endfacet
  facet normal -0.436929 -0.882003 -0.176532
    outer loop
      vertex 65.0424 1.46667 25.1258
      vertex 69.0162 1.4135 15.556
      vertex 65.1105 1.4135 25.2229
    endloop
  endfacet
  facet normal -0.436561 -0.882216 -0.176377
    outer loop
      vertex 69.0162 1.4135 15.556
      vertex 65.0424 1.46667 25.1258
      vertex 68.988 1.43987 15.4939
    endloop
  endfacet
  facet normal -0.269204 -0.956922 -0.108767
    outer loop
      vertex 64.6913 1.66733 24.6246
      vertex 68.8487 1.57059 15.1859
      vertex 64.9094 1.57059 24.9359
    endloop
  endfacet
  facet normal -0.269174 -0.956931 -0.108754
    outer loop
      vertex 68.8487 1.57059 15.1859
      vertex 64.6913 1.66733 24.6246
      vertex 68.667 1.66733 14.7844
    endloop
  endfacet
  facet normal 0.817749 -0.471301 0.330397
    outer loop
      vertex 63.4462 0.650561 22.6282
      vertex 67.6608 0.905842 12.561
      vertex 63.5165 0.852876 22.7428
    endloop
  endfacet
  facet normal 0.817649 -0.471508 0.33035
    outer loop
      vertex 67.6608 0.905842 12.561
      vertex 63.4462 0.650561 22.6282
      vertex 67.583 0.650561 12.3892
    endloop
  endfacet
  facet normal 0.269142 -0.956942 0.108741
    outer loop
      vertex 64.0445 1.57059 23.6033
      vertex 68.289 1.66733 13.9492
      vertex 64.2519 1.66733 23.9413
    endloop
  endfacet
  facet normal 0.269145 -0.956941 0.108742
    outer loop
      vertex 68.289 1.66733 13.9492
      vertex 64.0445 1.57059 23.6033
      vertex 68.1073 1.57059 13.5476
    endloop
  endfacet
  facet normal 0.8873 -0.290144 0.35849
    outer loop
      vertex 63.4028 0.43036 22.5574
      vertex 67.583 0.650561 12.3892
      vertex 63.4462 0.650561 22.6282
    endloop
  endfacet
  facet normal 0.887268 -0.290259 0.358475
    outer loop
      vertex 67.4849 0.373165 12.4074
      vertex 67.583 0.650561 12.3892
      vertex 63.4028 0.43036 22.5574
    endloop
  endfacet
  facet normal 0.88717 -0.290206 0.358761
    outer loop
      vertex 67.583 0.650561 12.3892
      vertex 67.4849 0.373165 12.4074
      vertex 67.5401 0.402096 12.2943
    endloop
  endfacet
  facet normal 0.922714 -0.0980701 0.372802
    outer loop
      vertex 67.2005 0 12.9905
      vertex 63.3767 0.229161 22.515
      vertex 63.362 0 22.4911
    endloop
  endfacet
  facet normal 0.922698 -0.0982296 0.372799
    outer loop
      vertex 63.3767 0.229161 22.515
      vertex 67.2005 0 12.9905
      vertex 67.3783 0.287162 12.6261
    endloop
  endfacet
  facet normal -0.437015 0.881954 -0.176564
    outer loop
      vertex 68.988 -1.43987 15.4939
      vertex 64.9094 -1.57059 24.9359
      vertex 65.0424 -1.46667 25.1258
    endloop
  endfacet
  facet normal -0.437103 0.881902 -0.176603
    outer loop
      vertex 64.9094 -1.57059 24.9359
      vertex 68.988 -1.43987 15.4939
      vertex 68.8487 -1.57059 15.1859
    endloop
  endfacet
  facet normal -0.887128 0.29076 -0.358418
    outer loop
      vertex 65.5388 -0.650561 25.8342
      vertex 69.3198 -0.592694 16.5227
      vertex 69.3115 -0.650561 16.4963
    endloop
  endfacet
  facet normal -0.887358 0.289936 -0.358516
    outer loop
      vertex 69.3198 -0.592694 16.5227
      vertex 65.5388 -0.650561 25.8342
      vertex 65.5617 -0.54004 25.8669
    endloop
  endfacet
  facet normal -0.817683 0.471436 -0.330366
    outer loop
      vertex 65.4313 -0.944468 25.6808
      vertex 69.2982 -0.703622 16.4536
      vertex 69.2376 -0.944468 16.2599
    endloop
  endfacet
  facet normal -0.817716 0.47137 -0.330382
    outer loop
      vertex 69.2982 -0.703622 16.4536
      vertex 65.4313 -0.944468 25.6808
      vertex 65.5016 -0.752144 25.7812
    endloop
  endfacet
  facet normal -0.922762 0.0975521 -0.372818
    outer loop
      vertex 65.6196 -0.115237 25.9494
      vertex 69.3724 0 16.691
      vertex 69.3696 -0.0608813 16.682
    endloop
  endfacet
  facet normal -0.922761 0.0975688 -0.372817
    outer loop
      vertex 69.3724 0 16.691
      vertex 65.6196 -0.115237 25.9494
      vertex 65.6273 0 25.9605
    endloop
  endfacet
  facet normal 0.437085 0.881914 0.176592
    outer loop
      vertex 68.0833 -1.54813 13.4947
      vertex 63.8534 -1.4135 23.2918
      vertex 63.9833 -1.52027 23.5035
    endloop
  endfacet
  facet normal 0.437121 0.881893 0.176608
    outer loop
      vertex 63.8534 -1.4135 23.2918
      vertex 68.0833 -1.54813 13.4947
      vertex 67.9398 -1.4135 13.1776
    endloop
  endfacet
  facet normal -0.0905915 0.995204 -0.0369137
    outer loop
      vertex 64.6913 -1.66733 24.6246
      vertex 64.4676 -1.7 24.2928
      vertex 64.5296 -1.69061 24.3938
    endloop
  endfacet
  facet normal -0.0908795 0.995185 -0.0367177
    outer loop
      vertex 68.667 -1.66733 14.7844
      vertex 64.4676 -1.7 24.2928
      vertex 64.6913 -1.66733 24.6246
    endloop
  endfacet
  facet normal -0.0908878 0.995184 -0.0367214
    outer loop
      vertex 64.4676 -1.7 24.2928
      vertex 68.667 -1.66733 14.7844
      vertex 68.478 -1.7 14.3668
    endloop
  endfacet
  facet normal 0.887268 0.290259 0.358475
    outer loop
      vertex 67.583 -0.650561 12.3892
      vertex 67.4849 -0.373165 12.4074
      vertex 63.4028 -0.43036 22.5574
    endloop
  endfacet
  facet normal 0.8873 0.290144 0.35849
    outer loop
      vertex 67.583 -0.650561 12.3892
      vertex 63.4028 -0.43036 22.5574
      vertex 63.4462 -0.650561 22.6282
    endloop
  endfacet
  facet normal 0.88717 0.290206 0.358761
    outer loop
      vertex 67.4849 -0.373165 12.4074
      vertex 67.583 -0.650561 12.3892
      vertex 67.5401 -0.402096 12.2943
    endloop
  endfacet
  facet normal 0.922689 0.0983359 0.372794
    outer loop
      vertex 63.3833 -0.331653 22.5257
      vertex 67.3783 -0.287162 12.6261
      vertex 63.3767 -0.229161 22.515
    endloop
  endfacet
  facet normal 0.92282 0.0969191 0.372841
    outer loop
      vertex 67.3783 -0.287162 12.6261
      vertex 63.3833 -0.331653 22.5257
      vertex 67.4058 -0.331653 12.5696
    endloop
  endfacet
  facet normal 0.437116 0.881895 0.176608
    outer loop
      vertex 68.1073 -1.57059 13.5476
      vertex 63.9833 -1.52027 23.5035
      vertex 64.0445 -1.57059 23.6033
    endloop
  endfacet
  facet normal 0.436676 0.88215 0.176424
    outer loop
      vertex 63.9833 -1.52027 23.5035
      vertex 68.1073 -1.57059 13.5476
      vertex 68.0833 -1.54813 13.4947
    endloop
  endfacet
  facet normal -0.81792 -0.470954 -0.330467
    outer loop
      vertex 69.3115 0.650561 16.4963
      vertex 65.5016 0.752144 25.7812
      vertex 69.2982 0.703622 16.4536
    endloop
  endfacet
  facet normal -0.817544 -0.471721 -0.330304
    outer loop
      vertex 65.5016 0.752144 25.7812
      vertex 69.3115 0.650561 16.4963
      vertex 65.5388 0.650561 25.8342
    endloop
  endfacet
  facet normal -0.588243 -0.772971 -0.237668
    outer loop
      vertex 65.1705 1.34152 25.3085
      vertex 69.1382 1.20208 15.9417
      vertex 65.2867 1.20208 25.4744
    endloop
  endfacet
  facet normal -0.588145 -0.773059 -0.237625
    outer loop
      vertex 69.1382 1.20208 15.9417
      vertex 65.1705 1.34152 25.3085
      vertex 69.0375 1.37767 15.6197
    endloop
  endfacet
  facet normal -0.437015 -0.881954 -0.176564
    outer loop
      vertex 64.9094 1.57059 24.9359
      vertex 68.988 1.43987 15.4939
      vertex 65.0424 1.46667 25.1258
    endloop
  endfacet
  facet normal -0.437103 -0.881902 -0.176603
    outer loop
      vertex 68.988 1.43987 15.4939
      vertex 64.9094 1.57059 24.9359
      vertex 68.8487 1.57059 15.1859
    endloop
  endfacet
  facet normal 0.437116 -0.881895 0.176608
    outer loop
      vertex 63.9833 1.52027 23.5035
      vertex 68.1073 1.57059 13.5476
      vertex 64.0445 1.57059 23.6033
    endloop
  endfacet
  facet normal 0.436676 -0.88215 0.176424
    outer loop
      vertex 68.1073 1.57059 13.5476
      vertex 63.9833 1.52027 23.5035
      vertex 68.0833 1.54813 13.4947
    endloop
  endfacet
  facet normal 0.437085 -0.881914 0.176592
    outer loop
      vertex 63.8534 1.4135 23.2918
      vertex 68.0833 1.54813 13.4947
      vertex 63.9833 1.52027 23.5035
    endloop
  endfacet
  facet normal 0.437121 -0.881893 0.176608
    outer loop
      vertex 68.0833 1.54813 13.4947
      vertex 63.8534 1.4135 23.2918
      vertex 67.9398 1.4135 13.1776
    endloop
  endfacet
  facet normal -0.717179 0.633793 -0.289762
    outer loop
      vertex 65.2867 -1.20208 25.4744
      vertex 69.1555 -1.15713 15.9972
      vertex 69.1382 -1.20208 15.9417
    endloop
  endfacet
  facet normal -0.716775 0.634325 -0.289595
    outer loop
      vertex 69.1555 -1.15713 15.9972
      vertex 65.2867 -1.20208 25.4744
      vertex 65.3363 -1.11371 25.5452
    endloop
  endfacet
  facet normal -0.588243 0.772971 -0.237668
    outer loop
      vertex 69.1382 -1.20208 15.9417
      vertex 65.1705 -1.34152 25.3085
      vertex 65.2867 -1.20208 25.4744
    endloop
  endfacet
  facet normal -0.588145 0.773059 -0.237625
    outer loop
      vertex 65.1705 -1.34152 25.3085
      vertex 69.1382 -1.20208 15.9417
      vertex 69.0375 -1.37767 15.6197
    endloop
  endfacet
  facet normal -0.588243 0.772973 -0.237664
    outer loop
      vertex 69.0375 -1.37767 15.6197
      vertex 65.1105 -1.4135 25.2229
      vertex 65.1705 -1.34152 25.3085
    endloop
  endfacet
  facet normal -0.588141 0.772919 -0.238089
    outer loop
      vertex 69.0162 -1.4135 15.556
      vertex 69.0375 -1.37767 15.6197
      vertex 69.0209 -1.40672 15.5664
    endloop
  endfacet
  facet normal -0.588581 0.772672 -0.237803
    outer loop
      vertex 69.0375 -1.37767 15.6197
      vertex 69.0162 -1.4135 15.556
      vertex 65.1105 -1.4135 25.2229
    endloop
  endfacet
  facet normal 0.269142 0.956942 0.108741
    outer loop
      vertex 68.289 -1.66733 13.9492
      vertex 64.0445 -1.57059 23.6033
      vertex 64.2519 -1.66733 23.9413
    endloop
  endfacet
  facet normal 0.269145 0.956941 0.108742
    outer loop
      vertex 64.0445 -1.57059 23.6033
      vertex 68.289 -1.66733 13.9492
      vertex 68.1073 -1.57059 13.5476
    endloop
  endfacet
  facet normal 0.588273 0.772945 0.237678
    outer loop
      vertex 67.9398 -1.4135 13.1776
      vertex 63.7388 -1.26884 23.105
      vertex 63.8534 -1.4135 23.2918
    endloop
  endfacet
  facet normal 0.588174 0.773034 0.237634
    outer loop
      vertex 63.7388 -1.26884 23.105
      vertex 67.9398 -1.4135 13.1776
      vertex 67.8129 -1.23075 12.8972
    endloop
  endfacet
  facet normal 0.588237 0.772978 0.237659
    outer loop
      vertex 67.8129 -1.23075 12.8972
      vertex 63.6859 -1.20208 23.0188
      vertex 63.7388 -1.26884 23.105
    endloop
  endfacet
  facet normal 0.588211 0.773001 0.237649
    outer loop
      vertex 63.6859 -1.20208 23.0188
      vertex 67.8129 -1.23075 12.8972
      vertex 67.793 -1.20208 12.8532
    endloop
  endfacet
  facet normal -0.717179 -0.633793 -0.289762
    outer loop
      vertex 69.1555 1.15713 15.9972
      vertex 65.2867 1.20208 25.4744
      vertex 69.1382 1.20208 15.9417
    endloop
  endfacet
  facet normal -0.716775 -0.634325 -0.289595
    outer loop
      vertex 65.2867 1.20208 25.4744
      vertex 69.1555 1.15713 15.9972
      vertex 65.3363 1.11371 25.5452
    endloop
  endfacet
  facet normal 0.887229 -0.290397 0.358461
    outer loop
      vertex 67.4058 0.331653 12.5696
      vertex 63.4028 0.43036 22.5574
      vertex 63.3833 0.331653 22.5257
    endloop
  endfacet
  facet normal 0.887335 -0.290023 0.3585
    outer loop
      vertex 63.4028 0.43036 22.5574
      vertex 67.4058 0.331653 12.5696
      vertex 67.4849 0.373165 12.4074
    endloop
  endfacet
  facet normal 0.92282 -0.0969191 0.372841
    outer loop
      vertex 63.3833 0.331653 22.5257
      vertex 67.3783 0.287162 12.6261
      vertex 67.4058 0.331653 12.5696
    endloop
  endfacet
  facet normal 0.922689 -0.0983359 0.372794
    outer loop
      vertex 67.3783 0.287162 12.6261
      vertex 63.3833 0.331653 22.5257
      vertex 63.3767 0.229161 22.515
    endloop
  endfacet
  facet normal 0.817471 -0.471864 0.330281
    outer loop
      vertex 63.5165 0.852876 22.7428
      vertex 67.6726 0.944468 12.587
      vertex 63.5484 0.944468 22.7947
    endloop
  endfacet
  facet normal 0.817399 -0.472009 0.330251
    outer loop
      vertex 67.6726 0.944468 12.587
      vertex 63.5165 0.852876 22.7428
      vertex 67.6608 0.905842 12.561
    endloop
  endfacet
  facet normal 0.588273 -0.772945 0.237678
    outer loop
      vertex 63.7388 1.26884 23.105
      vertex 67.9398 1.4135 13.1776
      vertex 63.8534 1.4135 23.2918
    endloop
  endfacet
  facet normal 0.588174 -0.773034 0.237634
    outer loop
      vertex 67.9398 1.4135 13.1776
      vertex 63.7388 1.26884 23.105
      vertex 67.8129 1.23075 12.8972
    endloop
  endfacet
  facet normal -0.887203 0.290482 -0.358456
    outer loop
      vertex 69.3571 -0.331653 16.6419
      vertex 65.5617 -0.54004 25.8669
      vertex 65.605 -0.331653 25.9286
    endloop
  endfacet
  facet normal -0.88721 0.290457 -0.358459
    outer loop
      vertex 65.5617 -0.54004 25.8669
      vertex 69.3571 -0.331653 16.6419
      vertex 69.3198 -0.592694 16.5227
    endloop
  endfacet
  facet normal -0.81792 0.470954 -0.330467
    outer loop
      vertex 65.5016 -0.752144 25.7812
      vertex 69.3115 -0.650561 16.4963
      vertex 69.2982 -0.703622 16.4536
    endloop
  endfacet
  facet normal -0.817544 0.471721 -0.330304
    outer loop
      vertex 69.3115 -0.650561 16.4963
      vertex 65.5016 -0.752144 25.7812
      vertex 65.5388 -0.650561 25.8342
    endloop
  endfacet
  facet normal -0.716752 0.634355 -0.289587
    outer loop
      vertex 69.2376 -0.944468 16.2599
      vertex 65.3363 -1.11371 25.5452
      vertex 65.4313 -0.944468 25.6808
    endloop
  endfacet
  facet normal -0.716717 0.634401 -0.289572
    outer loop
      vertex 65.3363 -1.11371 25.5452
      vertex 69.2376 -0.944468 16.2599
      vertex 69.1555 -1.15713 15.9972
    endloop
  endfacet
  facet normal 0.817749 0.471301 0.330397
    outer loop
      vertex 67.6608 -0.905842 12.561
      vertex 63.4462 -0.650561 22.6282
      vertex 63.5165 -0.852876 22.7428
    endloop
  endfacet
  facet normal 0.817649 0.471508 0.33035
    outer loop
      vertex 63.4462 -0.650561 22.6282
      vertex 67.6608 -0.905842 12.561
      vertex 67.583 -0.650561 12.3892
    endloop
  endfacet
  facet normal -0.716717 -0.634401 -0.289572
    outer loop
      vertex 69.2376 0.944468 16.2599
      vertex 65.3363 1.11371 25.5452
      vertex 69.1555 1.15713 15.9972
    endloop
  endfacet
  facet normal -0.716752 -0.634355 -0.289587
    outer loop
      vertex 65.3363 1.11371 25.5452
      vertex 69.2376 0.944468 16.2599
      vertex 65.4313 0.944468 25.6808
    endloop
  endfacet
  facet normal -0.817683 -0.471436 -0.330366
    outer loop
      vertex 69.2982 0.703622 16.4536
      vertex 65.4313 0.944468 25.6808
      vertex 69.2376 0.944468 16.2599
    endloop
  endfacet
  facet normal -0.817716 -0.47137 -0.330382
    outer loop
      vertex 65.4313 0.944468 25.6808
      vertex 69.2982 0.703622 16.4536
      vertex 65.5016 0.752144 25.7812
    endloop
  endfacet
  facet normal 0.716698 -0.634428 0.28956
    outer loop
      vertex 63.5484 0.944468 22.7947
      vertex 67.793 1.20208 12.8532
      vertex 63.6859 1.20208 23.0188
    endloop
  endfacet
  facet normal 0.716808 -0.63428 0.289611
    outer loop
      vertex 67.793 1.20208 12.8532
      vertex 63.5484 0.944468 22.7947
      vertex 67.6726 0.944468 12.587
    endloop
  endfacet
endsolid OpenSCAD_Model
