solid OpenSCAD_Model
  facet normal 0 0 -1
    outer loop
      vertex 19.2566 -23.9221 0
      vertex 24.4245 -32.9327 0
      vertex 22.7792 -34.0915 0
    endloop
  endfacet
  facet normal 0 0 -1
    outer loop
      vertex 18.074 -24.2493 0
      vertex 22.7792 -34.0915 0
      vertex 21.079 -35.1682 0
    endloop
  endfacet
  facet normal 0 0 -1
    outer loop
      vertex 24.4245 -32.9327 0
      vertex 20.4217 -23.5372 0
      vertex 52.1419 -11.3021 0
    endloop
  endfacet
  facet normal 0 0 -1
    outer loop
      vertex 16.8771 -24.5181 0
      vertex 21.079 -35.1682 0
      vertex 19.328 -36.1601 0
    endloop
  endfacet
  facet normal 0 0 -1
    outer loop
      vertex 24.4245 -32.9327 0
      vertex 19.2566 -23.9221 0
      vertex 20.4217 -23.5372 0
    endloop
  endfacet
  facet normal 0 0 -1
    outer loop
      vertex 22.7792 -34.0915 0
      vertex 18.074 -24.2493 0
      vertex 19.2566 -23.9221 0
    endloop
  endfacet
  facet normal 0 0 -1
    outer loop
      vertex 14.4502 -24.8781 0
      vertex 19.328 -36.1601 0
      vertex 17.5304 -37.0649 0
    endloop
  endfacet
  facet normal 0 0 -1
    outer loop
      vertex 21.079 -35.1682 0
      vertex 16.8771 -24.5181 0
      vertex 18.074 -24.2493 0
    endloop
  endfacet
  facet normal 0 0 -1
    outer loop
      vertex 9.29475 -32.2794 0
      vertex 17.5304 -37.0649 0
      vertex 15.6906 -37.8804 0
    endloop
  endfacet
  facet normal 0 0 -1
    outer loop
      vertex 19.328 -36.1601 0
      vertex 15.668 -24.7279 0
      vertex 16.8771 -24.5181 0
    endloop
  endfacet
  facet normal 0 0 -1
    outer loop
      vertex 19.328 -36.1601 0
      vertex 14.4502 -24.8781 0
      vertex 15.668 -24.7279 0
    endloop
  endfacet
  facet normal 0 0 -1
    outer loop
      vertex 9.29475 -32.2794 0
      vertex 15.6906 -37.8804 0
      vertex 13.813 -38.6047 0
    endloop
  endfacet
  facet normal 0 0 -1
    outer loop
      vertex 17.5304 -37.0649 0
      vertex 9.29475 -32.2794 0
      vertex 14.4502 -24.8781 0
    endloop
  endfacet
  facet normal 0 0 -1
    outer loop
      vertex 14.4502 -24.8781 0
      vertex 9.29475 -32.2794 0
      vertex 13.2265 -24.9684 0
    endloop
  endfacet
  facet normal 0 0 -1
    outer loop
      vertex 9.29475 -32.2794 0
      vertex 13.813 -38.6047 0
      vertex 11.9021 -39.236 0
    endloop
  endfacet
  facet normal 0 0 -1
    outer loop
      vertex 13.2265 -24.9684 0
      vertex 9.29475 -32.2794 0
      vertex 12 -24.9985 0
    endloop
  endfacet
  facet normal 0 0 -1
    outer loop
      vertex 9.29475 -32.2794 0
      vertex 11.9021 -39.236 0
      vertex 9.96254 -39.7727 0
    endloop
  endfacet
  facet normal -0 0 -1
    outer loop
      vertex 12 -24.9985 0
      vertex 9.29475 -32.2794 0
      vertex 10.7734 -24.9684 0
    endloop
  endfacet
  facet normal -0 0 -1
    outer loop
      vertex 10.7734 -24.9684 0
      vertex 9.29475 -32.2794 0
      vertex 9.54976 -24.8781 0
    endloop
  endfacet
  facet normal 0 0 -1
    outer loop
      vertex 9.96254 -39.7727 0
      vertex 8.16406 -32.5923 0
      vertex 9.29475 -32.2794 0
    endloop
  endfacet
  facet normal 0 0 -1
    outer loop
      vertex 7.99899 -40.2137 0
      vertex 8.16406 -32.5923 0
      vertex 9.96254 -39.7727 0
    endloop
  endfacet
  facet normal 0 0 -1
    outer loop
      vertex 7.99899 -40.2137 0
      vertex 6.55487 -32.9537 0
      vertex 8.16406 -32.5923 0
    endloop
  endfacet
  facet normal 0 0 -1
    outer loop
      vertex 6.01617 -40.5577 0
      vertex 6.55487 -32.9537 0
      vertex 7.99899 -40.2137 0
    endloop
  endfacet
  facet normal 0 0 -1
    outer loop
      vertex 6.01617 -40.5577 0
      vertex 4.93002 -33.2356 0
      vertex 6.55487 -32.9537 0
    endloop
  endfacet
  facet normal 0 0 -1
    outer loop
      vertex 4.01884 -40.8041 0
      vertex 4.93002 -33.2356 0
      vertex 6.01617 -40.5577 0
    endloop
  endfacet
  facet normal 0 0 -1
    outer loop
      vertex 4.01884 -40.8041 0
      vertex 3.29311 -33.4375 0
      vertex 4.93002 -33.2356 0
    endloop
  endfacet
  facet normal 0 0 -1
    outer loop
      vertex 2.01186 -40.9521 0
      vertex 3.29311 -33.4375 0
      vertex 4.01884 -40.8041 0
    endloop
  endfacet
  facet normal 0 0 -1
    outer loop
      vertex 2.01186 -40.9521 0
      vertex 1.64868 -33.5588 0
      vertex 3.29311 -33.4375 0
    endloop
  endfacet
  facet normal 0 0 -1
    outer loop
      vertex 0 -41.0015 0
      vertex 1.64868 -33.5588 0
      vertex 2.01186 -40.9521 0
    endloop
  endfacet
  facet normal 0 0 -1
    outer loop
      vertex 0 -41.0015 0
      vertex 0 -33.5993 0
      vertex 1.64868 -33.5588 0
    endloop
  endfacet
  facet normal 0 0 -1
    outer loop
      vertex 0 -41.0015 0
      vertex -1.64868 -33.5588 0
      vertex 0 -33.5993 0
    endloop
  endfacet
  facet normal 0 0 -1
    outer loop
      vertex -2.01186 -40.9521 0
      vertex -1.64868 -33.5588 0
      vertex 0 -41.0015 0
    endloop
  endfacet
  facet normal 0 0 -1
    outer loop
      vertex -2.01186 -40.9521 0
      vertex -3.29311 -33.4375 0
      vertex -1.64868 -33.5588 0
    endloop
  endfacet
  facet normal 0 0 -1
    outer loop
      vertex -4.01884 -40.8041 0
      vertex -3.29311 -33.4375 0
      vertex -2.01186 -40.9521 0
    endloop
  endfacet
  facet normal 0 0 -1
    outer loop
      vertex -4.01884 -40.8041 0
      vertex -4.93002 -33.2356 0
      vertex -3.29311 -33.4375 0
    endloop
  endfacet
  facet normal 0 0 -1
    outer loop
      vertex -6.01617 -40.5577 0
      vertex -4.93002 -33.2356 0
      vertex -4.01884 -40.8041 0
    endloop
  endfacet
  facet normal 0 0 -1
    outer loop
      vertex -6.01617 -40.5577 0
      vertex -6.55487 -32.9537 0
      vertex -4.93002 -33.2356 0
    endloop
  endfacet
  facet normal 0 0 -1
    outer loop
      vertex -7.99899 -40.2137 0
      vertex -6.55487 -32.9537 0
      vertex -6.01617 -40.5577 0
    endloop
  endfacet
  facet normal 0 0 -1
    outer loop
      vertex -7.99899 -40.2137 0
      vertex -8.16406 -32.5923 0
      vertex -6.55487 -32.9537 0
    endloop
  endfacet
  facet normal 0 0 -1
    outer loop
      vertex -9.96254 -39.7727 0
      vertex -8.16406 -32.5923 0
      vertex -7.99899 -40.2137 0
    endloop
  endfacet
  facet normal -0 0 -1
    outer loop
      vertex -8.16406 -32.5923 0
      vertex -9.96254 -39.7727 0
      vertex -9.75331 -32.1525 0
    endloop
  endfacet
  facet normal 0 0 -1
    outer loop
      vertex -11.9021 -39.236 0
      vertex -9.75331 -32.1525 0
      vertex -9.96254 -39.7727 0
    endloop
  endfacet
  facet normal -0 0 -1
    outer loop
      vertex -9.75331 -32.1525 0
      vertex -11.9021 -39.236 0
      vertex -11.3193 -31.6352 0
    endloop
  endfacet
  facet normal 0 0 -1
    outer loop
      vertex -13.813 -38.6047 0
      vertex -11.3193 -31.6352 0
      vertex -11.9021 -39.236 0
    endloop
  endfacet
  facet normal -0 0 -1
    outer loop
      vertex -11.3193 -31.6352 0
      vertex -13.813 -38.6047 0
      vertex -12.8578 -31.0417 0
    endloop
  endfacet
  facet normal 0 0 -1
    outer loop
      vertex -15.6906 -37.8804 0
      vertex -12.8578 -31.0417 0
      vertex -13.813 -38.6047 0
    endloop
  endfacet
  facet normal -0 0 -1
    outer loop
      vertex -12.8578 -31.0417 0
      vertex -15.6906 -37.8804 0
      vertex -14.3656 -30.3734 0
    endloop
  endfacet
  facet normal 0 0 -1
    outer loop
      vertex -17.5304 -37.0649 0
      vertex -14.3656 -30.3734 0
      vertex -15.6906 -37.8804 0
    endloop
  endfacet
  facet normal -0 0 -1
    outer loop
      vertex -14.3656 -30.3734 0
      vertex -17.5304 -37.0649 0
      vertex -15.8385 -29.632 0
    endloop
  endfacet
  facet normal 0 0 -1
    outer loop
      vertex -19.328 -36.1601 0
      vertex -15.8385 -29.632 0
      vertex -17.5304 -37.0649 0
    endloop
  endfacet
  facet normal -0 0 -1
    outer loop
      vertex -15.8385 -29.632 0
      vertex -19.328 -36.1601 0
      vertex -17.2736 -28.819 0
    endloop
  endfacet
  facet normal 0 0 -1
    outer loop
      vertex -21.079 -35.1682 0
      vertex -17.2736 -28.819 0
      vertex -19.328 -36.1601 0
    endloop
  endfacet
  facet normal -0 0 -1
    outer loop
      vertex -17.2736 -28.819 0
      vertex -21.079 -35.1682 0
      vertex -18.6669 -27.9367 0
    endloop
  endfacet
  facet normal 0 0 -1
    outer loop
      vertex -22.7792 -34.0915 0
      vertex -18.6669 -27.9367 0
      vertex -21.079 -35.1682 0
    endloop
  endfacet
  facet normal -0 0 -1
    outer loop
      vertex -18.6669 -27.9367 0
      vertex -22.7792 -34.0915 0
      vertex -20.0151 -26.9872 0
    endloop
  endfacet
  facet normal 0 0 -1
    outer loop
      vertex -24.4245 -32.9327 0
      vertex -20.0151 -26.9872 0
      vertex -22.7792 -34.0915 0
    endloop
  endfacet
  facet normal -0 0 -1
    outer loop
      vertex -20.0151 -26.9872 0
      vertex -24.4245 -32.9327 0
      vertex -21.315 -25.9727 0
    endloop
  endfacet
  facet normal 0 0 -1
    outer loop
      vertex -26.0111 -31.6946 0
      vertex -21.315 -25.9727 0
      vertex -24.4245 -32.9327 0
    endloop
  endfacet
  facet normal -0 0 -1
    outer loop
      vertex -21.315 -25.9727 0
      vertex -26.0111 -31.6946 0
      vertex -22.564 -24.8953 0
    endloop
  endfacet
  facet normal 0 0 -1
    outer loop
      vertex -27.5349 -30.3801 0
      vertex -22.564 -24.8953 0
      vertex -26.0111 -31.6946 0
    endloop
  endfacet
  facet normal -0 0 -1
    outer loop
      vertex -22.564 -24.8953 0
      vertex -27.5349 -30.3801 0
      vertex -23.7583 -23.7583 0
    endloop
  endfacet
  facet normal 0 0 -1
    outer loop
      vertex -28.9924 -28.9924 0
      vertex -23.7583 -23.7583 0
      vertex -27.5349 -30.3801 0
    endloop
  endfacet
  facet normal -0 0 -1
    outer loop
      vertex -23.7583 -23.7583 0
      vertex -28.9924 -28.9924 0
      vertex -24.8953 -22.564 0
    endloop
  endfacet
  facet normal 0 0 -1
    outer loop
      vertex -30.3801 -27.5349 0
      vertex -24.8953 -22.564 0
      vertex -28.9924 -28.9924 0
    endloop
  endfacet
  facet normal -0 0 -1
    outer loop
      vertex -24.8953 -22.564 0
      vertex -30.3801 -27.5349 0
      vertex -25.9727 -21.315 0
    endloop
  endfacet
  facet normal 0 0 -1
    outer loop
      vertex -31.6946 -26.0111 0
      vertex -25.9727 -21.315 0
      vertex -30.3801 -27.5349 0
    endloop
  endfacet
  facet normal -0 0 -1
    outer loop
      vertex -25.9727 -21.315 0
      vertex -31.6946 -26.0111 0
      vertex -26.9872 -20.0151 0
    endloop
  endfacet
  facet normal 0 0 -1
    outer loop
      vertex -32.9327 -24.4245 0
      vertex -26.9872 -20.0151 0
      vertex -31.6946 -26.0111 0
    endloop
  endfacet
  facet normal -0 0 -1
    outer loop
      vertex -26.9872 -20.0151 0
      vertex -32.9327 -24.4245 0
      vertex -27.9367 -18.6669 0
    endloop
  endfacet
  facet normal 0 0 -1
    outer loop
      vertex -34.0915 -22.7792 0
      vertex -27.9367 -18.6669 0
      vertex -32.9327 -24.4245 0
    endloop
  endfacet
  facet normal -0 0 -1
    outer loop
      vertex -27.9367 -18.6669 0
      vertex -34.0915 -22.7792 0
      vertex -28.819 -17.2736 0
    endloop
  endfacet
  facet normal 0 0 -1
    outer loop
      vertex -35.1682 -21.079 0
      vertex -28.819 -17.2736 0
      vertex -34.0915 -22.7792 0
    endloop
  endfacet
  facet normal -0 0 -1
    outer loop
      vertex -28.819 -17.2736 0
      vertex -35.1682 -21.079 0
      vertex -29.632 -15.8385 0
    endloop
  endfacet
  facet normal 0 0 -1
    outer loop
      vertex -36.1601 -19.328 0
      vertex -29.632 -15.8385 0
      vertex -35.1682 -21.079 0
    endloop
  endfacet
  facet normal -0 0 -1
    outer loop
      vertex -29.632 -15.8385 0
      vertex -36.1601 -19.328 0
      vertex -30.3734 -14.3656 0
    endloop
  endfacet
  facet normal 0 0 -1
    outer loop
      vertex -37.0649 -17.5304 0
      vertex -30.3734 -14.3656 0
      vertex -36.1601 -19.328 0
    endloop
  endfacet
  facet normal -0 0 -1
    outer loop
      vertex -30.3734 -14.3656 0
      vertex -37.0649 -17.5304 0
      vertex -31.0417 -12.8578 0
    endloop
  endfacet
  facet normal 0 0 -1
    outer loop
      vertex -37.8804 -15.6906 0
      vertex -31.0417 -12.8578 0
      vertex -37.0649 -17.5304 0
    endloop
  endfacet
  facet normal -0 0 -1
    outer loop
      vertex -31.0417 -12.8578 0
      vertex -37.8804 -15.6906 0
      vertex -31.6352 -11.3193 0
    endloop
  endfacet
  facet normal 0 0 -1
    outer loop
      vertex -38.6047 -13.813 0
      vertex -31.6352 -11.3193 0
      vertex -37.8804 -15.6906 0
    endloop
  endfacet
  facet normal 0 0 -1
    outer loop
      vertex -39.236 -11.9021 0
      vertex -32.1525 -9.75331 0
      vertex -38.6047 -13.813 0
    endloop
  endfacet
  facet normal -0 0 -1
    outer loop
      vertex -31.6352 -11.3193 0
      vertex -38.6047 -13.813 0
      vertex -32.1525 -9.75331 0
    endloop
  endfacet
  facet normal 0 0 -1
    outer loop
      vertex 8.82417 -32.2447 0
      vertex 9.54976 -24.8781 0
      vertex 9.29475 -32.2794 0
    endloop
  endfacet
  facet normal 0 0 -1
    outer loop
      vertex 8.82417 -32.2447 0
      vertex 8.33199 -24.7279 0
      vertex 9.54976 -24.8781 0
    endloop
  endfacet
  facet normal 0 0 -1
    outer loop
      vertex 7.24583 -32.05 0
      vertex 8.33199 -24.7279 0
      vertex 8.82417 -32.2447 0
    endloop
  endfacet
  facet normal 0 0 -1
    outer loop
      vertex 7.24583 -32.05 0
      vertex 7.12285 -24.5181 0
      vertex 8.33199 -24.7279 0
    endloop
  endfacet
  facet normal 0 0 -1
    outer loop
      vertex 5.67892 -31.7782 0
      vertex 7.12285 -24.5181 0
      vertex 7.24583 -32.05 0
    endloop
  endfacet
  facet normal -0 0 -1
    outer loop
      vertex 7.12285 -24.5181 0
      vertex 5.67892 -31.7782 0
      vertex 5.92595 -24.2493 0
    endloop
  endfacet
  facet normal 0 0 -1
    outer loop
      vertex 4.12726 -31.4297 0
      vertex 5.92595 -24.2493 0
      vertex 5.67892 -31.7782 0
    endloop
  endfacet
  facet normal -0 0 -1
    outer loop
      vertex 5.92595 -24.2493 0
      vertex 4.12726 -31.4297 0
      vertex 4.74339 -23.9221 0
    endloop
  endfacet
  facet normal 0 0 -1
    outer loop
      vertex 2.59456 -31.0056 0
      vertex 4.74339 -23.9221 0
      vertex 4.12726 -31.4297 0
    endloop
  endfacet
  facet normal -0 0 -1
    outer loop
      vertex 4.74339 -23.9221 0
      vertex 2.59456 -31.0056 0
      vertex 3.57819 -23.5371 0
    endloop
  endfacet
  facet normal 0 0 -1
    outer loop
      vertex 1.08452 -30.5067 0
      vertex 3.57819 -23.5371 0
      vertex 2.59456 -31.0056 0
    endloop
  endfacet
  facet normal -0 0 -1
    outer loop
      vertex 3.57819 -23.5371 0
      vertex 1.08452 -30.5067 0
      vertex 2.43344 -23.0956 0
    endloop
  endfacet
  facet normal 0 0 -1
    outer loop
      vertex -0.399231 -29.9344 0
      vertex 2.43344 -23.0956 0
      vertex 1.08452 -30.5067 0
    endloop
  endfacet
  facet normal -0 0 -1
    outer loop
      vertex 2.43344 -23.0956 0
      vertex -0.399231 -29.9344 0
      vertex 1.31183 -22.5984 0
    endloop
  endfacet
  facet normal 0 0 -1
    outer loop
      vertex -1.8531 -29.2899 0
      vertex 1.31183 -22.5984 0
      vertex -0.399231 -29.9344 0
    endloop
  endfacet
  facet normal -0 0 -1
    outer loop
      vertex 1.31183 -22.5984 0
      vertex -1.8531 -29.2899 0
      vertex 0.215866 -22.0467 0
    endloop
  endfacet
  facet normal 0 0 -1
    outer loop
      vertex -3.27357 -28.5749 0
      vertex 0.215866 -22.0467 0
      vertex -1.8531 -29.2899 0
    endloop
  endfacet
  facet normal -0 0 -1
    outer loop
      vertex 0.215866 -22.0467 0
      vertex -3.27357 -28.5749 0
      vertex -0.851944 -21.4418 0
    endloop
  endfacet
  facet normal 0 0 -1
    outer loop
      vertex -4.6573 -27.791 0
      vertex -0.851944 -21.4418 0
      vertex -3.27357 -28.5749 0
    endloop
  endfacet
  facet normal -0 0 -1
    outer loop
      vertex -0.851944 -21.4418 0
      vertex -4.6573 -27.791 0
      vertex -1.88828 -20.7856 0
    endloop
  endfacet
  facet normal 0 0 -1
    outer loop
      vertex -6.00087 -26.9402 0
      vertex -1.88828 -20.7856 0
      vertex -4.6573 -27.791 0
    endloop
  endfacet
  facet normal -0 0 -1
    outer loop
      vertex -1.88828 -20.7856 0
      vertex -6.00087 -26.9402 0
      vertex -2.89156 -20.079 0
    endloop
  endfacet
  facet normal 0 0 -1
    outer loop
      vertex -7.30109 -26.0245 0
      vertex -2.89156 -20.079 0
      vertex -6.00087 -26.9402 0
    endloop
  endfacet
  facet normal -0 0 -1
    outer loop
      vertex -2.89156 -20.079 0
      vertex -7.30109 -26.0245 0
      vertex -3.85889 -19.3241 0
    endloop
  endfacet
  facet normal 0 0 -1
    outer loop
      vertex -8.55479 -25.0461 0
      vertex -3.85889 -19.3241 0
      vertex -7.30109 -26.0245 0
    endloop
  endfacet
  facet normal -0 0 -1
    outer loop
      vertex -3.85889 -19.3241 0
      vertex -8.55479 -25.0461 0
      vertex -4.78798 -18.5226 0
    endloop
  endfacet
  facet normal 0 0 -1
    outer loop
      vertex -9.75899 -24.0074 0
      vertex -4.78798 -18.5226 0
      vertex -8.55479 -25.0461 0
    endloop
  endfacet
  facet normal -0 0 -1
    outer loop
      vertex -4.78798 -18.5226 0
      vertex -9.75899 -24.0074 0
      vertex -5.67659 -17.6766 0
    endloop
  endfacet
  facet normal 0 0 -1
    outer loop
      vertex -10.9108 -22.9108 0
      vertex -5.67659 -17.6766 0
      vertex -9.75899 -24.0074 0
    endloop
  endfacet
  facet normal -0 0 -1
    outer loop
      vertex -5.67659 -17.6766 0
      vertex -10.9108 -22.9108 0
      vertex -6.52263 -16.788 0
    endloop
  endfacet
  facet normal 0 0 -1
    outer loop
      vertex -12.0074 -21.759 0
      vertex -6.52263 -16.788 0
      vertex -10.9108 -22.9108 0
    endloop
  endfacet
  facet normal -0 0 -1
    outer loop
      vertex -6.52263 -16.788 0
      vertex -12.0074 -21.759 0
      vertex -7.32407 -15.8589 0
    endloop
  endfacet
  facet normal 0 0 -1
    outer loop
      vertex -13.0461 -20.5548 0
      vertex -7.32407 -15.8589 0
      vertex -12.0074 -21.759 0
    endloop
  endfacet
  facet normal -0 0 -1
    outer loop
      vertex -7.32407 -15.8589 0
      vertex -13.0461 -20.5548 0
      vertex -8.07899 -14.8916 0
    endloop
  endfacet
  facet normal 0 0 -1
    outer loop
      vertex -14.0245 -19.3011 0
      vertex -8.07899 -14.8916 0
      vertex -13.0461 -20.5548 0
    endloop
  endfacet
  facet normal -0 0 -1
    outer loop
      vertex -8.07899 -14.8916 0
      vertex -14.0245 -19.3011 0
      vertex -8.78557 -13.8883 0
    endloop
  endfacet
  facet normal 0 0 -1
    outer loop
      vertex -14.9402 -18.0009 0
      vertex -8.78557 -13.8883 0
      vertex -14.0245 -19.3011 0
    endloop
  endfacet
  facet normal -0 0 -1
    outer loop
      vertex -8.78557 -13.8883 0
      vertex -14.9402 -18.0009 0
      vertex -9.44183 -12.8519 0
    endloop
  endfacet
  facet normal 0 0 -1
    outer loop
      vertex -15.791 -16.6573 0
      vertex -9.44183 -12.8519 0
      vertex -14.9402 -18.0009 0
    endloop
  endfacet
  facet normal -0 0 -1
    outer loop
      vertex -9.44183 -12.8519 0
      vertex -15.791 -16.6573 0
      vertex -10.0467 -11.7841 0
    endloop
  endfacet
  facet normal 0 0 -1
    outer loop
      vertex -16.5749 -15.2736 0
      vertex -10.0467 -11.7841 0
      vertex -15.791 -16.6573 0
    endloop
  endfacet
  facet normal -0 0 -1
    outer loop
      vertex -10.0467 -11.7841 0
      vertex -16.5749 -15.2736 0
      vertex -10.5984 -10.6882 0
    endloop
  endfacet
  facet normal 0 0 -1
    outer loop
      vertex -17.2899 -13.8531 0
      vertex -10.5984 -10.6882 0
      vertex -16.5749 -15.2736 0
    endloop
  endfacet
  facet normal -0 0 -1
    outer loop
      vertex -10.5984 -10.6882 0
      vertex -17.2899 -13.8531 0
      vertex -11.0956 -9.56653 0
    endloop
  endfacet
  facet normal 0 0 -1
    outer loop
      vertex -17.9344 -12.3992 0
      vertex -11.0956 -9.56653 0
      vertex -17.2899 -13.8531 0
    endloop
  endfacet
  facet normal 0 0 -1
    outer loop
      vertex -18.5067 -10.9155 0
      vertex -11.5371 -8.4218 0
      vertex -17.9344 -12.3992 0
    endloop
  endfacet
  facet normal -0 0 -1
    outer loop
      vertex -11.0956 -9.56653 0
      vertex -17.9344 -12.3992 0
      vertex -11.5371 -8.4218 0
    endloop
  endfacet
  facet normal 0 0 -1
    outer loop
      vertex 9.54976 24.8781 0
      vertex 8.82417 32.2447 0
      vertex 9.29475 32.2794 0
    endloop
  endfacet
  facet normal 0 0 -1
    outer loop
      vertex 8.33199 24.7279 0
      vertex 8.82417 32.2447 0
      vertex 9.54976 24.8781 0
    endloop
  endfacet
  facet normal 0 0 -1
    outer loop
      vertex 8.33199 24.7279 0
      vertex 7.24583 32.05 0
      vertex 8.82417 32.2447 0
    endloop
  endfacet
  facet normal 0 0 -1
    outer loop
      vertex 7.12285 24.5181 0
      vertex 7.24583 32.05 0
      vertex 8.33199 24.7279 0
    endloop
  endfacet
  facet normal 0 0 -1
    outer loop
      vertex 5.67892 31.7782 0
      vertex 7.12285 24.5181 0
      vertex 5.92595 24.2493 0
    endloop
  endfacet
  facet normal 0 0 -1
    outer loop
      vertex 7.12285 24.5181 0
      vertex 5.67892 31.7782 0
      vertex 7.24583 32.05 0
    endloop
  endfacet
  facet normal 0 0 -1
    outer loop
      vertex 4.12726 31.4297 0
      vertex 5.92595 24.2493 0
      vertex 4.74339 23.9221 0
    endloop
  endfacet
  facet normal 0 0 -1
    outer loop
      vertex 5.92595 24.2493 0
      vertex 4.12726 31.4297 0
      vertex 5.67892 31.7782 0
    endloop
  endfacet
  facet normal 0 0 -1
    outer loop
      vertex 2.59456 31.0056 0
      vertex 4.74339 23.9221 0
      vertex 3.57819 23.5371 0
    endloop
  endfacet
  facet normal 0 0 -1
    outer loop
      vertex 4.74339 23.9221 0
      vertex 2.59456 31.0056 0
      vertex 4.12726 31.4297 0
    endloop
  endfacet
  facet normal 0 0 -1
    outer loop
      vertex 1.08452 30.5067 0
      vertex 3.57819 23.5371 0
      vertex 2.43344 23.0956 0
    endloop
  endfacet
  facet normal 0 0 -1
    outer loop
      vertex -0.399231 29.9344 0
      vertex 2.43344 23.0956 0
      vertex 1.31183 22.5984 0
    endloop
  endfacet
  facet normal 0 0 -1
    outer loop
      vertex 3.57819 23.5371 0
      vertex 1.08452 30.5067 0
      vertex 2.59456 31.0056 0
    endloop
  endfacet
  facet normal 0 0 -1
    outer loop
      vertex -1.8531 29.2899 0
      vertex 1.31183 22.5984 0
      vertex 0.215866 22.0467 0
    endloop
  endfacet
  facet normal 0 0 -1
    outer loop
      vertex 2.43344 23.0956 0
      vertex -0.399231 29.9344 0
      vertex 1.08452 30.5067 0
    endloop
  endfacet
  facet normal 0 0 -1
    outer loop
      vertex -3.27357 28.5749 0
      vertex 0.215866 22.0467 0
      vertex -0.851944 21.4418 0
    endloop
  endfacet
  facet normal 0 0 -1
    outer loop
      vertex 1.31183 22.5984 0
      vertex -1.8531 29.2899 0
      vertex -0.399231 29.9344 0
    endloop
  endfacet
  facet normal 0 0 -1
    outer loop
      vertex -4.6573 27.791 0
      vertex -0.851944 21.4418 0
      vertex -1.88828 20.7856 0
    endloop
  endfacet
  facet normal 0 0 -1
    outer loop
      vertex -6.00087 26.9402 0
      vertex -1.88828 20.7856 0
      vertex -2.89156 20.079 0
    endloop
  endfacet
  facet normal 0 0 -1
    outer loop
      vertex 0.215866 22.0467 0
      vertex -3.27357 28.5749 0
      vertex -1.8531 29.2899 0
    endloop
  endfacet
  facet normal 0 0 -1
    outer loop
      vertex -7.30109 26.0245 0
      vertex -2.89156 20.079 0
      vertex -3.85889 19.3241 0
    endloop
  endfacet
  facet normal 0 0 -1
    outer loop
      vertex -0.851944 21.4418 0
      vertex -4.6573 27.791 0
      vertex -3.27357 28.5749 0
    endloop
  endfacet
  facet normal 0 0 -1
    outer loop
      vertex -8.55479 25.0461 0
      vertex -3.85889 19.3241 0
      vertex -4.78798 18.5226 0
    endloop
  endfacet
  facet normal 0 0 -1
    outer loop
      vertex -9.75899 24.0074 0
      vertex -4.78798 18.5226 0
      vertex -5.67659 17.6766 0
    endloop
  endfacet
  facet normal 0 0 -1
    outer loop
      vertex -1.88828 20.7856 0
      vertex -6.00087 26.9402 0
      vertex -4.6573 27.791 0
    endloop
  endfacet
  facet normal 0 0 -1
    outer loop
      vertex -10.9108 22.9108 0
      vertex -5.67659 17.6766 0
      vertex -6.52263 16.788 0
    endloop
  endfacet
  facet normal 0 0 -1
    outer loop
      vertex -2.89156 20.079 0
      vertex -7.30109 26.0245 0
      vertex -6.00087 26.9402 0
    endloop
  endfacet
  facet normal 0 0 -1
    outer loop
      vertex -12.0074 21.759 0
      vertex -6.52263 16.788 0
      vertex -7.32407 15.8589 0
    endloop
  endfacet
  facet normal 0 0 -1
    outer loop
      vertex -13.0461 20.5548 0
      vertex -7.32407 15.8589 0
      vertex -8.07899 14.8916 0
    endloop
  endfacet
  facet normal 0 0 -1
    outer loop
      vertex -3.85889 19.3241 0
      vertex -8.55479 25.0461 0
      vertex -7.30109 26.0245 0
    endloop
  endfacet
  facet normal 0 0 -1
    outer loop
      vertex -14.0245 19.3011 0
      vertex -8.07899 14.8916 0
      vertex -8.78557 13.8883 0
    endloop
  endfacet
  facet normal 0 0 -1
    outer loop
      vertex -14.9402 18.0009 0
      vertex -8.78557 13.8883 0
      vertex -9.44183 12.8519 0
    endloop
  endfacet
  facet normal 0 0 -1
    outer loop
      vertex -4.78798 18.5226 0
      vertex -9.75899 24.0074 0
      vertex -8.55479 25.0461 0
    endloop
  endfacet
  facet normal 0 0 -1
    outer loop
      vertex -15.791 16.6573 0
      vertex -9.44183 12.8519 0
      vertex -10.0467 11.7841 0
    endloop
  endfacet
  facet normal 0 0 -1
    outer loop
      vertex -16.5749 15.2736 0
      vertex -10.0467 11.7841 0
      vertex -10.5984 10.6882 0
    endloop
  endfacet
  facet normal 0 0 -1
    outer loop
      vertex -5.67659 17.6766 0
      vertex -10.9108 22.9108 0
      vertex -9.75899 24.0074 0
    endloop
  endfacet
  facet normal 0 0 -1
    outer loop
      vertex -17.2899 13.8531 0
      vertex -10.5984 10.6882 0
      vertex -11.0956 9.56653 0
    endloop
  endfacet
  facet normal 0 0 -1
    outer loop
      vertex -17.9344 12.3992 0
      vertex -11.0956 9.56653 0
      vertex -11.5371 8.4218 0
    endloop
  endfacet
  facet normal 0 0 -1
    outer loop
      vertex -18.5067 10.9155 0
      vertex -11.5371 8.4218 0
      vertex -11.9221 7.25659 0
    endloop
  endfacet
  facet normal 0 0 -1
    outer loop
      vertex -6.52263 16.788 0
      vertex -12.0074 21.759 0
      vertex -10.9108 22.9108 0
    endloop
  endfacet
  facet normal 0 0 -1
    outer loop
      vertex -19.0056 9.40543 0
      vertex -11.9221 7.25659 0
      vertex -12.2493 6.07404 0
    endloop
  endfacet
  facet normal 0 0 -1
    outer loop
      vertex -19.4297 7.87273 0
      vertex -12.2493 6.07404 0
      vertex -12.5181 4.87714 0
    endloop
  endfacet
  facet normal 0 0 -1
    outer loop
      vertex -19.7782 6.32106 0
      vertex -12.5181 4.87714 0
      vertex -12.7279 3.668 0
    endloop
  endfacet
  facet normal 0 0 -1
    outer loop
      vertex -20.05 4.75415 0
      vertex -12.7279 3.668 0
      vertex -12.8781 2.45023 0
    endloop
  endfacet
  facet normal 0 0 -1
    outer loop
      vertex -20.2447 3.17581 0
      vertex -12.8781 2.45023 0
      vertex -12.9684 1.22653 0
    endloop
  endfacet
  facet normal 0 0 -1
    outer loop
      vertex -7.32407 15.8589 0
      vertex -13.0461 20.5548 0
      vertex -12.0074 21.759 0
    endloop
  endfacet
  facet normal 0 0 -1
    outer loop
      vertex -20.3617 1.58983 0
      vertex -12.9684 1.22653 0
      vertex -12.9985 0 0
    endloop
  endfacet
  facet normal -0 0 -1
    outer loop
      vertex -11.5371 -8.4218 0
      vertex -18.5067 -10.9155 0
      vertex -11.9221 -7.25659 0
    endloop
  endfacet
  facet normal 0 0 -1
    outer loop
      vertex -19.0056 -9.40543 0
      vertex -11.9221 -7.25659 0
      vertex -18.5067 -10.9155 0
    endloop
  endfacet
  facet normal 0 0 -1
    outer loop
      vertex -8.07899 14.8916 0
      vertex -14.0245 19.3011 0
      vertex -13.0461 20.5548 0
    endloop
  endfacet
  facet normal -0 0 -1
    outer loop
      vertex -11.9221 -7.25659 0
      vertex -19.0056 -9.40543 0
      vertex -12.2493 -6.07404 0
    endloop
  endfacet
  facet normal 0 0 -1
    outer loop
      vertex -8.78557 13.8883 0
      vertex -14.9402 18.0009 0
      vertex -14.0245 19.3011 0
    endloop
  endfacet
  facet normal 0 0 -1
    outer loop
      vertex -19.4297 -7.87273 0
      vertex -12.2493 -6.07404 0
      vertex -19.0056 -9.40543 0
    endloop
  endfacet
  facet normal 0 0 -1
    outer loop
      vertex -9.44183 12.8519 0
      vertex -15.791 16.6573 0
      vertex -14.9402 18.0009 0
    endloop
  endfacet
  facet normal -0 0 -1
    outer loop
      vertex -12.2493 -6.07404 0
      vertex -19.4297 -7.87273 0
      vertex -12.5181 -4.87714 0
    endloop
  endfacet
  facet normal 0 0 -1
    outer loop
      vertex -10.0467 11.7841 0
      vertex -16.5749 15.2736 0
      vertex -15.791 16.6573 0
    endloop
  endfacet
  facet normal 0 0 -1
    outer loop
      vertex -19.7782 -6.32106 0
      vertex -12.5181 -4.87714 0
      vertex -19.4297 -7.87273 0
    endloop
  endfacet
  facet normal 0 0 -1
    outer loop
      vertex -10.5984 10.6882 0
      vertex -17.2899 13.8531 0
      vertex -16.5749 15.2736 0
    endloop
  endfacet
  facet normal -0 0 -1
    outer loop
      vertex -12.5181 -4.87714 0
      vertex -19.7782 -6.32106 0
      vertex -12.7279 -3.668 0
    endloop
  endfacet
  facet normal 0 0 -1
    outer loop
      vertex -11.0956 9.56653 0
      vertex -17.9344 12.3992 0
      vertex -17.2899 13.8531 0
    endloop
  endfacet
  facet normal 0 0 -1
    outer loop
      vertex -20.05 -4.75415 0
      vertex -12.7279 -3.668 0
      vertex -19.7782 -6.32106 0
    endloop
  endfacet
  facet normal 0 0 -1
    outer loop
      vertex -11.5371 8.4218 0
      vertex -18.5067 10.9155 0
      vertex -17.9344 12.3992 0
    endloop
  endfacet
  facet normal -0 0 -1
    outer loop
      vertex -12.7279 -3.668 0
      vertex -20.05 -4.75415 0
      vertex -12.8781 -2.45023 0
    endloop
  endfacet
  facet normal 0 0 -1
    outer loop
      vertex -11.9221 7.25659 0
      vertex -19.0056 9.40543 0
      vertex -18.5067 10.9155 0
    endloop
  endfacet
  facet normal 0 0 -1
    outer loop
      vertex -20.2447 -3.17581 0
      vertex -12.8781 -2.45023 0
      vertex -20.05 -4.75415 0
    endloop
  endfacet
  facet normal 0 0 -1
    outer loop
      vertex -12.2493 6.07404 0
      vertex -19.4297 7.87273 0
      vertex -19.0056 9.40543 0
    endloop
  endfacet
  facet normal -0 0 -1
    outer loop
      vertex -12.8781 -2.45023 0
      vertex -20.2447 -3.17581 0
      vertex -12.9684 -1.22653 0
    endloop
  endfacet
  facet normal 0 0 -1
    outer loop
      vertex -12.5181 4.87714 0
      vertex -19.7782 6.32106 0
      vertex -19.4297 7.87273 0
    endloop
  endfacet
  facet normal 0 0 -1
    outer loop
      vertex -20.3617 -1.58983 0
      vertex -12.9684 -1.22653 0
      vertex -20.2447 -3.17581 0
    endloop
  endfacet
  facet normal 0 0 -1
    outer loop
      vertex -12.7279 3.668 0
      vertex -20.05 4.75415 0
      vertex -19.7782 6.32106 0
    endloop
  endfacet
  facet normal -0 0 -1
    outer loop
      vertex -12.9684 -1.22653 0
      vertex -20.3617 -1.58983 0
      vertex -12.9985 0 0
    endloop
  endfacet
  facet normal 0 0 -1
    outer loop
      vertex -12.8781 2.45023 0
      vertex -20.2447 3.17581 0
      vertex -20.05 4.75415 0
    endloop
  endfacet
  facet normal 0 0 -1
    outer loop
      vertex -20.4007 0 0
      vertex -12.9985 0 0
      vertex -20.3617 -1.58983 0
    endloop
  endfacet
  facet normal 0 0 -1
    outer loop
      vertex -12.9684 1.22653 0
      vertex -20.3617 1.58983 0
      vertex -20.2447 3.17581 0
    endloop
  endfacet
  facet normal 0 0 -1
    outer loop
      vertex -12.9985 0 0
      vertex -20.4007 0 0
      vertex -20.3617 1.58983 0
    endloop
  endfacet
  facet normal 0 0 -1
    outer loop
      vertex 20.4217 23.5372 0
      vertex 24.4245 32.9327 0
      vertex 52.1419 11.3021 0
    endloop
  endfacet
  facet normal 0 0 -1
    outer loop
      vertex 19.2566 23.9221 0
      vertex 24.4245 32.9327 0
      vertex 20.4217 23.5372 0
    endloop
  endfacet
  facet normal -0 0 -1
    outer loop
      vertex 24.4245 32.9327 0
      vertex 19.2566 23.9221 0
      vertex 22.7792 34.0915 0
    endloop
  endfacet
  facet normal 0 0 -1
    outer loop
      vertex 18.074 24.2493 0
      vertex 22.7792 34.0915 0
      vertex 19.2566 23.9221 0
    endloop
  endfacet
  facet normal -0 0 -1
    outer loop
      vertex 22.7792 34.0915 0
      vertex 18.074 24.2493 0
      vertex 21.079 35.1682 0
    endloop
  endfacet
  facet normal 0 0 -1
    outer loop
      vertex 16.8771 24.5181 0
      vertex 21.079 35.1682 0
      vertex 18.074 24.2493 0
    endloop
  endfacet
  facet normal -0 0 -1
    outer loop
      vertex 21.079 35.1682 0
      vertex 16.8771 24.5181 0
      vertex 19.328 36.1601 0
    endloop
  endfacet
  facet normal 0 0 -1
    outer loop
      vertex 15.668 24.7279 0
      vertex 19.328 36.1601 0
      vertex 16.8771 24.5181 0
    endloop
  endfacet
  facet normal 0 0 -1
    outer loop
      vertex 14.4502 24.8781 0
      vertex 19.328 36.1601 0
      vertex 15.668 24.7279 0
    endloop
  endfacet
  facet normal -0 0 -1
    outer loop
      vertex 19.328 36.1601 0
      vertex 14.4502 24.8781 0
      vertex 17.5304 37.0649 0
    endloop
  endfacet
  facet normal 0 0 -1
    outer loop
      vertex 9.29475 32.2794 0
      vertex 17.5304 37.0649 0
      vertex 14.4502 24.8781 0
    endloop
  endfacet
  facet normal -0 0 -1
    outer loop
      vertex 17.5304 37.0649 0
      vertex 9.29475 32.2794 0
      vertex 15.6906 37.8804 0
    endloop
  endfacet
  facet normal 0 0 -1
    outer loop
      vertex 9.29475 32.2794 0
      vertex 14.4502 24.8781 0
      vertex 13.2265 24.9684 0
    endloop
  endfacet
  facet normal 0 0 -1
    outer loop
      vertex 9.29475 32.2794 0
      vertex 13.2265 24.9684 0
      vertex 12 24.9985 0
    endloop
  endfacet
  facet normal -0 0 -1
    outer loop
      vertex 15.6906 37.8804 0
      vertex 9.29475 32.2794 0
      vertex 13.813 38.6047 0
    endloop
  endfacet
  facet normal 0 0 -1
    outer loop
      vertex 9.29475 32.2794 0
      vertex 12 24.9985 0
      vertex 10.7734 24.9684 0
    endloop
  endfacet
  facet normal -0 0 -1
    outer loop
      vertex 13.813 38.6047 0
      vertex 9.29475 32.2794 0
      vertex 11.9021 39.236 0
    endloop
  endfacet
  facet normal 0 0 -1
    outer loop
      vertex 9.29475 32.2794 0
      vertex 10.7734 24.9684 0
      vertex 9.54976 24.8781 0
    endloop
  endfacet
  facet normal -0 0 -1
    outer loop
      vertex 11.9021 39.236 0
      vertex 9.29475 32.2794 0
      vertex 9.96254 39.7727 0
    endloop
  endfacet
  facet normal 0 0 -1
    outer loop
      vertex 8.16406 32.5923 0
      vertex 9.96254 39.7727 0
      vertex 9.29475 32.2794 0
    endloop
  endfacet
  facet normal 0 0 -1
    outer loop
      vertex 8.16406 32.5923 0
      vertex 7.99899 40.2137 0
      vertex 9.96254 39.7727 0
    endloop
  endfacet
  facet normal 0 0 -1
    outer loop
      vertex 6.55487 32.9537 0
      vertex 7.99899 40.2137 0
      vertex 8.16406 32.5923 0
    endloop
  endfacet
  facet normal 0 0 -1
    outer loop
      vertex 6.55487 32.9537 0
      vertex 6.01617 40.5577 0
      vertex 7.99899 40.2137 0
    endloop
  endfacet
  facet normal 0 0 -1
    outer loop
      vertex 4.93002 33.2356 0
      vertex 6.01617 40.5577 0
      vertex 6.55487 32.9537 0
    endloop
  endfacet
  facet normal 0 0 -1
    outer loop
      vertex 4.93002 33.2356 0
      vertex 4.01884 40.8041 0
      vertex 6.01617 40.5577 0
    endloop
  endfacet
  facet normal 0 0 -1
    outer loop
      vertex 3.29311 33.4375 0
      vertex 4.01884 40.8041 0
      vertex 4.93002 33.2356 0
    endloop
  endfacet
  facet normal 0 0 -1
    outer loop
      vertex 3.29311 33.4375 0
      vertex 2.01186 40.9521 0
      vertex 4.01884 40.8041 0
    endloop
  endfacet
  facet normal 0 0 -1
    outer loop
      vertex 1.64868 33.5588 0
      vertex 2.01186 40.9521 0
      vertex 3.29311 33.4375 0
    endloop
  endfacet
  facet normal 0 0 -1
    outer loop
      vertex 0 33.5993 0
      vertex 2.01186 40.9521 0
      vertex 1.64868 33.5588 0
    endloop
  endfacet
  facet normal 0 0 -1
    outer loop
      vertex 0 33.5993 0
      vertex 0 41.0015 0
      vertex 2.01186 40.9521 0
    endloop
  endfacet
  facet normal 0 0 -1
    outer loop
      vertex -1.64868 33.5588 0
      vertex 0 41.0015 0
      vertex 0 33.5993 0
    endloop
  endfacet
  facet normal 0 0 -1
    outer loop
      vertex -1.64868 33.5588 0
      vertex -2.01186 40.9521 0
      vertex 0 41.0015 0
    endloop
  endfacet
  facet normal 0 0 -1
    outer loop
      vertex -3.29311 33.4375 0
      vertex -2.01186 40.9521 0
      vertex -1.64868 33.5588 0
    endloop
  endfacet
  facet normal 0 0 -1
    outer loop
      vertex -3.29311 33.4375 0
      vertex -4.01884 40.8041 0
      vertex -2.01186 40.9521 0
    endloop
  endfacet
  facet normal 0 0 -1
    outer loop
      vertex -4.93002 33.2356 0
      vertex -4.01884 40.8041 0
      vertex -3.29311 33.4375 0
    endloop
  endfacet
  facet normal 0 0 -1
    outer loop
      vertex -4.93002 33.2356 0
      vertex -6.01617 40.5577 0
      vertex -4.01884 40.8041 0
    endloop
  endfacet
  facet normal 0 0 -1
    outer loop
      vertex -6.55487 32.9537 0
      vertex -6.01617 40.5577 0
      vertex -4.93002 33.2356 0
    endloop
  endfacet
  facet normal 0 0 -1
    outer loop
      vertex -6.55487 32.9537 0
      vertex -7.99899 40.2137 0
      vertex -6.01617 40.5577 0
    endloop
  endfacet
  facet normal 0 0 -1
    outer loop
      vertex -8.16406 32.5923 0
      vertex -7.99899 40.2137 0
      vertex -6.55487 32.9537 0
    endloop
  endfacet
  facet normal 0 0 -1
    outer loop
      vertex -9.96254 39.7727 0
      vertex -8.16406 32.5923 0
      vertex -9.75331 32.1525 0
    endloop
  endfacet
  facet normal 0 0 -1
    outer loop
      vertex -8.16406 32.5923 0
      vertex -9.96254 39.7727 0
      vertex -7.99899 40.2137 0
    endloop
  endfacet
  facet normal 0 0 -1
    outer loop
      vertex -11.9021 39.236 0
      vertex -9.75331 32.1525 0
      vertex -11.3193 31.6352 0
    endloop
  endfacet
  facet normal 0 0 -1
    outer loop
      vertex -9.75331 32.1525 0
      vertex -11.9021 39.236 0
      vertex -9.96254 39.7727 0
    endloop
  endfacet
  facet normal 0 0 -1
    outer loop
      vertex -13.813 38.6047 0
      vertex -11.3193 31.6352 0
      vertex -12.8578 31.0417 0
    endloop
  endfacet
  facet normal 0 0 -1
    outer loop
      vertex -11.3193 31.6352 0
      vertex -13.813 38.6047 0
      vertex -11.9021 39.236 0
    endloop
  endfacet
  facet normal 0 0 -1
    outer loop
      vertex -15.6906 37.8804 0
      vertex -12.8578 31.0417 0
      vertex -14.3656 30.3734 0
    endloop
  endfacet
  facet normal 0 0 -1
    outer loop
      vertex -12.8578 31.0417 0
      vertex -15.6906 37.8804 0
      vertex -13.813 38.6047 0
    endloop
  endfacet
  facet normal 0 0 -1
    outer loop
      vertex -17.5304 37.0649 0
      vertex -14.3656 30.3734 0
      vertex -15.8385 29.632 0
    endloop
  endfacet
  facet normal 0 0 -1
    outer loop
      vertex -19.328 36.1601 0
      vertex -15.8385 29.632 0
      vertex -17.2736 28.819 0
    endloop
  endfacet
  facet normal 0 0 -1
    outer loop
      vertex -14.3656 30.3734 0
      vertex -17.5304 37.0649 0
      vertex -15.6906 37.8804 0
    endloop
  endfacet
  facet normal 0 0 -1
    outer loop
      vertex -21.079 35.1682 0
      vertex -17.2736 28.819 0
      vertex -18.6669 27.9367 0
    endloop
  endfacet
  facet normal 0 0 -1
    outer loop
      vertex -15.8385 29.632 0
      vertex -19.328 36.1601 0
      vertex -17.5304 37.0649 0
    endloop
  endfacet
  facet normal 0 0 -1
    outer loop
      vertex -22.7792 34.0915 0
      vertex -18.6669 27.9367 0
      vertex -20.0151 26.9872 0
    endloop
  endfacet
  facet normal 0 0 -1
    outer loop
      vertex -17.2736 28.819 0
      vertex -21.079 35.1682 0
      vertex -19.328 36.1601 0
    endloop
  endfacet
  facet normal 0 0 -1
    outer loop
      vertex -24.4245 32.9327 0
      vertex -20.0151 26.9872 0
      vertex -21.315 25.9727 0
    endloop
  endfacet
  facet normal 0 0 -1
    outer loop
      vertex -26.0111 31.6946 0
      vertex -21.315 25.9727 0
      vertex -22.564 24.8953 0
    endloop
  endfacet
  facet normal 0 0 -1
    outer loop
      vertex -18.6669 27.9367 0
      vertex -22.7792 34.0915 0
      vertex -21.079 35.1682 0
    endloop
  endfacet
  facet normal 0 0 -1
    outer loop
      vertex -27.5349 30.3801 0
      vertex -22.564 24.8953 0
      vertex -23.7583 23.7583 0
    endloop
  endfacet
  facet normal 0 0 -1
    outer loop
      vertex -20.0151 26.9872 0
      vertex -24.4245 32.9327 0
      vertex -22.7792 34.0915 0
    endloop
  endfacet
  facet normal 0 0 -1
    outer loop
      vertex -28.9924 28.9924 0
      vertex -23.7583 23.7583 0
      vertex -24.8953 22.564 0
    endloop
  endfacet
  facet normal 0 0 -1
    outer loop
      vertex -30.3801 27.5349 0
      vertex -24.8953 22.564 0
      vertex -25.9727 21.315 0
    endloop
  endfacet
  facet normal 0 0 -1
    outer loop
      vertex -21.315 25.9727 0
      vertex -26.0111 31.6946 0
      vertex -24.4245 32.9327 0
    endloop
  endfacet
  facet normal 0 0 -1
    outer loop
      vertex -31.6946 26.0111 0
      vertex -25.9727 21.315 0
      vertex -26.9872 20.0151 0
    endloop
  endfacet
  facet normal 0 0 -1
    outer loop
      vertex -22.564 24.8953 0
      vertex -27.5349 30.3801 0
      vertex -26.0111 31.6946 0
    endloop
  endfacet
  facet normal 0 0 -1
    outer loop
      vertex -32.9327 24.4245 0
      vertex -26.9872 20.0151 0
      vertex -27.9367 18.6669 0
    endloop
  endfacet
  facet normal 0 0 -1
    outer loop
      vertex -34.0915 22.7792 0
      vertex -27.9367 18.6669 0
      vertex -28.819 17.2736 0
    endloop
  endfacet
  facet normal 0 0 -1
    outer loop
      vertex -23.7583 23.7583 0
      vertex -28.9924 28.9924 0
      vertex -27.5349 30.3801 0
    endloop
  endfacet
  facet normal 0 0 -1
    outer loop
      vertex -35.1682 21.079 0
      vertex -28.819 17.2736 0
      vertex -29.632 15.8385 0
    endloop
  endfacet
  facet normal 0 0 -1
    outer loop
      vertex -36.1601 19.328 0
      vertex -29.632 15.8385 0
      vertex -30.3734 14.3656 0
    endloop
  endfacet
  facet normal 0 0 -1
    outer loop
      vertex -24.8953 22.564 0
      vertex -30.3801 27.5349 0
      vertex -28.9924 28.9924 0
    endloop
  endfacet
  facet normal 0 0 -1
    outer loop
      vertex -37.0649 17.5304 0
      vertex -30.3734 14.3656 0
      vertex -31.0417 12.8578 0
    endloop
  endfacet
  facet normal 0 0 -1
    outer loop
      vertex -37.8804 15.6906 0
      vertex -31.0417 12.8578 0
      vertex -31.6352 11.3193 0
    endloop
  endfacet
  facet normal 0 0 -1
    outer loop
      vertex -25.9727 21.315 0
      vertex -31.6946 26.0111 0
      vertex -30.3801 27.5349 0
    endloop
  endfacet
  facet normal 0 0 -1
    outer loop
      vertex -38.6047 13.813 0
      vertex -31.6352 11.3193 0
      vertex -32.1525 9.75331 0
    endloop
  endfacet
  facet normal 0 0 -1
    outer loop
      vertex -39.236 11.9021 0
      vertex -32.1525 9.75331 0
      vertex -32.5923 8.16406 0
    endloop
  endfacet
  facet normal 0 0 -1
    outer loop
      vertex -26.9872 20.0151 0
      vertex -32.9327 24.4245 0
      vertex -31.6946 26.0111 0
    endloop
  endfacet
  facet normal 0 0 -1
    outer loop
      vertex -39.7727 9.96254 0
      vertex -32.5923 8.16406 0
      vertex -32.9537 6.55487 0
    endloop
  endfacet
  facet normal 0 0 -1
    outer loop
      vertex -40.2137 7.99899 0
      vertex -32.9537 6.55487 0
      vertex -33.2356 4.93002 0
    endloop
  endfacet
  facet normal 0 0 -1
    outer loop
      vertex -40.5577 6.01617 0
      vertex -33.2356 4.93002 0
      vertex -33.4375 3.29311 0
    endloop
  endfacet
  facet normal 0 0 -1
    outer loop
      vertex -40.8041 4.01884 0
      vertex -33.4375 3.29311 0
      vertex -33.5588 1.64868 0
    endloop
  endfacet
  facet normal 0 0 -1
    outer loop
      vertex -27.9367 18.6669 0
      vertex -34.0915 22.7792 0
      vertex -32.9327 24.4245 0
    endloop
  endfacet
  facet normal 0 0 -1
    outer loop
      vertex -40.9521 2.01186 0
      vertex -33.5588 1.64868 0
      vertex -33.5993 0 0
    endloop
  endfacet
  facet normal -0 0 -1
    outer loop
      vertex -32.1525 -9.75331 0
      vertex -39.236 -11.9021 0
      vertex -32.5923 -8.16406 0
    endloop
  endfacet
  facet normal 0 0 -1
    outer loop
      vertex -39.7727 -9.96254 0
      vertex -32.5923 -8.16406 0
      vertex -39.236 -11.9021 0
    endloop
  endfacet
  facet normal 0 0 -1
    outer loop
      vertex -28.819 17.2736 0
      vertex -35.1682 21.079 0
      vertex -34.0915 22.7792 0
    endloop
  endfacet
  facet normal -0 0 -1
    outer loop
      vertex -32.5923 -8.16406 0
      vertex -39.7727 -9.96254 0
      vertex -32.9537 -6.55487 0
    endloop
  endfacet
  facet normal 0 0 -1
    outer loop
      vertex -29.632 15.8385 0
      vertex -36.1601 19.328 0
      vertex -35.1682 21.079 0
    endloop
  endfacet
  facet normal 0 0 -1
    outer loop
      vertex -40.2137 -7.99899 0
      vertex -32.9537 -6.55487 0
      vertex -39.7727 -9.96254 0
    endloop
  endfacet
  facet normal 0 0 -1
    outer loop
      vertex -30.3734 14.3656 0
      vertex -37.0649 17.5304 0
      vertex -36.1601 19.328 0
    endloop
  endfacet
  facet normal -0 0 -1
    outer loop
      vertex -32.9537 -6.55487 0
      vertex -40.2137 -7.99899 0
      vertex -33.2356 -4.93002 0
    endloop
  endfacet
  facet normal 0 0 -1
    outer loop
      vertex -31.0417 12.8578 0
      vertex -37.8804 15.6906 0
      vertex -37.0649 17.5304 0
    endloop
  endfacet
  facet normal 0 0 -1
    outer loop
      vertex -40.5577 -6.01617 0
      vertex -33.2356 -4.93002 0
      vertex -40.2137 -7.99899 0
    endloop
  endfacet
  facet normal 0 0 -1
    outer loop
      vertex -31.6352 11.3193 0
      vertex -38.6047 13.813 0
      vertex -37.8804 15.6906 0
    endloop
  endfacet
  facet normal -0 0 -1
    outer loop
      vertex -33.2356 -4.93002 0
      vertex -40.5577 -6.01617 0
      vertex -33.4375 -3.29311 0
    endloop
  endfacet
  facet normal 0 0 -1
    outer loop
      vertex -32.1525 9.75331 0
      vertex -39.236 11.9021 0
      vertex -38.6047 13.813 0
    endloop
  endfacet
  facet normal 0 0 -1
    outer loop
      vertex -40.8041 -4.01884 0
      vertex -33.4375 -3.29311 0
      vertex -40.5577 -6.01617 0
    endloop
  endfacet
  facet normal 0 0 -1
    outer loop
      vertex -32.5923 8.16406 0
      vertex -39.7727 9.96254 0
      vertex -39.236 11.9021 0
    endloop
  endfacet
  facet normal -0 0 -1
    outer loop
      vertex -33.4375 -3.29311 0
      vertex -40.8041 -4.01884 0
      vertex -33.5588 -1.64868 0
    endloop
  endfacet
  facet normal 0 0 -1
    outer loop
      vertex -32.9537 6.55487 0
      vertex -40.2137 7.99899 0
      vertex -39.7727 9.96254 0
    endloop
  endfacet
  facet normal 0 0 -1
    outer loop
      vertex -40.9521 -2.01186 0
      vertex -33.5588 -1.64868 0
      vertex -40.8041 -4.01884 0
    endloop
  endfacet
  facet normal 0 0 -1
    outer loop
      vertex -33.2356 4.93002 0
      vertex -40.5577 6.01617 0
      vertex -40.2137 7.99899 0
    endloop
  endfacet
  facet normal -0 0 -1
    outer loop
      vertex -33.5588 -1.64868 0
      vertex -40.9521 -2.01186 0
      vertex -33.5993 0 0
    endloop
  endfacet
  facet normal 0 0 -1
    outer loop
      vertex -33.4375 3.29311 0
      vertex -40.8041 4.01884 0
      vertex -40.5577 6.01617 0
    endloop
  endfacet
  facet normal 0 0 -1
    outer loop
      vertex -41.0015 0 0
      vertex -33.5993 0 0
      vertex -40.9521 -2.01186 0
    endloop
  endfacet
  facet normal 0 0 -1
    outer loop
      vertex -33.5588 1.64868 0
      vertex -40.9521 2.01186 0
      vertex -40.8041 4.01884 0
    endloop
  endfacet
  facet normal 0 0 -1
    outer loop
      vertex -33.5993 0 0
      vertex -41.0015 0 0
      vertex -40.9521 2.01186 0
    endloop
  endfacet
  facet normal 0 0 1
    outer loop
      vertex 8.74728 34.9211 18
      vertex 9.29475 32.2794 18
      vertex 10.4502 34.4498 18
    endloop
  endfacet
  facet normal 0 0 1
    outer loop
      vertex 8.74728 34.9211 18
      vertex 8.16406 32.5923 18
      vertex 9.29475 32.2794 18
    endloop
  endfacet
  facet normal 0 0 1
    outer loop
      vertex 7.02324 35.3083 18
      vertex 8.16406 32.5923 18
      vertex 8.74728 34.9211 18
    endloop
  endfacet
  facet normal 0 0 1
    outer loop
      vertex 7.02324 35.3083 18
      vertex 6.55487 32.9537 18
      vertex 8.16406 32.5923 18
    endloop
  endfacet
  facet normal 0 0 1
    outer loop
      vertex 5.28229 35.6104 18
      vertex 6.55487 32.9537 18
      vertex 7.02324 35.3083 18
    endloop
  endfacet
  facet normal 0 0 1
    outer loop
      vertex 5.28229 35.6104 18
      vertex 4.93002 33.2356 18
      vertex 6.55487 32.9537 18
    endloop
  endfacet
  facet normal 0 0 1
    outer loop
      vertex 3.52861 35.8266 18
      vertex 4.93002 33.2356 18
      vertex 5.28229 35.6104 18
    endloop
  endfacet
  facet normal 0 0 1
    outer loop
      vertex 3.52861 35.8266 18
      vertex 3.29311 33.4375 18
      vertex 4.93002 33.2356 18
    endloop
  endfacet
  facet normal 0 0 1
    outer loop
      vertex 1.76643 35.9566 18
      vertex 3.29311 33.4375 18
      vertex 3.52861 35.8266 18
    endloop
  endfacet
  facet normal 0 0 1
    outer loop
      vertex 1.76643 35.9566 18
      vertex 1.64868 33.5588 18
      vertex 3.29311 33.4375 18
    endloop
  endfacet
  facet normal 0 0 1
    outer loop
      vertex 0 36 18
      vertex 1.64868 33.5588 18
      vertex 1.76643 35.9566 18
    endloop
  endfacet
  facet normal 0 0 1
    outer loop
      vertex 0 36 18
      vertex 0 33.5993 18
      vertex 1.64868 33.5588 18
    endloop
  endfacet
  facet normal 0 0 1
    outer loop
      vertex 0 36 18
      vertex -1.64868 33.5588 18
      vertex 0 33.5993 18
    endloop
  endfacet
  facet normal -0 0 1
    outer loop
      vertex -1.76643 35.9566 18
      vertex -1.64868 33.5588 18
      vertex 0 36 18
    endloop
  endfacet
  facet normal 0 0 1
    outer loop
      vertex -1.76643 35.9566 18
      vertex -3.29311 33.4375 18
      vertex -1.64868 33.5588 18
    endloop
  endfacet
  facet normal -0 0 1
    outer loop
      vertex -3.52861 35.8266 18
      vertex -3.29311 33.4375 18
      vertex -1.76643 35.9566 18
    endloop
  endfacet
  facet normal 0 0 1
    outer loop
      vertex -3.52861 35.8266 18
      vertex -4.93002 33.2356 18
      vertex -3.29311 33.4375 18
    endloop
  endfacet
  facet normal -0 0 1
    outer loop
      vertex -5.28229 35.6104 18
      vertex -4.93002 33.2356 18
      vertex -3.52861 35.8266 18
    endloop
  endfacet
  facet normal 0 0 1
    outer loop
      vertex -5.28229 35.6104 18
      vertex -6.55487 32.9537 18
      vertex -4.93002 33.2356 18
    endloop
  endfacet
  facet normal -0 0 1
    outer loop
      vertex -7.02324 35.3083 18
      vertex -6.55487 32.9537 18
      vertex -5.28229 35.6104 18
    endloop
  endfacet
  facet normal 0 0 1
    outer loop
      vertex -7.02324 35.3083 18
      vertex -8.16406 32.5923 18
      vertex -6.55487 32.9537 18
    endloop
  endfacet
  facet normal -0 0 1
    outer loop
      vertex -8.74728 34.9211 18
      vertex -8.16406 32.5923 18
      vertex -7.02324 35.3083 18
    endloop
  endfacet
  facet normal 0 0 1
    outer loop
      vertex -8.74728 34.9211 18
      vertex -9.75331 32.1525 18
      vertex -8.16406 32.5923 18
    endloop
  endfacet
  facet normal -0 0 1
    outer loop
      vertex -10.4502 34.4498 18
      vertex -9.75331 32.1525 18
      vertex -8.74728 34.9211 18
    endloop
  endfacet
  facet normal 0 0 1
    outer loop
      vertex -10.4502 34.4498 18
      vertex -11.3193 31.6352 18
      vertex -9.75331 32.1525 18
    endloop
  endfacet
  facet normal -0 0 1
    outer loop
      vertex -12.128 33.8956 18
      vertex -11.3193 31.6352 18
      vertex -10.4502 34.4498 18
    endloop
  endfacet
  facet normal 0 0 1
    outer loop
      vertex -12.128 33.8956 18
      vertex -12.8578 31.0417 18
      vertex -11.3193 31.6352 18
    endloop
  endfacet
  facet normal -0 0 1
    outer loop
      vertex -13.7766 33.2597 18
      vertex -12.8578 31.0417 18
      vertex -12.128 33.8956 18
    endloop
  endfacet
  facet normal 0 0 1
    outer loop
      vertex -13.7766 33.2597 18
      vertex -14.3656 30.3734 18
      vertex -12.8578 31.0417 18
    endloop
  endfacet
  facet normal -0 0 1
    outer loop
      vertex -15.392 32.5436 18
      vertex -14.3656 30.3734 18
      vertex -13.7766 33.2597 18
    endloop
  endfacet
  facet normal 0 0 1
    outer loop
      vertex -15.392 32.5436 18
      vertex -15.8385 29.632 18
      vertex -14.3656 30.3734 18
    endloop
  endfacet
  facet normal -0 0 1
    outer loop
      vertex -16.9703 31.7492 18
      vertex -15.8385 29.632 18
      vertex -15.392 32.5436 18
    endloop
  endfacet
  facet normal 0 0 1
    outer loop
      vertex -16.9703 31.7492 18
      vertex -17.2736 28.819 18
      vertex -15.8385 29.632 18
    endloop
  endfacet
  facet normal -0 0 1
    outer loop
      vertex -18.5077 30.8782 18
      vertex -17.2736 28.819 18
      vertex -16.9703 31.7492 18
    endloop
  endfacet
  facet normal 0 0 1
    outer loop
      vertex -18.5077 30.8782 18
      vertex -18.6669 27.9367 18
      vertex -17.2736 28.819 18
    endloop
  endfacet
  facet normal -0 0 1
    outer loop
      vertex -20.0005 29.9329 18
      vertex -18.6669 27.9367 18
      vertex -18.5077 30.8782 18
    endloop
  endfacet
  facet normal 0 0 1
    outer loop
      vertex -20.0005 29.9329 18
      vertex -20.0151 26.9872 18
      vertex -18.6669 27.9367 18
    endloop
  endfacet
  facet normal -0 0 1
    outer loop
      vertex -21.4452 28.9155 18
      vertex -20.0151 26.9872 18
      vertex -20.0005 29.9329 18
    endloop
  endfacet
  facet normal 0 0 1
    outer loop
      vertex -20.0151 26.9872 18
      vertex -21.4452 28.9155 18
      vertex -21.315 25.9727 18
    endloop
  endfacet
  facet normal -0 0 1
    outer loop
      vertex -22.8382 27.8284 18
      vertex -21.315 25.9727 18
      vertex -21.4452 28.9155 18
    endloop
  endfacet
  facet normal 0 0 1
    outer loop
      vertex -21.315 25.9727 18
      vertex -22.8382 27.8284 18
      vertex -22.564 24.8953 18
    endloop
  endfacet
  facet normal -0 0 1
    outer loop
      vertex -24.1761 26.6742 18
      vertex -22.564 24.8953 18
      vertex -22.8382 27.8284 18
    endloop
  endfacet
  facet normal 0 0 1
    outer loop
      vertex -22.564 24.8953 18
      vertex -24.1761 26.6742 18
      vertex -23.7583 23.7583 18
    endloop
  endfacet
  facet normal -0 0 1
    outer loop
      vertex -25.4558 25.4558 18
      vertex -23.7583 23.7583 18
      vertex -24.1761 26.6742 18
    endloop
  endfacet
  facet normal 0 0 1
    outer loop
      vertex -23.7583 23.7583 18
      vertex -25.4558 25.4558 18
      vertex -24.8953 22.564 18
    endloop
  endfacet
  facet normal -0 0 1
    outer loop
      vertex -26.6742 24.1761 18
      vertex -24.8953 22.564 18
      vertex -25.4558 25.4558 18
    endloop
  endfacet
  facet normal 0 0 1
    outer loop
      vertex -24.8953 22.564 18
      vertex -26.6742 24.1761 18
      vertex -25.9727 21.315 18
    endloop
  endfacet
  facet normal -0 0 1
    outer loop
      vertex -27.8284 22.8382 18
      vertex -25.9727 21.315 18
      vertex -26.6742 24.1761 18
    endloop
  endfacet
  facet normal 0 0 1
    outer loop
      vertex -25.9727 21.315 18
      vertex -27.8284 22.8382 18
      vertex -26.9872 20.0151 18
    endloop
  endfacet
  facet normal -0 0 1
    outer loop
      vertex -28.9155 21.4452 18
      vertex -26.9872 20.0151 18
      vertex -27.8284 22.8382 18
    endloop
  endfacet
  facet normal 0 0 1
    outer loop
      vertex -26.9872 20.0151 18
      vertex -28.9155 21.4452 18
      vertex -27.9367 18.6669 18
    endloop
  endfacet
  facet normal -0 0 1
    outer loop
      vertex -29.9329 20.0005 18
      vertex -27.9367 18.6669 18
      vertex -28.9155 21.4452 18
    endloop
  endfacet
  facet normal 0 0 1
    outer loop
      vertex -27.9367 18.6669 18
      vertex -29.9329 20.0005 18
      vertex -28.819 17.2736 18
    endloop
  endfacet
  facet normal -0 0 1
    outer loop
      vertex -30.8782 18.5077 18
      vertex -28.819 17.2736 18
      vertex -29.9329 20.0005 18
    endloop
  endfacet
  facet normal 0 0 1
    outer loop
      vertex -28.819 17.2736 18
      vertex -30.8782 18.5077 18
      vertex -29.632 15.8385 18
    endloop
  endfacet
  facet normal -0 0 1
    outer loop
      vertex -31.7492 16.9703 18
      vertex -29.632 15.8385 18
      vertex -30.8782 18.5077 18
    endloop
  endfacet
  facet normal 0 0 1
    outer loop
      vertex -29.632 15.8385 18
      vertex -31.7492 16.9703 18
      vertex -30.3734 14.3656 18
    endloop
  endfacet
  facet normal -0 0 1
    outer loop
      vertex -32.5436 15.392 18
      vertex -30.3734 14.3656 18
      vertex -31.7492 16.9703 18
    endloop
  endfacet
  facet normal 0 0 1
    outer loop
      vertex -30.3734 14.3656 18
      vertex -32.5436 15.392 18
      vertex -31.0417 12.8578 18
    endloop
  endfacet
  facet normal -0 0 1
    outer loop
      vertex -33.2597 13.7766 18
      vertex -31.0417 12.8578 18
      vertex -32.5436 15.392 18
    endloop
  endfacet
  facet normal 0 0 1
    outer loop
      vertex -31.0417 12.8578 18
      vertex -33.2597 13.7766 18
      vertex -31.6352 11.3193 18
    endloop
  endfacet
  facet normal -0 0 1
    outer loop
      vertex -33.8956 12.128 18
      vertex -31.6352 11.3193 18
      vertex -33.2597 13.7766 18
    endloop
  endfacet
  facet normal 0 0 1
    outer loop
      vertex -31.6352 11.3193 18
      vertex -33.8956 12.128 18
      vertex -32.1525 9.75331 18
    endloop
  endfacet
  facet normal -0 0 1
    outer loop
      vertex -34.4498 10.4502 18
      vertex -32.1525 9.75331 18
      vertex -33.8956 12.128 18
    endloop
  endfacet
  facet normal 0 0 1
    outer loop
      vertex -32.1525 9.75331 18
      vertex -34.4498 10.4502 18
      vertex -32.5923 8.16406 18
    endloop
  endfacet
  facet normal -0 0 1
    outer loop
      vertex -34.9211 8.74728 18
      vertex -32.5923 8.16406 18
      vertex -34.4498 10.4502 18
    endloop
  endfacet
  facet normal 0 0 1
    outer loop
      vertex -32.5923 8.16406 18
      vertex -34.9211 8.74728 18
      vertex -32.9537 6.55487 18
    endloop
  endfacet
  facet normal 0 0 1
    outer loop
      vertex -32.9537 6.55487 18
      vertex -35.3083 7.02324 18
      vertex -33.2356 4.93002 18
    endloop
  endfacet
  facet normal -0 0 1
    outer loop
      vertex -35.3083 7.02324 18
      vertex -32.9537 6.55487 18
      vertex -34.9211 8.74728 18
    endloop
  endfacet
  facet normal 0 0 1
    outer loop
      vertex 21.4452 28.9155 18
      vertex 22.1067 28.2463 18
      vertex 22.4941 28.0969 18
    endloop
  endfacet
  facet normal 0 0 1
    outer loop
      vertex 21.4452 28.9155 18
      vertex 20.7085 28.7082 18
      vertex 22.1067 28.2463 18
    endloop
  endfacet
  facet normal 0 0 1
    outer loop
      vertex 20.0005 29.9329 18
      vertex 20.7085 28.7082 18
      vertex 21.4452 28.9155 18
    endloop
  endfacet
  facet normal 0 0 1
    outer loop
      vertex 20.0005 29.9329 18
      vertex 19.2894 29.1009 18
      vertex 20.7085 28.7082 18
    endloop
  endfacet
  facet normal 0 0 1
    outer loop
      vertex 18.5077 30.8782 18
      vertex 19.2894 29.1009 18
      vertex 20.0005 29.9329 18
    endloop
  endfacet
  facet normal 0 0 1
    outer loop
      vertex 18.5077 30.8782 18
      vertex 17.8527 29.4236 18
      vertex 19.2894 29.1009 18
    endloop
  endfacet
  facet normal 0 0 1
    outer loop
      vertex 16.9703 31.7492 18
      vertex 17.8527 29.4236 18
      vertex 18.5077 30.8782 18
    endloop
  endfacet
  facet normal 0 0 1
    outer loop
      vertex 16.9703 31.7492 18
      vertex 16.4019 29.6753 18
      vertex 17.8527 29.4236 18
    endloop
  endfacet
  facet normal 0 0 1
    outer loop
      vertex 14.9405 29.8555 18
      vertex 16.9703 31.7492 18
      vertex 15.392 32.5436 18
    endloop
  endfacet
  facet normal 0 0 1
    outer loop
      vertex 16.9703 31.7492 18
      vertex 14.9405 29.8555 18
      vertex 16.4019 29.6753 18
    endloop
  endfacet
  facet normal 0 0 1
    outer loop
      vertex 13.472 29.9639 18
      vertex 15.392 32.5436 18
      vertex 13.7766 33.2597 18
    endloop
  endfacet
  facet normal 0 0 1
    outer loop
      vertex 15.392 32.5436 18
      vertex 13.472 29.9639 18
      vertex 14.9405 29.8555 18
    endloop
  endfacet
  facet normal 0 0 1
    outer loop
      vertex 12 30 18
      vertex 13.7766 33.2597 18
      vertex 12.128 33.8956 18
    endloop
  endfacet
  facet normal 0 0 1
    outer loop
      vertex 13.7766 33.2597 18
      vertex 12 30 18
      vertex 13.472 29.9639 18
    endloop
  endfacet
  facet normal -0 0 1
    outer loop
      vertex 9.29475 32.2794 18
      vertex 12 30 18
      vertex 12.128 33.8956 18
    endloop
  endfacet
  facet normal 0 0 1
    outer loop
      vertex 9.29475 32.2794 18
      vertex 12.128 33.8956 18
      vertex 10.4502 34.4498 18
    endloop
  endfacet
  facet normal 0 0 1
    outer loop
      vertex 12 30 18
      vertex 9.29475 32.2794 18
      vertex 10.528 29.9639 18
    endloop
  endfacet
  facet normal 0 0 1
    outer loop
      vertex 9.29475 32.2794 18
      vertex 9.05948 29.8555 18
      vertex 10.528 29.9639 18
    endloop
  endfacet
  facet normal -0 0 1
    outer loop
      vertex 8.82417 32.2447 18
      vertex 9.05948 29.8555 18
      vertex 9.29475 32.2794 18
    endloop
  endfacet
  facet normal 0 0 1
    outer loop
      vertex 8.82417 32.2447 18
      vertex 7.59808 29.6753 18
      vertex 9.05948 29.8555 18
    endloop
  endfacet
  facet normal -0 0 1
    outer loop
      vertex 7.24583 32.05 18
      vertex 7.59808 29.6753 18
      vertex 8.82417 32.2447 18
    endloop
  endfacet
  facet normal 0 0 1
    outer loop
      vertex 7.24583 32.05 18
      vertex 6.14728 29.4236 18
      vertex 7.59808 29.6753 18
    endloop
  endfacet
  facet normal -0 0 1
    outer loop
      vertex 5.67892 31.7782 18
      vertex 6.14728 29.4236 18
      vertex 7.24583 32.05 18
    endloop
  endfacet
  facet normal 0 0 1
    outer loop
      vertex 5.67892 31.7782 18
      vertex 4.71059 29.1009 18
      vertex 6.14728 29.4236 18
    endloop
  endfacet
  facet normal -0 0 1
    outer loop
      vertex 4.12726 31.4297 18
      vertex 4.71059 29.1009 18
      vertex 5.67892 31.7782 18
    endloop
  endfacet
  facet normal 0 0 1
    outer loop
      vertex 4.12726 31.4297 18
      vertex 3.29146 28.7082 18
      vertex 4.71059 29.1009 18
    endloop
  endfacet
  facet normal -0 0 1
    outer loop
      vertex 2.59456 31.0056 18
      vertex 3.29146 28.7082 18
      vertex 4.12726 31.4297 18
    endloop
  endfacet
  facet normal 0 0 1
    outer loop
      vertex 2.59456 31.0056 18
      vertex 1.8933 28.2463 18
      vertex 3.29146 28.7082 18
    endloop
  endfacet
  facet normal -0 0 1
    outer loop
      vertex 1.08452 30.5067 18
      vertex 1.8933 28.2463 18
      vertex 2.59456 31.0056 18
    endloop
  endfacet
  facet normal 0 0 1
    outer loop
      vertex 1.08452 30.5067 18
      vertex 0.519485 27.7164 18
      vertex 1.8933 28.2463 18
    endloop
  endfacet
  facet normal -0 0 1
    outer loop
      vertex -0.399231 29.9344 18
      vertex 0.519485 27.7164 18
      vertex 1.08452 30.5067 18
    endloop
  endfacet
  facet normal 0 0 1
    outer loop
      vertex -0.399231 29.9344 18
      vertex -0.826645 27.1197 18
      vertex 0.519485 27.7164 18
    endloop
  endfacet
  facet normal -0 0 1
    outer loop
      vertex -1.8531 29.2899 18
      vertex -0.826645 27.1197 18
      vertex -0.399231 29.9344 18
    endloop
  endfacet
  facet normal 0 0 1
    outer loop
      vertex -1.8531 29.2899 18
      vertex -2.14189 26.4576 18
      vertex -0.826645 27.1197 18
    endloop
  endfacet
  facet normal -0 0 1
    outer loop
      vertex -3.27357 28.5749 18
      vertex -2.14189 26.4576 18
      vertex -1.8531 29.2899 18
    endloop
  endfacet
  facet normal 0 0 1
    outer loop
      vertex -3.27357 28.5749 18
      vertex -3.42308 25.7319 18
      vertex -2.14189 26.4576 18
    endloop
  endfacet
  facet normal -0 0 1
    outer loop
      vertex -4.6573 27.791 18
      vertex -3.42308 25.7319 18
      vertex -3.27357 28.5749 18
    endloop
  endfacet
  facet normal 0 0 1
    outer loop
      vertex -4.6573 27.791 18
      vertex -4.6671 24.9441 18
      vertex -3.42308 25.7319 18
    endloop
  endfacet
  facet normal -0 0 1
    outer loop
      vertex -6.00087 26.9402 18
      vertex -4.6671 24.9441 18
      vertex -4.6573 27.791 18
    endloop
  endfacet
  facet normal 0 0 1
    outer loop
      vertex -4.6671 24.9441 18
      vertex -6.00087 26.9402 18
      vertex -5.87097 24.0962 18
    endloop
  endfacet
  facet normal -0 0 1
    outer loop
      vertex -7.30109 26.0245 18
      vertex -5.87097 24.0962 18
      vertex -6.00087 26.9402 18
    endloop
  endfacet
  facet normal 0 0 1
    outer loop
      vertex -5.87097 24.0962 18
      vertex -7.30109 26.0245 18
      vertex -7.03178 23.1903 18
    endloop
  endfacet
  facet normal -0 0 1
    outer loop
      vertex -8.55479 25.0461 18
      vertex -7.03178 23.1903 18
      vertex -7.30109 26.0245 18
    endloop
  endfacet
  facet normal 0 0 1
    outer loop
      vertex -7.03178 23.1903 18
      vertex -8.55479 25.0461 18
      vertex -8.14676 22.2285 18
    endloop
  endfacet
  facet normal -0 0 1
    outer loop
      vertex -9.75899 24.0074 18
      vertex -8.14676 22.2285 18
      vertex -8.55479 25.0461 18
    endloop
  endfacet
  facet normal 0 0 1
    outer loop
      vertex -8.14676 22.2285 18
      vertex -9.75899 24.0074 18
      vertex -9.2132 21.2132 18
    endloop
  endfacet
  facet normal -0 0 1
    outer loop
      vertex -10.9108 22.9108 18
      vertex -9.2132 21.2132 18
      vertex -9.75899 24.0074 18
    endloop
  endfacet
  facet normal 0 0 1
    outer loop
      vertex -9.2132 21.2132 18
      vertex -10.9108 22.9108 18
      vertex -10.2285 20.1468 18
    endloop
  endfacet
  facet normal -0 0 1
    outer loop
      vertex -12.0074 21.759 18
      vertex -10.2285 20.1468 18
      vertex -10.9108 22.9108 18
    endloop
  endfacet
  facet normal 0 0 1
    outer loop
      vertex -10.2285 20.1468 18
      vertex -12.0074 21.759 18
      vertex -11.1903 19.0318 18
    endloop
  endfacet
  facet normal -0 0 1
    outer loop
      vertex -13.0461 20.5548 18
      vertex -11.1903 19.0318 18
      vertex -12.0074 21.759 18
    endloop
  endfacet
  facet normal 0 0 1
    outer loop
      vertex -11.1903 19.0318 18
      vertex -13.0461 20.5548 18
      vertex -12.0962 17.871 18
    endloop
  endfacet
  facet normal -0 0 1
    outer loop
      vertex -14.0245 19.3011 18
      vertex -12.0962 17.871 18
      vertex -13.0461 20.5548 18
    endloop
  endfacet
  facet normal 0 0 1
    outer loop
      vertex -12.0962 17.871 18
      vertex -14.0245 19.3011 18
      vertex -12.9441 16.6671 18
    endloop
  endfacet
  facet normal -0 0 1
    outer loop
      vertex -14.9402 18.0009 18
      vertex -12.9441 16.6671 18
      vertex -14.0245 19.3011 18
    endloop
  endfacet
  facet normal 0 0 1
    outer loop
      vertex -12.9441 16.6671 18
      vertex -14.9402 18.0009 18
      vertex -13.7319 15.4231 18
    endloop
  endfacet
  facet normal -0 0 1
    outer loop
      vertex -15.791 16.6573 18
      vertex -13.7319 15.4231 18
      vertex -14.9402 18.0009 18
    endloop
  endfacet
  facet normal 0 0 1
    outer loop
      vertex -13.7319 15.4231 18
      vertex -15.791 16.6573 18
      vertex -14.4576 14.1419 18
    endloop
  endfacet
  facet normal -0 0 1
    outer loop
      vertex -16.5749 15.2736 18
      vertex -14.4576 14.1419 18
      vertex -15.791 16.6573 18
    endloop
  endfacet
  facet normal 0 0 1
    outer loop
      vertex -14.4576 14.1419 18
      vertex -16.5749 15.2736 18
      vertex -15.1197 12.8266 18
    endloop
  endfacet
  facet normal -0 0 1
    outer loop
      vertex -17.2899 13.8531 18
      vertex -15.1197 12.8266 18
      vertex -16.5749 15.2736 18
    endloop
  endfacet
  facet normal 0 0 1
    outer loop
      vertex -15.1197 12.8266 18
      vertex -17.2899 13.8531 18
      vertex -15.7164 11.4805 18
    endloop
  endfacet
  facet normal -0 0 1
    outer loop
      vertex -17.9344 12.3992 18
      vertex -15.7164 11.4805 18
      vertex -17.2899 13.8531 18
    endloop
  endfacet
  facet normal 0 0 1
    outer loop
      vertex -15.7164 11.4805 18
      vertex -17.9344 12.3992 18
      vertex -16.2463 10.1067 18
    endloop
  endfacet
  facet normal -0 0 1
    outer loop
      vertex -18.5067 10.9155 18
      vertex -16.2463 10.1067 18
      vertex -17.9344 12.3992 18
    endloop
  endfacet
  facet normal 0 0 1
    outer loop
      vertex -16.2463 10.1067 18
      vertex -18.5067 10.9155 18
      vertex -16.7082 8.70853 18
    endloop
  endfacet
  facet normal -0 0 1
    outer loop
      vertex -19.0056 9.40543 18
      vertex -16.7082 8.70853 18
      vertex -18.5067 10.9155 18
    endloop
  endfacet
  facet normal 0 0 1
    outer loop
      vertex -16.7082 8.70853 18
      vertex -19.0056 9.40543 18
      vertex -17.1009 7.2894 18
    endloop
  endfacet
  facet normal -0 0 1
    outer loop
      vertex -19.4297 7.87273 18
      vertex -17.1009 7.2894 18
      vertex -19.0056 9.40543 18
    endloop
  endfacet
  facet normal 0 0 1
    outer loop
      vertex -17.1009 7.2894 18
      vertex -19.4297 7.87273 18
      vertex -17.4236 5.85271 18
    endloop
  endfacet
  facet normal -0 0 1
    outer loop
      vertex -19.7782 6.32106 18
      vertex -17.4236 5.85271 18
      vertex -19.4297 7.87273 18
    endloop
  endfacet
  facet normal 0 0 1
    outer loop
      vertex -17.4236 5.85271 18
      vertex -19.7782 6.32106 18
      vertex -17.6753 4.4019 18
    endloop
  endfacet
  facet normal -0 0 1
    outer loop
      vertex 22.1067 -28.2463 18
      vertex 21.4452 -28.9155 18
      vertex 22.4941 -28.0969 18
    endloop
  endfacet
  facet normal -0 0 1
    outer loop
      vertex 20.7085 -28.7082 18
      vertex 21.4452 -28.9155 18
      vertex 22.1067 -28.2463 18
    endloop
  endfacet
  facet normal 0 0 1
    outer loop
      vertex 20.7085 -28.7082 18
      vertex 20.0005 -29.9329 18
      vertex 21.4452 -28.9155 18
    endloop
  endfacet
  facet normal -0 0 1
    outer loop
      vertex 19.2894 -29.1009 18
      vertex 20.0005 -29.9329 18
      vertex 20.7085 -28.7082 18
    endloop
  endfacet
  facet normal 0 0 1
    outer loop
      vertex 19.2894 -29.1009 18
      vertex 18.5077 -30.8782 18
      vertex 20.0005 -29.9329 18
    endloop
  endfacet
  facet normal -0 0 1
    outer loop
      vertex 17.8527 -29.4236 18
      vertex 18.5077 -30.8782 18
      vertex 19.2894 -29.1009 18
    endloop
  endfacet
  facet normal 0 0 1
    outer loop
      vertex 17.8527 -29.4236 18
      vertex 16.9703 -31.7492 18
      vertex 18.5077 -30.8782 18
    endloop
  endfacet
  facet normal -0 0 1
    outer loop
      vertex 16.4019 -29.6753 18
      vertex 16.9703 -31.7492 18
      vertex 17.8527 -29.4236 18
    endloop
  endfacet
  facet normal -0 0 1
    outer loop
      vertex 14.9405 -29.8555 18
      vertex 16.9703 -31.7492 18
      vertex 16.4019 -29.6753 18
    endloop
  endfacet
  facet normal 0 0 1
    outer loop
      vertex 16.9703 -31.7492 18
      vertex 14.9405 -29.8555 18
      vertex 15.392 -32.5436 18
    endloop
  endfacet
  facet normal -0 0 1
    outer loop
      vertex 13.472 -29.9639 18
      vertex 15.392 -32.5436 18
      vertex 14.9405 -29.8555 18
    endloop
  endfacet
  facet normal 0 0 1
    outer loop
      vertex 15.392 -32.5436 18
      vertex 13.472 -29.9639 18
      vertex 13.7766 -33.2597 18
    endloop
  endfacet
  facet normal -0 0 1
    outer loop
      vertex 12 -30 18
      vertex 13.7766 -33.2597 18
      vertex 13.472 -29.9639 18
    endloop
  endfacet
  facet normal 0 0 1
    outer loop
      vertex 13.7766 -33.2597 18
      vertex 12 -30 18
      vertex 12.128 -33.8956 18
    endloop
  endfacet
  facet normal 0 0 1
    outer loop
      vertex 9.29475 -32.2794 18
      vertex 12 -30 18
      vertex 10.528 -29.9639 18
    endloop
  endfacet
  facet normal 0 0 1
    outer loop
      vertex 12 -30 18
      vertex 9.29475 -32.2794 18
      vertex 12.128 -33.8956 18
    endloop
  endfacet
  facet normal 0 0 1
    outer loop
      vertex 12.128 -33.8956 18
      vertex 9.29475 -32.2794 18
      vertex 10.4502 -34.4498 18
    endloop
  endfacet
  facet normal 0 0 1
    outer loop
      vertex 9.05948 -29.8555 18
      vertex 9.29475 -32.2794 18
      vertex 10.528 -29.9639 18
    endloop
  endfacet
  facet normal 0 0 1
    outer loop
      vertex 9.05948 -29.8555 18
      vertex 8.82417 -32.2447 18
      vertex 9.29475 -32.2794 18
    endloop
  endfacet
  facet normal 0 0 1
    outer loop
      vertex 7.59808 -29.6753 18
      vertex 8.82417 -32.2447 18
      vertex 9.05948 -29.8555 18
    endloop
  endfacet
  facet normal 0 0 1
    outer loop
      vertex 7.59808 -29.6753 18
      vertex 7.24583 -32.05 18
      vertex 8.82417 -32.2447 18
    endloop
  endfacet
  facet normal 0 0 1
    outer loop
      vertex 6.14728 -29.4236 18
      vertex 7.24583 -32.05 18
      vertex 7.59808 -29.6753 18
    endloop
  endfacet
  facet normal 0 0 1
    outer loop
      vertex 6.14728 -29.4236 18
      vertex 5.67892 -31.7782 18
      vertex 7.24583 -32.05 18
    endloop
  endfacet
  facet normal 0 0 1
    outer loop
      vertex 4.71059 -29.1009 18
      vertex 5.67892 -31.7782 18
      vertex 6.14728 -29.4236 18
    endloop
  endfacet
  facet normal 0 0 1
    outer loop
      vertex 4.71059 -29.1009 18
      vertex 4.12726 -31.4297 18
      vertex 5.67892 -31.7782 18
    endloop
  endfacet
  facet normal 0 0 1
    outer loop
      vertex 3.29146 -28.7082 18
      vertex 4.12726 -31.4297 18
      vertex 4.71059 -29.1009 18
    endloop
  endfacet
  facet normal 0 0 1
    outer loop
      vertex 3.29146 -28.7082 18
      vertex 2.59456 -31.0056 18
      vertex 4.12726 -31.4297 18
    endloop
  endfacet
  facet normal 0 0 1
    outer loop
      vertex 1.8933 -28.2463 18
      vertex 2.59456 -31.0056 18
      vertex 3.29146 -28.7082 18
    endloop
  endfacet
  facet normal 0 0 1
    outer loop
      vertex 1.8933 -28.2463 18
      vertex 1.08452 -30.5067 18
      vertex 2.59456 -31.0056 18
    endloop
  endfacet
  facet normal 0 0 1
    outer loop
      vertex 0.519485 -27.7164 18
      vertex 1.08452 -30.5067 18
      vertex 1.8933 -28.2463 18
    endloop
  endfacet
  facet normal 0 0 1
    outer loop
      vertex 0.519485 -27.7164 18
      vertex -0.399231 -29.9344 18
      vertex 1.08452 -30.5067 18
    endloop
  endfacet
  facet normal 0 0 1
    outer loop
      vertex -0.826645 -27.1197 18
      vertex -0.399231 -29.9344 18
      vertex 0.519485 -27.7164 18
    endloop
  endfacet
  facet normal 0 0 1
    outer loop
      vertex -0.826645 -27.1197 18
      vertex -1.8531 -29.2899 18
      vertex -0.399231 -29.9344 18
    endloop
  endfacet
  facet normal 0 0 1
    outer loop
      vertex -2.14189 -26.4576 18
      vertex -1.8531 -29.2899 18
      vertex -0.826645 -27.1197 18
    endloop
  endfacet
  facet normal 0 0 1
    outer loop
      vertex -2.14189 -26.4576 18
      vertex -3.27357 -28.5749 18
      vertex -1.8531 -29.2899 18
    endloop
  endfacet
  facet normal 0 0 1
    outer loop
      vertex -3.42308 -25.7319 18
      vertex -3.27357 -28.5749 18
      vertex -2.14189 -26.4576 18
    endloop
  endfacet
  facet normal 0 0 1
    outer loop
      vertex -3.42308 -25.7319 18
      vertex -4.6573 -27.791 18
      vertex -3.27357 -28.5749 18
    endloop
  endfacet
  facet normal 0 0 1
    outer loop
      vertex -4.6671 -24.9441 18
      vertex -4.6573 -27.791 18
      vertex -3.42308 -25.7319 18
    endloop
  endfacet
  facet normal 0 0 1
    outer loop
      vertex -6.00087 -26.9402 18
      vertex -4.6671 -24.9441 18
      vertex -5.87097 -24.0962 18
    endloop
  endfacet
  facet normal 0 0 1
    outer loop
      vertex -4.6671 -24.9441 18
      vertex -6.00087 -26.9402 18
      vertex -4.6573 -27.791 18
    endloop
  endfacet
  facet normal 0 0 1
    outer loop
      vertex -7.30109 -26.0245 18
      vertex -5.87097 -24.0962 18
      vertex -7.03178 -23.1903 18
    endloop
  endfacet
  facet normal 0 0 1
    outer loop
      vertex -5.87097 -24.0962 18
      vertex -7.30109 -26.0245 18
      vertex -6.00087 -26.9402 18
    endloop
  endfacet
  facet normal 0 0 1
    outer loop
      vertex -8.55479 -25.0461 18
      vertex -7.03178 -23.1903 18
      vertex -8.14676 -22.2285 18
    endloop
  endfacet
  facet normal 0 0 1
    outer loop
      vertex -7.03178 -23.1903 18
      vertex -8.55479 -25.0461 18
      vertex -7.30109 -26.0245 18
    endloop
  endfacet
  facet normal 0 0 1
    outer loop
      vertex -9.75899 -24.0074 18
      vertex -8.14676 -22.2285 18
      vertex -9.2132 -21.2132 18
    endloop
  endfacet
  facet normal 0 0 1
    outer loop
      vertex -8.14676 -22.2285 18
      vertex -9.75899 -24.0074 18
      vertex -8.55479 -25.0461 18
    endloop
  endfacet
  facet normal 0 0 1
    outer loop
      vertex -10.9108 -22.9108 18
      vertex -9.2132 -21.2132 18
      vertex -10.2285 -20.1468 18
    endloop
  endfacet
  facet normal 0 0 1
    outer loop
      vertex -9.2132 -21.2132 18
      vertex -10.9108 -22.9108 18
      vertex -9.75899 -24.0074 18
    endloop
  endfacet
  facet normal 0 0 1
    outer loop
      vertex -12.0074 -21.759 18
      vertex -10.2285 -20.1468 18
      vertex -11.1903 -19.0318 18
    endloop
  endfacet
  facet normal 0 0 1
    outer loop
      vertex -10.2285 -20.1468 18
      vertex -12.0074 -21.759 18
      vertex -10.9108 -22.9108 18
    endloop
  endfacet
  facet normal 0 0 1
    outer loop
      vertex -13.0461 -20.5548 18
      vertex -11.1903 -19.0318 18
      vertex -12.0962 -17.871 18
    endloop
  endfacet
  facet normal 0 0 1
    outer loop
      vertex -14.0245 -19.3011 18
      vertex -12.0962 -17.871 18
      vertex -12.9441 -16.6671 18
    endloop
  endfacet
  facet normal 0 0 1
    outer loop
      vertex -11.1903 -19.0318 18
      vertex -13.0461 -20.5548 18
      vertex -12.0074 -21.759 18
    endloop
  endfacet
  facet normal 0 0 1
    outer loop
      vertex -14.9402 -18.0009 18
      vertex -12.9441 -16.6671 18
      vertex -13.7319 -15.4231 18
    endloop
  endfacet
  facet normal 0 0 1
    outer loop
      vertex -12.0962 -17.871 18
      vertex -14.0245 -19.3011 18
      vertex -13.0461 -20.5548 18
    endloop
  endfacet
  facet normal 0 0 1
    outer loop
      vertex -15.791 -16.6573 18
      vertex -13.7319 -15.4231 18
      vertex -14.4576 -14.1419 18
    endloop
  endfacet
  facet normal 0 0 1
    outer loop
      vertex -12.9441 -16.6671 18
      vertex -14.9402 -18.0009 18
      vertex -14.0245 -19.3011 18
    endloop
  endfacet
  facet normal 0 0 1
    outer loop
      vertex -16.5749 -15.2736 18
      vertex -14.4576 -14.1419 18
      vertex -15.1197 -12.8266 18
    endloop
  endfacet
  facet normal 0 0 1
    outer loop
      vertex -17.2899 -13.8531 18
      vertex -15.1197 -12.8266 18
      vertex -15.7164 -11.4805 18
    endloop
  endfacet
  facet normal 0 0 1
    outer loop
      vertex -13.7319 -15.4231 18
      vertex -15.791 -16.6573 18
      vertex -14.9402 -18.0009 18
    endloop
  endfacet
  facet normal 0 0 1
    outer loop
      vertex -17.9344 -12.3992 18
      vertex -15.7164 -11.4805 18
      vertex -16.2463 -10.1067 18
    endloop
  endfacet
  facet normal 0 0 1
    outer loop
      vertex -14.4576 -14.1419 18
      vertex -16.5749 -15.2736 18
      vertex -15.791 -16.6573 18
    endloop
  endfacet
  facet normal 0 0 1
    outer loop
      vertex -18.5067 -10.9155 18
      vertex -16.2463 -10.1067 18
      vertex -16.7082 -8.70853 18
    endloop
  endfacet
  facet normal 0 0 1
    outer loop
      vertex -19.0056 -9.40543 18
      vertex -16.7082 -8.70853 18
      vertex -17.1009 -7.2894 18
    endloop
  endfacet
  facet normal 0 0 1
    outer loop
      vertex -15.1197 -12.8266 18
      vertex -17.2899 -13.8531 18
      vertex -16.5749 -15.2736 18
    endloop
  endfacet
  facet normal 0 0 1
    outer loop
      vertex -19.4297 -7.87273 18
      vertex -17.1009 -7.2894 18
      vertex -17.4236 -5.85271 18
    endloop
  endfacet
  facet normal 0 0 1
    outer loop
      vertex -19.7782 -6.32106 18
      vertex -17.4236 -5.85271 18
      vertex -17.6753 -4.4019 18
    endloop
  endfacet
  facet normal 0 0 1
    outer loop
      vertex -20.05 -4.75415 18
      vertex -17.6753 -4.4019 18
      vertex -17.8555 -2.94051 18
    endloop
  endfacet
  facet normal 0 0 1
    outer loop
      vertex -15.7164 -11.4805 18
      vertex -17.9344 -12.3992 18
      vertex -17.2899 -13.8531 18
    endloop
  endfacet
  facet normal 0 0 1
    outer loop
      vertex -20.2447 -3.17581 18
      vertex -17.8555 -2.94051 18
      vertex -17.9639 -1.47202 18
    endloop
  endfacet
  facet normal 0 0 1
    outer loop
      vertex -20.3617 -1.58983 18
      vertex -17.9639 -1.47202 18
      vertex -18 0 18
    endloop
  endfacet
  facet normal -0 0 1
    outer loop
      vertex -20.05 4.75415 18
      vertex -17.6753 4.4019 18
      vertex -19.7782 6.32106 18
    endloop
  endfacet
  facet normal 0 0 1
    outer loop
      vertex -16.2463 -10.1067 18
      vertex -18.5067 -10.9155 18
      vertex -17.9344 -12.3992 18
    endloop
  endfacet
  facet normal 0 0 1
    outer loop
      vertex -17.6753 4.4019 18
      vertex -20.05 4.75415 18
      vertex -17.8555 2.94051 18
    endloop
  endfacet
  facet normal 0 0 1
    outer loop
      vertex -16.7082 -8.70853 18
      vertex -19.0056 -9.40543 18
      vertex -18.5067 -10.9155 18
    endloop
  endfacet
  facet normal -0 0 1
    outer loop
      vertex -20.2447 3.17581 18
      vertex -17.8555 2.94051 18
      vertex -20.05 4.75415 18
    endloop
  endfacet
  facet normal 0 0 1
    outer loop
      vertex -17.1009 -7.2894 18
      vertex -19.4297 -7.87273 18
      vertex -19.0056 -9.40543 18
    endloop
  endfacet
  facet normal 0 0 1
    outer loop
      vertex -17.8555 2.94051 18
      vertex -20.2447 3.17581 18
      vertex -17.9639 1.47202 18
    endloop
  endfacet
  facet normal 0 0 1
    outer loop
      vertex -17.4236 -5.85271 18
      vertex -19.7782 -6.32106 18
      vertex -19.4297 -7.87273 18
    endloop
  endfacet
  facet normal -0 0 1
    outer loop
      vertex -20.3617 1.58983 18
      vertex -17.9639 1.47202 18
      vertex -20.2447 3.17581 18
    endloop
  endfacet
  facet normal 0 0 1
    outer loop
      vertex -17.6753 -4.4019 18
      vertex -20.05 -4.75415 18
      vertex -19.7782 -6.32106 18
    endloop
  endfacet
  facet normal 0 0 1
    outer loop
      vertex -17.9639 1.47202 18
      vertex -20.3617 1.58983 18
      vertex -18 0 18
    endloop
  endfacet
  facet normal 0 0 1
    outer loop
      vertex -17.8555 -2.94051 18
      vertex -20.2447 -3.17581 18
      vertex -20.05 -4.75415 18
    endloop
  endfacet
  facet normal 0 0 1
    outer loop
      vertex -20.4007 0 18
      vertex -18 0 18
      vertex -20.3617 1.58983 18
    endloop
  endfacet
  facet normal 0 0 1
    outer loop
      vertex -17.9639 -1.47202 18
      vertex -20.3617 -1.58983 18
      vertex -20.2447 -3.17581 18
    endloop
  endfacet
  facet normal 0 0 1
    outer loop
      vertex -18 0 18
      vertex -20.4007 0 18
      vertex -20.3617 -1.58983 18
    endloop
  endfacet
  facet normal 0 0 1
    outer loop
      vertex 9.29475 -32.2794 18
      vertex 8.74728 -34.9211 18
      vertex 10.4502 -34.4498 18
    endloop
  endfacet
  facet normal -0 0 1
    outer loop
      vertex 8.16406 -32.5923 18
      vertex 8.74728 -34.9211 18
      vertex 9.29475 -32.2794 18
    endloop
  endfacet
  facet normal 0 0 1
    outer loop
      vertex 8.16406 -32.5923 18
      vertex 7.02324 -35.3083 18
      vertex 8.74728 -34.9211 18
    endloop
  endfacet
  facet normal -0 0 1
    outer loop
      vertex 6.55487 -32.9537 18
      vertex 7.02324 -35.3083 18
      vertex 8.16406 -32.5923 18
    endloop
  endfacet
  facet normal 0 0 1
    outer loop
      vertex 6.55487 -32.9537 18
      vertex 5.28229 -35.6104 18
      vertex 7.02324 -35.3083 18
    endloop
  endfacet
  facet normal -0 0 1
    outer loop
      vertex 4.93002 -33.2356 18
      vertex 5.28229 -35.6104 18
      vertex 6.55487 -32.9537 18
    endloop
  endfacet
  facet normal 0 0 1
    outer loop
      vertex 4.93002 -33.2356 18
      vertex 3.52861 -35.8266 18
      vertex 5.28229 -35.6104 18
    endloop
  endfacet
  facet normal -0 0 1
    outer loop
      vertex 3.29311 -33.4375 18
      vertex 3.52861 -35.8266 18
      vertex 4.93002 -33.2356 18
    endloop
  endfacet
  facet normal 0 0 1
    outer loop
      vertex 3.29311 -33.4375 18
      vertex 1.76643 -35.9566 18
      vertex 3.52861 -35.8266 18
    endloop
  endfacet
  facet normal -0 0 1
    outer loop
      vertex 1.64868 -33.5588 18
      vertex 1.76643 -35.9566 18
      vertex 3.29311 -33.4375 18
    endloop
  endfacet
  facet normal -0 0 1
    outer loop
      vertex 0 -33.5993 18
      vertex 1.76643 -35.9566 18
      vertex 1.64868 -33.5588 18
    endloop
  endfacet
  facet normal 0 0 1
    outer loop
      vertex 0 -33.5993 18
      vertex 0 -36 18
      vertex 1.76643 -35.9566 18
    endloop
  endfacet
  facet normal 0 0 1
    outer loop
      vertex -1.64868 -33.5588 18
      vertex 0 -36 18
      vertex 0 -33.5993 18
    endloop
  endfacet
  facet normal 0 0 1
    outer loop
      vertex -1.64868 -33.5588 18
      vertex -1.76643 -35.9566 18
      vertex 0 -36 18
    endloop
  endfacet
  facet normal 0 0 1
    outer loop
      vertex -3.29311 -33.4375 18
      vertex -1.76643 -35.9566 18
      vertex -1.64868 -33.5588 18
    endloop
  endfacet
  facet normal 0 0 1
    outer loop
      vertex -3.29311 -33.4375 18
      vertex -3.52861 -35.8266 18
      vertex -1.76643 -35.9566 18
    endloop
  endfacet
  facet normal 0 0 1
    outer loop
      vertex -4.93002 -33.2356 18
      vertex -3.52861 -35.8266 18
      vertex -3.29311 -33.4375 18
    endloop
  endfacet
  facet normal 0 0 1
    outer loop
      vertex -4.93002 -33.2356 18
      vertex -5.28229 -35.6104 18
      vertex -3.52861 -35.8266 18
    endloop
  endfacet
  facet normal 0 0 1
    outer loop
      vertex -6.55487 -32.9537 18
      vertex -5.28229 -35.6104 18
      vertex -4.93002 -33.2356 18
    endloop
  endfacet
  facet normal 0 0 1
    outer loop
      vertex -6.55487 -32.9537 18
      vertex -7.02324 -35.3083 18
      vertex -5.28229 -35.6104 18
    endloop
  endfacet
  facet normal 0 0 1
    outer loop
      vertex -8.16406 -32.5923 18
      vertex -7.02324 -35.3083 18
      vertex -6.55487 -32.9537 18
    endloop
  endfacet
  facet normal 0 0 1
    outer loop
      vertex -8.16406 -32.5923 18
      vertex -8.74728 -34.9211 18
      vertex -7.02324 -35.3083 18
    endloop
  endfacet
  facet normal 0 0 1
    outer loop
      vertex -9.75331 -32.1525 18
      vertex -8.74728 -34.9211 18
      vertex -8.16406 -32.5923 18
    endloop
  endfacet
  facet normal 0 0 1
    outer loop
      vertex -9.75331 -32.1525 18
      vertex -10.4502 -34.4498 18
      vertex -8.74728 -34.9211 18
    endloop
  endfacet
  facet normal 0 0 1
    outer loop
      vertex -11.3193 -31.6352 18
      vertex -10.4502 -34.4498 18
      vertex -9.75331 -32.1525 18
    endloop
  endfacet
  facet normal 0 0 1
    outer loop
      vertex -11.3193 -31.6352 18
      vertex -12.128 -33.8956 18
      vertex -10.4502 -34.4498 18
    endloop
  endfacet
  facet normal 0 0 1
    outer loop
      vertex -12.8578 -31.0417 18
      vertex -12.128 -33.8956 18
      vertex -11.3193 -31.6352 18
    endloop
  endfacet
  facet normal 0 0 1
    outer loop
      vertex -12.8578 -31.0417 18
      vertex -13.7766 -33.2597 18
      vertex -12.128 -33.8956 18
    endloop
  endfacet
  facet normal 0 0 1
    outer loop
      vertex -14.3656 -30.3734 18
      vertex -13.7766 -33.2597 18
      vertex -12.8578 -31.0417 18
    endloop
  endfacet
  facet normal 0 0 1
    outer loop
      vertex -14.3656 -30.3734 18
      vertex -15.392 -32.5436 18
      vertex -13.7766 -33.2597 18
    endloop
  endfacet
  facet normal 0 0 1
    outer loop
      vertex -15.8385 -29.632 18
      vertex -15.392 -32.5436 18
      vertex -14.3656 -30.3734 18
    endloop
  endfacet
  facet normal 0 0 1
    outer loop
      vertex -15.8385 -29.632 18
      vertex -16.9703 -31.7492 18
      vertex -15.392 -32.5436 18
    endloop
  endfacet
  facet normal 0 0 1
    outer loop
      vertex -17.2736 -28.819 18
      vertex -16.9703 -31.7492 18
      vertex -15.8385 -29.632 18
    endloop
  endfacet
  facet normal 0 0 1
    outer loop
      vertex -17.2736 -28.819 18
      vertex -18.5077 -30.8782 18
      vertex -16.9703 -31.7492 18
    endloop
  endfacet
  facet normal 0 0 1
    outer loop
      vertex -18.6669 -27.9367 18
      vertex -18.5077 -30.8782 18
      vertex -17.2736 -28.819 18
    endloop
  endfacet
  facet normal 0 0 1
    outer loop
      vertex -18.6669 -27.9367 18
      vertex -20.0005 -29.9329 18
      vertex -18.5077 -30.8782 18
    endloop
  endfacet
  facet normal 0 0 1
    outer loop
      vertex -20.0151 -26.9872 18
      vertex -20.0005 -29.9329 18
      vertex -18.6669 -27.9367 18
    endloop
  endfacet
  facet normal 0 0 1
    outer loop
      vertex -21.4452 -28.9155 18
      vertex -20.0151 -26.9872 18
      vertex -21.315 -25.9727 18
    endloop
  endfacet
  facet normal 0 0 1
    outer loop
      vertex -20.0151 -26.9872 18
      vertex -21.4452 -28.9155 18
      vertex -20.0005 -29.9329 18
    endloop
  endfacet
  facet normal 0 0 1
    outer loop
      vertex -22.8382 -27.8284 18
      vertex -21.315 -25.9727 18
      vertex -22.564 -24.8953 18
    endloop
  endfacet
  facet normal 0 0 1
    outer loop
      vertex -21.315 -25.9727 18
      vertex -22.8382 -27.8284 18
      vertex -21.4452 -28.9155 18
    endloop
  endfacet
  facet normal 0 0 1
    outer loop
      vertex -24.1761 -26.6742 18
      vertex -22.564 -24.8953 18
      vertex -23.7583 -23.7583 18
    endloop
  endfacet
  facet normal 0 0 1
    outer loop
      vertex -22.564 -24.8953 18
      vertex -24.1761 -26.6742 18
      vertex -22.8382 -27.8284 18
    endloop
  endfacet
  facet normal 0 0 1
    outer loop
      vertex -25.4558 -25.4558 18
      vertex -23.7583 -23.7583 18
      vertex -24.8953 -22.564 18
    endloop
  endfacet
  facet normal 0 0 1
    outer loop
      vertex -23.7583 -23.7583 18
      vertex -25.4558 -25.4558 18
      vertex -24.1761 -26.6742 18
    endloop
  endfacet
  facet normal 0 0 1
    outer loop
      vertex -26.6742 -24.1761 18
      vertex -24.8953 -22.564 18
      vertex -25.9727 -21.315 18
    endloop
  endfacet
  facet normal 0 0 1
    outer loop
      vertex -24.8953 -22.564 18
      vertex -26.6742 -24.1761 18
      vertex -25.4558 -25.4558 18
    endloop
  endfacet
  facet normal 0 0 1
    outer loop
      vertex -27.8284 -22.8382 18
      vertex -25.9727 -21.315 18
      vertex -26.9872 -20.0151 18
    endloop
  endfacet
  facet normal 0 0 1
    outer loop
      vertex -25.9727 -21.315 18
      vertex -27.8284 -22.8382 18
      vertex -26.6742 -24.1761 18
    endloop
  endfacet
  facet normal 0 0 1
    outer loop
      vertex -28.9155 -21.4452 18
      vertex -26.9872 -20.0151 18
      vertex -27.9367 -18.6669 18
    endloop
  endfacet
  facet normal 0 0 1
    outer loop
      vertex -29.9329 -20.0005 18
      vertex -27.9367 -18.6669 18
      vertex -28.819 -17.2736 18
    endloop
  endfacet
  facet normal 0 0 1
    outer loop
      vertex -26.9872 -20.0151 18
      vertex -28.9155 -21.4452 18
      vertex -27.8284 -22.8382 18
    endloop
  endfacet
  facet normal 0 0 1
    outer loop
      vertex -30.8782 -18.5077 18
      vertex -28.819 -17.2736 18
      vertex -29.632 -15.8385 18
    endloop
  endfacet
  facet normal 0 0 1
    outer loop
      vertex -27.9367 -18.6669 18
      vertex -29.9329 -20.0005 18
      vertex -28.9155 -21.4452 18
    endloop
  endfacet
  facet normal 0 0 1
    outer loop
      vertex -31.7492 -16.9703 18
      vertex -29.632 -15.8385 18
      vertex -30.3734 -14.3656 18
    endloop
  endfacet
  facet normal 0 0 1
    outer loop
      vertex -28.819 -17.2736 18
      vertex -30.8782 -18.5077 18
      vertex -29.9329 -20.0005 18
    endloop
  endfacet
  facet normal 0 0 1
    outer loop
      vertex -32.5436 -15.392 18
      vertex -30.3734 -14.3656 18
      vertex -31.0417 -12.8578 18
    endloop
  endfacet
  facet normal 0 0 1
    outer loop
      vertex -33.2597 -13.7766 18
      vertex -31.0417 -12.8578 18
      vertex -31.6352 -11.3193 18
    endloop
  endfacet
  facet normal 0 0 1
    outer loop
      vertex -29.632 -15.8385 18
      vertex -31.7492 -16.9703 18
      vertex -30.8782 -18.5077 18
    endloop
  endfacet
  facet normal 0 0 1
    outer loop
      vertex -33.8956 -12.128 18
      vertex -31.6352 -11.3193 18
      vertex -32.1525 -9.75331 18
    endloop
  endfacet
  facet normal 0 0 1
    outer loop
      vertex -30.3734 -14.3656 18
      vertex -32.5436 -15.392 18
      vertex -31.7492 -16.9703 18
    endloop
  endfacet
  facet normal 0 0 1
    outer loop
      vertex -34.4498 -10.4502 18
      vertex -32.1525 -9.75331 18
      vertex -32.5923 -8.16406 18
    endloop
  endfacet
  facet normal 0 0 1
    outer loop
      vertex -34.9211 -8.74728 18
      vertex -32.5923 -8.16406 18
      vertex -32.9537 -6.55487 18
    endloop
  endfacet
  facet normal 0 0 1
    outer loop
      vertex -35.3083 -7.02324 18
      vertex -32.9537 -6.55487 18
      vertex -33.2356 -4.93002 18
    endloop
  endfacet
  facet normal 0 0 1
    outer loop
      vertex -31.0417 -12.8578 18
      vertex -33.2597 -13.7766 18
      vertex -32.5436 -15.392 18
    endloop
  endfacet
  facet normal 0 0 1
    outer loop
      vertex -35.6104 -5.28229 18
      vertex -33.2356 -4.93002 18
      vertex -33.4375 -3.29311 18
    endloop
  endfacet
  facet normal 0 0 1
    outer loop
      vertex -35.8266 -3.52861 18
      vertex -33.4375 -3.29311 18
      vertex -33.5588 -1.64868 18
    endloop
  endfacet
  facet normal 0 0 1
    outer loop
      vertex -31.6352 -11.3193 18
      vertex -33.8956 -12.128 18
      vertex -33.2597 -13.7766 18
    endloop
  endfacet
  facet normal 0 0 1
    outer loop
      vertex -35.9566 -1.76643 18
      vertex -33.5588 -1.64868 18
      vertex -33.5993 0 18
    endloop
  endfacet
  facet normal -0 0 1
    outer loop
      vertex -35.6104 5.28229 18
      vertex -33.2356 4.93002 18
      vertex -35.3083 7.02324 18
    endloop
  endfacet
  facet normal 0 0 1
    outer loop
      vertex -33.2356 4.93002 18
      vertex -35.6104 5.28229 18
      vertex -33.4375 3.29311 18
    endloop
  endfacet
  facet normal 0 0 1
    outer loop
      vertex -32.1525 -9.75331 18
      vertex -34.4498 -10.4502 18
      vertex -33.8956 -12.128 18
    endloop
  endfacet
  facet normal -0 0 1
    outer loop
      vertex -35.8266 3.52861 18
      vertex -33.4375 3.29311 18
      vertex -35.6104 5.28229 18
    endloop
  endfacet
  facet normal 0 0 1
    outer loop
      vertex -32.5923 -8.16406 18
      vertex -34.9211 -8.74728 18
      vertex -34.4498 -10.4502 18
    endloop
  endfacet
  facet normal 0 0 1
    outer loop
      vertex -33.4375 3.29311 18
      vertex -35.8266 3.52861 18
      vertex -33.5588 1.64868 18
    endloop
  endfacet
  facet normal 0 0 1
    outer loop
      vertex -32.9537 -6.55487 18
      vertex -35.3083 -7.02324 18
      vertex -34.9211 -8.74728 18
    endloop
  endfacet
  facet normal -0 0 1
    outer loop
      vertex -35.9566 1.76643 18
      vertex -33.5588 1.64868 18
      vertex -35.8266 3.52861 18
    endloop
  endfacet
  facet normal 0 0 1
    outer loop
      vertex -33.2356 -4.93002 18
      vertex -35.6104 -5.28229 18
      vertex -35.3083 -7.02324 18
    endloop
  endfacet
  facet normal 0 0 1
    outer loop
      vertex -33.5588 1.64868 18
      vertex -35.9566 1.76643 18
      vertex -33.5993 0 18
    endloop
  endfacet
  facet normal 0 0 1
    outer loop
      vertex -33.4375 -3.29311 18
      vertex -35.8266 -3.52861 18
      vertex -35.6104 -5.28229 18
    endloop
  endfacet
  facet normal 0 0 1
    outer loop
      vertex -36 0 18
      vertex -33.5993 0 18
      vertex -35.9566 1.76643 18
    endloop
  endfacet
  facet normal 0 0 1
    outer loop
      vertex -33.5588 -1.64868 18
      vertex -35.9566 -1.76643 18
      vertex -35.8266 -3.52861 18
    endloop
  endfacet
  facet normal 0 0 1
    outer loop
      vertex -33.5993 0 18
      vertex -36 0 18
      vertex -35.9566 -1.76643 18
    endloop
  endfacet
  facet normal 0.0735723 -0.99729 0
    outer loop
      vertex 1.76643 -35.9566 4
      vertex 3.52861 -35.8266 18
      vertex 1.76643 -35.9566 18
    endloop
  endfacet
  facet normal 0.0735723 -0.99729 0
    outer loop
      vertex 3.52861 -35.8266 18
      vertex 1.76643 -35.9566 4
      vertex 3.52861 -35.8266 4
    endloop
  endfacet
  facet normal 0.122357 -0.992486 0
    outer loop
      vertex 3.52861 -35.8266 4
      vertex 5.28229 -35.6104 18
      vertex 3.52861 -35.8266 18
    endloop
  endfacet
  facet normal 0.122357 -0.992486 0
    outer loop
      vertex 5.28229 -35.6104 18
      vertex 3.52861 -35.8266 4
      vertex 5.28229 -35.6104 4
    endloop
  endfacet
  facet normal 0.170971 -0.985276 0
    outer loop
      vertex 5.28229 -35.6104 4
      vertex 7.02324 -35.3083 18
      vertex 5.28229 -35.6104 18
    endloop
  endfacet
  facet normal 0.170971 -0.985276 0
    outer loop
      vertex 7.02324 -35.3083 18
      vertex 5.28229 -35.6104 4
      vertex 7.02324 -35.3083 4
    endloop
  endfacet
  facet normal 0.21913 -0.975696 0
    outer loop
      vertex 7.02324 -35.3083 4
      vertex 8.74728 -34.9211 18
      vertex 7.02324 -35.3083 18
    endloop
  endfacet
  facet normal 0.21913 -0.975696 0
    outer loop
      vertex 8.74728 -34.9211 18
      vertex 7.02324 -35.3083 4
      vertex 8.74728 -34.9211 4
    endloop
  endfacet
  facet normal 0.266733 -0.96377 0
    outer loop
      vertex 8.74728 -34.9211 4
      vertex 10.4502 -34.4498 18
      vertex 8.74728 -34.9211 18
    endloop
  endfacet
  facet normal 0.266733 -0.96377 0
    outer loop
      vertex 10.4502 -34.4498 18
      vertex 8.74728 -34.9211 4
      vertex 10.4502 -34.4498 4
    endloop
  endfacet
  facet normal 0.313646 -0.94954 0
    outer loop
      vertex 10.4502 -34.4498 4
      vertex 12.128 -33.8956 18
      vertex 10.4502 -34.4498 18
    endloop
  endfacet
  facet normal 0.313646 -0.94954 0
    outer loop
      vertex 12.128 -33.8956 18
      vertex 10.4502 -34.4498 4
      vertex 12.128 -33.8956 4
    endloop
  endfacet
  facet normal 0.359878 -0.932999 0
    outer loop
      vertex 12.128 -33.8956 4
      vertex 13.7766 -33.2597 18
      vertex 12.128 -33.8956 18
    endloop
  endfacet
  facet normal 0.359878 -0.932999 0
    outer loop
      vertex 13.7766 -33.2597 18
      vertex 12.128 -33.8956 4
      vertex 13.7766 -33.2597 4
    endloop
  endfacet
  facet normal 0.405261 -0.914201 0
    outer loop
      vertex 13.7766 -33.2597 4
      vertex 15.392 -32.5436 18
      vertex 13.7766 -33.2597 18
    endloop
  endfacet
  facet normal 0.405261 -0.914201 0
    outer loop
      vertex 15.392 -32.5436 18
      vertex 13.7766 -33.2597 4
      vertex 15.392 -32.5436 4
    endloop
  endfacet
  facet normal 0.449589 -0.893236 0
    outer loop
      vertex 15.392 -32.5436 4
      vertex 16.9703 -31.7492 18
      vertex 15.392 -32.5436 18
    endloop
  endfacet
  facet normal 0.449589 -0.893236 0
    outer loop
      vertex 16.9703 -31.7492 18
      vertex 15.392 -32.5436 4
      vertex 16.9703 -31.7492 4
    endloop
  endfacet
  facet normal 0.49293 -0.870069 0
    outer loop
      vertex 16.9703 -31.7492 4
      vertex 18.5077 -30.8782 18
      vertex 16.9703 -31.7492 18
    endloop
  endfacet
  facet normal 0.49293 -0.870069 0
    outer loop
      vertex 18.5077 -30.8782 18
      vertex 16.9703 -31.7492 4
      vertex 18.5077 -30.8782 4
    endloop
  endfacet
  facet normal 0.534996 -0.844855 0
    outer loop
      vertex 18.5077 -30.8782 4
      vertex 20.0005 -29.9329 18
      vertex 18.5077 -30.8782 18
    endloop
  endfacet
  facet normal 0.534996 -0.844855 0
    outer loop
      vertex 20.0005 -29.9329 18
      vertex 18.5077 -30.8782 4
      vertex 20.0005 -29.9329 4
    endloop
  endfacet
  facet normal 0.575781 -0.817604 0
    outer loop
      vertex 20.0005 -29.9329 4
      vertex 21.4452 -28.9155 18
      vertex 20.0005 -29.9329 18
    endloop
  endfacet
  facet normal 0.575781 -0.817604 0
    outer loop
      vertex 21.4452 -28.9155 18
      vertex 20.0005 -29.9329 4
      vertex 21.4452 -28.9155 4
    endloop
  endfacet
  facet normal 0.615246 -0.788335 0
    outer loop
      vertex 21.4452 -28.9155 4
      vertex 22.4941 -28.0969 18
      vertex 21.4452 -28.9155 18
    endloop
  endfacet
  facet normal 0.615246 -0.788335 0
    outer loop
      vertex 22.4941 -28.0969 18
      vertex 21.4452 -28.9155 4
      vertex 22.4941 -28.0969 4
    endloop
  endfacet
  facet normal -0.359818 0.933022 0
    outer loop
      vertex 22.4941 -28.0969 4
      vertex 22.1067 -28.2463 18
      vertex 22.4941 -28.0969 18
    endloop
  endfacet
  facet normal -0.359818 0.933022 0
    outer loop
      vertex 22.1067 -28.2463 18
      vertex 22.4941 -28.0969 4
      vertex 22.1067 -28.2463 4
    endloop
  endfacet
  facet normal -0.31368 0.949529 0
    outer loop
      vertex 22.1067 -28.2463 4
      vertex 20.7085 -28.7082 18
      vertex 22.1067 -28.2463 18
    endloop
  endfacet
  facet normal -0.31368 0.949529 0
    outer loop
      vertex 20.7085 -28.7082 18
      vertex 22.1067 -28.2463 4
      vertex 20.7085 -28.7082 4
    endloop
  endfacet
  facet normal -0.266701 0.963779 0
    outer loop
      vertex 20.7085 -28.7082 4
      vertex 19.2894 -29.1009 18
      vertex 20.7085 -28.7082 18
    endloop
  endfacet
  facet normal -0.266701 0.963779 0
    outer loop
      vertex 19.2894 -29.1009 18
      vertex 20.7085 -28.7082 4
      vertex 19.2894 -29.1009 4
    endloop
  endfacet
  facet normal -0.219152 0.975691 0
    outer loop
      vertex 19.2894 -29.1009 4
      vertex 17.8527 -29.4236 18
      vertex 19.2894 -29.1009 18
    endloop
  endfacet
  facet normal -0.219152 0.975691 0
    outer loop
      vertex 17.8527 -29.4236 18
      vertex 19.2894 -29.1009 4
      vertex 17.8527 -29.4236 4
    endloop
  endfacet
  facet normal -0.170937 0.985282 0
    outer loop
      vertex 17.8527 -29.4236 4
      vertex 16.4019 -29.6753 18
      vertex 17.8527 -29.4236 18
    endloop
  endfacet
  facet normal -0.170937 0.985282 0
    outer loop
      vertex 16.4019 -29.6753 18
      vertex 17.8527 -29.4236 4
      vertex 16.4019 -29.6753 4
    endloop
  endfacet
  facet normal -0.12238 0.992483 0
    outer loop
      vertex 16.4019 -29.6753 4
      vertex 14.9405 -29.8555 18
      vertex 16.4019 -29.6753 18
    endloop
  endfacet
  facet normal -0.12238 0.992483 0
    outer loop
      vertex 14.9405 -29.8555 18
      vertex 16.4019 -29.6753 4
      vertex 14.9405 -29.8555 4
    endloop
  endfacet
  facet normal -0.0736165 0.997287 0
    outer loop
      vertex 14.9405 -29.8555 4
      vertex 13.472 -29.9639 18
      vertex 14.9405 -29.8555 18
    endloop
  endfacet
  facet normal -0.0736165 0.997287 0
    outer loop
      vertex 13.472 -29.9639 18
      vertex 14.9405 -29.8555 4
      vertex 13.472 -29.9639 4
    endloop
  endfacet
  facet normal -0.0245171 0.999699 0
    outer loop
      vertex 13.472 -29.9639 4
      vertex 12 -30 18
      vertex 13.472 -29.9639 18
    endloop
  endfacet
  facet normal -0.0245171 0.999699 0
    outer loop
      vertex 12 -30 18
      vertex 13.472 -29.9639 4
      vertex 12 -30 4
    endloop
  endfacet
  facet normal 0.0245171 0.999699 -0
    outer loop
      vertex 12 -30 4
      vertex 10.528 -29.9639 18
      vertex 12 -30 18
    endloop
  endfacet
  facet normal 0.0245171 0.999699 0
    outer loop
      vertex 10.528 -29.9639 18
      vertex 12 -30 4
      vertex 10.528 -29.9639 4
    endloop
  endfacet
  facet normal 0.0736155 0.997287 -0
    outer loop
      vertex 10.528 -29.9639 4
      vertex 9.05948 -29.8555 18
      vertex 10.528 -29.9639 18
    endloop
  endfacet
  facet normal 0.0736155 0.997287 0
    outer loop
      vertex 9.05948 -29.8555 18
      vertex 10.528 -29.9639 4
      vertex 9.05948 -29.8555 4
    endloop
  endfacet
  facet normal 0.12238 0.992483 -0
    outer loop
      vertex 9.05948 -29.8555 4
      vertex 7.59808 -29.6753 18
      vertex 9.05948 -29.8555 18
    endloop
  endfacet
  facet normal 0.12238 0.992483 0
    outer loop
      vertex 7.59808 -29.6753 18
      vertex 9.05948 -29.8555 4
      vertex 7.59808 -29.6753 4
    endloop
  endfacet
  facet normal 0.170937 0.985282 -0
    outer loop
      vertex 7.59808 -29.6753 4
      vertex 6.14728 -29.4236 18
      vertex 7.59808 -29.6753 18
    endloop
  endfacet
  facet normal 0.170937 0.985282 0
    outer loop
      vertex 6.14728 -29.4236 18
      vertex 7.59808 -29.6753 4
      vertex 6.14728 -29.4236 4
    endloop
  endfacet
  facet normal 0.219153 0.97569 -0
    outer loop
      vertex 6.14728 -29.4236 4
      vertex 4.71059 -29.1009 18
      vertex 6.14728 -29.4236 18
    endloop
  endfacet
  facet normal 0.219153 0.97569 0
    outer loop
      vertex 4.71059 -29.1009 18
      vertex 6.14728 -29.4236 4
      vertex 4.71059 -29.1009 4
    endloop
  endfacet
  facet normal 0.266696 0.963781 -0
    outer loop
      vertex 4.71059 -29.1009 4
      vertex 3.29146 -28.7082 18
      vertex 4.71059 -29.1009 18
    endloop
  endfacet
  facet normal 0.266696 0.963781 0
    outer loop
      vertex 3.29146 -28.7082 18
      vertex 4.71059 -29.1009 4
      vertex 3.29146 -28.7082 4
    endloop
  endfacet
  facet normal 0.313688 0.949526 -0
    outer loop
      vertex 3.29146 -28.7082 4
      vertex 1.8933 -28.2463 18
      vertex 3.29146 -28.7082 18
    endloop
  endfacet
  facet normal 0.313688 0.949526 0
    outer loop
      vertex 1.8933 -28.2463 18
      vertex 3.29146 -28.7082 4
      vertex 1.8933 -28.2463 4
    endloop
  endfacet
  facet normal 0.359872 0.933002 -0
    outer loop
      vertex 1.8933 -28.2463 4
      vertex 0.519485 -27.7164 18
      vertex 1.8933 -28.2463 18
    endloop
  endfacet
  facet normal 0.359872 0.933002 0
    outer loop
      vertex 0.519485 -27.7164 18
      vertex 1.8933 -28.2463 4
      vertex 0.519485 -27.7164 4
    endloop
  endfacet
  facet normal 0.405242 0.914209 -0
    outer loop
      vertex 0.519485 -27.7164 4
      vertex -0.826645 -27.1197 18
      vertex 0.519485 -27.7164 18
    endloop
  endfacet
  facet normal 0.405242 0.914209 0
    outer loop
      vertex -0.826645 -27.1197 18
      vertex 0.519485 -27.7164 4
      vertex -0.826645 -27.1197 4
    endloop
  endfacet
  facet normal 0.449645 0.893208 -0
    outer loop
      vertex -0.826645 -27.1197 4
      vertex -2.14189 -26.4576 18
      vertex -0.826645 -27.1197 18
    endloop
  endfacet
  facet normal 0.449645 0.893208 0
    outer loop
      vertex -2.14189 -26.4576 18
      vertex -0.826645 -27.1197 4
      vertex -2.14189 -26.4576 4
    endloop
  endfacet
  facet normal 0.492854 0.870112 -0
    outer loop
      vertex -2.14189 -26.4576 4
      vertex -3.42308 -25.7319 18
      vertex -2.14189 -26.4576 18
    endloop
  endfacet
  facet normal 0.492854 0.870112 0
    outer loop
      vertex -3.42308 -25.7319 18
      vertex -2.14189 -26.4576 4
      vertex -3.42308 -25.7319 4
    endloop
  endfacet
  facet normal 0.535014 0.844843 -0
    outer loop
      vertex -3.42308 -25.7319 4
      vertex -4.6671 -24.9441 18
      vertex -3.42308 -25.7319 18
    endloop
  endfacet
  facet normal 0.535014 0.844843 0
    outer loop
      vertex -4.6671 -24.9441 18
      vertex -3.42308 -25.7319 4
      vertex -4.6671 -24.9441 4
    endloop
  endfacet
  facet normal 0.575826 0.817572 -0
    outer loop
      vertex -4.6671 -24.9441 4
      vertex -5.87097 -24.0962 18
      vertex -4.6671 -24.9441 18
    endloop
  endfacet
  facet normal 0.575826 0.817572 0
    outer loop
      vertex -5.87097 -24.0962 18
      vertex -4.6671 -24.9441 4
      vertex -5.87097 -24.0962 4
    endloop
  endfacet
  facet normal 0.615229 0.788348 -0
    outer loop
      vertex -5.87097 -24.0962 4
      vertex -7.03178 -23.1903 18
      vertex -5.87097 -24.0962 18
    endloop
  endfacet
  facet normal 0.615229 0.788348 0
    outer loop
      vertex -7.03178 -23.1903 18
      vertex -5.87097 -24.0962 4
      vertex -7.03178 -23.1903 4
    endloop
  endfacet
  facet normal 0.653177 0.757205 -0
    outer loop
      vertex -7.03178 -23.1903 4
      vertex -8.14676 -22.2285 18
      vertex -7.03178 -23.1903 18
    endloop
  endfacet
  facet normal 0.653177 0.757205 0
    outer loop
      vertex -8.14676 -22.2285 18
      vertex -7.03178 -23.1903 4
      vertex -8.14676 -22.2285 4
    endloop
  endfacet
  facet normal 0.689528 0.724259 -0
    outer loop
      vertex -8.14676 -22.2285 4
      vertex -9.2132 -21.2132 18
      vertex -8.14676 -22.2285 18
    endloop
  endfacet
  facet normal 0.689528 0.724259 0
    outer loop
      vertex -9.2132 -21.2132 18
      vertex -8.14676 -22.2285 4
      vertex -9.2132 -21.2132 4
    endloop
  endfacet
  facet normal 0.724246 0.689542 -3.26705e-18
    outer loop
      vertex -9.2132 -21.2132 18
      vertex -10.2285 -20.1468 4
      vertex -10.2285 -20.1468 18
    endloop
  endfacet
  facet normal 0.724246 0.689542 -3.26705e-18
    outer loop
      vertex -10.2285 -20.1468 4
      vertex -9.2132 -21.2132 18
      vertex -9.2132 -21.2132 4
    endloop
  endfacet
  facet normal 0.757211 0.653171 2.27345e-18
    outer loop
      vertex -10.2285 -20.1468 18
      vertex -11.1903 -19.0318 4
      vertex -11.1903 -19.0318 18
    endloop
  endfacet
  facet normal 0.757211 0.653171 2.27345e-18
    outer loop
      vertex -11.1903 -19.0318 4
      vertex -10.2285 -20.1468 18
      vertex -10.2285 -20.1468 4
    endloop
  endfacet
  facet normal 0.788346 0.615233 1.18577e-18
    outer loop
      vertex -11.1903 -19.0318 18
      vertex -12.0962 -17.871 4
      vertex -12.0962 -17.871 18
    endloop
  endfacet
  facet normal 0.788346 0.615233 1.18577e-18
    outer loop
      vertex -12.0962 -17.871 4
      vertex -11.1903 -19.0318 18
      vertex -11.1903 -19.0318 4
    endloop
  endfacet
  facet normal 0.817579 0.575816 -3.86074e-18
    outer loop
      vertex -12.0962 -17.871 18
      vertex -12.9441 -16.6671 4
      vertex -12.9441 -16.6671 18
    endloop
  endfacet
  facet normal 0.817579 0.575816 -3.86074e-18
    outer loop
      vertex -12.9441 -16.6671 4
      vertex -12.0962 -17.871 18
      vertex -12.0962 -17.871 4
    endloop
  endfacet
  facet normal 0.84484 0.53502 -1.76318e-18
    outer loop
      vertex -12.9441 -16.6671 18
      vertex -13.7319 -15.4231 4
      vertex -13.7319 -15.4231 18
    endloop
  endfacet
  facet normal 0.84484 0.53502 -1.76318e-18
    outer loop
      vertex -13.7319 -15.4231 4
      vertex -12.9441 -16.6671 18
      vertex -12.9441 -16.6671 4
    endloop
  endfacet
  facet normal 0.870113 0.492851 -2.61149e-18
    outer loop
      vertex -13.7319 -15.4231 18
      vertex -14.4576 -14.1419 4
      vertex -14.4576 -14.1419 18
    endloop
  endfacet
  facet normal 0.870113 0.492851 -2.61149e-18
    outer loop
      vertex -14.4576 -14.1419 4
      vertex -13.7319 -15.4231 18
      vertex -13.7319 -15.4231 4
    endloop
  endfacet
  facet normal 0.893215 0.44963 1.60186e-18
    outer loop
      vertex -14.4576 -14.1419 18
      vertex -15.1197 -12.8266 4
      vertex -15.1197 -12.8266 18
    endloop
  endfacet
  facet normal 0.893215 0.44963 1.60186e-18
    outer loop
      vertex -15.1197 -12.8266 4
      vertex -14.4576 -14.1419 18
      vertex -14.4576 -14.1419 4
    endloop
  endfacet
  facet normal 0.914206 0.40525 3.83847e-20
    outer loop
      vertex -15.1197 -12.8266 18
      vertex -15.7164 -11.4805 4
      vertex -15.7164 -11.4805 18
    endloop
  endfacet
  facet normal 0.914206 0.40525 3.83847e-20
    outer loop
      vertex -15.7164 -11.4805 4
      vertex -15.1197 -12.8266 18
      vertex -15.1197 -12.8266 4
    endloop
  endfacet
  facet normal 0.933 0.359875 1.75146e-18
    outer loop
      vertex -15.7164 -11.4805 18
      vertex -16.2463 -10.1067 4
      vertex -16.2463 -10.1067 18
    endloop
  endfacet
  facet normal 0.933 0.359875 1.75146e-18
    outer loop
      vertex -16.2463 -10.1067 4
      vertex -15.7164 -11.4805 18
      vertex -15.7164 -11.4805 4
    endloop
  endfacet
  facet normal 0.949527 0.313686 -2.06834e-18
    outer loop
      vertex -16.2463 -10.1067 18
      vertex -16.7082 -8.70853 4
      vertex -16.7082 -8.70853 18
    endloop
  endfacet
  facet normal 0.949527 0.313686 -2.06834e-18
    outer loop
      vertex -16.7082 -8.70853 4
      vertex -16.2463 -10.1067 18
      vertex -16.2463 -10.1067 4
    endloop
  endfacet
  facet normal 0.963781 0.266696 2.25719e-18
    outer loop
      vertex -16.7082 -8.70853 18
      vertex -17.1009 -7.2894 4
      vertex -17.1009 -7.2894 18
    endloop
  endfacet
  facet normal 0.963781 0.266696 2.25719e-18
    outer loop
      vertex -17.1009 -7.2894 4
      vertex -16.7082 -8.70853 18
      vertex -16.7082 -8.70853 4
    endloop
  endfacet
  facet normal 0.97569 0.219153 1.16761e-18
    outer loop
      vertex -17.1009 -7.2894 18
      vertex -17.4236 -5.85271 4
      vertex -17.4236 -5.85271 18
    endloop
  endfacet
  facet normal 0.97569 0.219153 1.16761e-18
    outer loop
      vertex -17.4236 -5.85271 4
      vertex -17.1009 -7.2894 18
      vertex -17.1009 -7.2894 4
    endloop
  endfacet
  facet normal 0.985282 0.170936 1.56537e-19
    outer loop
      vertex -17.4236 -5.85271 18
      vertex -17.6753 -4.4019 4
      vertex -17.6753 -4.4019 18
    endloop
  endfacet
  facet normal 0.985282 0.170936 1.56537e-19
    outer loop
      vertex -17.6753 -4.4019 4
      vertex -17.4236 -5.85271 18
      vertex -17.4236 -5.85271 4
    endloop
  endfacet
  facet normal 0.992483 0.12238 -6.10833e-20
    outer loop
      vertex -17.6753 -4.4019 18
      vertex -17.8555 -2.94051 4
      vertex -17.8555 -2.94051 18
    endloop
  endfacet
  facet normal 0.992483 0.12238 -6.10833e-20
    outer loop
      vertex -17.8555 -2.94051 4
      vertex -17.6753 -4.4019 18
      vertex -17.6753 -4.4019 4
    endloop
  endfacet
  facet normal 0.997287 0.073617 2.57869e-19
    outer loop
      vertex -17.8555 -2.94051 18
      vertex -17.9639 -1.47202 4
      vertex -17.9639 -1.47202 18
    endloop
  endfacet
  facet normal 0.997287 0.073617 2.57869e-19
    outer loop
      vertex -17.9639 -1.47202 4
      vertex -17.8555 -2.94051 18
      vertex -17.8555 -2.94051 4
    endloop
  endfacet
  facet normal 0.999699 0.0245168 1.20006e-19
    outer loop
      vertex -17.9639 -1.47202 18
      vertex -18 0 4
      vertex -18 0 18
    endloop
  endfacet
  facet normal 0.999699 0.0245168 1.20006e-19
    outer loop
      vertex -18 0 4
      vertex -17.9639 -1.47202 18
      vertex -17.9639 -1.47202 4
    endloop
  endfacet
  facet normal 0.999699 -0.0245168 -1.20006e-19
    outer loop
      vertex -18 0 18
      vertex -17.9639 1.47202 4
      vertex -17.9639 1.47202 18
    endloop
  endfacet
  facet normal 0.999699 -0.0245168 -1.20006e-19
    outer loop
      vertex -17.9639 1.47202 4
      vertex -18 0 18
      vertex -18 0 4
    endloop
  endfacet
  facet normal 0.997287 -0.073617 -2.57869e-19
    outer loop
      vertex -17.9639 1.47202 18
      vertex -17.8555 2.94051 4
      vertex -17.8555 2.94051 18
    endloop
  endfacet
  facet normal 0.997287 -0.073617 -2.57869e-19
    outer loop
      vertex -17.8555 2.94051 4
      vertex -17.9639 1.47202 18
      vertex -17.9639 1.47202 4
    endloop
  endfacet
  facet normal 0.992483 -0.12238 6.10833e-20
    outer loop
      vertex -17.8555 2.94051 18
      vertex -17.6753 4.4019 4
      vertex -17.6753 4.4019 18
    endloop
  endfacet
  facet normal 0.992483 -0.12238 6.10833e-20
    outer loop
      vertex -17.6753 4.4019 4
      vertex -17.8555 2.94051 18
      vertex -17.8555 2.94051 4
    endloop
  endfacet
  facet normal 0.985282 -0.170936 -1.56537e-19
    outer loop
      vertex -17.6753 4.4019 18
      vertex -17.4236 5.85271 4
      vertex -17.4236 5.85271 18
    endloop
  endfacet
  facet normal 0.985282 -0.170936 -1.56537e-19
    outer loop
      vertex -17.4236 5.85271 4
      vertex -17.6753 4.4019 18
      vertex -17.6753 4.4019 4
    endloop
  endfacet
  facet normal 0.97569 -0.219153 -1.16761e-18
    outer loop
      vertex -17.4236 5.85271 18
      vertex -17.1009 7.2894 4
      vertex -17.1009 7.2894 18
    endloop
  endfacet
  facet normal 0.97569 -0.219153 -1.16761e-18
    outer loop
      vertex -17.1009 7.2894 4
      vertex -17.4236 5.85271 18
      vertex -17.4236 5.85271 4
    endloop
  endfacet
  facet normal 0.963781 -0.266696 -2.25719e-18
    outer loop
      vertex -17.1009 7.2894 18
      vertex -16.7082 8.70853 4
      vertex -16.7082 8.70853 18
    endloop
  endfacet
  facet normal 0.963781 -0.266696 -2.25719e-18
    outer loop
      vertex -16.7082 8.70853 4
      vertex -17.1009 7.2894 18
      vertex -17.1009 7.2894 4
    endloop
  endfacet
  facet normal 0.949527 -0.313686 2.06834e-18
    outer loop
      vertex -16.7082 8.70853 18
      vertex -16.2463 10.1067 4
      vertex -16.2463 10.1067 18
    endloop
  endfacet
  facet normal 0.949527 -0.313686 2.06834e-18
    outer loop
      vertex -16.2463 10.1067 4
      vertex -16.7082 8.70853 18
      vertex -16.7082 8.70853 4
    endloop
  endfacet
  facet normal 0.933 -0.359875 -1.75146e-18
    outer loop
      vertex -16.2463 10.1067 18
      vertex -15.7164 11.4805 4
      vertex -15.7164 11.4805 18
    endloop
  endfacet
  facet normal 0.933 -0.359875 -1.75146e-18
    outer loop
      vertex -15.7164 11.4805 4
      vertex -16.2463 10.1067 18
      vertex -16.2463 10.1067 4
    endloop
  endfacet
  facet normal 0.914206 -0.40525 -3.83847e-20
    outer loop
      vertex -15.7164 11.4805 18
      vertex -15.1197 12.8266 4
      vertex -15.1197 12.8266 18
    endloop
  endfacet
  facet normal 0.914206 -0.40525 -3.83847e-20
    outer loop
      vertex -15.1197 12.8266 4
      vertex -15.7164 11.4805 18
      vertex -15.7164 11.4805 4
    endloop
  endfacet
  facet normal 0.893215 -0.44963 -1.60186e-18
    outer loop
      vertex -15.1197 12.8266 18
      vertex -14.4576 14.1419 4
      vertex -14.4576 14.1419 18
    endloop
  endfacet
  facet normal 0.893215 -0.44963 -1.60186e-18
    outer loop
      vertex -14.4576 14.1419 4
      vertex -15.1197 12.8266 18
      vertex -15.1197 12.8266 4
    endloop
  endfacet
  facet normal 0.870113 -0.492851 2.61149e-18
    outer loop
      vertex -14.4576 14.1419 18
      vertex -13.7319 15.4231 4
      vertex -13.7319 15.4231 18
    endloop
  endfacet
  facet normal 0.870113 -0.492851 2.61149e-18
    outer loop
      vertex -13.7319 15.4231 4
      vertex -14.4576 14.1419 18
      vertex -14.4576 14.1419 4
    endloop
  endfacet
  facet normal 0.84484 -0.53502 1.76318e-18
    outer loop
      vertex -13.7319 15.4231 18
      vertex -12.9441 16.6671 4
      vertex -12.9441 16.6671 18
    endloop
  endfacet
  facet normal 0.84484 -0.53502 1.76318e-18
    outer loop
      vertex -12.9441 16.6671 4
      vertex -13.7319 15.4231 18
      vertex -13.7319 15.4231 4
    endloop
  endfacet
  facet normal 0.817579 -0.575816 3.86074e-18
    outer loop
      vertex -12.9441 16.6671 18
      vertex -12.0962 17.871 4
      vertex -12.0962 17.871 18
    endloop
  endfacet
  facet normal 0.817579 -0.575816 3.86074e-18
    outer loop
      vertex -12.0962 17.871 4
      vertex -12.9441 16.6671 18
      vertex -12.9441 16.6671 4
    endloop
  endfacet
  facet normal 0.788346 -0.615233 -1.18577e-18
    outer loop
      vertex -12.0962 17.871 18
      vertex -11.1903 19.0318 4
      vertex -11.1903 19.0318 18
    endloop
  endfacet
  facet normal 0.788346 -0.615233 -1.18577e-18
    outer loop
      vertex -11.1903 19.0318 4
      vertex -12.0962 17.871 18
      vertex -12.0962 17.871 4
    endloop
  endfacet
  facet normal 0.757211 -0.653171 -2.27345e-18
    outer loop
      vertex -11.1903 19.0318 18
      vertex -10.2285 20.1468 4
      vertex -10.2285 20.1468 18
    endloop
  endfacet
  facet normal 0.757211 -0.653171 -2.27345e-18
    outer loop
      vertex -10.2285 20.1468 4
      vertex -11.1903 19.0318 18
      vertex -11.1903 19.0318 4
    endloop
  endfacet
  facet normal 0.724246 -0.689542 3.26705e-18
    outer loop
      vertex -10.2285 20.1468 18
      vertex -9.2132 21.2132 4
      vertex -9.2132 21.2132 18
    endloop
  endfacet
  facet normal 0.724246 -0.689542 3.26705e-18
    outer loop
      vertex -9.2132 21.2132 4
      vertex -10.2285 20.1468 18
      vertex -10.2285 20.1468 4
    endloop
  endfacet
  facet normal 0.689528 -0.724259 0
    outer loop
      vertex -9.2132 21.2132 4
      vertex -8.14676 22.2285 18
      vertex -9.2132 21.2132 18
    endloop
  endfacet
  facet normal 0.689528 -0.724259 0
    outer loop
      vertex -8.14676 22.2285 18
      vertex -9.2132 21.2132 4
      vertex -8.14676 22.2285 4
    endloop
  endfacet
  facet normal 0.653177 -0.757205 0
    outer loop
      vertex -8.14676 22.2285 4
      vertex -7.03178 23.1903 18
      vertex -8.14676 22.2285 18
    endloop
  endfacet
  facet normal 0.653177 -0.757205 0
    outer loop
      vertex -7.03178 23.1903 18
      vertex -8.14676 22.2285 4
      vertex -7.03178 23.1903 4
    endloop
  endfacet
  facet normal 0.615229 -0.788348 0
    outer loop
      vertex -7.03178 23.1903 4
      vertex -5.87097 24.0962 18
      vertex -7.03178 23.1903 18
    endloop
  endfacet
  facet normal 0.615229 -0.788348 0
    outer loop
      vertex -5.87097 24.0962 18
      vertex -7.03178 23.1903 4
      vertex -5.87097 24.0962 4
    endloop
  endfacet
  facet normal 0.575826 -0.817572 0
    outer loop
      vertex -5.87097 24.0962 4
      vertex -4.6671 24.9441 18
      vertex -5.87097 24.0962 18
    endloop
  endfacet
  facet normal 0.575826 -0.817572 0
    outer loop
      vertex -4.6671 24.9441 18
      vertex -5.87097 24.0962 4
      vertex -4.6671 24.9441 4
    endloop
  endfacet
  facet normal 0.535014 -0.844843 0
    outer loop
      vertex -4.6671 24.9441 4
      vertex -3.42308 25.7319 18
      vertex -4.6671 24.9441 18
    endloop
  endfacet
  facet normal 0.535014 -0.844843 0
    outer loop
      vertex -3.42308 25.7319 18
      vertex -4.6671 24.9441 4
      vertex -3.42308 25.7319 4
    endloop
  endfacet
  facet normal 0.492854 -0.870112 0
    outer loop
      vertex -3.42308 25.7319 4
      vertex -2.14189 26.4576 18
      vertex -3.42308 25.7319 18
    endloop
  endfacet
  facet normal 0.492854 -0.870112 0
    outer loop
      vertex -2.14189 26.4576 18
      vertex -3.42308 25.7319 4
      vertex -2.14189 26.4576 4
    endloop
  endfacet
  facet normal 0.449645 -0.893208 0
    outer loop
      vertex -2.14189 26.4576 4
      vertex -0.826645 27.1197 18
      vertex -2.14189 26.4576 18
    endloop
  endfacet
  facet normal 0.449645 -0.893208 0
    outer loop
      vertex -0.826645 27.1197 18
      vertex -2.14189 26.4576 4
      vertex -0.826645 27.1197 4
    endloop
  endfacet
  facet normal 0.405242 -0.914209 0
    outer loop
      vertex -0.826645 27.1197 4
      vertex 0.519485 27.7164 18
      vertex -0.826645 27.1197 18
    endloop
  endfacet
  facet normal 0.405242 -0.914209 0
    outer loop
      vertex 0.519485 27.7164 18
      vertex -0.826645 27.1197 4
      vertex 0.519485 27.7164 4
    endloop
  endfacet
  facet normal 0.359872 -0.933002 0
    outer loop
      vertex 0.519485 27.7164 4
      vertex 1.8933 28.2463 18
      vertex 0.519485 27.7164 18
    endloop
  endfacet
  facet normal 0.359872 -0.933002 0
    outer loop
      vertex 1.8933 28.2463 18
      vertex 0.519485 27.7164 4
      vertex 1.8933 28.2463 4
    endloop
  endfacet
  facet normal 0.313688 -0.949526 0
    outer loop
      vertex 1.8933 28.2463 4
      vertex 3.29146 28.7082 18
      vertex 1.8933 28.2463 18
    endloop
  endfacet
  facet normal 0.313688 -0.949526 0
    outer loop
      vertex 3.29146 28.7082 18
      vertex 1.8933 28.2463 4
      vertex 3.29146 28.7082 4
    endloop
  endfacet
  facet normal 0.266696 -0.963781 0
    outer loop
      vertex 3.29146 28.7082 4
      vertex 4.71059 29.1009 18
      vertex 3.29146 28.7082 18
    endloop
  endfacet
  facet normal 0.266696 -0.963781 0
    outer loop
      vertex 4.71059 29.1009 18
      vertex 3.29146 28.7082 4
      vertex 4.71059 29.1009 4
    endloop
  endfacet
  facet normal 0.219153 -0.97569 0
    outer loop
      vertex 4.71059 29.1009 4
      vertex 6.14728 29.4236 18
      vertex 4.71059 29.1009 18
    endloop
  endfacet
  facet normal 0.219153 -0.97569 0
    outer loop
      vertex 6.14728 29.4236 18
      vertex 4.71059 29.1009 4
      vertex 6.14728 29.4236 4
    endloop
  endfacet
  facet normal 0.170937 -0.985282 0
    outer loop
      vertex 6.14728 29.4236 4
      vertex 7.59808 29.6753 18
      vertex 6.14728 29.4236 18
    endloop
  endfacet
  facet normal 0.170937 -0.985282 0
    outer loop
      vertex 7.59808 29.6753 18
      vertex 6.14728 29.4236 4
      vertex 7.59808 29.6753 4
    endloop
  endfacet
  facet normal 0.12238 -0.992483 0
    outer loop
      vertex 7.59808 29.6753 4
      vertex 9.05948 29.8555 18
      vertex 7.59808 29.6753 18
    endloop
  endfacet
  facet normal 0.12238 -0.992483 0
    outer loop
      vertex 9.05948 29.8555 18
      vertex 7.59808 29.6753 4
      vertex 9.05948 29.8555 4
    endloop
  endfacet
  facet normal 0.0736155 -0.997287 0
    outer loop
      vertex 9.05948 29.8555 4
      vertex 10.528 29.9639 18
      vertex 9.05948 29.8555 18
    endloop
  endfacet
  facet normal 0.0736155 -0.997287 0
    outer loop
      vertex 10.528 29.9639 18
      vertex 9.05948 29.8555 4
      vertex 10.528 29.9639 4
    endloop
  endfacet
  facet normal 0.0245171 -0.999699 0
    outer loop
      vertex 10.528 29.9639 4
      vertex 12 30 18
      vertex 10.528 29.9639 18
    endloop
  endfacet
  facet normal 0.0245171 -0.999699 0
    outer loop
      vertex 12 30 18
      vertex 10.528 29.9639 4
      vertex 12 30 4
    endloop
  endfacet
  facet normal -0.0245171 -0.999699 0
    outer loop
      vertex 12 30 4
      vertex 13.472 29.9639 18
      vertex 12 30 18
    endloop
  endfacet
  facet normal -0.0245171 -0.999699 -0
    outer loop
      vertex 13.472 29.9639 18
      vertex 12 30 4
      vertex 13.472 29.9639 4
    endloop
  endfacet
  facet normal -0.0736165 -0.997287 0
    outer loop
      vertex 13.472 29.9639 4
      vertex 14.9405 29.8555 18
      vertex 13.472 29.9639 18
    endloop
  endfacet
  facet normal -0.0736165 -0.997287 -0
    outer loop
      vertex 14.9405 29.8555 18
      vertex 13.472 29.9639 4
      vertex 14.9405 29.8555 4
    endloop
  endfacet
  facet normal -0.12238 -0.992483 0
    outer loop
      vertex 14.9405 29.8555 4
      vertex 16.4019 29.6753 18
      vertex 14.9405 29.8555 18
    endloop
  endfacet
  facet normal -0.12238 -0.992483 -0
    outer loop
      vertex 16.4019 29.6753 18
      vertex 14.9405 29.8555 4
      vertex 16.4019 29.6753 4
    endloop
  endfacet
  facet normal -0.170937 -0.985282 0
    outer loop
      vertex 16.4019 29.6753 4
      vertex 17.8527 29.4236 18
      vertex 16.4019 29.6753 18
    endloop
  endfacet
  facet normal -0.170937 -0.985282 -0
    outer loop
      vertex 17.8527 29.4236 18
      vertex 16.4019 29.6753 4
      vertex 17.8527 29.4236 4
    endloop
  endfacet
  facet normal -0.219152 -0.975691 0
    outer loop
      vertex 17.8527 29.4236 4
      vertex 19.2894 29.1009 18
      vertex 17.8527 29.4236 18
    endloop
  endfacet
  facet normal -0.219152 -0.975691 -0
    outer loop
      vertex 19.2894 29.1009 18
      vertex 17.8527 29.4236 4
      vertex 19.2894 29.1009 4
    endloop
  endfacet
  facet normal -0.266701 -0.963779 0
    outer loop
      vertex 19.2894 29.1009 4
      vertex 20.7085 28.7082 18
      vertex 19.2894 29.1009 18
    endloop
  endfacet
  facet normal -0.266701 -0.963779 -0
    outer loop
      vertex 20.7085 28.7082 18
      vertex 19.2894 29.1009 4
      vertex 20.7085 28.7082 4
    endloop
  endfacet
  facet normal -0.31368 -0.949529 0
    outer loop
      vertex 20.7085 28.7082 4
      vertex 22.1067 28.2463 18
      vertex 20.7085 28.7082 18
    endloop
  endfacet
  facet normal -0.31368 -0.949529 -0
    outer loop
      vertex 22.1067 28.2463 18
      vertex 20.7085 28.7082 4
      vertex 22.1067 28.2463 4
    endloop
  endfacet
  facet normal -0.359818 -0.933022 0
    outer loop
      vertex 22.1067 28.2463 4
      vertex 22.4941 28.0969 18
      vertex 22.1067 28.2463 18
    endloop
  endfacet
  facet normal -0.359818 -0.933022 -0
    outer loop
      vertex 22.4941 28.0969 18
      vertex 22.1067 28.2463 4
      vertex 22.4941 28.0969 4
    endloop
  endfacet
  facet normal 0.615246 0.788335 -0
    outer loop
      vertex 22.4941 28.0969 4
      vertex 21.4452 28.9155 18
      vertex 22.4941 28.0969 18
    endloop
  endfacet
  facet normal 0.615246 0.788335 0
    outer loop
      vertex 21.4452 28.9155 18
      vertex 22.4941 28.0969 4
      vertex 21.4452 28.9155 4
    endloop
  endfacet
  facet normal 0.575781 0.817604 -0
    outer loop
      vertex 21.4452 28.9155 4
      vertex 20.0005 29.9329 18
      vertex 21.4452 28.9155 18
    endloop
  endfacet
  facet normal 0.575781 0.817604 0
    outer loop
      vertex 20.0005 29.9329 18
      vertex 21.4452 28.9155 4
      vertex 20.0005 29.9329 4
    endloop
  endfacet
  facet normal 0.534996 0.844855 -0
    outer loop
      vertex 20.0005 29.9329 4
      vertex 18.5077 30.8782 18
      vertex 20.0005 29.9329 18
    endloop
  endfacet
  facet normal 0.534996 0.844855 0
    outer loop
      vertex 18.5077 30.8782 18
      vertex 20.0005 29.9329 4
      vertex 18.5077 30.8782 4
    endloop
  endfacet
  facet normal 0.49293 0.870069 -0
    outer loop
      vertex 18.5077 30.8782 4
      vertex 16.9703 31.7492 18
      vertex 18.5077 30.8782 18
    endloop
  endfacet
  facet normal 0.49293 0.870069 0
    outer loop
      vertex 16.9703 31.7492 18
      vertex 18.5077 30.8782 4
      vertex 16.9703 31.7492 4
    endloop
  endfacet
  facet normal 0.449589 0.893236 -0
    outer loop
      vertex 16.9703 31.7492 4
      vertex 15.392 32.5436 18
      vertex 16.9703 31.7492 18
    endloop
  endfacet
  facet normal 0.449589 0.893236 0
    outer loop
      vertex 15.392 32.5436 18
      vertex 16.9703 31.7492 4
      vertex 15.392 32.5436 4
    endloop
  endfacet
  facet normal 0.405261 0.914201 -0
    outer loop
      vertex 15.392 32.5436 4
      vertex 13.7766 33.2597 18
      vertex 15.392 32.5436 18
    endloop
  endfacet
  facet normal 0.405261 0.914201 0
    outer loop
      vertex 13.7766 33.2597 18
      vertex 15.392 32.5436 4
      vertex 13.7766 33.2597 4
    endloop
  endfacet
  facet normal 0.359878 0.932999 -0
    outer loop
      vertex 13.7766 33.2597 4
      vertex 12.128 33.8956 18
      vertex 13.7766 33.2597 18
    endloop
  endfacet
  facet normal 0.359878 0.932999 0
    outer loop
      vertex 12.128 33.8956 18
      vertex 13.7766 33.2597 4
      vertex 12.128 33.8956 4
    endloop
  endfacet
  facet normal 0.313646 0.94954 -0
    outer loop
      vertex 12.128 33.8956 4
      vertex 10.4502 34.4498 18
      vertex 12.128 33.8956 18
    endloop
  endfacet
  facet normal 0.313646 0.94954 0
    outer loop
      vertex 10.4502 34.4498 18
      vertex 12.128 33.8956 4
      vertex 10.4502 34.4498 4
    endloop
  endfacet
  facet normal 0.266733 0.96377 -0
    outer loop
      vertex 10.4502 34.4498 4
      vertex 8.74728 34.9211 18
      vertex 10.4502 34.4498 18
    endloop
  endfacet
  facet normal 0.266733 0.96377 0
    outer loop
      vertex 8.74728 34.9211 18
      vertex 10.4502 34.4498 4
      vertex 8.74728 34.9211 4
    endloop
  endfacet
  facet normal 0.21913 0.975696 -0
    outer loop
      vertex 8.74728 34.9211 4
      vertex 7.02324 35.3083 18
      vertex 8.74728 34.9211 18
    endloop
  endfacet
  facet normal 0.21913 0.975696 0
    outer loop
      vertex 7.02324 35.3083 18
      vertex 8.74728 34.9211 4
      vertex 7.02324 35.3083 4
    endloop
  endfacet
  facet normal 0.170971 0.985276 -0
    outer loop
      vertex 7.02324 35.3083 4
      vertex 5.28229 35.6104 18
      vertex 7.02324 35.3083 18
    endloop
  endfacet
  facet normal 0.170971 0.985276 0
    outer loop
      vertex 5.28229 35.6104 18
      vertex 7.02324 35.3083 4
      vertex 5.28229 35.6104 4
    endloop
  endfacet
  facet normal 0.122357 0.992486 -0
    outer loop
      vertex 5.28229 35.6104 4
      vertex 3.52861 35.8266 18
      vertex 5.28229 35.6104 18
    endloop
  endfacet
  facet normal 0.122357 0.992486 0
    outer loop
      vertex 3.52861 35.8266 18
      vertex 5.28229 35.6104 4
      vertex 3.52861 35.8266 4
    endloop
  endfacet
  facet normal 0.0735723 0.99729 -0
    outer loop
      vertex 3.52861 35.8266 4
      vertex 1.76643 35.9566 18
      vertex 3.52861 35.8266 18
    endloop
  endfacet
  facet normal 0.0735723 0.99729 0
    outer loop
      vertex 1.76643 35.9566 18
      vertex 3.52861 35.8266 4
      vertex 1.76643 35.9566 4
    endloop
  endfacet
  facet normal 0.0245619 0.999698 -0
    outer loop
      vertex 1.76643 35.9566 4
      vertex 0 36 18
      vertex 1.76643 35.9566 18
    endloop
  endfacet
  facet normal 0.0245619 0.999698 0
    outer loop
      vertex 0 36 18
      vertex 1.76643 35.9566 4
      vertex 0 36 4
    endloop
  endfacet
  facet normal -0.0245619 0.999698 0
    outer loop
      vertex 0 36 4
      vertex -1.76643 35.9566 18
      vertex 0 36 18
    endloop
  endfacet
  facet normal -0.0245619 0.999698 0
    outer loop
      vertex -1.76643 35.9566 18
      vertex 0 36 4
      vertex -1.76643 35.9566 4
    endloop
  endfacet
  facet normal -0.0735723 0.99729 0
    outer loop
      vertex -1.76643 35.9566 4
      vertex -3.52861 35.8266 18
      vertex -1.76643 35.9566 18
    endloop
  endfacet
  facet normal -0.0735723 0.99729 0
    outer loop
      vertex -3.52861 35.8266 18
      vertex -1.76643 35.9566 4
      vertex -3.52861 35.8266 4
    endloop
  endfacet
  facet normal -0.122357 0.992486 0
    outer loop
      vertex -3.52861 35.8266 4
      vertex -5.28229 35.6104 18
      vertex -3.52861 35.8266 18
    endloop
  endfacet
  facet normal -0.122357 0.992486 0
    outer loop
      vertex -5.28229 35.6104 18
      vertex -3.52861 35.8266 4
      vertex -5.28229 35.6104 4
    endloop
  endfacet
  facet normal -0.170971 0.985276 0
    outer loop
      vertex -5.28229 35.6104 4
      vertex -7.02324 35.3083 18
      vertex -5.28229 35.6104 18
    endloop
  endfacet
  facet normal -0.170971 0.985276 0
    outer loop
      vertex -7.02324 35.3083 18
      vertex -5.28229 35.6104 4
      vertex -7.02324 35.3083 4
    endloop
  endfacet
  facet normal -0.21913 0.975696 0
    outer loop
      vertex -7.02324 35.3083 4
      vertex -8.74728 34.9211 18
      vertex -7.02324 35.3083 18
    endloop
  endfacet
  facet normal -0.21913 0.975696 0
    outer loop
      vertex -8.74728 34.9211 18
      vertex -7.02324 35.3083 4
      vertex -8.74728 34.9211 4
    endloop
  endfacet
  facet normal -0.266733 0.96377 0
    outer loop
      vertex -8.74728 34.9211 4
      vertex -10.4502 34.4498 18
      vertex -8.74728 34.9211 18
    endloop
  endfacet
  facet normal -0.266733 0.96377 0
    outer loop
      vertex -10.4502 34.4498 18
      vertex -8.74728 34.9211 4
      vertex -10.4502 34.4498 4
    endloop
  endfacet
  facet normal -0.313646 0.94954 0
    outer loop
      vertex -10.4502 34.4498 4
      vertex -12.128 33.8956 18
      vertex -10.4502 34.4498 18
    endloop
  endfacet
  facet normal -0.313646 0.94954 0
    outer loop
      vertex -12.128 33.8956 18
      vertex -10.4502 34.4498 4
      vertex -12.128 33.8956 4
    endloop
  endfacet
  facet normal -0.359878 0.932999 0
    outer loop
      vertex -12.128 33.8956 4
      vertex -13.7766 33.2597 18
      vertex -12.128 33.8956 18
    endloop
  endfacet
  facet normal -0.359878 0.932999 0
    outer loop
      vertex -13.7766 33.2597 18
      vertex -12.128 33.8956 4
      vertex -13.7766 33.2597 4
    endloop
  endfacet
  facet normal -0.405261 0.914201 0
    outer loop
      vertex -13.7766 33.2597 4
      vertex -15.392 32.5436 18
      vertex -13.7766 33.2597 18
    endloop
  endfacet
  facet normal -0.405261 0.914201 0
    outer loop
      vertex -15.392 32.5436 18
      vertex -13.7766 33.2597 4
      vertex -15.392 32.5436 4
    endloop
  endfacet
  facet normal -0.449589 0.893236 0
    outer loop
      vertex -15.392 32.5436 4
      vertex -16.9703 31.7492 18
      vertex -15.392 32.5436 18
    endloop
  endfacet
  facet normal -0.449589 0.893236 0
    outer loop
      vertex -16.9703 31.7492 18
      vertex -15.392 32.5436 4
      vertex -16.9703 31.7492 4
    endloop
  endfacet
  facet normal -0.49293 0.870069 0
    outer loop
      vertex -16.9703 31.7492 4
      vertex -18.5077 30.8782 18
      vertex -16.9703 31.7492 18
    endloop
  endfacet
  facet normal -0.49293 0.870069 0
    outer loop
      vertex -18.5077 30.8782 18
      vertex -16.9703 31.7492 4
      vertex -18.5077 30.8782 4
    endloop
  endfacet
  facet normal -0.534996 0.844855 0
    outer loop
      vertex -18.5077 30.8782 4
      vertex -20.0005 29.9329 18
      vertex -18.5077 30.8782 18
    endloop
  endfacet
  facet normal -0.534996 0.844855 0
    outer loop
      vertex -20.0005 29.9329 18
      vertex -18.5077 30.8782 4
      vertex -20.0005 29.9329 4
    endloop
  endfacet
  facet normal -0.575781 0.817604 0
    outer loop
      vertex -20.0005 29.9329 4
      vertex -21.4452 28.9155 18
      vertex -20.0005 29.9329 18
    endloop
  endfacet
  facet normal -0.575781 0.817604 0
    outer loop
      vertex -21.4452 28.9155 18
      vertex -20.0005 29.9329 4
      vertex -21.4452 28.9155 4
    endloop
  endfacet
  facet normal -0.615229 0.788349 0
    outer loop
      vertex -21.4452 28.9155 4
      vertex -22.8382 27.8284 18
      vertex -21.4452 28.9155 18
    endloop
  endfacet
  facet normal -0.615229 0.788349 0
    outer loop
      vertex -22.8382 27.8284 18
      vertex -21.4452 28.9155 4
      vertex -22.8382 27.8284 4
    endloop
  endfacet
  facet normal -0.653212 0.757175 0
    outer loop
      vertex -22.8382 27.8284 4
      vertex -24.1761 26.6742 18
      vertex -22.8382 27.8284 18
    endloop
  endfacet
  facet normal -0.653212 0.757175 0
    outer loop
      vertex -24.1761 26.6742 18
      vertex -22.8382 27.8284 4
      vertex -24.1761 26.6742 4
    endloop
  endfacet
  facet normal -0.689548 0.72424 0
    outer loop
      vertex -24.1761 26.6742 4
      vertex -25.4558 25.4558 18
      vertex -24.1761 26.6742 18
    endloop
  endfacet
  facet normal -0.689548 0.72424 0
    outer loop
      vertex -25.4558 25.4558 18
      vertex -24.1761 26.6742 4
      vertex -25.4558 25.4558 4
    endloop
  endfacet
  facet normal -0.72424 0.689548 3.21259e-18
    outer loop
      vertex -26.6742 24.1761 4
      vertex -25.4558 25.4558 18
      vertex -25.4558 25.4558 4
    endloop
  endfacet
  facet normal -0.72424 0.689548 3.21259e-18
    outer loop
      vertex -25.4558 25.4558 18
      vertex -26.6742 24.1761 4
      vertex -26.6742 24.1761 18
    endloop
  endfacet
  facet normal -0.757175 0.653212 2.19129e-18
    outer loop
      vertex -27.8284 22.8382 4
      vertex -26.6742 24.1761 18
      vertex -26.6742 24.1761 4
    endloop
  endfacet
  facet normal -0.757175 0.653212 2.19129e-18
    outer loop
      vertex -26.6742 24.1761 18
      vertex -27.8284 22.8382 4
      vertex -27.8284 22.8382 18
    endloop
  endfacet
  facet normal -0.788349 0.615229 -1.83367e-19
    outer loop
      vertex -28.9155 21.4452 4
      vertex -27.8284 22.8382 18
      vertex -27.8284 22.8382 4
    endloop
  endfacet
  facet normal -0.788349 0.615229 -1.83367e-19
    outer loop
      vertex -27.8284 22.8382 18
      vertex -28.9155 21.4452 4
      vertex -28.9155 21.4452 18
    endloop
  endfacet
  facet normal -0.817604 0.575781 4.54281e-20
    outer loop
      vertex -29.9329 20.0005 4
      vertex -28.9155 21.4452 18
      vertex -28.9155 21.4452 4
    endloop
  endfacet
  facet normal -0.817604 0.575781 4.54281e-20
    outer loop
      vertex -28.9155 21.4452 18
      vertex -29.9329 20.0005 4
      vertex -29.9329 20.0005 18
    endloop
  endfacet
  facet normal -0.844855 0.534996 -1.32978e-18
    outer loop
      vertex -30.8782 18.5077 4
      vertex -29.9329 20.0005 18
      vertex -29.9329 20.0005 4
    endloop
  endfacet
  facet normal -0.844855 0.534996 -1.32978e-18
    outer loop
      vertex -29.9329 20.0005 18
      vertex -30.8782 18.5077 4
      vertex -30.8782 18.5077 18
    endloop
  endfacet
  facet normal -0.870069 0.49293 1.64261e-18
    outer loop
      vertex -31.7492 16.9703 4
      vertex -30.8782 18.5077 18
      vertex -30.8782 18.5077 4
    endloop
  endfacet
  facet normal -0.870069 0.49293 1.64261e-18
    outer loop
      vertex -30.8782 18.5077 18
      vertex -31.7492 16.9703 4
      vertex -31.7492 16.9703 18
    endloop
  endfacet
  facet normal -0.893236 0.449589 3.31799e-18
    outer loop
      vertex -32.5436 15.392 4
      vertex -31.7492 16.9703 18
      vertex -31.7492 16.9703 4
    endloop
  endfacet
  facet normal -0.893236 0.449589 3.31799e-18
    outer loop
      vertex -31.7492 16.9703 18
      vertex -32.5436 15.392 4
      vertex -32.5436 15.392 18
    endloop
  endfacet
  facet normal -0.914201 0.405261 3.35499e-18
    outer loop
      vertex -33.2597 13.7766 4
      vertex -32.5436 15.392 18
      vertex -32.5436 15.392 4
    endloop
  endfacet
  facet normal -0.914201 0.405261 3.35499e-18
    outer loop
      vertex -32.5436 15.392 18
      vertex -33.2597 13.7766 4
      vertex -33.2597 13.7766 18
    endloop
  endfacet
  facet normal -0.932999 0.359878 -2.39828e-18
    outer loop
      vertex -33.8956 12.128 4
      vertex -33.2597 13.7766 18
      vertex -33.2597 13.7766 4
    endloop
  endfacet
  facet normal -0.932999 0.359878 -2.39828e-18
    outer loop
      vertex -33.2597 13.7766 18
      vertex -33.8956 12.128 4
      vertex -33.8956 12.128 18
    endloop
  endfacet
  facet normal -0.94954 0.313646 4.28759e-19
    outer loop
      vertex -34.4498 10.4502 4
      vertex -33.8956 12.128 18
      vertex -33.8956 12.128 4
    endloop
  endfacet
  facet normal -0.94954 0.313646 4.28759e-19
    outer loop
      vertex -33.8956 12.128 18
      vertex -34.4498 10.4502 4
      vertex -34.4498 10.4502 18
    endloop
  endfacet
  facet normal -0.96377 0.266733 4.50306e-19
    outer loop
      vertex -34.9211 8.74728 4
      vertex -34.4498 10.4502 18
      vertex -34.4498 10.4502 4
    endloop
  endfacet
  facet normal -0.96377 0.266733 4.50306e-19
    outer loop
      vertex -34.4498 10.4502 18
      vertex -34.9211 8.74728 4
      vertex -34.9211 8.74728 18
    endloop
  endfacet
  facet normal -0.975696 0.21913 1.91483e-18
    outer loop
      vertex -35.3083 7.02324 4
      vertex -34.9211 8.74728 18
      vertex -34.9211 8.74728 4
    endloop
  endfacet
  facet normal -0.975696 0.21913 1.91483e-18
    outer loop
      vertex -34.9211 8.74728 18
      vertex -35.3083 7.02324 4
      vertex -35.3083 7.02324 18
    endloop
  endfacet
  facet normal -0.985276 0.170971 4.63593e-21
    outer loop
      vertex -35.6104 5.28229 4
      vertex -35.3083 7.02324 18
      vertex -35.3083 7.02324 4
    endloop
  endfacet
  facet normal -0.985276 0.170971 4.63593e-21
    outer loop
      vertex -35.3083 7.02324 18
      vertex -35.6104 5.28229 4
      vertex -35.6104 5.28229 18
    endloop
  endfacet
  facet normal -0.992486 0.122357 -3.89791e-19
    outer loop
      vertex -35.8266 3.52861 4
      vertex -35.6104 5.28229 18
      vertex -35.6104 5.28229 4
    endloop
  endfacet
  facet normal -0.992486 0.122357 -3.89791e-19
    outer loop
      vertex -35.6104 5.28229 18
      vertex -35.8266 3.52861 4
      vertex -35.8266 3.52861 18
    endloop
  endfacet
  facet normal -0.99729 0.0735723 4.76949e-20
    outer loop
      vertex -35.9566 1.76643 4
      vertex -35.8266 3.52861 18
      vertex -35.8266 3.52861 4
    endloop
  endfacet
  facet normal -0.99729 0.0735723 4.76949e-20
    outer loop
      vertex -35.8266 3.52861 18
      vertex -35.9566 1.76643 4
      vertex -35.9566 1.76643 18
    endloop
  endfacet
  facet normal -0.999698 0.0245619 -1.01957e-19
    outer loop
      vertex -36 0 4
      vertex -35.9566 1.76643 18
      vertex -35.9566 1.76643 4
    endloop
  endfacet
  facet normal -0.999698 0.0245619 -1.01957e-19
    outer loop
      vertex -35.9566 1.76643 18
      vertex -36 0 4
      vertex -36 0 18
    endloop
  endfacet
  facet normal -0.999698 -0.0245619 1.01957e-19
    outer loop
      vertex -35.9566 -1.76643 4
      vertex -36 0 18
      vertex -36 0 4
    endloop
  endfacet
  facet normal -0.999698 -0.0245619 1.01957e-19
    outer loop
      vertex -36 0 18
      vertex -35.9566 -1.76643 4
      vertex -35.9566 -1.76643 18
    endloop
  endfacet
  facet normal -0.99729 -0.0735723 -4.76949e-20
    outer loop
      vertex -35.8266 -3.52861 4
      vertex -35.9566 -1.76643 18
      vertex -35.9566 -1.76643 4
    endloop
  endfacet
  facet normal -0.99729 -0.0735723 -4.76949e-20
    outer loop
      vertex -35.9566 -1.76643 18
      vertex -35.8266 -3.52861 4
      vertex -35.8266 -3.52861 18
    endloop
  endfacet
  facet normal -0.992486 -0.122357 3.89791e-19
    outer loop
      vertex -35.6104 -5.28229 4
      vertex -35.8266 -3.52861 18
      vertex -35.8266 -3.52861 4
    endloop
  endfacet
  facet normal -0.992486 -0.122357 3.89791e-19
    outer loop
      vertex -35.8266 -3.52861 18
      vertex -35.6104 -5.28229 4
      vertex -35.6104 -5.28229 18
    endloop
  endfacet
  facet normal -0.985276 -0.170971 -4.63593e-21
    outer loop
      vertex -35.3083 -7.02324 4
      vertex -35.6104 -5.28229 18
      vertex -35.6104 -5.28229 4
    endloop
  endfacet
  facet normal -0.985276 -0.170971 -4.63593e-21
    outer loop
      vertex -35.6104 -5.28229 18
      vertex -35.3083 -7.02324 4
      vertex -35.3083 -7.02324 18
    endloop
  endfacet
  facet normal -0.975696 -0.21913 -1.91483e-18
    outer loop
      vertex -34.9211 -8.74728 4
      vertex -35.3083 -7.02324 18
      vertex -35.3083 -7.02324 4
    endloop
  endfacet
  facet normal -0.975696 -0.21913 -1.91483e-18
    outer loop
      vertex -35.3083 -7.02324 18
      vertex -34.9211 -8.74728 4
      vertex -34.9211 -8.74728 18
    endloop
  endfacet
  facet normal -0.96377 -0.266733 -4.50306e-19
    outer loop
      vertex -34.4498 -10.4502 4
      vertex -34.9211 -8.74728 18
      vertex -34.9211 -8.74728 4
    endloop
  endfacet
  facet normal -0.96377 -0.266733 -4.50306e-19
    outer loop
      vertex -34.9211 -8.74728 18
      vertex -34.4498 -10.4502 4
      vertex -34.4498 -10.4502 18
    endloop
  endfacet
  facet normal -0.94954 -0.313646 -4.28759e-19
    outer loop
      vertex -33.8956 -12.128 4
      vertex -34.4498 -10.4502 18
      vertex -34.4498 -10.4502 4
    endloop
  endfacet
  facet normal -0.94954 -0.313646 -4.28759e-19
    outer loop
      vertex -34.4498 -10.4502 18
      vertex -33.8956 -12.128 4
      vertex -33.8956 -12.128 18
    endloop
  endfacet
  facet normal -0.932999 -0.359878 2.39828e-18
    outer loop
      vertex -33.2597 -13.7766 4
      vertex -33.8956 -12.128 18
      vertex -33.8956 -12.128 4
    endloop
  endfacet
  facet normal -0.932999 -0.359878 2.39828e-18
    outer loop
      vertex -33.8956 -12.128 18
      vertex -33.2597 -13.7766 4
      vertex -33.2597 -13.7766 18
    endloop
  endfacet
  facet normal -0.914201 -0.405261 -3.35499e-18
    outer loop
      vertex -32.5436 -15.392 4
      vertex -33.2597 -13.7766 18
      vertex -33.2597 -13.7766 4
    endloop
  endfacet
  facet normal -0.914201 -0.405261 -3.35499e-18
    outer loop
      vertex -33.2597 -13.7766 18
      vertex -32.5436 -15.392 4
      vertex -32.5436 -15.392 18
    endloop
  endfacet
  facet normal -0.893236 -0.449589 -3.31799e-18
    outer loop
      vertex -31.7492 -16.9703 4
      vertex -32.5436 -15.392 18
      vertex -32.5436 -15.392 4
    endloop
  endfacet
  facet normal -0.893236 -0.449589 -3.31799e-18
    outer loop
      vertex -32.5436 -15.392 18
      vertex -31.7492 -16.9703 4
      vertex -31.7492 -16.9703 18
    endloop
  endfacet
  facet normal -0.870069 -0.49293 -1.64261e-18
    outer loop
      vertex -30.8782 -18.5077 4
      vertex -31.7492 -16.9703 18
      vertex -31.7492 -16.9703 4
    endloop
  endfacet
  facet normal -0.870069 -0.49293 -1.64261e-18
    outer loop
      vertex -31.7492 -16.9703 18
      vertex -30.8782 -18.5077 4
      vertex -30.8782 -18.5077 18
    endloop
  endfacet
  facet normal -0.844855 -0.534996 1.32978e-18
    outer loop
      vertex -29.9329 -20.0005 4
      vertex -30.8782 -18.5077 18
      vertex -30.8782 -18.5077 4
    endloop
  endfacet
  facet normal -0.844855 -0.534996 1.32978e-18
    outer loop
      vertex -30.8782 -18.5077 18
      vertex -29.9329 -20.0005 4
      vertex -29.9329 -20.0005 18
    endloop
  endfacet
  facet normal -0.817604 -0.575781 -4.54281e-20
    outer loop
      vertex -28.9155 -21.4452 4
      vertex -29.9329 -20.0005 18
      vertex -29.9329 -20.0005 4
    endloop
  endfacet
  facet normal -0.817604 -0.575781 -4.54281e-20
    outer loop
      vertex -29.9329 -20.0005 18
      vertex -28.9155 -21.4452 4
      vertex -28.9155 -21.4452 18
    endloop
  endfacet
  facet normal -0.788349 -0.615229 1.83367e-19
    outer loop
      vertex -27.8284 -22.8382 4
      vertex -28.9155 -21.4452 18
      vertex -28.9155 -21.4452 4
    endloop
  endfacet
  facet normal -0.788349 -0.615229 1.83367e-19
    outer loop
      vertex -28.9155 -21.4452 18
      vertex -27.8284 -22.8382 4
      vertex -27.8284 -22.8382 18
    endloop
  endfacet
  facet normal -0.757175 -0.653212 -2.19129e-18
    outer loop
      vertex -26.6742 -24.1761 4
      vertex -27.8284 -22.8382 18
      vertex -27.8284 -22.8382 4
    endloop
  endfacet
  facet normal -0.757175 -0.653212 -2.19129e-18
    outer loop
      vertex -27.8284 -22.8382 18
      vertex -26.6742 -24.1761 4
      vertex -26.6742 -24.1761 18
    endloop
  endfacet
  facet normal -0.72424 -0.689548 -3.21259e-18
    outer loop
      vertex -25.4558 -25.4558 4
      vertex -26.6742 -24.1761 18
      vertex -26.6742 -24.1761 4
    endloop
  endfacet
  facet normal -0.72424 -0.689548 -3.21259e-18
    outer loop
      vertex -26.6742 -24.1761 18
      vertex -25.4558 -25.4558 4
      vertex -25.4558 -25.4558 18
    endloop
  endfacet
  facet normal -0.689548 -0.72424 0
    outer loop
      vertex -25.4558 -25.4558 4
      vertex -24.1761 -26.6742 18
      vertex -25.4558 -25.4558 18
    endloop
  endfacet
  facet normal -0.689548 -0.72424 -0
    outer loop
      vertex -24.1761 -26.6742 18
      vertex -25.4558 -25.4558 4
      vertex -24.1761 -26.6742 4
    endloop
  endfacet
  facet normal -0.653212 -0.757175 0
    outer loop
      vertex -24.1761 -26.6742 4
      vertex -22.8382 -27.8284 18
      vertex -24.1761 -26.6742 18
    endloop
  endfacet
  facet normal -0.653212 -0.757175 -0
    outer loop
      vertex -22.8382 -27.8284 18
      vertex -24.1761 -26.6742 4
      vertex -22.8382 -27.8284 4
    endloop
  endfacet
  facet normal -0.615229 -0.788349 0
    outer loop
      vertex -22.8382 -27.8284 4
      vertex -21.4452 -28.9155 18
      vertex -22.8382 -27.8284 18
    endloop
  endfacet
  facet normal -0.615229 -0.788349 -0
    outer loop
      vertex -21.4452 -28.9155 18
      vertex -22.8382 -27.8284 4
      vertex -21.4452 -28.9155 4
    endloop
  endfacet
  facet normal -0.575781 -0.817604 0
    outer loop
      vertex -21.4452 -28.9155 4
      vertex -20.0005 -29.9329 18
      vertex -21.4452 -28.9155 18
    endloop
  endfacet
  facet normal -0.575781 -0.817604 -0
    outer loop
      vertex -20.0005 -29.9329 18
      vertex -21.4452 -28.9155 4
      vertex -20.0005 -29.9329 4
    endloop
  endfacet
  facet normal -0.534996 -0.844855 0
    outer loop
      vertex -20.0005 -29.9329 4
      vertex -18.5077 -30.8782 18
      vertex -20.0005 -29.9329 18
    endloop
  endfacet
  facet normal -0.534996 -0.844855 -0
    outer loop
      vertex -18.5077 -30.8782 18
      vertex -20.0005 -29.9329 4
      vertex -18.5077 -30.8782 4
    endloop
  endfacet
  facet normal -0.49293 -0.870069 0
    outer loop
      vertex -18.5077 -30.8782 4
      vertex -16.9703 -31.7492 18
      vertex -18.5077 -30.8782 18
    endloop
  endfacet
  facet normal -0.49293 -0.870069 -0
    outer loop
      vertex -16.9703 -31.7492 18
      vertex -18.5077 -30.8782 4
      vertex -16.9703 -31.7492 4
    endloop
  endfacet
  facet normal -0.449589 -0.893236 0
    outer loop
      vertex -16.9703 -31.7492 4
      vertex -15.392 -32.5436 18
      vertex -16.9703 -31.7492 18
    endloop
  endfacet
  facet normal -0.449589 -0.893236 -0
    outer loop
      vertex -15.392 -32.5436 18
      vertex -16.9703 -31.7492 4
      vertex -15.392 -32.5436 4
    endloop
  endfacet
  facet normal -0.405261 -0.914201 0
    outer loop
      vertex -15.392 -32.5436 4
      vertex -13.7766 -33.2597 18
      vertex -15.392 -32.5436 18
    endloop
  endfacet
  facet normal -0.405261 -0.914201 -0
    outer loop
      vertex -13.7766 -33.2597 18
      vertex -15.392 -32.5436 4
      vertex -13.7766 -33.2597 4
    endloop
  endfacet
  facet normal -0.359878 -0.932999 0
    outer loop
      vertex -13.7766 -33.2597 4
      vertex -12.128 -33.8956 18
      vertex -13.7766 -33.2597 18
    endloop
  endfacet
  facet normal -0.359878 -0.932999 -0
    outer loop
      vertex -12.128 -33.8956 18
      vertex -13.7766 -33.2597 4
      vertex -12.128 -33.8956 4
    endloop
  endfacet
  facet normal -0.313646 -0.94954 0
    outer loop
      vertex -12.128 -33.8956 4
      vertex -10.4502 -34.4498 18
      vertex -12.128 -33.8956 18
    endloop
  endfacet
  facet normal -0.313646 -0.94954 -0
    outer loop
      vertex -10.4502 -34.4498 18
      vertex -12.128 -33.8956 4
      vertex -10.4502 -34.4498 4
    endloop
  endfacet
  facet normal -0.266733 -0.96377 0
    outer loop
      vertex -10.4502 -34.4498 4
      vertex -8.74728 -34.9211 18
      vertex -10.4502 -34.4498 18
    endloop
  endfacet
  facet normal -0.266733 -0.96377 -0
    outer loop
      vertex -8.74728 -34.9211 18
      vertex -10.4502 -34.4498 4
      vertex -8.74728 -34.9211 4
    endloop
  endfacet
  facet normal -0.21913 -0.975696 0
    outer loop
      vertex -8.74728 -34.9211 4
      vertex -7.02324 -35.3083 18
      vertex -8.74728 -34.9211 18
    endloop
  endfacet
  facet normal -0.21913 -0.975696 -0
    outer loop
      vertex -7.02324 -35.3083 18
      vertex -8.74728 -34.9211 4
      vertex -7.02324 -35.3083 4
    endloop
  endfacet
  facet normal -0.170971 -0.985276 0
    outer loop
      vertex -7.02324 -35.3083 4
      vertex -5.28229 -35.6104 18
      vertex -7.02324 -35.3083 18
    endloop
  endfacet
  facet normal -0.170971 -0.985276 -0
    outer loop
      vertex -5.28229 -35.6104 18
      vertex -7.02324 -35.3083 4
      vertex -5.28229 -35.6104 4
    endloop
  endfacet
  facet normal -0.122357 -0.992486 0
    outer loop
      vertex -5.28229 -35.6104 4
      vertex -3.52861 -35.8266 18
      vertex -5.28229 -35.6104 18
    endloop
  endfacet
  facet normal -0.122357 -0.992486 -0
    outer loop
      vertex -3.52861 -35.8266 18
      vertex -5.28229 -35.6104 4
      vertex -3.52861 -35.8266 4
    endloop
  endfacet
  facet normal -0.0735723 -0.99729 0
    outer loop
      vertex -3.52861 -35.8266 4
      vertex -1.76643 -35.9566 18
      vertex -3.52861 -35.8266 18
    endloop
  endfacet
  facet normal -0.0735723 -0.99729 -0
    outer loop
      vertex -1.76643 -35.9566 18
      vertex -3.52861 -35.8266 4
      vertex -1.76643 -35.9566 4
    endloop
  endfacet
  facet normal -0.0245619 -0.999698 0
    outer loop
      vertex -1.76643 -35.9566 4
      vertex 0 -36 18
      vertex -1.76643 -35.9566 18
    endloop
  endfacet
  facet normal -0.0245619 -0.999698 -0
    outer loop
      vertex 0 -36 18
      vertex -1.76643 -35.9566 4
      vertex 0 -36 4
    endloop
  endfacet
  facet normal 0.0245619 -0.999698 0
    outer loop
      vertex 0 -36 4
      vertex 1.76643 -35.9566 18
      vertex 0 -36 18
    endloop
  endfacet
  facet normal 0.0245619 -0.999698 0
    outer loop
      vertex 1.76643 -35.9566 18
      vertex 0 -36 4
      vertex 1.76643 -35.9566 4
    endloop
  endfacet
  facet normal -0.0735643 0.99729 0
    outer loop
      vertex 3.29311 -33.4375 0
      vertex 1.64868 -33.5588 18
      vertex 3.29311 -33.4375 18
    endloop
  endfacet
  facet normal -0.0735643 0.99729 0
    outer loop
      vertex 1.64868 -33.5588 18
      vertex 3.29311 -33.4375 0
      vertex 1.64868 -33.5588 0
    endloop
  endfacet
  facet normal -0.122415 0.992479 0
    outer loop
      vertex 4.93002 -33.2356 0
      vertex 3.29311 -33.4375 18
      vertex 4.93002 -33.2356 18
    endloop
  endfacet
  facet normal -0.122415 0.992479 0
    outer loop
      vertex 3.29311 -33.4375 18
      vertex 4.93002 -33.2356 0
      vertex 3.29311 -33.4375 0
    endloop
  endfacet
  facet normal -0.170939 0.985282 0
    outer loop
      vertex 6.55487 -32.9537 0
      vertex 4.93002 -33.2356 18
      vertex 6.55487 -32.9537 18
    endloop
  endfacet
  facet normal -0.170939 0.985282 0
    outer loop
      vertex 4.93002 -33.2356 18
      vertex 6.55487 -32.9537 0
      vertex 4.93002 -33.2356 0
    endloop
  endfacet
  facet normal -0.219127 0.975696 0
    outer loop
      vertex 8.16406 -32.5923 0
      vertex 6.55487 -32.9537 18
      vertex 8.16406 -32.5923 18
    endloop
  endfacet
  facet normal -0.219127 0.975696 0
    outer loop
      vertex 6.55487 -32.9537 18
      vertex 8.16406 -32.5923 0
      vertex 6.55487 -32.9537 0
    endloop
  endfacet
  facet normal -0.26671 0.963777 0
    outer loop
      vertex 9.29475 -32.2794 0
      vertex 8.16406 -32.5923 18
      vertex 9.29475 -32.2794 18
    endloop
  endfacet
  facet normal -0.26671 0.963777 0
    outer loop
      vertex 8.16406 -32.5923 18
      vertex 9.29475 -32.2794 0
      vertex 8.16406 -32.5923 0
    endloop
  endfacet
  facet normal -0.0735391 -0.997292 0
    outer loop
      vertex 8.82417 -32.2447 0
      vertex 9.29475 -32.2794 18
      vertex 8.82417 -32.2447 18
    endloop
  endfacet
  facet normal -0.0735391 -0.997292 -0
    outer loop
      vertex 9.29475 -32.2794 18
      vertex 8.82417 -32.2447 0
      vertex 9.29475 -32.2794 0
    endloop
  endfacet
  facet normal -0.122429 -0.992477 0
    outer loop
      vertex 7.24583 -32.05 0
      vertex 8.82417 -32.2447 18
      vertex 7.24583 -32.05 18
    endloop
  endfacet
  facet normal -0.122429 -0.992477 -0
    outer loop
      vertex 8.82417 -32.2447 18
      vertex 7.24583 -32.05 0
      vertex 8.82417 -32.2447 0
    endloop
  endfacet
  facet normal -0.17091 -0.985287 0
    outer loop
      vertex 5.67892 -31.7782 0
      vertex 7.24583 -32.05 18
      vertex 5.67892 -31.7782 18
    endloop
  endfacet
  facet normal -0.17091 -0.985287 -0
    outer loop
      vertex 7.24583 -32.05 18
      vertex 5.67892 -31.7782 0
      vertex 7.24583 -32.05 0
    endloop
  endfacet
  facet normal -0.219139 -0.975694 0
    outer loop
      vertex 4.12726 -31.4297 0
      vertex 5.67892 -31.7782 18
      vertex 4.12726 -31.4297 18
    endloop
  endfacet
  facet normal -0.219139 -0.975694 -0
    outer loop
      vertex 5.67892 -31.7782 18
      vertex 4.12726 -31.4297 0
      vertex 5.67892 -31.7782 0
    endloop
  endfacet
  facet normal -0.266681 -0.963785 0
    outer loop
      vertex 2.59456 -31.0056 0
      vertex 4.12726 -31.4297 18
      vertex 2.59456 -31.0056 18
    endloop
  endfacet
  facet normal -0.266681 -0.963785 -0
    outer loop
      vertex 4.12726 -31.4297 18
      vertex 2.59456 -31.0056 0
      vertex 4.12726 -31.4297 0
    endloop
  endfacet
  facet normal -0.31371 -0.949519 0
    outer loop
      vertex 1.08452 -30.5067 0
      vertex 2.59456 -31.0056 18
      vertex 1.08452 -30.5067 18
    endloop
  endfacet
  facet normal -0.31371 -0.949519 -0
    outer loop
      vertex 2.59456 -31.0056 18
      vertex 1.08452 -30.5067 0
      vertex 2.59456 -31.0056 0
    endloop
  endfacet
  facet normal -0.35987 -0.933002 0
    outer loop
      vertex -0.399231 -29.9344 0
      vertex 1.08452 -30.5067 18
      vertex -0.399231 -29.9344 18
    endloop
  endfacet
  facet normal -0.35987 -0.933002 -0
    outer loop
      vertex 1.08452 -30.5067 18
      vertex -0.399231 -29.9344 0
      vertex 1.08452 -30.5067 0
    endloop
  endfacet
  facet normal -0.405265 -0.914199 0
    outer loop
      vertex -1.8531 -29.2899 0
      vertex -0.399231 -29.9344 18
      vertex -1.8531 -29.2899 18
    endloop
  endfacet
  facet normal -0.405265 -0.914199 -0
    outer loop
      vertex -0.399231 -29.9344 18
      vertex -1.8531 -29.2899 0
      vertex -0.399231 -29.9344 0
    endloop
  endfacet
  facet normal -0.449609 -0.893225 0
    outer loop
      vertex -3.27357 -28.5749 0
      vertex -1.8531 -29.2899 18
      vertex -3.27357 -28.5749 18
    endloop
  endfacet
  facet normal -0.449609 -0.893225 -0
    outer loop
      vertex -1.8531 -29.2899 18
      vertex -3.27357 -28.5749 0
      vertex -1.8531 -29.2899 0
    endloop
  endfacet
  facet normal -0.492911 -0.87008 0
    outer loop
      vertex -4.6573 -27.791 0
      vertex -3.27357 -28.5749 18
      vertex -4.6573 -27.791 18
    endloop
  endfacet
  facet normal -0.492911 -0.87008 -0
    outer loop
      vertex -3.27357 -28.5749 18
      vertex -4.6573 -27.791 0
      vertex -3.27357 -28.5749 0
    endloop
  endfacet
  facet normal -0.534995 -0.844855 0
    outer loop
      vertex -6.00087 -26.9402 0
      vertex -4.6573 -27.791 18
      vertex -6.00087 -26.9402 18
    endloop
  endfacet
  facet normal -0.534995 -0.844855 -0
    outer loop
      vertex -4.6573 -27.791 18
      vertex -6.00087 -26.9402 0
      vertex -4.6573 -27.791 0
    endloop
  endfacet
  facet normal -0.575801 -0.81759 0
    outer loop
      vertex -7.30109 -26.0245 0
      vertex -6.00087 -26.9402 18
      vertex -7.30109 -26.0245 18
    endloop
  endfacet
  facet normal -0.575801 -0.81759 -0
    outer loop
      vertex -6.00087 -26.9402 18
      vertex -7.30109 -26.0245 0
      vertex -6.00087 -26.9402 0
    endloop
  endfacet
  facet normal -0.615233 -0.788346 0
    outer loop
      vertex -8.55479 -25.0461 0
      vertex -7.30109 -26.0245 18
      vertex -8.55479 -25.0461 18
    endloop
  endfacet
  facet normal -0.615233 -0.788346 -0
    outer loop
      vertex -7.30109 -26.0245 18
      vertex -8.55479 -25.0461 0
      vertex -7.30109 -26.0245 0
    endloop
  endfacet
  facet normal -0.653155 -0.757224 0
    outer loop
      vertex -9.75899 -24.0074 0
      vertex -8.55479 -25.0461 18
      vertex -9.75899 -24.0074 18
    endloop
  endfacet
  facet normal -0.653155 -0.757224 -0
    outer loop
      vertex -8.55479 -25.0461 18
      vertex -9.75899 -24.0074 0
      vertex -8.55479 -25.0461 0
    endloop
  endfacet
  facet normal -0.689536 -0.724252 0
    outer loop
      vertex -10.9108 -22.9108 0
      vertex -9.75899 -24.0074 18
      vertex -10.9108 -22.9108 18
    endloop
  endfacet
  facet normal -0.689536 -0.724252 -0
    outer loop
      vertex -9.75899 -24.0074 18
      vertex -10.9108 -22.9108 0
      vertex -9.75899 -24.0074 0
    endloop
  endfacet
  facet normal -0.724249 -0.689539 -6.81936e-19
    outer loop
      vertex -10.9108 -22.9108 0
      vertex -12.0074 -21.759 18
      vertex -12.0074 -21.759 0
    endloop
  endfacet
  facet normal -0.724249 -0.689539 -6.81936e-19
    outer loop
      vertex -12.0074 -21.759 18
      vertex -10.9108 -22.9108 0
      vertex -10.9108 -22.9108 18
    endloop
  endfacet
  facet normal -0.757224 -0.653155 -1.568e-18
    outer loop
      vertex -12.0074 -21.759 0
      vertex -13.0461 -20.5548 18
      vertex -13.0461 -20.5548 0
    endloop
  endfacet
  facet normal -0.757224 -0.653155 -1.568e-18
    outer loop
      vertex -13.0461 -20.5548 18
      vertex -12.0074 -21.759 0
      vertex -12.0074 -21.759 18
    endloop
  endfacet
  facet normal -0.788346 -0.615233 2.26782e-18
    outer loop
      vertex -13.0461 -20.5548 0
      vertex -14.0245 -19.3011 18
      vertex -14.0245 -19.3011 0
    endloop
  endfacet
  facet normal -0.788346 -0.615233 2.26782e-18
    outer loop
      vertex -14.0245 -19.3011 18
      vertex -13.0461 -20.5548 0
      vertex -13.0461 -20.5548 18
    endloop
  endfacet
  facet normal -0.817586 -0.575806 -3.22709e-19
    outer loop
      vertex -14.0245 -19.3011 0
      vertex -14.9402 -18.0009 18
      vertex -14.9402 -18.0009 0
    endloop
  endfacet
  facet normal -0.817586 -0.575806 -3.22709e-19
    outer loop
      vertex -14.9402 -18.0009 18
      vertex -14.0245 -19.3011 0
      vertex -14.0245 -19.3011 18
    endloop
  endfacet
  facet normal -0.844861 -0.534986 -9.57962e-19
    outer loop
      vertex -14.9402 -18.0009 0
      vertex -15.791 -16.6573 18
      vertex -15.791 -16.6573 0
    endloop
  endfacet
  facet normal -0.844861 -0.534986 -9.57962e-19
    outer loop
      vertex -15.791 -16.6573 18
      vertex -14.9402 -18.0009 0
      vertex -14.9402 -18.0009 18
    endloop
  endfacet
  facet normal -0.870075 -0.492919 -1.82141e-18
    outer loop
      vertex -15.791 -16.6573 0
      vertex -16.5749 -15.2736 18
      vertex -16.5749 -15.2736 0
    endloop
  endfacet
  facet normal -0.870075 -0.492919 -1.82141e-18
    outer loop
      vertex -16.5749 -15.2736 18
      vertex -15.791 -16.6573 0
      vertex -15.791 -16.6573 18
    endloop
  endfacet
  facet normal -0.893229 -0.449601 -2.87689e-18
    outer loop
      vertex -16.5749 -15.2736 0
      vertex -17.2899 -13.8531 18
      vertex -17.2899 -13.8531 0
    endloop
  endfacet
  facet normal -0.893229 -0.449601 -2.87689e-18
    outer loop
      vertex -17.2899 -13.8531 18
      vertex -16.5749 -15.2736 0
      vertex -16.5749 -15.2736 18
    endloop
  endfacet
  facet normal -0.914203 -0.405257 -4.5438e-19
    outer loop
      vertex -17.2899 -13.8531 0
      vertex -17.9344 -12.3992 18
      vertex -17.9344 -12.3992 0
    endloop
  endfacet
  facet normal -0.914203 -0.405257 -4.5438e-19
    outer loop
      vertex -17.9344 -12.3992 18
      vertex -17.2899 -13.8531 0
      vertex -17.2899 -13.8531 18
    endloop
  endfacet
  facet normal -0.932998 -0.359881 1.62659e-19
    outer loop
      vertex -17.9344 -12.3992 0
      vertex -18.5067 -10.9155 18
      vertex -18.5067 -10.9155 0
    endloop
  endfacet
  facet normal -0.932998 -0.359881 1.62659e-19
    outer loop
      vertex -18.5067 -10.9155 18
      vertex -17.9344 -12.3992 0
      vertex -17.9344 -12.3992 18
    endloop
  endfacet
  facet normal -0.949521 -0.313705 -1.85124e-18
    outer loop
      vertex -18.5067 -10.9155 0
      vertex -19.0056 -9.40543 18
      vertex -19.0056 -9.40543 0
    endloop
  endfacet
  facet normal -0.949521 -0.313705 -1.85124e-18
    outer loop
      vertex -19.0056 -9.40543 18
      vertex -18.5067 -10.9155 0
      vertex -18.5067 -10.9155 18
    endloop
  endfacet
  facet normal -0.963785 -0.266681 9.90273e-19
    outer loop
      vertex -19.0056 -9.40543 0
      vertex -19.4297 -7.87273 18
      vertex -19.4297 -7.87273 0
    endloop
  endfacet
  facet normal -0.963785 -0.266681 9.90273e-19
    outer loop
      vertex -19.4297 -7.87273 18
      vertex -19.0056 -9.40543 0
      vertex -19.0056 -9.40543 18
    endloop
  endfacet
  facet normal -0.975694 -0.219138 1.21983e-18
    outer loop
      vertex -19.4297 -7.87273 0
      vertex -19.7782 -6.32106 18
      vertex -19.7782 -6.32106 0
    endloop
  endfacet
  facet normal -0.975694 -0.219138 1.21983e-18
    outer loop
      vertex -19.7782 -6.32106 18
      vertex -19.4297 -7.87273 0
      vertex -19.4297 -7.87273 18
    endloop
  endfacet
  facet normal -0.985287 -0.17091 4.14717e-19
    outer loop
      vertex -19.7782 -6.32106 0
      vertex -20.05 -4.75415 18
      vertex -20.05 -4.75415 0
    endloop
  endfacet
  facet normal -0.985287 -0.17091 4.14717e-19
    outer loop
      vertex -20.05 -4.75415 18
      vertex -19.7782 -6.32106 0
      vertex -19.7782 -6.32106 18
    endloop
  endfacet
  facet normal -0.992477 -0.122429 -4.2781e-19
    outer loop
      vertex -20.05 -4.75415 0
      vertex -20.2447 -3.17581 18
      vertex -20.2447 -3.17581 0
    endloop
  endfacet
  facet normal -0.992477 -0.122429 -4.2781e-19
    outer loop
      vertex -20.2447 -3.17581 18
      vertex -20.05 -4.75415 0
      vertex -20.05 -4.75415 18
    endloop
  endfacet
  facet normal -0.99729 -0.0735715 3.60787e-19
    outer loop
      vertex -20.2447 -3.17581 0
      vertex -20.3617 -1.58983 18
      vertex -20.3617 -1.58983 0
    endloop
  endfacet
  facet normal -0.99729 -0.0735715 3.60787e-19
    outer loop
      vertex -20.3617 -1.58983 18
      vertex -20.2447 -3.17581 0
      vertex -20.2447 -3.17581 18
    endloop
  endfacet
  facet normal -0.999699 -0.0245235 6.08256e-20
    outer loop
      vertex -20.3617 -1.58983 0
      vertex -20.4007 0 18
      vertex -20.4007 0 0
    endloop
  endfacet
  facet normal -0.999699 -0.0245235 6.08256e-20
    outer loop
      vertex -20.4007 0 18
      vertex -20.3617 -1.58983 0
      vertex -20.3617 -1.58983 18
    endloop
  endfacet
  facet normal -0.999699 0.0245235 -6.08256e-20
    outer loop
      vertex -20.4007 0 0
      vertex -20.3617 1.58983 18
      vertex -20.3617 1.58983 0
    endloop
  endfacet
  facet normal -0.999699 0.0245235 -6.08256e-20
    outer loop
      vertex -20.3617 1.58983 18
      vertex -20.4007 0 0
      vertex -20.4007 0 18
    endloop
  endfacet
  facet normal -0.99729 0.0735715 -3.60787e-19
    outer loop
      vertex -20.3617 1.58983 0
      vertex -20.2447 3.17581 18
      vertex -20.2447 3.17581 0
    endloop
  endfacet
  facet normal -0.99729 0.0735715 -3.60787e-19
    outer loop
      vertex -20.2447 3.17581 18
      vertex -20.3617 1.58983 0
      vertex -20.3617 1.58983 18
    endloop
  endfacet
  facet normal -0.992477 0.122429 4.2781e-19
    outer loop
      vertex -20.2447 3.17581 0
      vertex -20.05 4.75415 18
      vertex -20.05 4.75415 0
    endloop
  endfacet
  facet normal -0.992477 0.122429 4.2781e-19
    outer loop
      vertex -20.05 4.75415 18
      vertex -20.2447 3.17581 0
      vertex -20.2447 3.17581 18
    endloop
  endfacet
  facet normal -0.985287 0.17091 -4.14717e-19
    outer loop
      vertex -20.05 4.75415 0
      vertex -19.7782 6.32106 18
      vertex -19.7782 6.32106 0
    endloop
  endfacet
  facet normal -0.985287 0.17091 -4.14717e-19
    outer loop
      vertex -19.7782 6.32106 18
      vertex -20.05 4.75415 0
      vertex -20.05 4.75415 18
    endloop
  endfacet
  facet normal -0.975694 0.219138 -1.21983e-18
    outer loop
      vertex -19.7782 6.32106 0
      vertex -19.4297 7.87273 18
      vertex -19.4297 7.87273 0
    endloop
  endfacet
  facet normal -0.975694 0.219138 -1.21983e-18
    outer loop
      vertex -19.4297 7.87273 18
      vertex -19.7782 6.32106 0
      vertex -19.7782 6.32106 18
    endloop
  endfacet
  facet normal -0.963785 0.266681 -9.90273e-19
    outer loop
      vertex -19.4297 7.87273 0
      vertex -19.0056 9.40543 18
      vertex -19.0056 9.40543 0
    endloop
  endfacet
  facet normal -0.963785 0.266681 -9.90273e-19
    outer loop
      vertex -19.0056 9.40543 18
      vertex -19.4297 7.87273 0
      vertex -19.4297 7.87273 18
    endloop
  endfacet
  facet normal -0.949521 0.313705 1.85124e-18
    outer loop
      vertex -19.0056 9.40543 0
      vertex -18.5067 10.9155 18
      vertex -18.5067 10.9155 0
    endloop
  endfacet
  facet normal -0.949521 0.313705 1.85124e-18
    outer loop
      vertex -18.5067 10.9155 18
      vertex -19.0056 9.40543 0
      vertex -19.0056 9.40543 18
    endloop
  endfacet
  facet normal -0.932998 0.359881 -1.62659e-19
    outer loop
      vertex -18.5067 10.9155 0
      vertex -17.9344 12.3992 18
      vertex -17.9344 12.3992 0
    endloop
  endfacet
  facet normal -0.932998 0.359881 -1.62659e-19
    outer loop
      vertex -17.9344 12.3992 18
      vertex -18.5067 10.9155 0
      vertex -18.5067 10.9155 18
    endloop
  endfacet
  facet normal -0.914203 0.405257 4.5438e-19
    outer loop
      vertex -17.9344 12.3992 0
      vertex -17.2899 13.8531 18
      vertex -17.2899 13.8531 0
    endloop
  endfacet
  facet normal -0.914203 0.405257 4.5438e-19
    outer loop
      vertex -17.2899 13.8531 18
      vertex -17.9344 12.3992 0
      vertex -17.9344 12.3992 18
    endloop
  endfacet
  facet normal -0.893229 0.449601 2.87689e-18
    outer loop
      vertex -17.2899 13.8531 0
      vertex -16.5749 15.2736 18
      vertex -16.5749 15.2736 0
    endloop
  endfacet
  facet normal -0.893229 0.449601 2.87689e-18
    outer loop
      vertex -16.5749 15.2736 18
      vertex -17.2899 13.8531 0
      vertex -17.2899 13.8531 18
    endloop
  endfacet
  facet normal -0.870075 0.492919 1.82141e-18
    outer loop
      vertex -16.5749 15.2736 0
      vertex -15.791 16.6573 18
      vertex -15.791 16.6573 0
    endloop
  endfacet
  facet normal -0.870075 0.492919 1.82141e-18
    outer loop
      vertex -15.791 16.6573 18
      vertex -16.5749 15.2736 0
      vertex -16.5749 15.2736 18
    endloop
  endfacet
  facet normal -0.844861 0.534986 9.57962e-19
    outer loop
      vertex -15.791 16.6573 0
      vertex -14.9402 18.0009 18
      vertex -14.9402 18.0009 0
    endloop
  endfacet
  facet normal -0.844861 0.534986 9.57962e-19
    outer loop
      vertex -14.9402 18.0009 18
      vertex -15.791 16.6573 0
      vertex -15.791 16.6573 18
    endloop
  endfacet
  facet normal -0.817586 0.575806 3.22709e-19
    outer loop
      vertex -14.9402 18.0009 0
      vertex -14.0245 19.3011 18
      vertex -14.0245 19.3011 0
    endloop
  endfacet
  facet normal -0.817586 0.575806 3.22709e-19
    outer loop
      vertex -14.0245 19.3011 18
      vertex -14.9402 18.0009 0
      vertex -14.9402 18.0009 18
    endloop
  endfacet
  facet normal -0.788346 0.615233 -2.26782e-18
    outer loop
      vertex -14.0245 19.3011 0
      vertex -13.0461 20.5548 18
      vertex -13.0461 20.5548 0
    endloop
  endfacet
  facet normal -0.788346 0.615233 -2.26782e-18
    outer loop
      vertex -13.0461 20.5548 18
      vertex -14.0245 19.3011 0
      vertex -14.0245 19.3011 18
    endloop
  endfacet
  facet normal -0.757224 0.653155 1.568e-18
    outer loop
      vertex -13.0461 20.5548 0
      vertex -12.0074 21.759 18
      vertex -12.0074 21.759 0
    endloop
  endfacet
  facet normal -0.757224 0.653155 1.568e-18
    outer loop
      vertex -12.0074 21.759 18
      vertex -13.0461 20.5548 0
      vertex -13.0461 20.5548 18
    endloop
  endfacet
  facet normal -0.724249 0.689539 6.81936e-19
    outer loop
      vertex -12.0074 21.759 0
      vertex -10.9108 22.9108 18
      vertex -10.9108 22.9108 0
    endloop
  endfacet
  facet normal -0.724249 0.689539 6.81936e-19
    outer loop
      vertex -10.9108 22.9108 18
      vertex -12.0074 21.759 0
      vertex -12.0074 21.759 18
    endloop
  endfacet
  facet normal -0.689536 0.724252 0
    outer loop
      vertex -9.75899 24.0074 0
      vertex -10.9108 22.9108 18
      vertex -9.75899 24.0074 18
    endloop
  endfacet
  facet normal -0.689536 0.724252 0
    outer loop
      vertex -10.9108 22.9108 18
      vertex -9.75899 24.0074 0
      vertex -10.9108 22.9108 0
    endloop
  endfacet
  facet normal -0.653155 0.757224 0
    outer loop
      vertex -8.55479 25.0461 0
      vertex -9.75899 24.0074 18
      vertex -8.55479 25.0461 18
    endloop
  endfacet
  facet normal -0.653155 0.757224 0
    outer loop
      vertex -9.75899 24.0074 18
      vertex -8.55479 25.0461 0
      vertex -9.75899 24.0074 0
    endloop
  endfacet
  facet normal -0.615233 0.788346 0
    outer loop
      vertex -7.30109 26.0245 0
      vertex -8.55479 25.0461 18
      vertex -7.30109 26.0245 18
    endloop
  endfacet
  facet normal -0.615233 0.788346 0
    outer loop
      vertex -8.55479 25.0461 18
      vertex -7.30109 26.0245 0
      vertex -8.55479 25.0461 0
    endloop
  endfacet
  facet normal -0.575801 0.81759 0
    outer loop
      vertex -6.00087 26.9402 0
      vertex -7.30109 26.0245 18
      vertex -6.00087 26.9402 18
    endloop
  endfacet
  facet normal -0.575801 0.81759 0
    outer loop
      vertex -7.30109 26.0245 18
      vertex -6.00087 26.9402 0
      vertex -7.30109 26.0245 0
    endloop
  endfacet
  facet normal -0.534995 0.844855 0
    outer loop
      vertex -4.6573 27.791 0
      vertex -6.00087 26.9402 18
      vertex -4.6573 27.791 18
    endloop
  endfacet
  facet normal -0.534995 0.844855 0
    outer loop
      vertex -6.00087 26.9402 18
      vertex -4.6573 27.791 0
      vertex -6.00087 26.9402 0
    endloop
  endfacet
  facet normal -0.492911 0.87008 0
    outer loop
      vertex -3.27357 28.5749 0
      vertex -4.6573 27.791 18
      vertex -3.27357 28.5749 18
    endloop
  endfacet
  facet normal -0.492911 0.87008 0
    outer loop
      vertex -4.6573 27.791 18
      vertex -3.27357 28.5749 0
      vertex -4.6573 27.791 0
    endloop
  endfacet
  facet normal -0.449609 0.893225 0
    outer loop
      vertex -1.8531 29.2899 0
      vertex -3.27357 28.5749 18
      vertex -1.8531 29.2899 18
    endloop
  endfacet
  facet normal -0.449609 0.893225 0
    outer loop
      vertex -3.27357 28.5749 18
      vertex -1.8531 29.2899 0
      vertex -3.27357 28.5749 0
    endloop
  endfacet
  facet normal -0.405265 0.914199 0
    outer loop
      vertex -0.399231 29.9344 0
      vertex -1.8531 29.2899 18
      vertex -0.399231 29.9344 18
    endloop
  endfacet
  facet normal -0.405265 0.914199 0
    outer loop
      vertex -1.8531 29.2899 18
      vertex -0.399231 29.9344 0
      vertex -1.8531 29.2899 0
    endloop
  endfacet
  facet normal -0.35987 0.933002 0
    outer loop
      vertex 1.08452 30.5067 0
      vertex -0.399231 29.9344 18
      vertex 1.08452 30.5067 18
    endloop
  endfacet
  facet normal -0.35987 0.933002 0
    outer loop
      vertex -0.399231 29.9344 18
      vertex 1.08452 30.5067 0
      vertex -0.399231 29.9344 0
    endloop
  endfacet
  facet normal -0.31371 0.949519 0
    outer loop
      vertex 2.59456 31.0056 0
      vertex 1.08452 30.5067 18
      vertex 2.59456 31.0056 18
    endloop
  endfacet
  facet normal -0.31371 0.949519 0
    outer loop
      vertex 1.08452 30.5067 18
      vertex 2.59456 31.0056 0
      vertex 1.08452 30.5067 0
    endloop
  endfacet
  facet normal -0.266681 0.963785 0
    outer loop
      vertex 4.12726 31.4297 0
      vertex 2.59456 31.0056 18
      vertex 4.12726 31.4297 18
    endloop
  endfacet
  facet normal -0.266681 0.963785 0
    outer loop
      vertex 2.59456 31.0056 18
      vertex 4.12726 31.4297 0
      vertex 2.59456 31.0056 0
    endloop
  endfacet
  facet normal -0.219139 0.975694 0
    outer loop
      vertex 5.67892 31.7782 0
      vertex 4.12726 31.4297 18
      vertex 5.67892 31.7782 18
    endloop
  endfacet
  facet normal -0.219139 0.975694 0
    outer loop
      vertex 4.12726 31.4297 18
      vertex 5.67892 31.7782 0
      vertex 4.12726 31.4297 0
    endloop
  endfacet
  facet normal -0.17091 0.985287 0
    outer loop
      vertex 7.24583 32.05 0
      vertex 5.67892 31.7782 18
      vertex 7.24583 32.05 18
    endloop
  endfacet
  facet normal -0.17091 0.985287 0
    outer loop
      vertex 5.67892 31.7782 18
      vertex 7.24583 32.05 0
      vertex 5.67892 31.7782 0
    endloop
  endfacet
  facet normal -0.122429 0.992477 0
    outer loop
      vertex 8.82417 32.2447 0
      vertex 7.24583 32.05 18
      vertex 8.82417 32.2447 18
    endloop
  endfacet
  facet normal -0.122429 0.992477 0
    outer loop
      vertex 7.24583 32.05 18
      vertex 8.82417 32.2447 0
      vertex 7.24583 32.05 0
    endloop
  endfacet
  facet normal -0.0735391 0.997292 0
    outer loop
      vertex 9.29475 32.2794 0
      vertex 8.82417 32.2447 18
      vertex 9.29475 32.2794 18
    endloop
  endfacet
  facet normal -0.0735391 0.997292 0
    outer loop
      vertex 8.82417 32.2447 18
      vertex 9.29475 32.2794 0
      vertex 8.82417 32.2447 0
    endloop
  endfacet
  facet normal -0.26671 -0.963777 0
    outer loop
      vertex 8.16406 32.5923 0
      vertex 9.29475 32.2794 18
      vertex 8.16406 32.5923 18
    endloop
  endfacet
  facet normal -0.26671 -0.963777 -0
    outer loop
      vertex 9.29475 32.2794 18
      vertex 8.16406 32.5923 0
      vertex 9.29475 32.2794 0
    endloop
  endfacet
  facet normal -0.219127 -0.975696 0
    outer loop
      vertex 6.55487 32.9537 0
      vertex 8.16406 32.5923 18
      vertex 6.55487 32.9537 18
    endloop
  endfacet
  facet normal -0.219127 -0.975696 -0
    outer loop
      vertex 8.16406 32.5923 18
      vertex 6.55487 32.9537 0
      vertex 8.16406 32.5923 0
    endloop
  endfacet
  facet normal -0.170939 -0.985282 0
    outer loop
      vertex 4.93002 33.2356 0
      vertex 6.55487 32.9537 18
      vertex 4.93002 33.2356 18
    endloop
  endfacet
  facet normal -0.170939 -0.985282 -0
    outer loop
      vertex 6.55487 32.9537 18
      vertex 4.93002 33.2356 0
      vertex 6.55487 32.9537 0
    endloop
  endfacet
  facet normal -0.122415 -0.992479 0
    outer loop
      vertex 3.29311 33.4375 0
      vertex 4.93002 33.2356 18
      vertex 3.29311 33.4375 18
    endloop
  endfacet
  facet normal -0.122415 -0.992479 -0
    outer loop
      vertex 4.93002 33.2356 18
      vertex 3.29311 33.4375 0
      vertex 4.93002 33.2356 0
    endloop
  endfacet
  facet normal -0.0735643 -0.99729 0
    outer loop
      vertex 1.64868 33.5588 0
      vertex 3.29311 33.4375 18
      vertex 1.64868 33.5588 18
    endloop
  endfacet
  facet normal -0.0735643 -0.99729 -0
    outer loop
      vertex 3.29311 33.4375 18
      vertex 1.64868 33.5588 0
      vertex 3.29311 33.4375 0
    endloop
  endfacet
  facet normal -0.0245577 -0.999698 0
    outer loop
      vertex 0 33.5993 0
      vertex 1.64868 33.5588 18
      vertex 0 33.5993 18
    endloop
  endfacet
  facet normal -0.0245577 -0.999698 -0
    outer loop
      vertex 1.64868 33.5588 18
      vertex 0 33.5993 0
      vertex 1.64868 33.5588 0
    endloop
  endfacet
  facet normal 0.0245577 -0.999698 0
    outer loop
      vertex -1.64868 33.5588 0
      vertex 0 33.5993 18
      vertex -1.64868 33.5588 18
    endloop
  endfacet
  facet normal 0.0245577 -0.999698 0
    outer loop
      vertex 0 33.5993 18
      vertex -1.64868 33.5588 0
      vertex 0 33.5993 0
    endloop
  endfacet
  facet normal 0.0735643 -0.99729 0
    outer loop
      vertex -3.29311 33.4375 0
      vertex -1.64868 33.5588 18
      vertex -3.29311 33.4375 18
    endloop
  endfacet
  facet normal 0.0735643 -0.99729 0
    outer loop
      vertex -1.64868 33.5588 18
      vertex -3.29311 33.4375 0
      vertex -1.64868 33.5588 0
    endloop
  endfacet
  facet normal 0.122415 -0.992479 0
    outer loop
      vertex -4.93002 33.2356 0
      vertex -3.29311 33.4375 18
      vertex -4.93002 33.2356 18
    endloop
  endfacet
  facet normal 0.122415 -0.992479 0
    outer loop
      vertex -3.29311 33.4375 18
      vertex -4.93002 33.2356 0
      vertex -3.29311 33.4375 0
    endloop
  endfacet
  facet normal 0.170939 -0.985282 0
    outer loop
      vertex -6.55487 32.9537 0
      vertex -4.93002 33.2356 18
      vertex -6.55487 32.9537 18
    endloop
  endfacet
  facet normal 0.170939 -0.985282 0
    outer loop
      vertex -4.93002 33.2356 18
      vertex -6.55487 32.9537 0
      vertex -4.93002 33.2356 0
    endloop
  endfacet
  facet normal 0.219127 -0.975696 0
    outer loop
      vertex -8.16406 32.5923 0
      vertex -6.55487 32.9537 18
      vertex -8.16406 32.5923 18
    endloop
  endfacet
  facet normal 0.219127 -0.975696 0
    outer loop
      vertex -6.55487 32.9537 18
      vertex -8.16406 32.5923 0
      vertex -6.55487 32.9537 0
    endloop
  endfacet
  facet normal 0.26671 -0.963777 0
    outer loop
      vertex -9.75331 32.1525 0
      vertex -8.16406 32.5923 18
      vertex -9.75331 32.1525 18
    endloop
  endfacet
  facet normal 0.26671 -0.963777 0
    outer loop
      vertex -8.16406 32.5923 18
      vertex -9.75331 32.1525 0
      vertex -8.16406 32.5923 0
    endloop
  endfacet
  facet normal 0.313664 -0.949534 0
    outer loop
      vertex -11.3193 31.6352 0
      vertex -9.75331 32.1525 18
      vertex -11.3193 31.6352 18
    endloop
  endfacet
  facet normal 0.313664 -0.949534 0
    outer loop
      vertex -9.75331 32.1525 18
      vertex -11.3193 31.6352 0
      vertex -9.75331 32.1525 0
    endloop
  endfacet
  facet normal 0.359914 -0.932986 0
    outer loop
      vertex -12.8578 31.0417 0
      vertex -11.3193 31.6352 18
      vertex -12.8578 31.0417 18
    endloop
  endfacet
  facet normal 0.359914 -0.932986 0
    outer loop
      vertex -11.3193 31.6352 18
      vertex -12.8578 31.0417 0
      vertex -11.3193 31.6352 0
    endloop
  endfacet
  facet normal 0.40521 -0.914224 0
    outer loop
      vertex -14.3656 30.3734 0
      vertex -12.8578 31.0417 18
      vertex -14.3656 30.3734 18
    endloop
  endfacet
  facet normal 0.40521 -0.914224 0
    outer loop
      vertex -12.8578 31.0417 18
      vertex -14.3656 30.3734 0
      vertex -12.8578 31.0417 0
    endloop
  endfacet
  facet normal 0.449613 -0.893223 0
    outer loop
      vertex -15.8385 29.632 0
      vertex -14.3656 30.3734 18
      vertex -15.8385 29.632 18
    endloop
  endfacet
  facet normal 0.449613 -0.893223 0
    outer loop
      vertex -14.3656 30.3734 18
      vertex -15.8385 29.632 0
      vertex -14.3656 30.3734 0
    endloop
  endfacet
  facet normal 0.49291 -0.87008 0
    outer loop
      vertex -17.2736 28.819 0
      vertex -15.8385 29.632 18
      vertex -17.2736 28.819 18
    endloop
  endfacet
  facet normal 0.49291 -0.87008 0
    outer loop
      vertex -15.8385 29.632 18
      vertex -17.2736 28.819 0
      vertex -15.8385 29.632 0
    endloop
  endfacet
  facet normal 0.534999 -0.844853 0
    outer loop
      vertex -18.6669 27.9367 0
      vertex -17.2736 28.819 18
      vertex -18.6669 27.9367 18
    endloop
  endfacet
  facet normal 0.534999 -0.844853 0
    outer loop
      vertex -17.2736 28.819 18
      vertex -18.6669 27.9367 0
      vertex -17.2736 28.819 0
    endloop
  endfacet
  facet normal 0.575804 -0.817588 0
    outer loop
      vertex -20.0151 26.9872 0
      vertex -18.6669 27.9367 18
      vertex -20.0151 26.9872 18
    endloop
  endfacet
  facet normal 0.575804 -0.817588 0
    outer loop
      vertex -18.6669 27.9367 18
      vertex -20.0151 26.9872 0
      vertex -18.6669 27.9367 0
    endloop
  endfacet
  facet normal 0.61525 -0.788332 0
    outer loop
      vertex -21.315 25.9727 0
      vertex -20.0151 26.9872 18
      vertex -21.315 25.9727 18
    endloop
  endfacet
  facet normal 0.61525 -0.788332 0
    outer loop
      vertex -20.0151 26.9872 18
      vertex -21.315 25.9727 0
      vertex -20.0151 26.9872 0
    endloop
  endfacet
  facet normal 0.653175 -0.757207 0
    outer loop
      vertex -22.564 24.8953 0
      vertex -21.315 25.9727 18
      vertex -22.564 24.8953 18
    endloop
  endfacet
  facet normal 0.653175 -0.757207 0
    outer loop
      vertex -21.315 25.9727 18
      vertex -22.564 24.8953 0
      vertex -21.315 25.9727 0
    endloop
  endfacet
  facet normal 0.689519 -0.724268 0
    outer loop
      vertex -23.7583 23.7583 0
      vertex -22.564 24.8953 18
      vertex -23.7583 23.7583 18
    endloop
  endfacet
  facet normal 0.689519 -0.724268 0
    outer loop
      vertex -22.564 24.8953 18
      vertex -23.7583 23.7583 0
      vertex -22.564 24.8953 0
    endloop
  endfacet
  facet normal 0.724268 -0.689519 2.67761e-18
    outer loop
      vertex -24.8953 22.564 18
      vertex -23.7583 23.7583 0
      vertex -23.7583 23.7583 18
    endloop
  endfacet
  facet normal 0.724268 -0.689519 2.67761e-18
    outer loop
      vertex -23.7583 23.7583 0
      vertex -24.8953 22.564 18
      vertex -24.8953 22.564 0
    endloop
  endfacet
  facet normal 0.757207 -0.653175 7.02916e-19
    outer loop
      vertex -25.9727 21.315 18
      vertex -24.8953 22.564 0
      vertex -24.8953 22.564 18
    endloop
  endfacet
  facet normal 0.757207 -0.653175 7.02916e-19
    outer loop
      vertex -24.8953 22.564 0
      vertex -25.9727 21.315 18
      vertex -25.9727 21.315 0
    endloop
  endfacet
  facet normal 0.788332 -0.61525 2.79509e-18
    outer loop
      vertex -26.9872 20.0151 18
      vertex -25.9727 21.315 0
      vertex -25.9727 21.315 18
    endloop
  endfacet
  facet normal 0.788332 -0.61525 2.79509e-18
    outer loop
      vertex -25.9727 21.315 0
      vertex -26.9872 20.0151 18
      vertex -26.9872 20.0151 0
    endloop
  endfacet
  facet normal 0.817588 -0.575804 1.00178e-18
    outer loop
      vertex -27.9367 18.6669 18
      vertex -26.9872 20.0151 0
      vertex -26.9872 20.0151 18
    endloop
  endfacet
  facet normal 0.817588 -0.575804 1.00178e-18
    outer loop
      vertex -26.9872 20.0151 0
      vertex -27.9367 18.6669 18
      vertex -27.9367 18.6669 0
    endloop
  endfacet
  facet normal 0.844853 -0.534999 3.6341e-18
    outer loop
      vertex -28.819 17.2736 18
      vertex -27.9367 18.6669 0
      vertex -27.9367 18.6669 18
    endloop
  endfacet
  facet normal 0.844853 -0.534999 3.6341e-18
    outer loop
      vertex -27.9367 18.6669 0
      vertex -28.819 17.2736 18
      vertex -28.819 17.2736 0
    endloop
  endfacet
  facet normal 0.87008 -0.49291 9.43817e-19
    outer loop
      vertex -29.632 15.8385 18
      vertex -28.819 17.2736 0
      vertex -28.819 17.2736 18
    endloop
  endfacet
  facet normal 0.87008 -0.49291 9.43817e-19
    outer loop
      vertex -28.819 17.2736 0
      vertex -29.632 15.8385 18
      vertex -29.632 15.8385 0
    endloop
  endfacet
  facet normal 0.893223 -0.449613 1.15058e-18
    outer loop
      vertex -30.3734 14.3656 18
      vertex -29.632 15.8385 0
      vertex -29.632 15.8385 18
    endloop
  endfacet
  facet normal 0.893223 -0.449613 1.15058e-18
    outer loop
      vertex -29.632 15.8385 0
      vertex -30.3734 14.3656 18
      vertex -30.3734 14.3656 0
    endloop
  endfacet
  facet normal 0.914224 -0.40521 2.44044e-18
    outer loop
      vertex -31.0417 12.8578 18
      vertex -30.3734 14.3656 0
      vertex -30.3734 14.3656 18
    endloop
  endfacet
  facet normal 0.914224 -0.40521 2.44044e-18
    outer loop
      vertex -30.3734 14.3656 0
      vertex -31.0417 12.8578 18
      vertex -31.0417 12.8578 0
    endloop
  endfacet
  facet normal 0.932986 -0.359914 -2.31724e-19
    outer loop
      vertex -31.6352 11.3193 18
      vertex -31.0417 12.8578 0
      vertex -31.0417 12.8578 18
    endloop
  endfacet
  facet normal 0.932986 -0.359914 -2.31724e-19
    outer loop
      vertex -31.0417 12.8578 0
      vertex -31.6352 11.3193 18
      vertex -31.6352 11.3193 0
    endloop
  endfacet
  facet normal 0.949534 -0.313664 1.73803e-18
    outer loop
      vertex -32.1525 9.75331 18
      vertex -31.6352 11.3193 0
      vertex -31.6352 11.3193 18
    endloop
  endfacet
  facet normal 0.949534 -0.313664 1.73803e-18
    outer loop
      vertex -31.6352 11.3193 0
      vertex -32.1525 9.75331 18
      vertex -32.1525 9.75331 0
    endloop
  endfacet
  facet normal 0.963777 -0.26671 -1.73082e-18
    outer loop
      vertex -32.5923 8.16406 18
      vertex -32.1525 9.75331 0
      vertex -32.1525 9.75331 18
    endloop
  endfacet
  facet normal 0.963777 -0.26671 -1.73082e-18
    outer loop
      vertex -32.1525 9.75331 0
      vertex -32.5923 8.16406 18
      vertex -32.5923 8.16406 0
    endloop
  endfacet
  facet normal 0.975696 -0.219127 2.09368e-19
    outer loop
      vertex -32.9537 6.55487 18
      vertex -32.5923 8.16406 0
      vertex -32.5923 8.16406 18
    endloop
  endfacet
  facet normal 0.975696 -0.219127 2.09368e-19
    outer loop
      vertex -32.5923 8.16406 0
      vertex -32.9537 6.55487 18
      vertex -32.9537 6.55487 0
    endloop
  endfacet
  facet normal 0.985282 -0.170939 6.15049e-19
    outer loop
      vertex -33.2356 4.93002 18
      vertex -32.9537 6.55487 0
      vertex -32.9537 6.55487 18
    endloop
  endfacet
  facet normal 0.985282 -0.170939 6.15049e-19
    outer loop
      vertex -32.9537 6.55487 0
      vertex -33.2356 4.93002 18
      vertex -33.2356 4.93002 0
    endloop
  endfacet
  facet normal 0.992479 -0.122415 1.59266e-19
    outer loop
      vertex -33.4375 3.29311 18
      vertex -33.2356 4.93002 0
      vertex -33.2356 4.93002 18
    endloop
  endfacet
  facet normal 0.992479 -0.122415 1.59266e-19
    outer loop
      vertex -33.2356 4.93002 0
      vertex -33.4375 3.29311 18
      vertex -33.4375 3.29311 0
    endloop
  endfacet
  facet normal 0.99729 -0.0735643 2.14173e-19
    outer loop
      vertex -33.5588 1.64868 18
      vertex -33.4375 3.29311 0
      vertex -33.4375 3.29311 18
    endloop
  endfacet
  facet normal 0.99729 -0.0735643 2.14173e-19
    outer loop
      vertex -33.4375 3.29311 0
      vertex -33.5588 1.64868 18
      vertex -33.5588 1.64868 0
    endloop
  endfacet
  facet normal 0.999698 -0.0245577 -9.21821e-20
    outer loop
      vertex -33.5993 0 18
      vertex -33.5588 1.64868 0
      vertex -33.5588 1.64868 18
    endloop
  endfacet
  facet normal 0.999698 -0.0245577 -9.21821e-20
    outer loop
      vertex -33.5588 1.64868 0
      vertex -33.5993 0 18
      vertex -33.5993 0 0
    endloop
  endfacet
  facet normal 0.999698 0.0245577 9.21821e-20
    outer loop
      vertex -33.5588 -1.64868 18
      vertex -33.5993 0 0
      vertex -33.5993 0 18
    endloop
  endfacet
  facet normal 0.999698 0.0245577 9.21821e-20
    outer loop
      vertex -33.5993 0 0
      vertex -33.5588 -1.64868 18
      vertex -33.5588 -1.64868 0
    endloop
  endfacet
  facet normal 0.99729 0.0735643 -2.14173e-19
    outer loop
      vertex -33.4375 -3.29311 18
      vertex -33.5588 -1.64868 0
      vertex -33.5588 -1.64868 18
    endloop
  endfacet
  facet normal 0.99729 0.0735643 -2.14173e-19
    outer loop
      vertex -33.5588 -1.64868 0
      vertex -33.4375 -3.29311 18
      vertex -33.4375 -3.29311 0
    endloop
  endfacet
  facet normal 0.992479 0.122415 -1.59266e-19
    outer loop
      vertex -33.2356 -4.93002 18
      vertex -33.4375 -3.29311 0
      vertex -33.4375 -3.29311 18
    endloop
  endfacet
  facet normal 0.992479 0.122415 -1.59266e-19
    outer loop
      vertex -33.4375 -3.29311 0
      vertex -33.2356 -4.93002 18
      vertex -33.2356 -4.93002 0
    endloop
  endfacet
  facet normal 0.985282 0.170939 -6.15049e-19
    outer loop
      vertex -32.9537 -6.55487 18
      vertex -33.2356 -4.93002 0
      vertex -33.2356 -4.93002 18
    endloop
  endfacet
  facet normal 0.985282 0.170939 -6.15049e-19
    outer loop
      vertex -33.2356 -4.93002 0
      vertex -32.9537 -6.55487 18
      vertex -32.9537 -6.55487 0
    endloop
  endfacet
  facet normal 0.975696 0.219127 -2.09368e-19
    outer loop
      vertex -32.5923 -8.16406 18
      vertex -32.9537 -6.55487 0
      vertex -32.9537 -6.55487 18
    endloop
  endfacet
  facet normal 0.975696 0.219127 -2.09368e-19
    outer loop
      vertex -32.9537 -6.55487 0
      vertex -32.5923 -8.16406 18
      vertex -32.5923 -8.16406 0
    endloop
  endfacet
  facet normal 0.963777 0.26671 1.73082e-18
    outer loop
      vertex -32.1525 -9.75331 18
      vertex -32.5923 -8.16406 0
      vertex -32.5923 -8.16406 18
    endloop
  endfacet
  facet normal 0.963777 0.26671 1.73082e-18
    outer loop
      vertex -32.5923 -8.16406 0
      vertex -32.1525 -9.75331 18
      vertex -32.1525 -9.75331 0
    endloop
  endfacet
  facet normal 0.949534 0.313664 -1.73803e-18
    outer loop
      vertex -31.6352 -11.3193 18
      vertex -32.1525 -9.75331 0
      vertex -32.1525 -9.75331 18
    endloop
  endfacet
  facet normal 0.949534 0.313664 -1.73803e-18
    outer loop
      vertex -32.1525 -9.75331 0
      vertex -31.6352 -11.3193 18
      vertex -31.6352 -11.3193 0
    endloop
  endfacet
  facet normal 0.932986 0.359914 2.31724e-19
    outer loop
      vertex -31.0417 -12.8578 18
      vertex -31.6352 -11.3193 0
      vertex -31.6352 -11.3193 18
    endloop
  endfacet
  facet normal 0.932986 0.359914 2.31724e-19
    outer loop
      vertex -31.6352 -11.3193 0
      vertex -31.0417 -12.8578 18
      vertex -31.0417 -12.8578 0
    endloop
  endfacet
  facet normal 0.914224 0.40521 -2.44044e-18
    outer loop
      vertex -30.3734 -14.3656 18
      vertex -31.0417 -12.8578 0
      vertex -31.0417 -12.8578 18
    endloop
  endfacet
  facet normal 0.914224 0.40521 -2.44044e-18
    outer loop
      vertex -31.0417 -12.8578 0
      vertex -30.3734 -14.3656 18
      vertex -30.3734 -14.3656 0
    endloop
  endfacet
  facet normal 0.893223 0.449613 -1.15058e-18
    outer loop
      vertex -29.632 -15.8385 18
      vertex -30.3734 -14.3656 0
      vertex -30.3734 -14.3656 18
    endloop
  endfacet
  facet normal 0.893223 0.449613 -1.15058e-18
    outer loop
      vertex -30.3734 -14.3656 0
      vertex -29.632 -15.8385 18
      vertex -29.632 -15.8385 0
    endloop
  endfacet
  facet normal 0.87008 0.49291 -9.43817e-19
    outer loop
      vertex -28.819 -17.2736 18
      vertex -29.632 -15.8385 0
      vertex -29.632 -15.8385 18
    endloop
  endfacet
  facet normal 0.87008 0.49291 -9.43817e-19
    outer loop
      vertex -29.632 -15.8385 0
      vertex -28.819 -17.2736 18
      vertex -28.819 -17.2736 0
    endloop
  endfacet
  facet normal 0.844853 0.534999 -3.6341e-18
    outer loop
      vertex -27.9367 -18.6669 18
      vertex -28.819 -17.2736 0
      vertex -28.819 -17.2736 18
    endloop
  endfacet
  facet normal 0.844853 0.534999 -3.6341e-18
    outer loop
      vertex -28.819 -17.2736 0
      vertex -27.9367 -18.6669 18
      vertex -27.9367 -18.6669 0
    endloop
  endfacet
  facet normal 0.817588 0.575804 -1.00178e-18
    outer loop
      vertex -26.9872 -20.0151 18
      vertex -27.9367 -18.6669 0
      vertex -27.9367 -18.6669 18
    endloop
  endfacet
  facet normal 0.817588 0.575804 -1.00178e-18
    outer loop
      vertex -27.9367 -18.6669 0
      vertex -26.9872 -20.0151 18
      vertex -26.9872 -20.0151 0
    endloop
  endfacet
  facet normal 0.788332 0.61525 -2.79509e-18
    outer loop
      vertex -25.9727 -21.315 18
      vertex -26.9872 -20.0151 0
      vertex -26.9872 -20.0151 18
    endloop
  endfacet
  facet normal 0.788332 0.61525 -2.79509e-18
    outer loop
      vertex -26.9872 -20.0151 0
      vertex -25.9727 -21.315 18
      vertex -25.9727 -21.315 0
    endloop
  endfacet
  facet normal 0.757207 0.653175 -7.02916e-19
    outer loop
      vertex -24.8953 -22.564 18
      vertex -25.9727 -21.315 0
      vertex -25.9727 -21.315 18
    endloop
  endfacet
  facet normal 0.757207 0.653175 -7.02916e-19
    outer loop
      vertex -25.9727 -21.315 0
      vertex -24.8953 -22.564 18
      vertex -24.8953 -22.564 0
    endloop
  endfacet
  facet normal 0.724268 0.689519 -2.67761e-18
    outer loop
      vertex -23.7583 -23.7583 18
      vertex -24.8953 -22.564 0
      vertex -24.8953 -22.564 18
    endloop
  endfacet
  facet normal 0.724268 0.689519 -2.67761e-18
    outer loop
      vertex -24.8953 -22.564 0
      vertex -23.7583 -23.7583 18
      vertex -23.7583 -23.7583 0
    endloop
  endfacet
  facet normal 0.689519 0.724268 -0
    outer loop
      vertex -22.564 -24.8953 0
      vertex -23.7583 -23.7583 18
      vertex -22.564 -24.8953 18
    endloop
  endfacet
  facet normal 0.689519 0.724268 0
    outer loop
      vertex -23.7583 -23.7583 18
      vertex -22.564 -24.8953 0
      vertex -23.7583 -23.7583 0
    endloop
  endfacet
  facet normal 0.653175 0.757207 -0
    outer loop
      vertex -21.315 -25.9727 0
      vertex -22.564 -24.8953 18
      vertex -21.315 -25.9727 18
    endloop
  endfacet
  facet normal 0.653175 0.757207 0
    outer loop
      vertex -22.564 -24.8953 18
      vertex -21.315 -25.9727 0
      vertex -22.564 -24.8953 0
    endloop
  endfacet
  facet normal 0.61525 0.788332 -0
    outer loop
      vertex -20.0151 -26.9872 0
      vertex -21.315 -25.9727 18
      vertex -20.0151 -26.9872 18
    endloop
  endfacet
  facet normal 0.61525 0.788332 0
    outer loop
      vertex -21.315 -25.9727 18
      vertex -20.0151 -26.9872 0
      vertex -21.315 -25.9727 0
    endloop
  endfacet
  facet normal 0.575804 0.817588 -0
    outer loop
      vertex -18.6669 -27.9367 0
      vertex -20.0151 -26.9872 18
      vertex -18.6669 -27.9367 18
    endloop
  endfacet
  facet normal 0.575804 0.817588 0
    outer loop
      vertex -20.0151 -26.9872 18
      vertex -18.6669 -27.9367 0
      vertex -20.0151 -26.9872 0
    endloop
  endfacet
  facet normal 0.534999 0.844853 -0
    outer loop
      vertex -17.2736 -28.819 0
      vertex -18.6669 -27.9367 18
      vertex -17.2736 -28.819 18
    endloop
  endfacet
  facet normal 0.534999 0.844853 0
    outer loop
      vertex -18.6669 -27.9367 18
      vertex -17.2736 -28.819 0
      vertex -18.6669 -27.9367 0
    endloop
  endfacet
  facet normal 0.49291 0.87008 -0
    outer loop
      vertex -15.8385 -29.632 0
      vertex -17.2736 -28.819 18
      vertex -15.8385 -29.632 18
    endloop
  endfacet
  facet normal 0.49291 0.87008 0
    outer loop
      vertex -17.2736 -28.819 18
      vertex -15.8385 -29.632 0
      vertex -17.2736 -28.819 0
    endloop
  endfacet
  facet normal 0.449613 0.893223 -0
    outer loop
      vertex -14.3656 -30.3734 0
      vertex -15.8385 -29.632 18
      vertex -14.3656 -30.3734 18
    endloop
  endfacet
  facet normal 0.449613 0.893223 0
    outer loop
      vertex -15.8385 -29.632 18
      vertex -14.3656 -30.3734 0
      vertex -15.8385 -29.632 0
    endloop
  endfacet
  facet normal 0.40521 0.914224 -0
    outer loop
      vertex -12.8578 -31.0417 0
      vertex -14.3656 -30.3734 18
      vertex -12.8578 -31.0417 18
    endloop
  endfacet
  facet normal 0.40521 0.914224 0
    outer loop
      vertex -14.3656 -30.3734 18
      vertex -12.8578 -31.0417 0
      vertex -14.3656 -30.3734 0
    endloop
  endfacet
  facet normal 0.359914 0.932986 -0
    outer loop
      vertex -11.3193 -31.6352 0
      vertex -12.8578 -31.0417 18
      vertex -11.3193 -31.6352 18
    endloop
  endfacet
  facet normal 0.359914 0.932986 0
    outer loop
      vertex -12.8578 -31.0417 18
      vertex -11.3193 -31.6352 0
      vertex -12.8578 -31.0417 0
    endloop
  endfacet
  facet normal 0.313664 0.949534 -0
    outer loop
      vertex -9.75331 -32.1525 0
      vertex -11.3193 -31.6352 18
      vertex -9.75331 -32.1525 18
    endloop
  endfacet
  facet normal 0.313664 0.949534 0
    outer loop
      vertex -11.3193 -31.6352 18
      vertex -9.75331 -32.1525 0
      vertex -11.3193 -31.6352 0
    endloop
  endfacet
  facet normal 0.26671 0.963777 -0
    outer loop
      vertex -8.16406 -32.5923 0
      vertex -9.75331 -32.1525 18
      vertex -8.16406 -32.5923 18
    endloop
  endfacet
  facet normal 0.26671 0.963777 0
    outer loop
      vertex -9.75331 -32.1525 18
      vertex -8.16406 -32.5923 0
      vertex -9.75331 -32.1525 0
    endloop
  endfacet
  facet normal 0.219127 0.975696 -0
    outer loop
      vertex -6.55487 -32.9537 0
      vertex -8.16406 -32.5923 18
      vertex -6.55487 -32.9537 18
    endloop
  endfacet
  facet normal 0.219127 0.975696 0
    outer loop
      vertex -8.16406 -32.5923 18
      vertex -6.55487 -32.9537 0
      vertex -8.16406 -32.5923 0
    endloop
  endfacet
  facet normal 0.170939 0.985282 -0
    outer loop
      vertex -4.93002 -33.2356 0
      vertex -6.55487 -32.9537 18
      vertex -4.93002 -33.2356 18
    endloop
  endfacet
  facet normal 0.170939 0.985282 0
    outer loop
      vertex -6.55487 -32.9537 18
      vertex -4.93002 -33.2356 0
      vertex -6.55487 -32.9537 0
    endloop
  endfacet
  facet normal 0.122415 0.992479 -0
    outer loop
      vertex -3.29311 -33.4375 0
      vertex -4.93002 -33.2356 18
      vertex -3.29311 -33.4375 18
    endloop
  endfacet
  facet normal 0.122415 0.992479 0
    outer loop
      vertex -4.93002 -33.2356 18
      vertex -3.29311 -33.4375 0
      vertex -4.93002 -33.2356 0
    endloop
  endfacet
  facet normal 0.0735643 0.99729 -0
    outer loop
      vertex -1.64868 -33.5588 0
      vertex -3.29311 -33.4375 18
      vertex -1.64868 -33.5588 18
    endloop
  endfacet
  facet normal 0.0735643 0.99729 0
    outer loop
      vertex -3.29311 -33.4375 18
      vertex -1.64868 -33.5588 0
      vertex -3.29311 -33.4375 0
    endloop
  endfacet
  facet normal 0.0245577 0.999698 -0
    outer loop
      vertex 0 -33.5993 0
      vertex -1.64868 -33.5588 18
      vertex 0 -33.5993 18
    endloop
  endfacet
  facet normal 0.0245577 0.999698 0
    outer loop
      vertex -1.64868 -33.5588 18
      vertex 0 -33.5993 0
      vertex -1.64868 -33.5588 0
    endloop
  endfacet
  facet normal -0.0245577 0.999698 0
    outer loop
      vertex 1.64868 -33.5588 0
      vertex 0 -33.5993 18
      vertex 1.64868 -33.5588 18
    endloop
  endfacet
  facet normal -0.0245577 0.999698 0
    outer loop
      vertex 0 -33.5993 18
      vertex 1.64868 -33.5588 0
      vertex 0 -33.5993 0
    endloop
  endfacet
  facet normal 0 0 1
    outer loop
      vertex 24.4245 32.9327 4
      vertex 21.4452 28.9155 4
      vertex 22.4941 28.0969 4
    endloop
  endfacet
  facet normal 0 0 1
    outer loop
      vertex 20.0005 29.9329 4
      vertex 22.7792 34.0915 4
      vertex 21.079 35.1682 4
    endloop
  endfacet
  facet normal 0 0 1
    outer loop
      vertex 22.7792 34.0915 4
      vertex 20.0005 29.9329 4
      vertex 21.4452 28.9155 4
    endloop
  endfacet
  facet normal 0 0 1
    outer loop
      vertex 18.5077 30.8782 4
      vertex 21.079 35.1682 4
      vertex 19.328 36.1601 4
    endloop
  endfacet
  facet normal 0 0 1
    outer loop
      vertex 21.079 35.1682 4
      vertex 18.5077 30.8782 4
      vertex 20.0005 29.9329 4
    endloop
  endfacet
  facet normal 0 0 1
    outer loop
      vertex 16.9703 31.7492 4
      vertex 19.328 36.1601 4
      vertex 17.5304 37.0649 4
    endloop
  endfacet
  facet normal 0 0 1
    outer loop
      vertex 19.328 36.1601 4
      vertex 16.9703 31.7492 4
      vertex 18.5077 30.8782 4
    endloop
  endfacet
  facet normal 0 0 1
    outer loop
      vertex 15.392 32.5436 4
      vertex 17.5304 37.0649 4
      vertex 15.6906 37.8804 4
    endloop
  endfacet
  facet normal 0 0 1
    outer loop
      vertex 17.5304 37.0649 4
      vertex 15.392 32.5436 4
      vertex 16.9703 31.7492 4
    endloop
  endfacet
  facet normal 0 0 1
    outer loop
      vertex 13.7766 33.2597 4
      vertex 15.6906 37.8804 4
      vertex 13.813 38.6047 4
    endloop
  endfacet
  facet normal 0 0 1
    outer loop
      vertex 15.6906 37.8804 4
      vertex 13.7766 33.2597 4
      vertex 15.392 32.5436 4
    endloop
  endfacet
  facet normal 0 0 1
    outer loop
      vertex 13.813 38.6047 4
      vertex 12.128 33.8956 4
      vertex 13.7766 33.2597 4
    endloop
  endfacet
  facet normal 0 0 1
    outer loop
      vertex 11.9021 39.236 4
      vertex 12.128 33.8956 4
      vertex 13.813 38.6047 4
    endloop
  endfacet
  facet normal 0 0 1
    outer loop
      vertex 11.9021 39.236 4
      vertex 10.4502 34.4498 4
      vertex 12.128 33.8956 4
    endloop
  endfacet
  facet normal 0 0 1
    outer loop
      vertex 9.96254 39.7727 4
      vertex 10.4502 34.4498 4
      vertex 11.9021 39.236 4
    endloop
  endfacet
  facet normal 0 0 1
    outer loop
      vertex 9.96254 39.7727 4
      vertex 8.74728 34.9211 4
      vertex 10.4502 34.4498 4
    endloop
  endfacet
  facet normal 0 0 1
    outer loop
      vertex 7.99899 40.2137 4
      vertex 8.74728 34.9211 4
      vertex 9.96254 39.7727 4
    endloop
  endfacet
  facet normal 0 0 1
    outer loop
      vertex 7.99899 40.2137 4
      vertex 7.02324 35.3083 4
      vertex 8.74728 34.9211 4
    endloop
  endfacet
  facet normal 0 0 1
    outer loop
      vertex 6.01617 40.5577 4
      vertex 7.02324 35.3083 4
      vertex 7.99899 40.2137 4
    endloop
  endfacet
  facet normal 0 0 1
    outer loop
      vertex 6.01617 40.5577 4
      vertex 5.28229 35.6104 4
      vertex 7.02324 35.3083 4
    endloop
  endfacet
  facet normal 0 0 1
    outer loop
      vertex 4.01884 40.8041 4
      vertex 5.28229 35.6104 4
      vertex 6.01617 40.5577 4
    endloop
  endfacet
  facet normal 0 0 1
    outer loop
      vertex 4.01884 40.8041 4
      vertex 3.52861 35.8266 4
      vertex 5.28229 35.6104 4
    endloop
  endfacet
  facet normal 0 0 1
    outer loop
      vertex 2.01186 40.9521 4
      vertex 3.52861 35.8266 4
      vertex 4.01884 40.8041 4
    endloop
  endfacet
  facet normal 0 0 1
    outer loop
      vertex 2.01186 40.9521 4
      vertex 1.76643 35.9566 4
      vertex 3.52861 35.8266 4
    endloop
  endfacet
  facet normal 0 0 1
    outer loop
      vertex 0 41.0015 4
      vertex 1.76643 35.9566 4
      vertex 2.01186 40.9521 4
    endloop
  endfacet
  facet normal 0 0 1
    outer loop
      vertex 0 41.0015 4
      vertex 0 36 4
      vertex 1.76643 35.9566 4
    endloop
  endfacet
  facet normal 0 0 1
    outer loop
      vertex 0 41.0015 4
      vertex -1.76643 35.9566 4
      vertex 0 36 4
    endloop
  endfacet
  facet normal -0 0 1
    outer loop
      vertex -2.01186 40.9521 4
      vertex -1.76643 35.9566 4
      vertex 0 41.0015 4
    endloop
  endfacet
  facet normal 0 0 1
    outer loop
      vertex -2.01186 40.9521 4
      vertex -3.52861 35.8266 4
      vertex -1.76643 35.9566 4
    endloop
  endfacet
  facet normal -0 0 1
    outer loop
      vertex -4.01884 40.8041 4
      vertex -3.52861 35.8266 4
      vertex -2.01186 40.9521 4
    endloop
  endfacet
  facet normal 0 0 1
    outer loop
      vertex -4.01884 40.8041 4
      vertex -5.28229 35.6104 4
      vertex -3.52861 35.8266 4
    endloop
  endfacet
  facet normal -0 0 1
    outer loop
      vertex -6.01617 40.5577 4
      vertex -5.28229 35.6104 4
      vertex -4.01884 40.8041 4
    endloop
  endfacet
  facet normal 0 0 1
    outer loop
      vertex -6.01617 40.5577 4
      vertex -7.02324 35.3083 4
      vertex -5.28229 35.6104 4
    endloop
  endfacet
  facet normal -0 0 1
    outer loop
      vertex -7.99899 40.2137 4
      vertex -7.02324 35.3083 4
      vertex -6.01617 40.5577 4
    endloop
  endfacet
  facet normal 0 0 1
    outer loop
      vertex -7.99899 40.2137 4
      vertex -8.74728 34.9211 4
      vertex -7.02324 35.3083 4
    endloop
  endfacet
  facet normal -0 0 1
    outer loop
      vertex -9.96254 39.7727 4
      vertex -8.74728 34.9211 4
      vertex -7.99899 40.2137 4
    endloop
  endfacet
  facet normal 0 0 1
    outer loop
      vertex -9.96254 39.7727 4
      vertex -10.4502 34.4498 4
      vertex -8.74728 34.9211 4
    endloop
  endfacet
  facet normal -0 0 1
    outer loop
      vertex -11.9021 39.236 4
      vertex -10.4502 34.4498 4
      vertex -9.96254 39.7727 4
    endloop
  endfacet
  facet normal 0 0 1
    outer loop
      vertex -11.9021 39.236 4
      vertex -12.128 33.8956 4
      vertex -10.4502 34.4498 4
    endloop
  endfacet
  facet normal -0 0 1
    outer loop
      vertex -13.813 38.6047 4
      vertex -12.128 33.8956 4
      vertex -11.9021 39.236 4
    endloop
  endfacet
  facet normal 0 0 1
    outer loop
      vertex -12.128 33.8956 4
      vertex -13.813 38.6047 4
      vertex -13.7766 33.2597 4
    endloop
  endfacet
  facet normal -0 0 1
    outer loop
      vertex -15.6906 37.8804 4
      vertex -13.7766 33.2597 4
      vertex -13.813 38.6047 4
    endloop
  endfacet
  facet normal 0 0 1
    outer loop
      vertex -13.7766 33.2597 4
      vertex -15.6906 37.8804 4
      vertex -15.392 32.5436 4
    endloop
  endfacet
  facet normal -0 0 1
    outer loop
      vertex -17.5304 37.0649 4
      vertex -15.392 32.5436 4
      vertex -15.6906 37.8804 4
    endloop
  endfacet
  facet normal 0 0 1
    outer loop
      vertex -15.392 32.5436 4
      vertex -17.5304 37.0649 4
      vertex -16.9703 31.7492 4
    endloop
  endfacet
  facet normal -0 0 1
    outer loop
      vertex -19.328 36.1601 4
      vertex -16.9703 31.7492 4
      vertex -17.5304 37.0649 4
    endloop
  endfacet
  facet normal 0 0 1
    outer loop
      vertex -16.9703 31.7492 4
      vertex -19.328 36.1601 4
      vertex -18.5077 30.8782 4
    endloop
  endfacet
  facet normal -0 0 1
    outer loop
      vertex -21.079 35.1682 4
      vertex -18.5077 30.8782 4
      vertex -19.328 36.1601 4
    endloop
  endfacet
  facet normal 0 0 1
    outer loop
      vertex -18.5077 30.8782 4
      vertex -21.079 35.1682 4
      vertex -20.0005 29.9329 4
    endloop
  endfacet
  facet normal -0 0 1
    outer loop
      vertex -22.7792 34.0915 4
      vertex -20.0005 29.9329 4
      vertex -21.079 35.1682 4
    endloop
  endfacet
  facet normal 0 0 1
    outer loop
      vertex -20.0005 29.9329 4
      vertex -22.7792 34.0915 4
      vertex -21.4452 28.9155 4
    endloop
  endfacet
  facet normal -0 0 1
    outer loop
      vertex -24.4245 32.9327 4
      vertex -21.4452 28.9155 4
      vertex -22.7792 34.0915 4
    endloop
  endfacet
  facet normal 0 0 1
    outer loop
      vertex -21.4452 28.9155 4
      vertex -24.4245 32.9327 4
      vertex -22.8382 27.8284 4
    endloop
  endfacet
  facet normal -0 0 1
    outer loop
      vertex -26.0111 31.6946 4
      vertex -22.8382 27.8284 4
      vertex -24.4245 32.9327 4
    endloop
  endfacet
  facet normal 0 0 1
    outer loop
      vertex -22.8382 27.8284 4
      vertex -26.0111 31.6946 4
      vertex -24.1761 26.6742 4
    endloop
  endfacet
  facet normal -0 0 1
    outer loop
      vertex -27.5349 30.3801 4
      vertex -24.1761 26.6742 4
      vertex -26.0111 31.6946 4
    endloop
  endfacet
  facet normal 0 0 1
    outer loop
      vertex -24.1761 26.6742 4
      vertex -27.5349 30.3801 4
      vertex -25.4558 25.4558 4
    endloop
  endfacet
  facet normal -0 0 1
    outer loop
      vertex -28.9924 28.9924 4
      vertex -25.4558 25.4558 4
      vertex -27.5349 30.3801 4
    endloop
  endfacet
  facet normal 0 0 1
    outer loop
      vertex -25.4558 25.4558 4
      vertex -28.9924 28.9924 4
      vertex -26.6742 24.1761 4
    endloop
  endfacet
  facet normal -0 0 1
    outer loop
      vertex -30.3801 27.5349 4
      vertex -26.6742 24.1761 4
      vertex -28.9924 28.9924 4
    endloop
  endfacet
  facet normal 0 0 1
    outer loop
      vertex -26.6742 24.1761 4
      vertex -30.3801 27.5349 4
      vertex -27.8284 22.8382 4
    endloop
  endfacet
  facet normal -0 0 1
    outer loop
      vertex -31.6946 26.0111 4
      vertex -27.8284 22.8382 4
      vertex -30.3801 27.5349 4
    endloop
  endfacet
  facet normal 0 0 1
    outer loop
      vertex -27.8284 22.8382 4
      vertex -31.6946 26.0111 4
      vertex -28.9155 21.4452 4
    endloop
  endfacet
  facet normal -0 0 1
    outer loop
      vertex -32.9327 24.4245 4
      vertex -28.9155 21.4452 4
      vertex -31.6946 26.0111 4
    endloop
  endfacet
  facet normal 0 0 1
    outer loop
      vertex -28.9155 21.4452 4
      vertex -32.9327 24.4245 4
      vertex -29.9329 20.0005 4
    endloop
  endfacet
  facet normal -0 0 1
    outer loop
      vertex -34.0915 22.7792 4
      vertex -29.9329 20.0005 4
      vertex -32.9327 24.4245 4
    endloop
  endfacet
  facet normal 0 0 1
    outer loop
      vertex -29.9329 20.0005 4
      vertex -34.0915 22.7792 4
      vertex -30.8782 18.5077 4
    endloop
  endfacet
  facet normal -0 0 1
    outer loop
      vertex -35.1682 21.079 4
      vertex -30.8782 18.5077 4
      vertex -34.0915 22.7792 4
    endloop
  endfacet
  facet normal 0 0 1
    outer loop
      vertex -30.8782 18.5077 4
      vertex -35.1682 21.079 4
      vertex -31.7492 16.9703 4
    endloop
  endfacet
  facet normal -0 0 1
    outer loop
      vertex -36.1601 19.328 4
      vertex -31.7492 16.9703 4
      vertex -35.1682 21.079 4
    endloop
  endfacet
  facet normal 0 0 1
    outer loop
      vertex -31.7492 16.9703 4
      vertex -36.1601 19.328 4
      vertex -32.5436 15.392 4
    endloop
  endfacet
  facet normal -0 0 1
    outer loop
      vertex -37.0649 17.5304 4
      vertex -32.5436 15.392 4
      vertex -36.1601 19.328 4
    endloop
  endfacet
  facet normal 0 0 1
    outer loop
      vertex -32.5436 15.392 4
      vertex -37.0649 17.5304 4
      vertex -33.2597 13.7766 4
    endloop
  endfacet
  facet normal -0 0 1
    outer loop
      vertex -37.8804 15.6906 4
      vertex -33.2597 13.7766 4
      vertex -37.0649 17.5304 4
    endloop
  endfacet
  facet normal 0 0 1
    outer loop
      vertex -33.2597 13.7766 4
      vertex -37.8804 15.6906 4
      vertex -33.8956 12.128 4
    endloop
  endfacet
  facet normal -0 0 1
    outer loop
      vertex -38.6047 13.813 4
      vertex -33.8956 12.128 4
      vertex -37.8804 15.6906 4
    endloop
  endfacet
  facet normal 0 0 1
    outer loop
      vertex -33.8956 12.128 4
      vertex -38.6047 13.813 4
      vertex -34.4498 10.4502 4
    endloop
  endfacet
  facet normal -0 0 1
    outer loop
      vertex -39.236 11.9021 4
      vertex -34.4498 10.4502 4
      vertex -38.6047 13.813 4
    endloop
  endfacet
  facet normal -0 0 1
    outer loop
      vertex -39.7727 9.96254 4
      vertex -34.9211 8.74728 4
      vertex -39.236 11.9021 4
    endloop
  endfacet
  facet normal 0 0 1
    outer loop
      vertex -34.4498 10.4502 4
      vertex -39.236 11.9021 4
      vertex -34.9211 8.74728 4
    endloop
  endfacet
  facet normal 0 0 1
    outer loop
      vertex 21.4452 28.9155 4
      vertex 24.4245 32.9327 4
      vertex 22.7792 34.0915 4
    endloop
  endfacet
  facet normal 0 0 1
    outer loop
      vertex 24.4245 32.9327 4
      vertex 22.4941 28.0969 4
      vertex 52.1419 11.3021 4
    endloop
  endfacet
  facet normal 0 0 1
    outer loop
      vertex 20.4217 23.5372 4
      vertex 22.4941 28.0969 4
      vertex 22.1067 28.2463 4
    endloop
  endfacet
  facet normal 0 0 1
    outer loop
      vertex 20.4217 23.5372 4
      vertex 22.1067 28.2463 4
      vertex 20.7085 28.7082 4
    endloop
  endfacet
  facet normal 0 0 1
    outer loop
      vertex 22.4941 28.0969 4
      vertex 20.4217 23.5372 4
      vertex 52.1419 11.3021 4
    endloop
  endfacet
  facet normal 0 0 1
    outer loop
      vertex 19.2566 23.9221 4
      vertex 20.7085 28.7082 4
      vertex 19.2894 29.1009 4
    endloop
  endfacet
  facet normal 0 0 1
    outer loop
      vertex 20.7085 28.7082 4
      vertex 19.2566 23.9221 4
      vertex 20.4217 23.5372 4
    endloop
  endfacet
  facet normal 0 0 1
    outer loop
      vertex 19.2894 29.1009 4
      vertex 18.074 24.2493 4
      vertex 19.2566 23.9221 4
    endloop
  endfacet
  facet normal 0 0 1
    outer loop
      vertex 17.8527 29.4236 4
      vertex 18.074 24.2493 4
      vertex 19.2894 29.1009 4
    endloop
  endfacet
  facet normal 0 0 1
    outer loop
      vertex 17.8527 29.4236 4
      vertex 16.8771 24.5181 4
      vertex 18.074 24.2493 4
    endloop
  endfacet
  facet normal 0 0 1
    outer loop
      vertex 16.4019 29.6753 4
      vertex 16.8771 24.5181 4
      vertex 17.8527 29.4236 4
    endloop
  endfacet
  facet normal 0 0 1
    outer loop
      vertex 16.4019 29.6753 4
      vertex 15.668 24.7279 4
      vertex 16.8771 24.5181 4
    endloop
  endfacet
  facet normal 0 0 1
    outer loop
      vertex 14.9405 29.8555 4
      vertex 15.668 24.7279 4
      vertex 16.4019 29.6753 4
    endloop
  endfacet
  facet normal 0 0 1
    outer loop
      vertex 14.9405 29.8555 4
      vertex 14.4502 24.8781 4
      vertex 15.668 24.7279 4
    endloop
  endfacet
  facet normal 0 0 1
    outer loop
      vertex 13.472 29.9639 4
      vertex 14.4502 24.8781 4
      vertex 14.9405 29.8555 4
    endloop
  endfacet
  facet normal 0 0 1
    outer loop
      vertex 13.472 29.9639 4
      vertex 13.2265 24.9684 4
      vertex 14.4502 24.8781 4
    endloop
  endfacet
  facet normal 0 0 1
    outer loop
      vertex 12 30 4
      vertex 13.2265 24.9684 4
      vertex 13.472 29.9639 4
    endloop
  endfacet
  facet normal 0 0 1
    outer loop
      vertex 12 30 4
      vertex 12 24.9985 4
      vertex 13.2265 24.9684 4
    endloop
  endfacet
  facet normal 0 0 1
    outer loop
      vertex 12 30 4
      vertex 10.7734 24.9684 4
      vertex 12 24.9985 4
    endloop
  endfacet
  facet normal -0 0 1
    outer loop
      vertex 10.528 29.9639 4
      vertex 10.7734 24.9684 4
      vertex 12 30 4
    endloop
  endfacet
  facet normal 0 0 1
    outer loop
      vertex 10.528 29.9639 4
      vertex 9.54976 24.8781 4
      vertex 10.7734 24.9684 4
    endloop
  endfacet
  facet normal -0 0 1
    outer loop
      vertex 9.05948 29.8555 4
      vertex 9.54976 24.8781 4
      vertex 10.528 29.9639 4
    endloop
  endfacet
  facet normal 0 0 1
    outer loop
      vertex 9.05948 29.8555 4
      vertex 8.33199 24.7279 4
      vertex 9.54976 24.8781 4
    endloop
  endfacet
  facet normal -0 0 1
    outer loop
      vertex 7.59808 29.6753 4
      vertex 8.33199 24.7279 4
      vertex 9.05948 29.8555 4
    endloop
  endfacet
  facet normal 0 0 1
    outer loop
      vertex 7.59808 29.6753 4
      vertex 7.12285 24.5181 4
      vertex 8.33199 24.7279 4
    endloop
  endfacet
  facet normal -0 0 1
    outer loop
      vertex 6.14728 29.4236 4
      vertex 7.12285 24.5181 4
      vertex 7.59808 29.6753 4
    endloop
  endfacet
  facet normal 0 0 1
    outer loop
      vertex 6.14728 29.4236 4
      vertex 5.92595 24.2493 4
      vertex 7.12285 24.5181 4
    endloop
  endfacet
  facet normal -0 0 1
    outer loop
      vertex 4.71059 29.1009 4
      vertex 5.92595 24.2493 4
      vertex 6.14728 29.4236 4
    endloop
  endfacet
  facet normal 0 0 1
    outer loop
      vertex 5.92595 24.2493 4
      vertex 4.71059 29.1009 4
      vertex 4.74339 23.9221 4
    endloop
  endfacet
  facet normal -0 0 1
    outer loop
      vertex 3.29146 28.7082 4
      vertex 4.74339 23.9221 4
      vertex 4.71059 29.1009 4
    endloop
  endfacet
  facet normal 0 0 1
    outer loop
      vertex 4.74339 23.9221 4
      vertex 3.29146 28.7082 4
      vertex 3.57819 23.5371 4
    endloop
  endfacet
  facet normal -0 0 1
    outer loop
      vertex 1.8933 28.2463 4
      vertex 3.57819 23.5371 4
      vertex 3.29146 28.7082 4
    endloop
  endfacet
  facet normal 0 0 1
    outer loop
      vertex 3.57819 23.5371 4
      vertex 1.8933 28.2463 4
      vertex 2.43344 23.0956 4
    endloop
  endfacet
  facet normal -0 0 1
    outer loop
      vertex 0.519485 27.7164 4
      vertex 2.43344 23.0956 4
      vertex 1.8933 28.2463 4
    endloop
  endfacet
  facet normal 0 0 1
    outer loop
      vertex 2.43344 23.0956 4
      vertex 0.519485 27.7164 4
      vertex 1.31183 22.5984 4
    endloop
  endfacet
  facet normal -0 0 1
    outer loop
      vertex -0.826645 27.1197 4
      vertex 1.31183 22.5984 4
      vertex 0.519485 27.7164 4
    endloop
  endfacet
  facet normal 0 0 1
    outer loop
      vertex 1.31183 22.5984 4
      vertex -0.826645 27.1197 4
      vertex 0.215866 22.0467 4
    endloop
  endfacet
  facet normal -0 0 1
    outer loop
      vertex -2.14189 26.4576 4
      vertex 0.215866 22.0467 4
      vertex -0.826645 27.1197 4
    endloop
  endfacet
  facet normal 0 0 1
    outer loop
      vertex 0.215866 22.0467 4
      vertex -2.14189 26.4576 4
      vertex -0.851944 21.4418 4
    endloop
  endfacet
  facet normal -0 0 1
    outer loop
      vertex -3.42308 25.7319 4
      vertex -0.851944 21.4418 4
      vertex -2.14189 26.4576 4
    endloop
  endfacet
  facet normal 0 0 1
    outer loop
      vertex -0.851944 21.4418 4
      vertex -3.42308 25.7319 4
      vertex -1.88828 20.7856 4
    endloop
  endfacet
  facet normal -0 0 1
    outer loop
      vertex -4.6671 24.9441 4
      vertex -1.88828 20.7856 4
      vertex -3.42308 25.7319 4
    endloop
  endfacet
  facet normal 0 0 1
    outer loop
      vertex -1.88828 20.7856 4
      vertex -4.6671 24.9441 4
      vertex -2.89156 20.079 4
    endloop
  endfacet
  facet normal -0 0 1
    outer loop
      vertex -5.87097 24.0962 4
      vertex -2.89156 20.079 4
      vertex -4.6671 24.9441 4
    endloop
  endfacet
  facet normal 0 0 1
    outer loop
      vertex -2.89156 20.079 4
      vertex -5.87097 24.0962 4
      vertex -3.85889 19.3241 4
    endloop
  endfacet
  facet normal -0 0 1
    outer loop
      vertex -7.03178 23.1903 4
      vertex -3.85889 19.3241 4
      vertex -5.87097 24.0962 4
    endloop
  endfacet
  facet normal 0 0 1
    outer loop
      vertex -3.85889 19.3241 4
      vertex -7.03178 23.1903 4
      vertex -4.78798 18.5226 4
    endloop
  endfacet
  facet normal -0 0 1
    outer loop
      vertex -8.14676 22.2285 4
      vertex -4.78798 18.5226 4
      vertex -7.03178 23.1903 4
    endloop
  endfacet
  facet normal 0 0 1
    outer loop
      vertex -4.78798 18.5226 4
      vertex -8.14676 22.2285 4
      vertex -5.67659 17.6766 4
    endloop
  endfacet
  facet normal -0 0 1
    outer loop
      vertex -9.2132 21.2132 4
      vertex -5.67659 17.6766 4
      vertex -8.14676 22.2285 4
    endloop
  endfacet
  facet normal 0 0 1
    outer loop
      vertex -5.67659 17.6766 4
      vertex -9.2132 21.2132 4
      vertex -6.52263 16.788 4
    endloop
  endfacet
  facet normal -0 0 1
    outer loop
      vertex -10.2285 20.1468 4
      vertex -6.52263 16.788 4
      vertex -9.2132 21.2132 4
    endloop
  endfacet
  facet normal 0 0 1
    outer loop
      vertex -6.52263 16.788 4
      vertex -10.2285 20.1468 4
      vertex -7.32407 15.8589 4
    endloop
  endfacet
  facet normal -0 0 1
    outer loop
      vertex -11.1903 19.0318 4
      vertex -7.32407 15.8589 4
      vertex -10.2285 20.1468 4
    endloop
  endfacet
  facet normal 0 0 1
    outer loop
      vertex -7.32407 15.8589 4
      vertex -11.1903 19.0318 4
      vertex -8.07899 14.8916 4
    endloop
  endfacet
  facet normal -0 0 1
    outer loop
      vertex -12.0962 17.871 4
      vertex -8.07899 14.8916 4
      vertex -11.1903 19.0318 4
    endloop
  endfacet
  facet normal 0 0 1
    outer loop
      vertex -8.07899 14.8916 4
      vertex -12.0962 17.871 4
      vertex -8.78557 13.8883 4
    endloop
  endfacet
  facet normal -0 0 1
    outer loop
      vertex -12.9441 16.6671 4
      vertex -8.78557 13.8883 4
      vertex -12.0962 17.871 4
    endloop
  endfacet
  facet normal 0 0 1
    outer loop
      vertex -8.78557 13.8883 4
      vertex -12.9441 16.6671 4
      vertex -9.44183 12.8519 4
    endloop
  endfacet
  facet normal -0 0 1
    outer loop
      vertex -13.7319 15.4231 4
      vertex -9.44183 12.8519 4
      vertex -12.9441 16.6671 4
    endloop
  endfacet
  facet normal 0 0 1
    outer loop
      vertex -9.44183 12.8519 4
      vertex -13.7319 15.4231 4
      vertex -10.0467 11.7841 4
    endloop
  endfacet
  facet normal -0 0 1
    outer loop
      vertex -14.4576 14.1419 4
      vertex -10.0467 11.7841 4
      vertex -13.7319 15.4231 4
    endloop
  endfacet
  facet normal 0 0 1
    outer loop
      vertex -10.0467 11.7841 4
      vertex -14.4576 14.1419 4
      vertex -10.5984 10.6882 4
    endloop
  endfacet
  facet normal -0 0 1
    outer loop
      vertex -15.1197 12.8266 4
      vertex -10.5984 10.6882 4
      vertex -14.4576 14.1419 4
    endloop
  endfacet
  facet normal 0 0 1
    outer loop
      vertex -10.5984 10.6882 4
      vertex -15.1197 12.8266 4
      vertex -11.0956 9.56653 4
    endloop
  endfacet
  facet normal -0 0 1
    outer loop
      vertex -15.7164 11.4805 4
      vertex -11.0956 9.56653 4
      vertex -15.1197 12.8266 4
    endloop
  endfacet
  facet normal 0 0 1
    outer loop
      vertex -11.0956 9.56653 4
      vertex -15.7164 11.4805 4
      vertex -11.5371 8.4218 4
    endloop
  endfacet
  facet normal -0 0 1
    outer loop
      vertex -16.2463 10.1067 4
      vertex -11.5371 8.4218 4
      vertex -15.7164 11.4805 4
    endloop
  endfacet
  facet normal 0 0 1
    outer loop
      vertex -11.5371 8.4218 4
      vertex -16.2463 10.1067 4
      vertex -11.9221 7.25659 4
    endloop
  endfacet
  facet normal -0 0 1
    outer loop
      vertex -16.7082 8.70853 4
      vertex -11.9221 7.25659 4
      vertex -16.2463 10.1067 4
    endloop
  endfacet
  facet normal 0 0 1
    outer loop
      vertex -11.9221 7.25659 4
      vertex -16.7082 8.70853 4
      vertex -12.2493 6.07404 4
    endloop
  endfacet
  facet normal -0 0 1
    outer loop
      vertex 22.4941 -28.0969 4
      vertex 24.4245 -32.9327 4
      vertex 52.1419 -11.3021 4
    endloop
  endfacet
  facet normal -0 0 1
    outer loop
      vertex 21.4452 -28.9155 4
      vertex 24.4245 -32.9327 4
      vertex 22.4941 -28.0969 4
    endloop
  endfacet
  facet normal -0 0 1
    outer loop
      vertex 20.4217 -23.5372 4
      vertex 22.4941 -28.0969 4
      vertex 52.1419 -11.3021 4
    endloop
  endfacet
  facet normal 0 0 1
    outer loop
      vertex 22.4941 -28.0969 4
      vertex 20.4217 -23.5372 4
      vertex 22.1067 -28.2463 4
    endloop
  endfacet
  facet normal 0 0 1
    outer loop
      vertex 22.1067 -28.2463 4
      vertex 20.4217 -23.5372 4
      vertex 20.7085 -28.7082 4
    endloop
  endfacet
  facet normal -0 0 1
    outer loop
      vertex 19.2566 -23.9221 4
      vertex 20.7085 -28.7082 4
      vertex 20.4217 -23.5372 4
    endloop
  endfacet
  facet normal 0 0 1
    outer loop
      vertex 20.7085 -28.7082 4
      vertex 19.2566 -23.9221 4
      vertex 19.2894 -29.1009 4
    endloop
  endfacet
  facet normal -0 0 1
    outer loop
      vertex 18.074 -24.2493 4
      vertex 19.2894 -29.1009 4
      vertex 19.2566 -23.9221 4
    endloop
  endfacet
  facet normal 0 0 1
    outer loop
      vertex 18.074 -24.2493 4
      vertex 17.8527 -29.4236 4
      vertex 19.2894 -29.1009 4
    endloop
  endfacet
  facet normal -0 0 1
    outer loop
      vertex 16.8771 -24.5181 4
      vertex 17.8527 -29.4236 4
      vertex 18.074 -24.2493 4
    endloop
  endfacet
  facet normal 0 0 1
    outer loop
      vertex 16.8771 -24.5181 4
      vertex 16.4019 -29.6753 4
      vertex 17.8527 -29.4236 4
    endloop
  endfacet
  facet normal -0 0 1
    outer loop
      vertex 15.668 -24.7279 4
      vertex 16.4019 -29.6753 4
      vertex 16.8771 -24.5181 4
    endloop
  endfacet
  facet normal 0 0 1
    outer loop
      vertex 15.668 -24.7279 4
      vertex 14.9405 -29.8555 4
      vertex 16.4019 -29.6753 4
    endloop
  endfacet
  facet normal -0 0 1
    outer loop
      vertex 14.4502 -24.8781 4
      vertex 14.9405 -29.8555 4
      vertex 15.668 -24.7279 4
    endloop
  endfacet
  facet normal 0 0 1
    outer loop
      vertex 14.4502 -24.8781 4
      vertex 13.472 -29.9639 4
      vertex 14.9405 -29.8555 4
    endloop
  endfacet
  facet normal -0 0 1
    outer loop
      vertex 13.2265 -24.9684 4
      vertex 13.472 -29.9639 4
      vertex 14.4502 -24.8781 4
    endloop
  endfacet
  facet normal -0 0 1
    outer loop
      vertex 12 -24.9985 4
      vertex 13.472 -29.9639 4
      vertex 13.2265 -24.9684 4
    endloop
  endfacet
  facet normal 0 0 1
    outer loop
      vertex 12 -24.9985 4
      vertex 12 -30 4
      vertex 13.472 -29.9639 4
    endloop
  endfacet
  facet normal 0 0 1
    outer loop
      vertex 10.7734 -24.9684 4
      vertex 12 -30 4
      vertex 12 -24.9985 4
    endloop
  endfacet
  facet normal 0 0 1
    outer loop
      vertex 10.7734 -24.9684 4
      vertex 10.528 -29.9639 4
      vertex 12 -30 4
    endloop
  endfacet
  facet normal 0 0 1
    outer loop
      vertex 9.54976 -24.8781 4
      vertex 10.528 -29.9639 4
      vertex 10.7734 -24.9684 4
    endloop
  endfacet
  facet normal 0 0 1
    outer loop
      vertex 9.54976 -24.8781 4
      vertex 9.05948 -29.8555 4
      vertex 10.528 -29.9639 4
    endloop
  endfacet
  facet normal 0 0 1
    outer loop
      vertex 8.33199 -24.7279 4
      vertex 9.05948 -29.8555 4
      vertex 9.54976 -24.8781 4
    endloop
  endfacet
  facet normal 0 0 1
    outer loop
      vertex 8.33199 -24.7279 4
      vertex 7.59808 -29.6753 4
      vertex 9.05948 -29.8555 4
    endloop
  endfacet
  facet normal 0 0 1
    outer loop
      vertex 7.12285 -24.5181 4
      vertex 7.59808 -29.6753 4
      vertex 8.33199 -24.7279 4
    endloop
  endfacet
  facet normal 0 0 1
    outer loop
      vertex 7.12285 -24.5181 4
      vertex 6.14728 -29.4236 4
      vertex 7.59808 -29.6753 4
    endloop
  endfacet
  facet normal 0 0 1
    outer loop
      vertex 5.92595 -24.2493 4
      vertex 6.14728 -29.4236 4
      vertex 7.12285 -24.5181 4
    endloop
  endfacet
  facet normal 0 0 1
    outer loop
      vertex 4.71059 -29.1009 4
      vertex 5.92595 -24.2493 4
      vertex 4.74339 -23.9221 4
    endloop
  endfacet
  facet normal 0 0 1
    outer loop
      vertex 5.92595 -24.2493 4
      vertex 4.71059 -29.1009 4
      vertex 6.14728 -29.4236 4
    endloop
  endfacet
  facet normal 0 0 1
    outer loop
      vertex 3.29146 -28.7082 4
      vertex 4.74339 -23.9221 4
      vertex 3.57819 -23.5371 4
    endloop
  endfacet
  facet normal 0 0 1
    outer loop
      vertex 4.74339 -23.9221 4
      vertex 3.29146 -28.7082 4
      vertex 4.71059 -29.1009 4
    endloop
  endfacet
  facet normal 0 0 1
    outer loop
      vertex 1.8933 -28.2463 4
      vertex 3.57819 -23.5371 4
      vertex 2.43344 -23.0956 4
    endloop
  endfacet
  facet normal 0 0 1
    outer loop
      vertex 3.57819 -23.5371 4
      vertex 1.8933 -28.2463 4
      vertex 3.29146 -28.7082 4
    endloop
  endfacet
  facet normal 0 0 1
    outer loop
      vertex 0.519485 -27.7164 4
      vertex 2.43344 -23.0956 4
      vertex 1.31183 -22.5984 4
    endloop
  endfacet
  facet normal 0 0 1
    outer loop
      vertex 2.43344 -23.0956 4
      vertex 0.519485 -27.7164 4
      vertex 1.8933 -28.2463 4
    endloop
  endfacet
  facet normal 0 0 1
    outer loop
      vertex -0.826645 -27.1197 4
      vertex 1.31183 -22.5984 4
      vertex 0.215866 -22.0467 4
    endloop
  endfacet
  facet normal 0 0 1
    outer loop
      vertex 1.31183 -22.5984 4
      vertex -0.826645 -27.1197 4
      vertex 0.519485 -27.7164 4
    endloop
  endfacet
  facet normal 0 0 1
    outer loop
      vertex -2.14189 -26.4576 4
      vertex 0.215866 -22.0467 4
      vertex -0.851944 -21.4418 4
    endloop
  endfacet
  facet normal 0 0 1
    outer loop
      vertex -3.42308 -25.7319 4
      vertex -0.851944 -21.4418 4
      vertex -1.88828 -20.7856 4
    endloop
  endfacet
  facet normal 0 0 1
    outer loop
      vertex 0.215866 -22.0467 4
      vertex -2.14189 -26.4576 4
      vertex -0.826645 -27.1197 4
    endloop
  endfacet
  facet normal 0 0 1
    outer loop
      vertex -4.6671 -24.9441 4
      vertex -1.88828 -20.7856 4
      vertex -2.89156 -20.079 4
    endloop
  endfacet
  facet normal 0 0 1
    outer loop
      vertex -0.851944 -21.4418 4
      vertex -3.42308 -25.7319 4
      vertex -2.14189 -26.4576 4
    endloop
  endfacet
  facet normal 0 0 1
    outer loop
      vertex -5.87097 -24.0962 4
      vertex -2.89156 -20.079 4
      vertex -3.85889 -19.3241 4
    endloop
  endfacet
  facet normal 0 0 1
    outer loop
      vertex -1.88828 -20.7856 4
      vertex -4.6671 -24.9441 4
      vertex -3.42308 -25.7319 4
    endloop
  endfacet
  facet normal 0 0 1
    outer loop
      vertex -7.03178 -23.1903 4
      vertex -3.85889 -19.3241 4
      vertex -4.78798 -18.5226 4
    endloop
  endfacet
  facet normal 0 0 1
    outer loop
      vertex -8.14676 -22.2285 4
      vertex -4.78798 -18.5226 4
      vertex -5.67659 -17.6766 4
    endloop
  endfacet
  facet normal 0 0 1
    outer loop
      vertex -2.89156 -20.079 4
      vertex -5.87097 -24.0962 4
      vertex -4.6671 -24.9441 4
    endloop
  endfacet
  facet normal 0 0 1
    outer loop
      vertex -9.2132 -21.2132 4
      vertex -5.67659 -17.6766 4
      vertex -6.52263 -16.788 4
    endloop
  endfacet
  facet normal 0 0 1
    outer loop
      vertex -3.85889 -19.3241 4
      vertex -7.03178 -23.1903 4
      vertex -5.87097 -24.0962 4
    endloop
  endfacet
  facet normal 0 0 1
    outer loop
      vertex -10.2285 -20.1468 4
      vertex -6.52263 -16.788 4
      vertex -7.32407 -15.8589 4
    endloop
  endfacet
  facet normal 0 0 1
    outer loop
      vertex -11.1903 -19.0318 4
      vertex -7.32407 -15.8589 4
      vertex -8.07899 -14.8916 4
    endloop
  endfacet
  facet normal 0 0 1
    outer loop
      vertex -4.78798 -18.5226 4
      vertex -8.14676 -22.2285 4
      vertex -7.03178 -23.1903 4
    endloop
  endfacet
  facet normal 0 0 1
    outer loop
      vertex -12.0962 -17.871 4
      vertex -8.07899 -14.8916 4
      vertex -8.78557 -13.8883 4
    endloop
  endfacet
  facet normal 0 0 1
    outer loop
      vertex -5.67659 -17.6766 4
      vertex -9.2132 -21.2132 4
      vertex -8.14676 -22.2285 4
    endloop
  endfacet
  facet normal 0 0 1
    outer loop
      vertex -12.9441 -16.6671 4
      vertex -8.78557 -13.8883 4
      vertex -9.44183 -12.8519 4
    endloop
  endfacet
  facet normal 0 0 1
    outer loop
      vertex -13.7319 -15.4231 4
      vertex -9.44183 -12.8519 4
      vertex -10.0467 -11.7841 4
    endloop
  endfacet
  facet normal 0 0 1
    outer loop
      vertex -6.52263 -16.788 4
      vertex -10.2285 -20.1468 4
      vertex -9.2132 -21.2132 4
    endloop
  endfacet
  facet normal 0 0 1
    outer loop
      vertex -14.4576 -14.1419 4
      vertex -10.0467 -11.7841 4
      vertex -10.5984 -10.6882 4
    endloop
  endfacet
  facet normal 0 0 1
    outer loop
      vertex -15.1197 -12.8266 4
      vertex -10.5984 -10.6882 4
      vertex -11.0956 -9.56653 4
    endloop
  endfacet
  facet normal 0 0 1
    outer loop
      vertex -7.32407 -15.8589 4
      vertex -11.1903 -19.0318 4
      vertex -10.2285 -20.1468 4
    endloop
  endfacet
  facet normal 0 0 1
    outer loop
      vertex -15.7164 -11.4805 4
      vertex -11.0956 -9.56653 4
      vertex -11.5371 -8.4218 4
    endloop
  endfacet
  facet normal 0 0 1
    outer loop
      vertex -16.2463 -10.1067 4
      vertex -11.5371 -8.4218 4
      vertex -11.9221 -7.25659 4
    endloop
  endfacet
  facet normal 0 0 1
    outer loop
      vertex -8.07899 -14.8916 4
      vertex -12.0962 -17.871 4
      vertex -11.1903 -19.0318 4
    endloop
  endfacet
  facet normal 0 0 1
    outer loop
      vertex -16.7082 -8.70853 4
      vertex -11.9221 -7.25659 4
      vertex -12.2493 -6.07404 4
    endloop
  endfacet
  facet normal 0 0 1
    outer loop
      vertex -17.1009 -7.2894 4
      vertex -12.2493 -6.07404 4
      vertex -12.5181 -4.87714 4
    endloop
  endfacet
  facet normal 0 0 1
    outer loop
      vertex -17.4236 -5.85271 4
      vertex -12.5181 -4.87714 4
      vertex -12.7279 -3.668 4
    endloop
  endfacet
  facet normal 0 0 1
    outer loop
      vertex -17.6753 -4.4019 4
      vertex -12.7279 -3.668 4
      vertex -12.8781 -2.45023 4
    endloop
  endfacet
  facet normal 0 0 1
    outer loop
      vertex -8.78557 -13.8883 4
      vertex -12.9441 -16.6671 4
      vertex -12.0962 -17.871 4
    endloop
  endfacet
  facet normal 0 0 1
    outer loop
      vertex -17.8555 -2.94051 4
      vertex -12.8781 -2.45023 4
      vertex -12.9684 -1.22653 4
    endloop
  endfacet
  facet normal 0 0 1
    outer loop
      vertex -17.9639 -1.47202 4
      vertex -12.9684 -1.22653 4
      vertex -12.9985 0 4
    endloop
  endfacet
  facet normal -0 0 1
    outer loop
      vertex -17.1009 7.2894 4
      vertex -12.2493 6.07404 4
      vertex -16.7082 8.70853 4
    endloop
  endfacet
  facet normal 0 0 1
    outer loop
      vertex -9.44183 -12.8519 4
      vertex -13.7319 -15.4231 4
      vertex -12.9441 -16.6671 4
    endloop
  endfacet
  facet normal 0 0 1
    outer loop
      vertex -12.2493 6.07404 4
      vertex -17.1009 7.2894 4
      vertex -12.5181 4.87714 4
    endloop
  endfacet
  facet normal 0 0 1
    outer loop
      vertex -10.0467 -11.7841 4
      vertex -14.4576 -14.1419 4
      vertex -13.7319 -15.4231 4
    endloop
  endfacet
  facet normal -0 0 1
    outer loop
      vertex -17.4236 5.85271 4
      vertex -12.5181 4.87714 4
      vertex -17.1009 7.2894 4
    endloop
  endfacet
  facet normal 0 0 1
    outer loop
      vertex -10.5984 -10.6882 4
      vertex -15.1197 -12.8266 4
      vertex -14.4576 -14.1419 4
    endloop
  endfacet
  facet normal 0 0 1
    outer loop
      vertex -12.5181 4.87714 4
      vertex -17.4236 5.85271 4
      vertex -12.7279 3.668 4
    endloop
  endfacet
  facet normal 0 0 1
    outer loop
      vertex -11.0956 -9.56653 4
      vertex -15.7164 -11.4805 4
      vertex -15.1197 -12.8266 4
    endloop
  endfacet
  facet normal -0 0 1
    outer loop
      vertex -17.6753 4.4019 4
      vertex -12.7279 3.668 4
      vertex -17.4236 5.85271 4
    endloop
  endfacet
  facet normal 0 0 1
    outer loop
      vertex -11.5371 -8.4218 4
      vertex -16.2463 -10.1067 4
      vertex -15.7164 -11.4805 4
    endloop
  endfacet
  facet normal 0 0 1
    outer loop
      vertex -12.7279 3.668 4
      vertex -17.6753 4.4019 4
      vertex -12.8781 2.45023 4
    endloop
  endfacet
  facet normal 0 0 1
    outer loop
      vertex -11.9221 -7.25659 4
      vertex -16.7082 -8.70853 4
      vertex -16.2463 -10.1067 4
    endloop
  endfacet
  facet normal -0 0 1
    outer loop
      vertex -17.8555 2.94051 4
      vertex -12.8781 2.45023 4
      vertex -17.6753 4.4019 4
    endloop
  endfacet
  facet normal 0 0 1
    outer loop
      vertex -12.2493 -6.07404 4
      vertex -17.1009 -7.2894 4
      vertex -16.7082 -8.70853 4
    endloop
  endfacet
  facet normal 0 0 1
    outer loop
      vertex -12.8781 2.45023 4
      vertex -17.8555 2.94051 4
      vertex -12.9684 1.22653 4
    endloop
  endfacet
  facet normal 0 0 1
    outer loop
      vertex -12.5181 -4.87714 4
      vertex -17.4236 -5.85271 4
      vertex -17.1009 -7.2894 4
    endloop
  endfacet
  facet normal -0 0 1
    outer loop
      vertex -17.9639 1.47202 4
      vertex -12.9684 1.22653 4
      vertex -17.8555 2.94051 4
    endloop
  endfacet
  facet normal 0 0 1
    outer loop
      vertex -12.7279 -3.668 4
      vertex -17.6753 -4.4019 4
      vertex -17.4236 -5.85271 4
    endloop
  endfacet
  facet normal 0 0 1
    outer loop
      vertex -12.9684 1.22653 4
      vertex -17.9639 1.47202 4
      vertex -12.9985 0 4
    endloop
  endfacet
  facet normal 0 0 1
    outer loop
      vertex -12.8781 -2.45023 4
      vertex -17.8555 -2.94051 4
      vertex -17.6753 -4.4019 4
    endloop
  endfacet
  facet normal 0 0 1
    outer loop
      vertex -18 0 4
      vertex -12.9985 0 4
      vertex -17.9639 1.47202 4
    endloop
  endfacet
  facet normal 0 0 1
    outer loop
      vertex -12.9684 -1.22653 4
      vertex -17.9639 -1.47202 4
      vertex -17.8555 -2.94051 4
    endloop
  endfacet
  facet normal 0 0 1
    outer loop
      vertex -12.9985 0 4
      vertex -18 0 4
      vertex -17.9639 -1.47202 4
    endloop
  endfacet
  facet normal 0 0 1
    outer loop
      vertex 24.4245 -32.9327 4
      vertex 21.4452 -28.9155 4
      vertex 22.7792 -34.0915 4
    endloop
  endfacet
  facet normal -0 0 1
    outer loop
      vertex 20.0005 -29.9329 4
      vertex 22.7792 -34.0915 4
      vertex 21.4452 -28.9155 4
    endloop
  endfacet
  facet normal 0 0 1
    outer loop
      vertex 22.7792 -34.0915 4
      vertex 20.0005 -29.9329 4
      vertex 21.079 -35.1682 4
    endloop
  endfacet
  facet normal -0 0 1
    outer loop
      vertex 18.5077 -30.8782 4
      vertex 21.079 -35.1682 4
      vertex 20.0005 -29.9329 4
    endloop
  endfacet
  facet normal 0 0 1
    outer loop
      vertex 21.079 -35.1682 4
      vertex 18.5077 -30.8782 4
      vertex 19.328 -36.1601 4
    endloop
  endfacet
  facet normal -0 0 1
    outer loop
      vertex 16.9703 -31.7492 4
      vertex 19.328 -36.1601 4
      vertex 18.5077 -30.8782 4
    endloop
  endfacet
  facet normal 0 0 1
    outer loop
      vertex 19.328 -36.1601 4
      vertex 16.9703 -31.7492 4
      vertex 17.5304 -37.0649 4
    endloop
  endfacet
  facet normal -0 0 1
    outer loop
      vertex 15.392 -32.5436 4
      vertex 17.5304 -37.0649 4
      vertex 16.9703 -31.7492 4
    endloop
  endfacet
  facet normal 0 0 1
    outer loop
      vertex 17.5304 -37.0649 4
      vertex 15.392 -32.5436 4
      vertex 15.6906 -37.8804 4
    endloop
  endfacet
  facet normal -0 0 1
    outer loop
      vertex 13.7766 -33.2597 4
      vertex 15.6906 -37.8804 4
      vertex 15.392 -32.5436 4
    endloop
  endfacet
  facet normal 0 0 1
    outer loop
      vertex 15.6906 -37.8804 4
      vertex 13.7766 -33.2597 4
      vertex 13.813 -38.6047 4
    endloop
  endfacet
  facet normal -0 0 1
    outer loop
      vertex 12.128 -33.8956 4
      vertex 13.813 -38.6047 4
      vertex 13.7766 -33.2597 4
    endloop
  endfacet
  facet normal 0 0 1
    outer loop
      vertex 12.128 -33.8956 4
      vertex 11.9021 -39.236 4
      vertex 13.813 -38.6047 4
    endloop
  endfacet
  facet normal -0 0 1
    outer loop
      vertex 10.4502 -34.4498 4
      vertex 11.9021 -39.236 4
      vertex 12.128 -33.8956 4
    endloop
  endfacet
  facet normal 0 0 1
    outer loop
      vertex 10.4502 -34.4498 4
      vertex 9.96254 -39.7727 4
      vertex 11.9021 -39.236 4
    endloop
  endfacet
  facet normal -0 0 1
    outer loop
      vertex 8.74728 -34.9211 4
      vertex 9.96254 -39.7727 4
      vertex 10.4502 -34.4498 4
    endloop
  endfacet
  facet normal 0 0 1
    outer loop
      vertex 8.74728 -34.9211 4
      vertex 7.99899 -40.2137 4
      vertex 9.96254 -39.7727 4
    endloop
  endfacet
  facet normal -0 0 1
    outer loop
      vertex 7.02324 -35.3083 4
      vertex 7.99899 -40.2137 4
      vertex 8.74728 -34.9211 4
    endloop
  endfacet
  facet normal 0 0 1
    outer loop
      vertex 7.02324 -35.3083 4
      vertex 6.01617 -40.5577 4
      vertex 7.99899 -40.2137 4
    endloop
  endfacet
  facet normal -0 0 1
    outer loop
      vertex 5.28229 -35.6104 4
      vertex 6.01617 -40.5577 4
      vertex 7.02324 -35.3083 4
    endloop
  endfacet
  facet normal 0 0 1
    outer loop
      vertex 5.28229 -35.6104 4
      vertex 4.01884 -40.8041 4
      vertex 6.01617 -40.5577 4
    endloop
  endfacet
  facet normal -0 0 1
    outer loop
      vertex 3.52861 -35.8266 4
      vertex 4.01884 -40.8041 4
      vertex 5.28229 -35.6104 4
    endloop
  endfacet
  facet normal 0 0 1
    outer loop
      vertex 3.52861 -35.8266 4
      vertex 2.01186 -40.9521 4
      vertex 4.01884 -40.8041 4
    endloop
  endfacet
  facet normal -0 0 1
    outer loop
      vertex 1.76643 -35.9566 4
      vertex 2.01186 -40.9521 4
      vertex 3.52861 -35.8266 4
    endloop
  endfacet
  facet normal -0 0 1
    outer loop
      vertex 0 -36 4
      vertex 2.01186 -40.9521 4
      vertex 1.76643 -35.9566 4
    endloop
  endfacet
  facet normal 0 0 1
    outer loop
      vertex 0 -36 4
      vertex 0 -41.0015 4
      vertex 2.01186 -40.9521 4
    endloop
  endfacet
  facet normal 0 0 1
    outer loop
      vertex -1.76643 -35.9566 4
      vertex 0 -41.0015 4
      vertex 0 -36 4
    endloop
  endfacet
  facet normal 0 0 1
    outer loop
      vertex -1.76643 -35.9566 4
      vertex -2.01186 -40.9521 4
      vertex 0 -41.0015 4
    endloop
  endfacet
  facet normal 0 0 1
    outer loop
      vertex -3.52861 -35.8266 4
      vertex -2.01186 -40.9521 4
      vertex -1.76643 -35.9566 4
    endloop
  endfacet
  facet normal 0 0 1
    outer loop
      vertex -3.52861 -35.8266 4
      vertex -4.01884 -40.8041 4
      vertex -2.01186 -40.9521 4
    endloop
  endfacet
  facet normal 0 0 1
    outer loop
      vertex -5.28229 -35.6104 4
      vertex -4.01884 -40.8041 4
      vertex -3.52861 -35.8266 4
    endloop
  endfacet
  facet normal 0 0 1
    outer loop
      vertex -5.28229 -35.6104 4
      vertex -6.01617 -40.5577 4
      vertex -4.01884 -40.8041 4
    endloop
  endfacet
  facet normal 0 0 1
    outer loop
      vertex -7.02324 -35.3083 4
      vertex -6.01617 -40.5577 4
      vertex -5.28229 -35.6104 4
    endloop
  endfacet
  facet normal 0 0 1
    outer loop
      vertex -7.02324 -35.3083 4
      vertex -7.99899 -40.2137 4
      vertex -6.01617 -40.5577 4
    endloop
  endfacet
  facet normal 0 0 1
    outer loop
      vertex -8.74728 -34.9211 4
      vertex -7.99899 -40.2137 4
      vertex -7.02324 -35.3083 4
    endloop
  endfacet
  facet normal 0 0 1
    outer loop
      vertex -8.74728 -34.9211 4
      vertex -9.96254 -39.7727 4
      vertex -7.99899 -40.2137 4
    endloop
  endfacet
  facet normal 0 0 1
    outer loop
      vertex -10.4502 -34.4498 4
      vertex -9.96254 -39.7727 4
      vertex -8.74728 -34.9211 4
    endloop
  endfacet
  facet normal 0 0 1
    outer loop
      vertex -10.4502 -34.4498 4
      vertex -11.9021 -39.236 4
      vertex -9.96254 -39.7727 4
    endloop
  endfacet
  facet normal 0 0 1
    outer loop
      vertex -12.128 -33.8956 4
      vertex -11.9021 -39.236 4
      vertex -10.4502 -34.4498 4
    endloop
  endfacet
  facet normal 0 0 1
    outer loop
      vertex -13.813 -38.6047 4
      vertex -12.128 -33.8956 4
      vertex -13.7766 -33.2597 4
    endloop
  endfacet
  facet normal 0 0 1
    outer loop
      vertex -12.128 -33.8956 4
      vertex -13.813 -38.6047 4
      vertex -11.9021 -39.236 4
    endloop
  endfacet
  facet normal 0 0 1
    outer loop
      vertex -15.6906 -37.8804 4
      vertex -13.7766 -33.2597 4
      vertex -15.392 -32.5436 4
    endloop
  endfacet
  facet normal 0 0 1
    outer loop
      vertex -13.7766 -33.2597 4
      vertex -15.6906 -37.8804 4
      vertex -13.813 -38.6047 4
    endloop
  endfacet
  facet normal 0 0 1
    outer loop
      vertex -17.5304 -37.0649 4
      vertex -15.392 -32.5436 4
      vertex -16.9703 -31.7492 4
    endloop
  endfacet
  facet normal 0 0 1
    outer loop
      vertex -15.392 -32.5436 4
      vertex -17.5304 -37.0649 4
      vertex -15.6906 -37.8804 4
    endloop
  endfacet
  facet normal 0 0 1
    outer loop
      vertex -19.328 -36.1601 4
      vertex -16.9703 -31.7492 4
      vertex -18.5077 -30.8782 4
    endloop
  endfacet
  facet normal 0 0 1
    outer loop
      vertex -16.9703 -31.7492 4
      vertex -19.328 -36.1601 4
      vertex -17.5304 -37.0649 4
    endloop
  endfacet
  facet normal 0 0 1
    outer loop
      vertex -21.079 -35.1682 4
      vertex -18.5077 -30.8782 4
      vertex -20.0005 -29.9329 4
    endloop
  endfacet
  facet normal 0 0 1
    outer loop
      vertex -18.5077 -30.8782 4
      vertex -21.079 -35.1682 4
      vertex -19.328 -36.1601 4
    endloop
  endfacet
  facet normal 0 0 1
    outer loop
      vertex -22.7792 -34.0915 4
      vertex -20.0005 -29.9329 4
      vertex -21.4452 -28.9155 4
    endloop
  endfacet
  facet normal 0 0 1
    outer loop
      vertex -20.0005 -29.9329 4
      vertex -22.7792 -34.0915 4
      vertex -21.079 -35.1682 4
    endloop
  endfacet
  facet normal 0 0 1
    outer loop
      vertex -24.4245 -32.9327 4
      vertex -21.4452 -28.9155 4
      vertex -22.8382 -27.8284 4
    endloop
  endfacet
  facet normal 0 0 1
    outer loop
      vertex -26.0111 -31.6946 4
      vertex -22.8382 -27.8284 4
      vertex -24.1761 -26.6742 4
    endloop
  endfacet
  facet normal 0 0 1
    outer loop
      vertex -21.4452 -28.9155 4
      vertex -24.4245 -32.9327 4
      vertex -22.7792 -34.0915 4
    endloop
  endfacet
  facet normal 0 0 1
    outer loop
      vertex -27.5349 -30.3801 4
      vertex -24.1761 -26.6742 4
      vertex -25.4558 -25.4558 4
    endloop
  endfacet
  facet normal 0 0 1
    outer loop
      vertex -22.8382 -27.8284 4
      vertex -26.0111 -31.6946 4
      vertex -24.4245 -32.9327 4
    endloop
  endfacet
  facet normal 0 0 1
    outer loop
      vertex -28.9924 -28.9924 4
      vertex -25.4558 -25.4558 4
      vertex -26.6742 -24.1761 4
    endloop
  endfacet
  facet normal 0 0 1
    outer loop
      vertex -24.1761 -26.6742 4
      vertex -27.5349 -30.3801 4
      vertex -26.0111 -31.6946 4
    endloop
  endfacet
  facet normal 0 0 1
    outer loop
      vertex -30.3801 -27.5349 4
      vertex -26.6742 -24.1761 4
      vertex -27.8284 -22.8382 4
    endloop
  endfacet
  facet normal 0 0 1
    outer loop
      vertex -31.6946 -26.0111 4
      vertex -27.8284 -22.8382 4
      vertex -28.9155 -21.4452 4
    endloop
  endfacet
  facet normal 0 0 1
    outer loop
      vertex -25.4558 -25.4558 4
      vertex -28.9924 -28.9924 4
      vertex -27.5349 -30.3801 4
    endloop
  endfacet
  facet normal 0 0 1
    outer loop
      vertex -32.9327 -24.4245 4
      vertex -28.9155 -21.4452 4
      vertex -29.9329 -20.0005 4
    endloop
  endfacet
  facet normal 0 0 1
    outer loop
      vertex -26.6742 -24.1761 4
      vertex -30.3801 -27.5349 4
      vertex -28.9924 -28.9924 4
    endloop
  endfacet
  facet normal 0 0 1
    outer loop
      vertex -34.0915 -22.7792 4
      vertex -29.9329 -20.0005 4
      vertex -30.8782 -18.5077 4
    endloop
  endfacet
  facet normal 0 0 1
    outer loop
      vertex -27.8284 -22.8382 4
      vertex -31.6946 -26.0111 4
      vertex -30.3801 -27.5349 4
    endloop
  endfacet
  facet normal 0 0 1
    outer loop
      vertex -35.1682 -21.079 4
      vertex -30.8782 -18.5077 4
      vertex -31.7492 -16.9703 4
    endloop
  endfacet
  facet normal 0 0 1
    outer loop
      vertex -36.1601 -19.328 4
      vertex -31.7492 -16.9703 4
      vertex -32.5436 -15.392 4
    endloop
  endfacet
  facet normal 0 0 1
    outer loop
      vertex -28.9155 -21.4452 4
      vertex -32.9327 -24.4245 4
      vertex -31.6946 -26.0111 4
    endloop
  endfacet
  facet normal 0 0 1
    outer loop
      vertex -37.0649 -17.5304 4
      vertex -32.5436 -15.392 4
      vertex -33.2597 -13.7766 4
    endloop
  endfacet
  facet normal 0 0 1
    outer loop
      vertex -37.8804 -15.6906 4
      vertex -33.2597 -13.7766 4
      vertex -33.8956 -12.128 4
    endloop
  endfacet
  facet normal 0 0 1
    outer loop
      vertex -29.9329 -20.0005 4
      vertex -34.0915 -22.7792 4
      vertex -32.9327 -24.4245 4
    endloop
  endfacet
  facet normal 0 0 1
    outer loop
      vertex -38.6047 -13.813 4
      vertex -33.8956 -12.128 4
      vertex -34.4498 -10.4502 4
    endloop
  endfacet
  facet normal 0 0 1
    outer loop
      vertex -39.236 -11.9021 4
      vertex -34.4498 -10.4502 4
      vertex -34.9211 -8.74728 4
    endloop
  endfacet
  facet normal 0 0 1
    outer loop
      vertex -30.8782 -18.5077 4
      vertex -35.1682 -21.079 4
      vertex -34.0915 -22.7792 4
    endloop
  endfacet
  facet normal 0 0 1
    outer loop
      vertex -39.7727 -9.96254 4
      vertex -34.9211 -8.74728 4
      vertex -35.3083 -7.02324 4
    endloop
  endfacet
  facet normal 0 0 1
    outer loop
      vertex -40.2137 -7.99899 4
      vertex -35.3083 -7.02324 4
      vertex -35.6104 -5.28229 4
    endloop
  endfacet
  facet normal 0 0 1
    outer loop
      vertex -40.5577 -6.01617 4
      vertex -35.6104 -5.28229 4
      vertex -35.8266 -3.52861 4
    endloop
  endfacet
  facet normal 0 0 1
    outer loop
      vertex -40.8041 -4.01884 4
      vertex -35.8266 -3.52861 4
      vertex -35.9566 -1.76643 4
    endloop
  endfacet
  facet normal 0 0 1
    outer loop
      vertex -31.7492 -16.9703 4
      vertex -36.1601 -19.328 4
      vertex -35.1682 -21.079 4
    endloop
  endfacet
  facet normal 0 0 1
    outer loop
      vertex -40.9521 -2.01186 4
      vertex -35.9566 -1.76643 4
      vertex -36 0 4
    endloop
  endfacet
  facet normal 0 0 1
    outer loop
      vertex -34.9211 8.74728 4
      vertex -39.7727 9.96254 4
      vertex -35.3083 7.02324 4
    endloop
  endfacet
  facet normal -0 0 1
    outer loop
      vertex -40.2137 7.99899 4
      vertex -35.3083 7.02324 4
      vertex -39.7727 9.96254 4
    endloop
  endfacet
  facet normal 0 0 1
    outer loop
      vertex -32.5436 -15.392 4
      vertex -37.0649 -17.5304 4
      vertex -36.1601 -19.328 4
    endloop
  endfacet
  facet normal 0 0 1
    outer loop
      vertex -35.3083 7.02324 4
      vertex -40.2137 7.99899 4
      vertex -35.6104 5.28229 4
    endloop
  endfacet
  facet normal 0 0 1
    outer loop
      vertex -33.2597 -13.7766 4
      vertex -37.8804 -15.6906 4
      vertex -37.0649 -17.5304 4
    endloop
  endfacet
  facet normal -0 0 1
    outer loop
      vertex -40.5577 6.01617 4
      vertex -35.6104 5.28229 4
      vertex -40.2137 7.99899 4
    endloop
  endfacet
  facet normal 0 0 1
    outer loop
      vertex -33.8956 -12.128 4
      vertex -38.6047 -13.813 4
      vertex -37.8804 -15.6906 4
    endloop
  endfacet
  facet normal 0 0 1
    outer loop
      vertex -35.6104 5.28229 4
      vertex -40.5577 6.01617 4
      vertex -35.8266 3.52861 4
    endloop
  endfacet
  facet normal 0 0 1
    outer loop
      vertex -34.4498 -10.4502 4
      vertex -39.236 -11.9021 4
      vertex -38.6047 -13.813 4
    endloop
  endfacet
  facet normal -0 0 1
    outer loop
      vertex -40.8041 4.01884 4
      vertex -35.8266 3.52861 4
      vertex -40.5577 6.01617 4
    endloop
  endfacet
  facet normal 0 0 1
    outer loop
      vertex -34.9211 -8.74728 4
      vertex -39.7727 -9.96254 4
      vertex -39.236 -11.9021 4
    endloop
  endfacet
  facet normal 0 0 1
    outer loop
      vertex -35.8266 3.52861 4
      vertex -40.8041 4.01884 4
      vertex -35.9566 1.76643 4
    endloop
  endfacet
  facet normal 0 0 1
    outer loop
      vertex -35.3083 -7.02324 4
      vertex -40.2137 -7.99899 4
      vertex -39.7727 -9.96254 4
    endloop
  endfacet
  facet normal -0 0 1
    outer loop
      vertex -40.9521 2.01186 4
      vertex -35.9566 1.76643 4
      vertex -40.8041 4.01884 4
    endloop
  endfacet
  facet normal 0 0 1
    outer loop
      vertex -35.6104 -5.28229 4
      vertex -40.5577 -6.01617 4
      vertex -40.2137 -7.99899 4
    endloop
  endfacet
  facet normal 0 0 1
    outer loop
      vertex -35.9566 1.76643 4
      vertex -40.9521 2.01186 4
      vertex -36 0 4
    endloop
  endfacet
  facet normal 0 0 1
    outer loop
      vertex -35.8266 -3.52861 4
      vertex -40.8041 -4.01884 4
      vertex -40.5577 -6.01617 4
    endloop
  endfacet
  facet normal 0 0 1
    outer loop
      vertex -41.0015 0 4
      vertex -36 0 4
      vertex -40.9521 2.01186 4
    endloop
  endfacet
  facet normal 0 0 1
    outer loop
      vertex -35.9566 -1.76643 4
      vertex -40.9521 -2.01186 4
      vertex -40.8041 -4.01884 4
    endloop
  endfacet
  facet normal 0 0 1
    outer loop
      vertex -36 0 4
      vertex -41.0015 0 4
      vertex -40.9521 -2.01186 4
    endloop
  endfacet
  facet normal 0.0735429 -0.997292 0
    outer loop
      vertex 2.01186 -40.9521 0
      vertex 4.01884 -40.8041 4
      vertex 2.01186 -40.9521 4
    endloop
  endfacet
  facet normal 0.0735429 -0.997292 0
    outer loop
      vertex 4.01884 -40.8041 4
      vertex 2.01186 -40.9521 0
      vertex 4.01884 -40.8041 0
    endloop
  endfacet
  facet normal 0.122437 -0.992476 0
    outer loop
      vertex 4.01884 -40.8041 0
      vertex 6.01617 -40.5577 4
      vertex 4.01884 -40.8041 4
    endloop
  endfacet
  facet normal 0.122437 -0.992476 0
    outer loop
      vertex 6.01617 -40.5577 4
      vertex 4.01884 -40.8041 0
      vertex 6.01617 -40.5577 0
    endloop
  endfacet
  facet normal 0.170937 -0.985282 0
    outer loop
      vertex 6.01617 -40.5577 0
      vertex 7.99899 -40.2137 4
      vertex 6.01617 -40.5577 4
    endloop
  endfacet
  facet normal 0.170937 -0.985282 0
    outer loop
      vertex 7.99899 -40.2137 4
      vertex 6.01617 -40.5577 0
      vertex 7.99899 -40.2137 0
    endloop
  endfacet
  facet normal 0.219134 -0.975695 0
    outer loop
      vertex 7.99899 -40.2137 0
      vertex 9.96254 -39.7727 4
      vertex 7.99899 -40.2137 4
    endloop
  endfacet
  facet normal 0.219134 -0.975695 0
    outer loop
      vertex 9.96254 -39.7727 4
      vertex 7.99899 -40.2137 0
      vertex 9.96254 -39.7727 0
    endloop
  endfacet
  facet normal 0.26669 -0.963782 0
    outer loop
      vertex 9.96254 -39.7727 0
      vertex 11.9021 -39.236 4
      vertex 9.96254 -39.7727 4
    endloop
  endfacet
  facet normal 0.26669 -0.963782 0
    outer loop
      vertex 11.9021 -39.236 4
      vertex 9.96254 -39.7727 0
      vertex 11.9021 -39.236 0
    endloop
  endfacet
  facet normal 0.313692 -0.949525 0
    outer loop
      vertex 11.9021 -39.236 0
      vertex 13.813 -38.6047 4
      vertex 11.9021 -39.236 4
    endloop
  endfacet
  facet normal 0.313692 -0.949525 0
    outer loop
      vertex 13.813 -38.6047 4
      vertex 11.9021 -39.236 0
      vertex 13.813 -38.6047 0
    endloop
  endfacet
  facet normal 0.359908 -0.932988 0
    outer loop
      vertex 13.813 -38.6047 0
      vertex 15.6906 -37.8804 4
      vertex 13.813 -38.6047 4
    endloop
  endfacet
  facet normal 0.359908 -0.932988 0
    outer loop
      vertex 15.6906 -37.8804 4
      vertex 13.813 -38.6047 0
      vertex 15.6906 -37.8804 0
    endloop
  endfacet
  facet normal 0.40523 -0.914215 0
    outer loop
      vertex 15.6906 -37.8804 0
      vertex 17.5304 -37.0649 4
      vertex 15.6906 -37.8804 4
    endloop
  endfacet
  facet normal 0.40523 -0.914215 0
    outer loop
      vertex 17.5304 -37.0649 4
      vertex 15.6906 -37.8804 0
      vertex 17.5304 -37.0649 0
    endloop
  endfacet
  facet normal 0.449597 -0.893231 0
    outer loop
      vertex 17.5304 -37.0649 0
      vertex 19.328 -36.1601 4
      vertex 17.5304 -37.0649 4
    endloop
  endfacet
  facet normal 0.449597 -0.893231 0
    outer loop
      vertex 19.328 -36.1601 4
      vertex 17.5304 -37.0649 0
      vertex 19.328 -36.1601 0
    endloop
  endfacet
  facet normal 0.492887 -0.870093 0
    outer loop
      vertex 19.328 -36.1601 0
      vertex 21.079 -35.1682 4
      vertex 19.328 -36.1601 4
    endloop
  endfacet
  facet normal 0.492887 -0.870093 0
    outer loop
      vertex 21.079 -35.1682 4
      vertex 19.328 -36.1601 0
      vertex 21.079 -35.1682 0
    endloop
  endfacet
  facet normal 0.535019 -0.84484 0
    outer loop
      vertex 21.079 -35.1682 0
      vertex 22.7792 -34.0915 4
      vertex 21.079 -35.1682 4
    endloop
  endfacet
  facet normal 0.535019 -0.84484 0
    outer loop
      vertex 22.7792 -34.0915 4
      vertex 21.079 -35.1682 0
      vertex 22.7792 -34.0915 0
    endloop
  endfacet
  facet normal 0.575824 -0.817573 0
    outer loop
      vertex 22.7792 -34.0915 0
      vertex 24.4245 -32.9327 4
      vertex 22.7792 -34.0915 4
    endloop
  endfacet
  facet normal 0.575824 -0.817573 0
    outer loop
      vertex 24.4245 -32.9327 4
      vertex 22.7792 -34.0915 0
      vertex 24.4245 -32.9327 0
    endloop
  endfacet
  facet normal 0.615227 -0.78835 0
    outer loop
      vertex 24.4245 -32.9327 0
      vertex 52.1419 -11.3021 4
      vertex 24.4245 -32.9327 4
    endloop
  endfacet
  facet normal 0.615227 -0.78835 0
    outer loop
      vertex 52.1419 -11.3021 4
      vertex 24.4245 -32.9327 0
      vertex 52.1419 -11.3021 0
    endloop
  endfacet
  facet normal -0.359876 0.933 0
    outer loop
      vertex 52.1419 -11.3021 0
      vertex 20.4217 -23.5372 4
      vertex 52.1419 -11.3021 4
    endloop
  endfacet
  facet normal -0.359876 0.933 0
    outer loop
      vertex 20.4217 -23.5372 4
      vertex 52.1419 -11.3021 0
      vertex 20.4217 -23.5372 0
    endloop
  endfacet
  facet normal -0.313684 0.949527 0
    outer loop
      vertex 20.4217 -23.5372 0
      vertex 19.2566 -23.9221 4
      vertex 20.4217 -23.5372 4
    endloop
  endfacet
  facet normal -0.313684 0.949527 0
    outer loop
      vertex 19.2566 -23.9221 4
      vertex 20.4217 -23.5372 0
      vertex 19.2566 -23.9221 0
    endloop
  endfacet
  facet normal -0.26666 0.963791 0
    outer loop
      vertex 19.2566 -23.9221 0
      vertex 18.074 -24.2493 4
      vertex 19.2566 -23.9221 4
    endloop
  endfacet
  facet normal -0.26666 0.963791 0
    outer loop
      vertex 18.074 -24.2493 4
      vertex 19.2566 -23.9221 0
      vertex 18.074 -24.2493 0
    endloop
  endfacet
  facet normal -0.219122 0.975697 0
    outer loop
      vertex 18.074 -24.2493 0
      vertex 16.8771 -24.5181 4
      vertex 18.074 -24.2493 4
    endloop
  endfacet
  facet normal -0.219122 0.975697 0
    outer loop
      vertex 16.8771 -24.5181 4
      vertex 18.074 -24.2493 0
      vertex 16.8771 -24.5181 0
    endloop
  endfacet
  facet normal -0.170963 0.985277 0
    outer loop
      vertex 16.8771 -24.5181 0
      vertex 15.668 -24.7279 4
      vertex 16.8771 -24.5181 4
    endloop
  endfacet
  facet normal -0.170963 0.985277 0
    outer loop
      vertex 15.668 -24.7279 4
      vertex 16.8771 -24.5181 0
      vertex 15.668 -24.7279 0
    endloop
  endfacet
  facet normal -0.12241 0.99248 0
    outer loop
      vertex 15.668 -24.7279 0
      vertex 14.4502 -24.8781 4
      vertex 15.668 -24.7279 4
    endloop
  endfacet
  facet normal -0.12241 0.99248 0
    outer loop
      vertex 14.4502 -24.8781 4
      vertex 15.668 -24.7279 0
      vertex 14.4502 -24.8781 0
    endloop
  endfacet
  facet normal -0.0735925 0.997288 0
    outer loop
      vertex 14.4502 -24.8781 0
      vertex 13.2265 -24.9684 4
      vertex 14.4502 -24.8781 4
    endloop
  endfacet
  facet normal -0.0735925 0.997288 0
    outer loop
      vertex 13.2265 -24.9684 4
      vertex 14.4502 -24.8781 0
      vertex 13.2265 -24.9684 0
    endloop
  endfacet
  facet normal -0.024534 0.999699 0
    outer loop
      vertex 13.2265 -24.9684 0
      vertex 12 -24.9985 4
      vertex 13.2265 -24.9684 4
    endloop
  endfacet
  facet normal -0.024534 0.999699 0
    outer loop
      vertex 12 -24.9985 4
      vertex 13.2265 -24.9684 0
      vertex 12 -24.9985 0
    endloop
  endfacet
  facet normal 0.024532 0.999699 -0
    outer loop
      vertex 12 -24.9985 0
      vertex 10.7734 -24.9684 4
      vertex 12 -24.9985 4
    endloop
  endfacet
  facet normal 0.024532 0.999699 0
    outer loop
      vertex 10.7734 -24.9684 4
      vertex 12 -24.9985 0
      vertex 10.7734 -24.9684 0
    endloop
  endfacet
  facet normal 0.0735961 0.997288 -0
    outer loop
      vertex 10.7734 -24.9684 0
      vertex 9.54976 -24.8781 4
      vertex 10.7734 -24.9684 4
    endloop
  endfacet
  facet normal 0.0735961 0.997288 0
    outer loop
      vertex 9.54976 -24.8781 4
      vertex 10.7734 -24.9684 0
      vertex 9.54976 -24.8781 0
    endloop
  endfacet
  facet normal 0.122413 0.992479 -0
    outer loop
      vertex 9.54976 -24.8781 0
      vertex 8.33199 -24.7279 4
      vertex 9.54976 -24.8781 4
    endloop
  endfacet
  facet normal 0.122413 0.992479 0
    outer loop
      vertex 8.33199 -24.7279 4
      vertex 9.54976 -24.8781 0
      vertex 8.33199 -24.7279 0
    endloop
  endfacet
  facet normal 0.170957 0.985278 -0
    outer loop
      vertex 8.33199 -24.7279 0
      vertex 7.12285 -24.5181 4
      vertex 8.33199 -24.7279 4
    endloop
  endfacet
  facet normal 0.170957 0.985278 0
    outer loop
      vertex 7.12285 -24.5181 4
      vertex 8.33199 -24.7279 0
      vertex 7.12285 -24.5181 0
    endloop
  endfacet
  facet normal 0.219122 0.975697 -0
    outer loop
      vertex 7.12285 -24.5181 0
      vertex 5.92595 -24.2493 4
      vertex 7.12285 -24.5181 4
    endloop
  endfacet
  facet normal 0.219122 0.975697 0
    outer loop
      vertex 5.92595 -24.2493 4
      vertex 7.12285 -24.5181 0
      vertex 5.92595 -24.2493 0
    endloop
  endfacet
  facet normal 0.266669 0.963788 -0
    outer loop
      vertex 5.92595 -24.2493 0
      vertex 4.74339 -23.9221 4
      vertex 5.92595 -24.2493 4
    endloop
  endfacet
  facet normal 0.266669 0.963788 0
    outer loop
      vertex 4.74339 -23.9221 4
      vertex 5.92595 -24.2493 0
      vertex 4.74339 -23.9221 0
    endloop
  endfacet
  facet normal 0.313733 0.949511 -0
    outer loop
      vertex 4.74339 -23.9221 0
      vertex 3.57819 -23.5371 4
      vertex 4.74339 -23.9221 4
    endloop
  endfacet
  facet normal 0.313733 0.949511 0
    outer loop
      vertex 3.57819 -23.5371 4
      vertex 4.74339 -23.9221 0
      vertex 3.57819 -23.5371 0
    endloop
  endfacet
  facet normal 0.359839 0.933014 -0
    outer loop
      vertex 3.57819 -23.5371 0
      vertex 2.43344 -23.0956 4
      vertex 3.57819 -23.5371 4
    endloop
  endfacet
  facet normal 0.359839 0.933014 0
    outer loop
      vertex 2.43344 -23.0956 4
      vertex 3.57819 -23.5371 0
      vertex 2.43344 -23.0956 0
    endloop
  endfacet
  facet normal 0.405258 0.914202 -0
    outer loop
      vertex 2.43344 -23.0956 0
      vertex 1.31183 -22.5984 4
      vertex 2.43344 -23.0956 4
    endloop
  endfacet
  facet normal 0.405258 0.914202 0
    outer loop
      vertex 1.31183 -22.5984 4
      vertex 2.43344 -23.0956 0
      vertex 1.31183 -22.5984 0
    endloop
  endfacet
  facet normal 0.449636 0.893212 -0
    outer loop
      vertex 1.31183 -22.5984 0
      vertex 0.215866 -22.0467 4
      vertex 1.31183 -22.5984 4
    endloop
  endfacet
  facet normal 0.449636 0.893212 0
    outer loop
      vertex 0.215866 -22.0467 4
      vertex 1.31183 -22.5984 0
      vertex 0.215866 -22.0467 0
    endloop
  endfacet
  facet normal 0.492894 0.870089 -0
    outer loop
      vertex 0.215866 -22.0467 0
      vertex -0.851944 -21.4418 4
      vertex 0.215866 -22.0467 4
    endloop
  endfacet
  facet normal 0.492894 0.870089 0
    outer loop
      vertex -0.851944 -21.4418 4
      vertex 0.215866 -22.0467 0
      vertex -0.851944 -21.4418 0
    endloop
  endfacet
  facet normal 0.534967 0.844873 -0
    outer loop
      vertex -0.851944 -21.4418 0
      vertex -1.88828 -20.7856 4
      vertex -0.851944 -21.4418 4
    endloop
  endfacet
  facet normal 0.534967 0.844873 0
    outer loop
      vertex -1.88828 -20.7856 4
      vertex -0.851944 -21.4418 0
      vertex -1.88828 -20.7856 0
    endloop
  endfacet
  facet normal 0.575814 0.817581 -0
    outer loop
      vertex -1.88828 -20.7856 0
      vertex -2.89156 -20.079 4
      vertex -1.88828 -20.7856 4
    endloop
  endfacet
  facet normal 0.575814 0.817581 0
    outer loop
      vertex -2.89156 -20.079 4
      vertex -1.88828 -20.7856 0
      vertex -2.89156 -20.079 0
    endloop
  endfacet
  facet normal 0.615226 0.788351 -0
    outer loop
      vertex -2.89156 -20.079 0
      vertex -3.85889 -19.3241 4
      vertex -2.89156 -20.079 4
    endloop
  endfacet
  facet normal 0.615226 0.788351 0
    outer loop
      vertex -3.85889 -19.3241 4
      vertex -2.89156 -20.079 0
      vertex -3.85889 -19.3241 0
    endloop
  endfacet
  facet normal 0.653202 0.757184 -0
    outer loop
      vertex -3.85889 -19.3241 0
      vertex -4.78798 -18.5226 4
      vertex -3.85889 -19.3241 4
    endloop
  endfacet
  facet normal 0.653202 0.757184 0
    outer loop
      vertex -4.78798 -18.5226 4
      vertex -3.85889 -19.3241 0
      vertex -4.78798 -18.5226 0
    endloop
  endfacet
  facet normal 0.689529 0.724258 -0
    outer loop
      vertex -4.78798 -18.5226 0
      vertex -5.67659 -17.6766 4
      vertex -4.78798 -18.5226 4
    endloop
  endfacet
  facet normal 0.689529 0.724258 0
    outer loop
      vertex -5.67659 -17.6766 4
      vertex -4.78798 -18.5226 0
      vertex -5.67659 -17.6766 0
    endloop
  endfacet
  facet normal 0.724238 0.68955 6.74703e-18
    outer loop
      vertex -5.67659 -17.6766 4
      vertex -6.52263 -16.788 0
      vertex -6.52263 -16.788 4
    endloop
  endfacet
  facet normal 0.724238 0.68955 6.74703e-18
    outer loop
      vertex -6.52263 -16.788 0
      vertex -5.67659 -17.6766 4
      vertex -5.67659 -17.6766 0
    endloop
  endfacet
  facet normal 0.757212 0.653169 -1.11366e-17
    outer loop
      vertex -6.52263 -16.788 4
      vertex -7.32407 -15.8589 0
      vertex -7.32407 -15.8589 4
    endloop
  endfacet
  facet normal 0.757212 0.653169 -1.11366e-17
    outer loop
      vertex -7.32407 -15.8589 0
      vertex -6.52263 -16.788 4
      vertex -6.52263 -16.788 0
    endloop
  endfacet
  facet normal 0.788334 0.615248 -9.68868e-18
    outer loop
      vertex -7.32407 -15.8589 4
      vertex -8.07899 -14.8916 0
      vertex -8.07899 -14.8916 4
    endloop
  endfacet
  facet normal 0.788334 0.615248 -9.68868e-18
    outer loop
      vertex -8.07899 -14.8916 0
      vertex -7.32407 -15.8589 4
      vertex -7.32407 -15.8589 0
    endloop
  endfacet
  facet normal 0.817594 0.575795 5.97436e-18
    outer loop
      vertex -8.07899 -14.8916 4
      vertex -8.78557 -13.8883 0
      vertex -8.78557 -13.8883 4
    endloop
  endfacet
  facet normal 0.817594 0.575795 5.97436e-18
    outer loop
      vertex -8.78557 -13.8883 0
      vertex -8.07899 -14.8916 4
      vertex -8.07899 -14.8916 0
    endloop
  endfacet
  facet normal 0.844866 0.534978 -2.29608e-18
    outer loop
      vertex -8.78557 -13.8883 4
      vertex -9.44183 -12.8519 0
      vertex -9.44183 -12.8519 4
    endloop
  endfacet
  facet normal 0.844866 0.534978 -2.29608e-18
    outer loop
      vertex -9.44183 -12.8519 0
      vertex -8.78557 -13.8883 4
      vertex -8.78557 -13.8883 0
    endloop
  endfacet
  facet normal 0.870098 0.492879 1.71309e-18
    outer loop
      vertex -9.44183 -12.8519 4
      vertex -10.0467 -11.7841 0
      vertex -10.0467 -11.7841 4
    endloop
  endfacet
  facet normal 0.870098 0.492879 1.71309e-18
    outer loop
      vertex -10.0467 -11.7841 0
      vertex -9.44183 -12.8519 4
      vertex -9.44183 -12.8519 0
    endloop
  endfacet
  facet normal 0.893201 0.449657 2.51025e-18
    outer loop
      vertex -10.0467 -11.7841 4
      vertex -10.5984 -10.6882 0
      vertex -10.5984 -10.6882 4
    endloop
  endfacet
  facet normal 0.893201 0.449657 2.51025e-18
    outer loop
      vertex -10.5984 -10.6882 0
      vertex -10.0467 -11.7841 4
      vertex -10.0467 -11.7841 0
    endloop
  endfacet
  facet normal 0.91421 0.40524 -5.06259e-18
    outer loop
      vertex -10.5984 -10.6882 4
      vertex -11.0956 -9.56653 0
      vertex -11.0956 -9.56653 4
    endloop
  endfacet
  facet normal 0.91421 0.40524 -5.06259e-18
    outer loop
      vertex -11.0956 -9.56653 0
      vertex -10.5984 -10.6882 4
      vertex -10.5984 -10.6882 0
    endloop
  endfacet
  facet normal 0.933012 0.359845 -9.71377e-18
    outer loop
      vertex -11.0956 -9.56653 4
      vertex -11.5371 -8.4218 0
      vertex -11.5371 -8.4218 4
    endloop
  endfacet
  facet normal 0.933012 0.359845 -9.71377e-18
    outer loop
      vertex -11.5371 -8.4218 0
      vertex -11.0956 -9.56653 4
      vertex -11.0956 -9.56653 0
    endloop
  endfacet
  facet normal 0.949512 0.313731 -4.58678e-18
    outer loop
      vertex -11.5371 -8.4218 4
      vertex -11.9221 -7.25659 0
      vertex -11.9221 -7.25659 4
    endloop
  endfacet
  facet normal 0.949512 0.313731 -4.58678e-18
    outer loop
      vertex -11.9221 -7.25659 0
      vertex -11.5371 -8.4218 4
      vertex -11.5371 -8.4218 0
    endloop
  endfacet
  facet normal 0.963788 0.266671 4.68068e-18
    outer loop
      vertex -11.9221 -7.25659 4
      vertex -12.2493 -6.07404 0
      vertex -12.2493 -6.07404 4
    endloop
  endfacet
  facet normal 0.963788 0.266671 4.68068e-18
    outer loop
      vertex -12.2493 -6.07404 0
      vertex -11.9221 -7.25659 4
      vertex -11.9221 -7.25659 0
    endloop
  endfacet
  facet normal 0.975697 0.219122 1.61337e-18
    outer loop
      vertex -12.2493 -6.07404 4
      vertex -12.5181 -4.87714 0
      vertex -12.5181 -4.87714 4
    endloop
  endfacet
  facet normal 0.975697 0.219122 1.61337e-18
    outer loop
      vertex -12.5181 -4.87714 0
      vertex -12.2493 -6.07404 4
      vertex -12.2493 -6.07404 0
    endloop
  endfacet
  facet normal 0.985278 0.170957 -4.80402e-18
    outer loop
      vertex -12.5181 -4.87714 4
      vertex -12.7279 -3.668 0
      vertex -12.7279 -3.668 4
    endloop
  endfacet
  facet normal 0.985278 0.170957 -4.80402e-18
    outer loop
      vertex -12.7279 -3.668 0
      vertex -12.5181 -4.87714 4
      vertex -12.5181 -4.87714 0
    endloop
  endfacet
  facet normal 0.992479 0.122413 6.29344e-19
    outer loop
      vertex -12.7279 -3.668 4
      vertex -12.8781 -2.45023 0
      vertex -12.8781 -2.45023 4
    endloop
  endfacet
  facet normal 0.992479 0.122413 6.29344e-19
    outer loop
      vertex -12.8781 -2.45023 0
      vertex -12.7279 -3.668 4
      vertex -12.7279 -3.668 0
    endloop
  endfacet
  facet normal 0.997288 0.0735925 1.08371e-18
    outer loop
      vertex -12.8781 -2.45023 4
      vertex -12.9684 -1.22653 0
      vertex -12.9684 -1.22653 4
    endloop
  endfacet
  facet normal 0.997288 0.0735925 1.08371e-18
    outer loop
      vertex -12.9684 -1.22653 0
      vertex -12.8781 -2.45023 4
      vertex -12.8781 -2.45023 0
    endloop
  endfacet
  facet normal 0.999699 0.0245334 -5.03474e-19
    outer loop
      vertex -12.9684 -1.22653 4
      vertex -12.9985 0 0
      vertex -12.9985 0 4
    endloop
  endfacet
  facet normal 0.999699 0.0245334 -5.03474e-19
    outer loop
      vertex -12.9985 0 0
      vertex -12.9684 -1.22653 4
      vertex -12.9684 -1.22653 0
    endloop
  endfacet
  facet normal 0.999699 -0.0245334 5.03474e-19
    outer loop
      vertex -12.9985 0 4
      vertex -12.9684 1.22653 0
      vertex -12.9684 1.22653 4
    endloop
  endfacet
  facet normal 0.999699 -0.0245334 5.03474e-19
    outer loop
      vertex -12.9684 1.22653 0
      vertex -12.9985 0 4
      vertex -12.9985 0 0
    endloop
  endfacet
  facet normal 0.997288 -0.0735925 -1.08371e-18
    outer loop
      vertex -12.9684 1.22653 4
      vertex -12.8781 2.45023 0
      vertex -12.8781 2.45023 4
    endloop
  endfacet
  facet normal 0.997288 -0.0735925 -1.08371e-18
    outer loop
      vertex -12.8781 2.45023 0
      vertex -12.9684 1.22653 4
      vertex -12.9684 1.22653 0
    endloop
  endfacet
  facet normal 0.992479 -0.122413 -6.29344e-19
    outer loop
      vertex -12.8781 2.45023 4
      vertex -12.7279 3.668 0
      vertex -12.7279 3.668 4
    endloop
  endfacet
  facet normal 0.992479 -0.122413 -6.29344e-19
    outer loop
      vertex -12.7279 3.668 0
      vertex -12.8781 2.45023 4
      vertex -12.8781 2.45023 0
    endloop
  endfacet
  facet normal 0.985278 -0.170957 4.80402e-18
    outer loop
      vertex -12.7279 3.668 4
      vertex -12.5181 4.87714 0
      vertex -12.5181 4.87714 4
    endloop
  endfacet
  facet normal 0.985278 -0.170957 4.80402e-18
    outer loop
      vertex -12.5181 4.87714 0
      vertex -12.7279 3.668 4
      vertex -12.7279 3.668 0
    endloop
  endfacet
  facet normal 0.975697 -0.219122 -1.61337e-18
    outer loop
      vertex -12.5181 4.87714 4
      vertex -12.2493 6.07404 0
      vertex -12.2493 6.07404 4
    endloop
  endfacet
  facet normal 0.975697 -0.219122 -1.61337e-18
    outer loop
      vertex -12.2493 6.07404 0
      vertex -12.5181 4.87714 4
      vertex -12.5181 4.87714 0
    endloop
  endfacet
  facet normal 0.963788 -0.266671 -4.68068e-18
    outer loop
      vertex -12.2493 6.07404 4
      vertex -11.9221 7.25659 0
      vertex -11.9221 7.25659 4
    endloop
  endfacet
  facet normal 0.963788 -0.266671 -4.68068e-18
    outer loop
      vertex -11.9221 7.25659 0
      vertex -12.2493 6.07404 4
      vertex -12.2493 6.07404 0
    endloop
  endfacet
  facet normal 0.949512 -0.313731 4.58678e-18
    outer loop
      vertex -11.9221 7.25659 4
      vertex -11.5371 8.4218 0
      vertex -11.5371 8.4218 4
    endloop
  endfacet
  facet normal 0.949512 -0.313731 4.58678e-18
    outer loop
      vertex -11.5371 8.4218 0
      vertex -11.9221 7.25659 4
      vertex -11.9221 7.25659 0
    endloop
  endfacet
  facet normal 0.933012 -0.359845 9.71377e-18
    outer loop
      vertex -11.5371 8.4218 4
      vertex -11.0956 9.56653 0
      vertex -11.0956 9.56653 4
    endloop
  endfacet
  facet normal 0.933012 -0.359845 9.71377e-18
    outer loop
      vertex -11.0956 9.56653 0
      vertex -11.5371 8.4218 4
      vertex -11.5371 8.4218 0
    endloop
  endfacet
  facet normal 0.91421 -0.40524 5.06259e-18
    outer loop
      vertex -11.0956 9.56653 4
      vertex -10.5984 10.6882 0
      vertex -10.5984 10.6882 4
    endloop
  endfacet
  facet normal 0.91421 -0.40524 5.06259e-18
    outer loop
      vertex -10.5984 10.6882 0
      vertex -11.0956 9.56653 4
      vertex -11.0956 9.56653 0
    endloop
  endfacet
  facet normal 0.893201 -0.449657 -2.51025e-18
    outer loop
      vertex -10.5984 10.6882 4
      vertex -10.0467 11.7841 0
      vertex -10.0467 11.7841 4
    endloop
  endfacet
  facet normal 0.893201 -0.449657 -2.51025e-18
    outer loop
      vertex -10.0467 11.7841 0
      vertex -10.5984 10.6882 4
      vertex -10.5984 10.6882 0
    endloop
  endfacet
  facet normal 0.870098 -0.492879 -1.71309e-18
    outer loop
      vertex -10.0467 11.7841 4
      vertex -9.44183 12.8519 0
      vertex -9.44183 12.8519 4
    endloop
  endfacet
  facet normal 0.870098 -0.492879 -1.71309e-18
    outer loop
      vertex -9.44183 12.8519 0
      vertex -10.0467 11.7841 4
      vertex -10.0467 11.7841 0
    endloop
  endfacet
  facet normal 0.844866 -0.534978 2.29608e-18
    outer loop
      vertex -9.44183 12.8519 4
      vertex -8.78557 13.8883 0
      vertex -8.78557 13.8883 4
    endloop
  endfacet
  facet normal 0.844866 -0.534978 2.29608e-18
    outer loop
      vertex -8.78557 13.8883 0
      vertex -9.44183 12.8519 4
      vertex -9.44183 12.8519 0
    endloop
  endfacet
  facet normal 0.817594 -0.575795 -5.97436e-18
    outer loop
      vertex -8.78557 13.8883 4
      vertex -8.07899 14.8916 0
      vertex -8.07899 14.8916 4
    endloop
  endfacet
  facet normal 0.817594 -0.575795 -5.97436e-18
    outer loop
      vertex -8.07899 14.8916 0
      vertex -8.78557 13.8883 4
      vertex -8.78557 13.8883 0
    endloop
  endfacet
  facet normal 0.788334 -0.615248 9.68868e-18
    outer loop
      vertex -8.07899 14.8916 4
      vertex -7.32407 15.8589 0
      vertex -7.32407 15.8589 4
    endloop
  endfacet
  facet normal 0.788334 -0.615248 9.68868e-18
    outer loop
      vertex -7.32407 15.8589 0
      vertex -8.07899 14.8916 4
      vertex -8.07899 14.8916 0
    endloop
  endfacet
  facet normal 0.757212 -0.653169 1.11366e-17
    outer loop
      vertex -7.32407 15.8589 4
      vertex -6.52263 16.788 0
      vertex -6.52263 16.788 4
    endloop
  endfacet
  facet normal 0.757212 -0.653169 1.11366e-17
    outer loop
      vertex -6.52263 16.788 0
      vertex -7.32407 15.8589 4
      vertex -7.32407 15.8589 0
    endloop
  endfacet
  facet normal 0.724238 -0.68955 -6.74703e-18
    outer loop
      vertex -6.52263 16.788 4
      vertex -5.67659 17.6766 0
      vertex -5.67659 17.6766 4
    endloop
  endfacet
  facet normal 0.724238 -0.68955 -6.74703e-18
    outer loop
      vertex -5.67659 17.6766 0
      vertex -6.52263 16.788 4
      vertex -6.52263 16.788 0
    endloop
  endfacet
  facet normal 0.689529 -0.724258 0
    outer loop
      vertex -5.67659 17.6766 0
      vertex -4.78798 18.5226 4
      vertex -5.67659 17.6766 4
    endloop
  endfacet
  facet normal 0.689529 -0.724258 0
    outer loop
      vertex -4.78798 18.5226 4
      vertex -5.67659 17.6766 0
      vertex -4.78798 18.5226 0
    endloop
  endfacet
  facet normal 0.653202 -0.757184 0
    outer loop
      vertex -4.78798 18.5226 0
      vertex -3.85889 19.3241 4
      vertex -4.78798 18.5226 4
    endloop
  endfacet
  facet normal 0.653202 -0.757184 0
    outer loop
      vertex -3.85889 19.3241 4
      vertex -4.78798 18.5226 0
      vertex -3.85889 19.3241 0
    endloop
  endfacet
  facet normal 0.615226 -0.788351 0
    outer loop
      vertex -3.85889 19.3241 0
      vertex -2.89156 20.079 4
      vertex -3.85889 19.3241 4
    endloop
  endfacet
  facet normal 0.615226 -0.788351 0
    outer loop
      vertex -2.89156 20.079 4
      vertex -3.85889 19.3241 0
      vertex -2.89156 20.079 0
    endloop
  endfacet
  facet normal 0.575814 -0.817581 0
    outer loop
      vertex -2.89156 20.079 0
      vertex -1.88828 20.7856 4
      vertex -2.89156 20.079 4
    endloop
  endfacet
  facet normal 0.575814 -0.817581 0
    outer loop
      vertex -1.88828 20.7856 4
      vertex -2.89156 20.079 0
      vertex -1.88828 20.7856 0
    endloop
  endfacet
  facet normal 0.534967 -0.844873 0
    outer loop
      vertex -1.88828 20.7856 0
      vertex -0.851944 21.4418 4
      vertex -1.88828 20.7856 4
    endloop
  endfacet
  facet normal 0.534967 -0.844873 0
    outer loop
      vertex -0.851944 21.4418 4
      vertex -1.88828 20.7856 0
      vertex -0.851944 21.4418 0
    endloop
  endfacet
  facet normal 0.492894 -0.870089 0
    outer loop
      vertex -0.851944 21.4418 0
      vertex 0.215866 22.0467 4
      vertex -0.851944 21.4418 4
    endloop
  endfacet
  facet normal 0.492894 -0.870089 0
    outer loop
      vertex 0.215866 22.0467 4
      vertex -0.851944 21.4418 0
      vertex 0.215866 22.0467 0
    endloop
  endfacet
  facet normal 0.449636 -0.893212 0
    outer loop
      vertex 0.215866 22.0467 0
      vertex 1.31183 22.5984 4
      vertex 0.215866 22.0467 4
    endloop
  endfacet
  facet normal 0.449636 -0.893212 0
    outer loop
      vertex 1.31183 22.5984 4
      vertex 0.215866 22.0467 0
      vertex 1.31183 22.5984 0
    endloop
  endfacet
  facet normal 0.405258 -0.914202 0
    outer loop
      vertex 1.31183 22.5984 0
      vertex 2.43344 23.0956 4
      vertex 1.31183 22.5984 4
    endloop
  endfacet
  facet normal 0.405258 -0.914202 0
    outer loop
      vertex 2.43344 23.0956 4
      vertex 1.31183 22.5984 0
      vertex 2.43344 23.0956 0
    endloop
  endfacet
  facet normal 0.359839 -0.933014 0
    outer loop
      vertex 2.43344 23.0956 0
      vertex 3.57819 23.5371 4
      vertex 2.43344 23.0956 4
    endloop
  endfacet
  facet normal 0.359839 -0.933014 0
    outer loop
      vertex 3.57819 23.5371 4
      vertex 2.43344 23.0956 0
      vertex 3.57819 23.5371 0
    endloop
  endfacet
  facet normal 0.313733 -0.949511 0
    outer loop
      vertex 3.57819 23.5371 0
      vertex 4.74339 23.9221 4
      vertex 3.57819 23.5371 4
    endloop
  endfacet
  facet normal 0.313733 -0.949511 0
    outer loop
      vertex 4.74339 23.9221 4
      vertex 3.57819 23.5371 0
      vertex 4.74339 23.9221 0
    endloop
  endfacet
  facet normal 0.266669 -0.963788 0
    outer loop
      vertex 4.74339 23.9221 0
      vertex 5.92595 24.2493 4
      vertex 4.74339 23.9221 4
    endloop
  endfacet
  facet normal 0.266669 -0.963788 0
    outer loop
      vertex 5.92595 24.2493 4
      vertex 4.74339 23.9221 0
      vertex 5.92595 24.2493 0
    endloop
  endfacet
  facet normal 0.219122 -0.975697 0
    outer loop
      vertex 5.92595 24.2493 0
      vertex 7.12285 24.5181 4
      vertex 5.92595 24.2493 4
    endloop
  endfacet
  facet normal 0.219122 -0.975697 0
    outer loop
      vertex 7.12285 24.5181 4
      vertex 5.92595 24.2493 0
      vertex 7.12285 24.5181 0
    endloop
  endfacet
  facet normal 0.170957 -0.985278 0
    outer loop
      vertex 7.12285 24.5181 0
      vertex 8.33199 24.7279 4
      vertex 7.12285 24.5181 4
    endloop
  endfacet
  facet normal 0.170957 -0.985278 0
    outer loop
      vertex 8.33199 24.7279 4
      vertex 7.12285 24.5181 0
      vertex 8.33199 24.7279 0
    endloop
  endfacet
  facet normal 0.122413 -0.992479 0
    outer loop
      vertex 8.33199 24.7279 0
      vertex 9.54976 24.8781 4
      vertex 8.33199 24.7279 4
    endloop
  endfacet
  facet normal 0.122413 -0.992479 0
    outer loop
      vertex 9.54976 24.8781 4
      vertex 8.33199 24.7279 0
      vertex 9.54976 24.8781 0
    endloop
  endfacet
  facet normal 0.0735961 -0.997288 0
    outer loop
      vertex 9.54976 24.8781 0
      vertex 10.7734 24.9684 4
      vertex 9.54976 24.8781 4
    endloop
  endfacet
  facet normal 0.0735961 -0.997288 0
    outer loop
      vertex 10.7734 24.9684 4
      vertex 9.54976 24.8781 0
      vertex 10.7734 24.9684 0
    endloop
  endfacet
  facet normal 0.024532 -0.999699 0
    outer loop
      vertex 10.7734 24.9684 0
      vertex 12 24.9985 4
      vertex 10.7734 24.9684 4
    endloop
  endfacet
  facet normal 0.024532 -0.999699 0
    outer loop
      vertex 12 24.9985 4
      vertex 10.7734 24.9684 0
      vertex 12 24.9985 0
    endloop
  endfacet
  facet normal -0.024534 -0.999699 0
    outer loop
      vertex 12 24.9985 0
      vertex 13.2265 24.9684 4
      vertex 12 24.9985 4
    endloop
  endfacet
  facet normal -0.024534 -0.999699 -0
    outer loop
      vertex 13.2265 24.9684 4
      vertex 12 24.9985 0
      vertex 13.2265 24.9684 0
    endloop
  endfacet
  facet normal -0.0735925 -0.997288 0
    outer loop
      vertex 13.2265 24.9684 0
      vertex 14.4502 24.8781 4
      vertex 13.2265 24.9684 4
    endloop
  endfacet
  facet normal -0.0735925 -0.997288 -0
    outer loop
      vertex 14.4502 24.8781 4
      vertex 13.2265 24.9684 0
      vertex 14.4502 24.8781 0
    endloop
  endfacet
  facet normal -0.12241 -0.99248 0
    outer loop
      vertex 14.4502 24.8781 0
      vertex 15.668 24.7279 4
      vertex 14.4502 24.8781 4
    endloop
  endfacet
  facet normal -0.12241 -0.99248 -0
    outer loop
      vertex 15.668 24.7279 4
      vertex 14.4502 24.8781 0
      vertex 15.668 24.7279 0
    endloop
  endfacet
  facet normal -0.170963 -0.985277 0
    outer loop
      vertex 15.668 24.7279 0
      vertex 16.8771 24.5181 4
      vertex 15.668 24.7279 4
    endloop
  endfacet
  facet normal -0.170963 -0.985277 -0
    outer loop
      vertex 16.8771 24.5181 4
      vertex 15.668 24.7279 0
      vertex 16.8771 24.5181 0
    endloop
  endfacet
  facet normal -0.219122 -0.975697 0
    outer loop
      vertex 16.8771 24.5181 0
      vertex 18.074 24.2493 4
      vertex 16.8771 24.5181 4
    endloop
  endfacet
  facet normal -0.219122 -0.975697 -0
    outer loop
      vertex 18.074 24.2493 4
      vertex 16.8771 24.5181 0
      vertex 18.074 24.2493 0
    endloop
  endfacet
  facet normal -0.26666 -0.963791 0
    outer loop
      vertex 18.074 24.2493 0
      vertex 19.2566 23.9221 4
      vertex 18.074 24.2493 4
    endloop
  endfacet
  facet normal -0.26666 -0.963791 -0
    outer loop
      vertex 19.2566 23.9221 4
      vertex 18.074 24.2493 0
      vertex 19.2566 23.9221 0
    endloop
  endfacet
  facet normal -0.313684 -0.949527 0
    outer loop
      vertex 19.2566 23.9221 0
      vertex 20.4217 23.5372 4
      vertex 19.2566 23.9221 4
    endloop
  endfacet
  facet normal -0.313684 -0.949527 -0
    outer loop
      vertex 20.4217 23.5372 4
      vertex 19.2566 23.9221 0
      vertex 20.4217 23.5372 0
    endloop
  endfacet
  facet normal -0.359876 -0.933 0
    outer loop
      vertex 20.4217 23.5372 0
      vertex 52.1419 11.3021 4
      vertex 20.4217 23.5372 4
    endloop
  endfacet
  facet normal -0.359876 -0.933 -0
    outer loop
      vertex 52.1419 11.3021 4
      vertex 20.4217 23.5372 0
      vertex 52.1419 11.3021 0
    endloop
  endfacet
  facet normal 0.615227 0.78835 -0
    outer loop
      vertex 52.1419 11.3021 0
      vertex 24.4245 32.9327 4
      vertex 52.1419 11.3021 4
    endloop
  endfacet
  facet normal 0.615227 0.78835 0
    outer loop
      vertex 24.4245 32.9327 4
      vertex 52.1419 11.3021 0
      vertex 24.4245 32.9327 0
    endloop
  endfacet
  facet normal 0.575824 0.817573 -0
    outer loop
      vertex 24.4245 32.9327 0
      vertex 22.7792 34.0915 4
      vertex 24.4245 32.9327 4
    endloop
  endfacet
  facet normal 0.575824 0.817573 0
    outer loop
      vertex 22.7792 34.0915 4
      vertex 24.4245 32.9327 0
      vertex 22.7792 34.0915 0
    endloop
  endfacet
  facet normal 0.535019 0.84484 -0
    outer loop
      vertex 22.7792 34.0915 0
      vertex 21.079 35.1682 4
      vertex 22.7792 34.0915 4
    endloop
  endfacet
  facet normal 0.535019 0.84484 0
    outer loop
      vertex 21.079 35.1682 4
      vertex 22.7792 34.0915 0
      vertex 21.079 35.1682 0
    endloop
  endfacet
  facet normal 0.492887 0.870093 -0
    outer loop
      vertex 21.079 35.1682 0
      vertex 19.328 36.1601 4
      vertex 21.079 35.1682 4
    endloop
  endfacet
  facet normal 0.492887 0.870093 0
    outer loop
      vertex 19.328 36.1601 4
      vertex 21.079 35.1682 0
      vertex 19.328 36.1601 0
    endloop
  endfacet
  facet normal 0.449597 0.893231 -0
    outer loop
      vertex 19.328 36.1601 0
      vertex 17.5304 37.0649 4
      vertex 19.328 36.1601 4
    endloop
  endfacet
  facet normal 0.449597 0.893231 0
    outer loop
      vertex 17.5304 37.0649 4
      vertex 19.328 36.1601 0
      vertex 17.5304 37.0649 0
    endloop
  endfacet
  facet normal 0.40523 0.914215 -0
    outer loop
      vertex 17.5304 37.0649 0
      vertex 15.6906 37.8804 4
      vertex 17.5304 37.0649 4
    endloop
  endfacet
  facet normal 0.40523 0.914215 0
    outer loop
      vertex 15.6906 37.8804 4
      vertex 17.5304 37.0649 0
      vertex 15.6906 37.8804 0
    endloop
  endfacet
  facet normal 0.359908 0.932988 -0
    outer loop
      vertex 15.6906 37.8804 0
      vertex 13.813 38.6047 4
      vertex 15.6906 37.8804 4
    endloop
  endfacet
  facet normal 0.359908 0.932988 0
    outer loop
      vertex 13.813 38.6047 4
      vertex 15.6906 37.8804 0
      vertex 13.813 38.6047 0
    endloop
  endfacet
  facet normal 0.313692 0.949525 -0
    outer loop
      vertex 13.813 38.6047 0
      vertex 11.9021 39.236 4
      vertex 13.813 38.6047 4
    endloop
  endfacet
  facet normal 0.313692 0.949525 0
    outer loop
      vertex 11.9021 39.236 4
      vertex 13.813 38.6047 0
      vertex 11.9021 39.236 0
    endloop
  endfacet
  facet normal 0.26669 0.963782 -0
    outer loop
      vertex 11.9021 39.236 0
      vertex 9.96254 39.7727 4
      vertex 11.9021 39.236 4
    endloop
  endfacet
  facet normal 0.26669 0.963782 0
    outer loop
      vertex 9.96254 39.7727 4
      vertex 11.9021 39.236 0
      vertex 9.96254 39.7727 0
    endloop
  endfacet
  facet normal 0.219134 0.975695 -0
    outer loop
      vertex 9.96254 39.7727 0
      vertex 7.99899 40.2137 4
      vertex 9.96254 39.7727 4
    endloop
  endfacet
  facet normal 0.219134 0.975695 0
    outer loop
      vertex 7.99899 40.2137 4
      vertex 9.96254 39.7727 0
      vertex 7.99899 40.2137 0
    endloop
  endfacet
  facet normal 0.170937 0.985282 -0
    outer loop
      vertex 7.99899 40.2137 0
      vertex 6.01617 40.5577 4
      vertex 7.99899 40.2137 4
    endloop
  endfacet
  facet normal 0.170937 0.985282 0
    outer loop
      vertex 6.01617 40.5577 4
      vertex 7.99899 40.2137 0
      vertex 6.01617 40.5577 0
    endloop
  endfacet
  facet normal 0.122437 0.992476 -0
    outer loop
      vertex 6.01617 40.5577 0
      vertex 4.01884 40.8041 4
      vertex 6.01617 40.5577 4
    endloop
  endfacet
  facet normal 0.122437 0.992476 0
    outer loop
      vertex 4.01884 40.8041 4
      vertex 6.01617 40.5577 0
      vertex 4.01884 40.8041 0
    endloop
  endfacet
  facet normal 0.0735429 0.997292 -0
    outer loop
      vertex 4.01884 40.8041 0
      vertex 2.01186 40.9521 4
      vertex 4.01884 40.8041 4
    endloop
  endfacet
  facet normal 0.0735429 0.997292 0
    outer loop
      vertex 2.01186 40.9521 4
      vertex 4.01884 40.8041 0
      vertex 2.01186 40.9521 0
    endloop
  endfacet
  facet normal 0.024547 0.999699 -0
    outer loop
      vertex 2.01186 40.9521 0
      vertex 0 41.0015 4
      vertex 2.01186 40.9521 4
    endloop
  endfacet
  facet normal 0.024547 0.999699 0
    outer loop
      vertex 0 41.0015 4
      vertex 2.01186 40.9521 0
      vertex 0 41.0015 0
    endloop
  endfacet
  facet normal -0.024547 0.999699 0
    outer loop
      vertex 0 41.0015 0
      vertex -2.01186 40.9521 4
      vertex 0 41.0015 4
    endloop
  endfacet
  facet normal -0.024547 0.999699 0
    outer loop
      vertex -2.01186 40.9521 4
      vertex 0 41.0015 0
      vertex -2.01186 40.9521 0
    endloop
  endfacet
  facet normal -0.0735429 0.997292 0
    outer loop
      vertex -2.01186 40.9521 0
      vertex -4.01884 40.8041 4
      vertex -2.01186 40.9521 4
    endloop
  endfacet
  facet normal -0.0735429 0.997292 0
    outer loop
      vertex -4.01884 40.8041 4
      vertex -2.01186 40.9521 0
      vertex -4.01884 40.8041 0
    endloop
  endfacet
  facet normal -0.122437 0.992476 0
    outer loop
      vertex -4.01884 40.8041 0
      vertex -6.01617 40.5577 4
      vertex -4.01884 40.8041 4
    endloop
  endfacet
  facet normal -0.122437 0.992476 0
    outer loop
      vertex -6.01617 40.5577 4
      vertex -4.01884 40.8041 0
      vertex -6.01617 40.5577 0
    endloop
  endfacet
  facet normal -0.170937 0.985282 0
    outer loop
      vertex -6.01617 40.5577 0
      vertex -7.99899 40.2137 4
      vertex -6.01617 40.5577 4
    endloop
  endfacet
  facet normal -0.170937 0.985282 0
    outer loop
      vertex -7.99899 40.2137 4
      vertex -6.01617 40.5577 0
      vertex -7.99899 40.2137 0
    endloop
  endfacet
  facet normal -0.219134 0.975695 0
    outer loop
      vertex -7.99899 40.2137 0
      vertex -9.96254 39.7727 4
      vertex -7.99899 40.2137 4
    endloop
  endfacet
  facet normal -0.219134 0.975695 0
    outer loop
      vertex -9.96254 39.7727 4
      vertex -7.99899 40.2137 0
      vertex -9.96254 39.7727 0
    endloop
  endfacet
  facet normal -0.26669 0.963782 0
    outer loop
      vertex -9.96254 39.7727 0
      vertex -11.9021 39.236 4
      vertex -9.96254 39.7727 4
    endloop
  endfacet
  facet normal -0.26669 0.963782 0
    outer loop
      vertex -11.9021 39.236 4
      vertex -9.96254 39.7727 0
      vertex -11.9021 39.236 0
    endloop
  endfacet
  facet normal -0.313692 0.949525 0
    outer loop
      vertex -11.9021 39.236 0
      vertex -13.813 38.6047 4
      vertex -11.9021 39.236 4
    endloop
  endfacet
  facet normal -0.313692 0.949525 0
    outer loop
      vertex -13.813 38.6047 4
      vertex -11.9021 39.236 0
      vertex -13.813 38.6047 0
    endloop
  endfacet
  facet normal -0.359908 0.932988 0
    outer loop
      vertex -13.813 38.6047 0
      vertex -15.6906 37.8804 4
      vertex -13.813 38.6047 4
    endloop
  endfacet
  facet normal -0.359908 0.932988 0
    outer loop
      vertex -15.6906 37.8804 4
      vertex -13.813 38.6047 0
      vertex -15.6906 37.8804 0
    endloop
  endfacet
  facet normal -0.40523 0.914215 0
    outer loop
      vertex -15.6906 37.8804 0
      vertex -17.5304 37.0649 4
      vertex -15.6906 37.8804 4
    endloop
  endfacet
  facet normal -0.40523 0.914215 0
    outer loop
      vertex -17.5304 37.0649 4
      vertex -15.6906 37.8804 0
      vertex -17.5304 37.0649 0
    endloop
  endfacet
  facet normal -0.449597 0.893231 0
    outer loop
      vertex -17.5304 37.0649 0
      vertex -19.328 36.1601 4
      vertex -17.5304 37.0649 4
    endloop
  endfacet
  facet normal -0.449597 0.893231 0
    outer loop
      vertex -19.328 36.1601 4
      vertex -17.5304 37.0649 0
      vertex -19.328 36.1601 0
    endloop
  endfacet
  facet normal -0.492887 0.870093 0
    outer loop
      vertex -19.328 36.1601 0
      vertex -21.079 35.1682 4
      vertex -19.328 36.1601 4
    endloop
  endfacet
  facet normal -0.492887 0.870093 0
    outer loop
      vertex -21.079 35.1682 4
      vertex -19.328 36.1601 0
      vertex -21.079 35.1682 0
    endloop
  endfacet
  facet normal -0.535019 0.84484 0
    outer loop
      vertex -21.079 35.1682 0
      vertex -22.7792 34.0915 4
      vertex -21.079 35.1682 4
    endloop
  endfacet
  facet normal -0.535019 0.84484 0
    outer loop
      vertex -22.7792 34.0915 4
      vertex -21.079 35.1682 0
      vertex -22.7792 34.0915 0
    endloop
  endfacet
  facet normal -0.575824 0.817573 0
    outer loop
      vertex -22.7792 34.0915 0
      vertex -24.4245 32.9327 4
      vertex -22.7792 34.0915 4
    endloop
  endfacet
  facet normal -0.575824 0.817573 0
    outer loop
      vertex -24.4245 32.9327 4
      vertex -22.7792 34.0915 0
      vertex -24.4245 32.9327 0
    endloop
  endfacet
  facet normal -0.615202 0.788369 0
    outer loop
      vertex -24.4245 32.9327 0
      vertex -26.0111 31.6946 4
      vertex -24.4245 32.9327 4
    endloop
  endfacet
  facet normal -0.615202 0.788369 0
    outer loop
      vertex -26.0111 31.6946 4
      vertex -24.4245 32.9327 0
      vertex -26.0111 31.6946 0
    endloop
  endfacet
  facet normal -0.65319 0.757194 0
    outer loop
      vertex -26.0111 31.6946 0
      vertex -27.5349 30.3801 4
      vertex -26.0111 31.6946 4
    endloop
  endfacet
  facet normal -0.65319 0.757194 0
    outer loop
      vertex -27.5349 30.3801 4
      vertex -26.0111 31.6946 0
      vertex -27.5349 30.3801 0
    endloop
  endfacet
  facet normal -0.689552 0.724236 0
    outer loop
      vertex -27.5349 30.3801 0
      vertex -28.9924 28.9924 4
      vertex -27.5349 30.3801 4
    endloop
  endfacet
  facet normal -0.689552 0.724236 0
    outer loop
      vertex -28.9924 28.9924 4
      vertex -27.5349 30.3801 0
      vertex -28.9924 28.9924 0
    endloop
  endfacet
  facet normal -0.724236 0.689552 2.69111e-17
    outer loop
      vertex -30.3801 27.5349 0
      vertex -28.9924 28.9924 4
      vertex -28.9924 28.9924 0
    endloop
  endfacet
  facet normal -0.724236 0.689552 2.69111e-17
    outer loop
      vertex -28.9924 28.9924 4
      vertex -30.3801 27.5349 0
      vertex -30.3801 27.5349 4
    endloop
  endfacet
  facet normal -0.757194 0.65319 -2.45501e-17
    outer loop
      vertex -31.6946 26.0111 0
      vertex -30.3801 27.5349 4
      vertex -30.3801 27.5349 0
    endloop
  endfacet
  facet normal -0.757194 0.65319 -2.45501e-17
    outer loop
      vertex -30.3801 27.5349 4
      vertex -31.6946 26.0111 0
      vertex -31.6946 26.0111 4
    endloop
  endfacet
  facet normal -0.788369 0.615202 -2.23567e-18
    outer loop
      vertex -32.9327 24.4245 0
      vertex -31.6946 26.0111 4
      vertex -31.6946 26.0111 0
    endloop
  endfacet
  facet normal -0.788369 0.615202 -2.23567e-18
    outer loop
      vertex -31.6946 26.0111 4
      vertex -32.9327 24.4245 0
      vertex -32.9327 24.4245 4
    endloop
  endfacet
  facet normal -0.817573 0.575824 1.14275e-17
    outer loop
      vertex -34.0915 22.7792 0
      vertex -32.9327 24.4245 4
      vertex -32.9327 24.4245 0
    endloop
  endfacet
  facet normal -0.817573 0.575824 1.14275e-17
    outer loop
      vertex -32.9327 24.4245 4
      vertex -34.0915 22.7792 0
      vertex -34.0915 22.7792 4
    endloop
  endfacet
  facet normal -0.84484 0.535019 -9.57845e-18
    outer loop
      vertex -35.1682 21.079 0
      vertex -34.0915 22.7792 4
      vertex -34.0915 22.7792 0
    endloop
  endfacet
  facet normal -0.84484 0.535019 -9.57845e-18
    outer loop
      vertex -34.0915 22.7792 4
      vertex -35.1682 21.079 0
      vertex -35.1682 21.079 4
    endloop
  endfacet
  facet normal -0.870093 0.492887 7.15582e-18
    outer loop
      vertex -36.1601 19.328 0
      vertex -35.1682 21.079 4
      vertex -35.1682 21.079 0
    endloop
  endfacet
  facet normal -0.870093 0.492887 7.15582e-18
    outer loop
      vertex -35.1682 21.079 4
      vertex -36.1601 19.328 0
      vertex -36.1601 19.328 4
    endloop
  endfacet
  facet normal -0.893231 0.449597 -7.24804e-18
    outer loop
      vertex -37.0649 17.5304 0
      vertex -36.1601 19.328 4
      vertex -36.1601 19.328 0
    endloop
  endfacet
  facet normal -0.893231 0.449597 -7.24804e-18
    outer loop
      vertex -36.1601 19.328 4
      vertex -37.0649 17.5304 0
      vertex -37.0649 17.5304 4
    endloop
  endfacet
  facet normal -0.914215 0.40523 -9.32402e-18
    outer loop
      vertex -37.8804 15.6906 0
      vertex -37.0649 17.5304 4
      vertex -37.0649 17.5304 0
    endloop
  endfacet
  facet normal -0.914215 0.40523 -9.32402e-18
    outer loop
      vertex -37.0649 17.5304 4
      vertex -37.8804 15.6906 0
      vertex -37.8804 15.6906 4
    endloop
  endfacet
  facet normal -0.932988 0.359908 5.02418e-18
    outer loop
      vertex -38.6047 13.813 0
      vertex -37.8804 15.6906 4
      vertex -37.8804 15.6906 0
    endloop
  endfacet
  facet normal -0.932988 0.359908 5.02418e-18
    outer loop
      vertex -37.8804 15.6906 4
      vertex -38.6047 13.813 0
      vertex -38.6047 13.813 4
    endloop
  endfacet
  facet normal -0.949525 0.313692 -7.4663e-18
    outer loop
      vertex -39.236 11.9021 0
      vertex -38.6047 13.813 4
      vertex -38.6047 13.813 0
    endloop
  endfacet
  facet normal -0.949525 0.313692 -7.4663e-18
    outer loop
      vertex -38.6047 13.813 4
      vertex -39.236 11.9021 0
      vertex -39.236 11.9021 4
    endloop
  endfacet
  facet normal -0.963782 0.26669 -1.31498e-17
    outer loop
      vertex -39.7727 9.96254 0
      vertex -39.236 11.9021 4
      vertex -39.236 11.9021 0
    endloop
  endfacet
  facet normal -0.963782 0.26669 -1.31498e-17
    outer loop
      vertex -39.236 11.9021 4
      vertex -39.7727 9.96254 0
      vertex -39.7727 9.96254 4
    endloop
  endfacet
  facet normal -0.975695 0.219134 1.58405e-18
    outer loop
      vertex -40.2137 7.99899 0
      vertex -39.7727 9.96254 4
      vertex -39.7727 9.96254 0
    endloop
  endfacet
  facet normal -0.975695 0.219134 1.58405e-18
    outer loop
      vertex -39.7727 9.96254 4
      vertex -40.2137 7.99899 0
      vertex -40.2137 7.99899 4
    endloop
  endfacet
  facet normal -0.985282 0.170937 -2.71978e-18
    outer loop
      vertex -40.5577 6.01617 0
      vertex -40.2137 7.99899 4
      vertex -40.2137 7.99899 0
    endloop
  endfacet
  facet normal -0.985282 0.170937 -2.71978e-18
    outer loop
      vertex -40.2137 7.99899 4
      vertex -40.5577 6.01617 0
      vertex -40.5577 6.01617 4
    endloop
  endfacet
  facet normal -0.992476 0.122437 6.22077e-19
    outer loop
      vertex -40.8041 4.01884 0
      vertex -40.5577 6.01617 4
      vertex -40.5577 6.01617 0
    endloop
  endfacet
  facet normal -0.992476 0.122437 6.22077e-19
    outer loop
      vertex -40.5577 6.01617 4
      vertex -40.8041 4.01884 0
      vertex -40.8041 4.01884 4
    endloop
  endfacet
  facet normal -0.997292 0.0735429 -2.48665e-18
    outer loop
      vertex -40.9521 2.01186 0
      vertex -40.8041 4.01884 4
      vertex -40.8041 4.01884 0
    endloop
  endfacet
  facet normal -0.997292 0.0735429 -2.48665e-18
    outer loop
      vertex -40.8041 4.01884 4
      vertex -40.9521 2.01186 0
      vertex -40.9521 2.01186 4
    endloop
  endfacet
  facet normal -0.999699 0.024547 1.23617e-19
    outer loop
      vertex -41.0015 0 0
      vertex -40.9521 2.01186 4
      vertex -40.9521 2.01186 0
    endloop
  endfacet
  facet normal -0.999699 0.024547 1.23617e-19
    outer loop
      vertex -40.9521 2.01186 4
      vertex -41.0015 0 0
      vertex -41.0015 0 4
    endloop
  endfacet
  facet normal -0.999699 -0.024547 -1.23617e-19
    outer loop
      vertex -40.9521 -2.01186 0
      vertex -41.0015 0 4
      vertex -41.0015 0 0
    endloop
  endfacet
  facet normal -0.999699 -0.024547 -1.23617e-19
    outer loop
      vertex -41.0015 0 4
      vertex -40.9521 -2.01186 0
      vertex -40.9521 -2.01186 4
    endloop
  endfacet
  facet normal -0.997292 -0.0735429 2.48665e-18
    outer loop
      vertex -40.8041 -4.01884 0
      vertex -40.9521 -2.01186 4
      vertex -40.9521 -2.01186 0
    endloop
  endfacet
  facet normal -0.997292 -0.0735429 2.48665e-18
    outer loop
      vertex -40.9521 -2.01186 4
      vertex -40.8041 -4.01884 0
      vertex -40.8041 -4.01884 4
    endloop
  endfacet
  facet normal -0.992476 -0.122437 -6.22077e-19
    outer loop
      vertex -40.5577 -6.01617 0
      vertex -40.8041 -4.01884 4
      vertex -40.8041 -4.01884 0
    endloop
  endfacet
  facet normal -0.992476 -0.122437 -6.22077e-19
    outer loop
      vertex -40.8041 -4.01884 4
      vertex -40.5577 -6.01617 0
      vertex -40.5577 -6.01617 4
    endloop
  endfacet
  facet normal -0.985282 -0.170937 2.71978e-18
    outer loop
      vertex -40.2137 -7.99899 0
      vertex -40.5577 -6.01617 4
      vertex -40.5577 -6.01617 0
    endloop
  endfacet
  facet normal -0.985282 -0.170937 2.71978e-18
    outer loop
      vertex -40.5577 -6.01617 4
      vertex -40.2137 -7.99899 0
      vertex -40.2137 -7.99899 4
    endloop
  endfacet
  facet normal -0.975695 -0.219134 -1.58405e-18
    outer loop
      vertex -39.7727 -9.96254 0
      vertex -40.2137 -7.99899 4
      vertex -40.2137 -7.99899 0
    endloop
  endfacet
  facet normal -0.975695 -0.219134 -1.58405e-18
    outer loop
      vertex -40.2137 -7.99899 4
      vertex -39.7727 -9.96254 0
      vertex -39.7727 -9.96254 4
    endloop
  endfacet
  facet normal -0.963782 -0.26669 1.31498e-17
    outer loop
      vertex -39.236 -11.9021 0
      vertex -39.7727 -9.96254 4
      vertex -39.7727 -9.96254 0
    endloop
  endfacet
  facet normal -0.963782 -0.26669 1.31498e-17
    outer loop
      vertex -39.7727 -9.96254 4
      vertex -39.236 -11.9021 0
      vertex -39.236 -11.9021 4
    endloop
  endfacet
  facet normal -0.949525 -0.313692 7.4663e-18
    outer loop
      vertex -38.6047 -13.813 0
      vertex -39.236 -11.9021 4
      vertex -39.236 -11.9021 0
    endloop
  endfacet
  facet normal -0.949525 -0.313692 7.4663e-18
    outer loop
      vertex -39.236 -11.9021 4
      vertex -38.6047 -13.813 0
      vertex -38.6047 -13.813 4
    endloop
  endfacet
  facet normal -0.932988 -0.359908 -5.02418e-18
    outer loop
      vertex -37.8804 -15.6906 0
      vertex -38.6047 -13.813 4
      vertex -38.6047 -13.813 0
    endloop
  endfacet
  facet normal -0.932988 -0.359908 -5.02418e-18
    outer loop
      vertex -38.6047 -13.813 4
      vertex -37.8804 -15.6906 0
      vertex -37.8804 -15.6906 4
    endloop
  endfacet
  facet normal -0.914215 -0.40523 9.32402e-18
    outer loop
      vertex -37.0649 -17.5304 0
      vertex -37.8804 -15.6906 4
      vertex -37.8804 -15.6906 0
    endloop
  endfacet
  facet normal -0.914215 -0.40523 9.32402e-18
    outer loop
      vertex -37.8804 -15.6906 4
      vertex -37.0649 -17.5304 0
      vertex -37.0649 -17.5304 4
    endloop
  endfacet
  facet normal -0.893231 -0.449597 7.24804e-18
    outer loop
      vertex -36.1601 -19.328 0
      vertex -37.0649 -17.5304 4
      vertex -37.0649 -17.5304 0
    endloop
  endfacet
  facet normal -0.893231 -0.449597 7.24804e-18
    outer loop
      vertex -37.0649 -17.5304 4
      vertex -36.1601 -19.328 0
      vertex -36.1601 -19.328 4
    endloop
  endfacet
  facet normal -0.870093 -0.492887 -7.15582e-18
    outer loop
      vertex -35.1682 -21.079 0
      vertex -36.1601 -19.328 4
      vertex -36.1601 -19.328 0
    endloop
  endfacet
  facet normal -0.870093 -0.492887 -7.15582e-18
    outer loop
      vertex -36.1601 -19.328 4
      vertex -35.1682 -21.079 0
      vertex -35.1682 -21.079 4
    endloop
  endfacet
  facet normal -0.84484 -0.535019 9.57845e-18
    outer loop
      vertex -34.0915 -22.7792 0
      vertex -35.1682 -21.079 4
      vertex -35.1682 -21.079 0
    endloop
  endfacet
  facet normal -0.84484 -0.535019 9.57845e-18
    outer loop
      vertex -35.1682 -21.079 4
      vertex -34.0915 -22.7792 0
      vertex -34.0915 -22.7792 4
    endloop
  endfacet
  facet normal -0.817573 -0.575824 -1.14275e-17
    outer loop
      vertex -32.9327 -24.4245 0
      vertex -34.0915 -22.7792 4
      vertex -34.0915 -22.7792 0
    endloop
  endfacet
  facet normal -0.817573 -0.575824 -1.14275e-17
    outer loop
      vertex -34.0915 -22.7792 4
      vertex -32.9327 -24.4245 0
      vertex -32.9327 -24.4245 4
    endloop
  endfacet
  facet normal -0.788369 -0.615202 2.23567e-18
    outer loop
      vertex -31.6946 -26.0111 0
      vertex -32.9327 -24.4245 4
      vertex -32.9327 -24.4245 0
    endloop
  endfacet
  facet normal -0.788369 -0.615202 2.23567e-18
    outer loop
      vertex -32.9327 -24.4245 4
      vertex -31.6946 -26.0111 0
      vertex -31.6946 -26.0111 4
    endloop
  endfacet
  facet normal -0.757194 -0.65319 2.45501e-17
    outer loop
      vertex -30.3801 -27.5349 0
      vertex -31.6946 -26.0111 4
      vertex -31.6946 -26.0111 0
    endloop
  endfacet
  facet normal -0.757194 -0.65319 2.45501e-17
    outer loop
      vertex -31.6946 -26.0111 4
      vertex -30.3801 -27.5349 0
      vertex -30.3801 -27.5349 4
    endloop
  endfacet
  facet normal -0.724236 -0.689552 -2.69111e-17
    outer loop
      vertex -28.9924 -28.9924 0
      vertex -30.3801 -27.5349 4
      vertex -30.3801 -27.5349 0
    endloop
  endfacet
  facet normal -0.724236 -0.689552 -2.69111e-17
    outer loop
      vertex -30.3801 -27.5349 4
      vertex -28.9924 -28.9924 0
      vertex -28.9924 -28.9924 4
    endloop
  endfacet
  facet normal -0.689552 -0.724236 0
    outer loop
      vertex -28.9924 -28.9924 0
      vertex -27.5349 -30.3801 4
      vertex -28.9924 -28.9924 4
    endloop
  endfacet
  facet normal -0.689552 -0.724236 -0
    outer loop
      vertex -27.5349 -30.3801 4
      vertex -28.9924 -28.9924 0
      vertex -27.5349 -30.3801 0
    endloop
  endfacet
  facet normal -0.65319 -0.757194 0
    outer loop
      vertex -27.5349 -30.3801 0
      vertex -26.0111 -31.6946 4
      vertex -27.5349 -30.3801 4
    endloop
  endfacet
  facet normal -0.65319 -0.757194 -0
    outer loop
      vertex -26.0111 -31.6946 4
      vertex -27.5349 -30.3801 0
      vertex -26.0111 -31.6946 0
    endloop
  endfacet
  facet normal -0.615202 -0.788369 0
    outer loop
      vertex -26.0111 -31.6946 0
      vertex -24.4245 -32.9327 4
      vertex -26.0111 -31.6946 4
    endloop
  endfacet
  facet normal -0.615202 -0.788369 -0
    outer loop
      vertex -24.4245 -32.9327 4
      vertex -26.0111 -31.6946 0
      vertex -24.4245 -32.9327 0
    endloop
  endfacet
  facet normal -0.575824 -0.817573 0
    outer loop
      vertex -24.4245 -32.9327 0
      vertex -22.7792 -34.0915 4
      vertex -24.4245 -32.9327 4
    endloop
  endfacet
  facet normal -0.575824 -0.817573 -0
    outer loop
      vertex -22.7792 -34.0915 4
      vertex -24.4245 -32.9327 0
      vertex -22.7792 -34.0915 0
    endloop
  endfacet
  facet normal -0.535019 -0.84484 0
    outer loop
      vertex -22.7792 -34.0915 0
      vertex -21.079 -35.1682 4
      vertex -22.7792 -34.0915 4
    endloop
  endfacet
  facet normal -0.535019 -0.84484 -0
    outer loop
      vertex -21.079 -35.1682 4
      vertex -22.7792 -34.0915 0
      vertex -21.079 -35.1682 0
    endloop
  endfacet
  facet normal -0.492887 -0.870093 0
    outer loop
      vertex -21.079 -35.1682 0
      vertex -19.328 -36.1601 4
      vertex -21.079 -35.1682 4
    endloop
  endfacet
  facet normal -0.492887 -0.870093 -0
    outer loop
      vertex -19.328 -36.1601 4
      vertex -21.079 -35.1682 0
      vertex -19.328 -36.1601 0
    endloop
  endfacet
  facet normal -0.449597 -0.893231 0
    outer loop
      vertex -19.328 -36.1601 0
      vertex -17.5304 -37.0649 4
      vertex -19.328 -36.1601 4
    endloop
  endfacet
  facet normal -0.449597 -0.893231 -0
    outer loop
      vertex -17.5304 -37.0649 4
      vertex -19.328 -36.1601 0
      vertex -17.5304 -37.0649 0
    endloop
  endfacet
  facet normal -0.40523 -0.914215 0
    outer loop
      vertex -17.5304 -37.0649 0
      vertex -15.6906 -37.8804 4
      vertex -17.5304 -37.0649 4
    endloop
  endfacet
  facet normal -0.40523 -0.914215 -0
    outer loop
      vertex -15.6906 -37.8804 4
      vertex -17.5304 -37.0649 0
      vertex -15.6906 -37.8804 0
    endloop
  endfacet
  facet normal -0.359908 -0.932988 0
    outer loop
      vertex -15.6906 -37.8804 0
      vertex -13.813 -38.6047 4
      vertex -15.6906 -37.8804 4
    endloop
  endfacet
  facet normal -0.359908 -0.932988 -0
    outer loop
      vertex -13.813 -38.6047 4
      vertex -15.6906 -37.8804 0
      vertex -13.813 -38.6047 0
    endloop
  endfacet
  facet normal -0.313692 -0.949525 0
    outer loop
      vertex -13.813 -38.6047 0
      vertex -11.9021 -39.236 4
      vertex -13.813 -38.6047 4
    endloop
  endfacet
  facet normal -0.313692 -0.949525 -0
    outer loop
      vertex -11.9021 -39.236 4
      vertex -13.813 -38.6047 0
      vertex -11.9021 -39.236 0
    endloop
  endfacet
  facet normal -0.26669 -0.963782 0
    outer loop
      vertex -11.9021 -39.236 0
      vertex -9.96254 -39.7727 4
      vertex -11.9021 -39.236 4
    endloop
  endfacet
  facet normal -0.26669 -0.963782 -0
    outer loop
      vertex -9.96254 -39.7727 4
      vertex -11.9021 -39.236 0
      vertex -9.96254 -39.7727 0
    endloop
  endfacet
  facet normal -0.219134 -0.975695 0
    outer loop
      vertex -9.96254 -39.7727 0
      vertex -7.99899 -40.2137 4
      vertex -9.96254 -39.7727 4
    endloop
  endfacet
  facet normal -0.219134 -0.975695 -0
    outer loop
      vertex -7.99899 -40.2137 4
      vertex -9.96254 -39.7727 0
      vertex -7.99899 -40.2137 0
    endloop
  endfacet
  facet normal -0.170937 -0.985282 0
    outer loop
      vertex -7.99899 -40.2137 0
      vertex -6.01617 -40.5577 4
      vertex -7.99899 -40.2137 4
    endloop
  endfacet
  facet normal -0.170937 -0.985282 -0
    outer loop
      vertex -6.01617 -40.5577 4
      vertex -7.99899 -40.2137 0
      vertex -6.01617 -40.5577 0
    endloop
  endfacet
  facet normal -0.122437 -0.992476 0
    outer loop
      vertex -6.01617 -40.5577 0
      vertex -4.01884 -40.8041 4
      vertex -6.01617 -40.5577 4
    endloop
  endfacet
  facet normal -0.122437 -0.992476 -0
    outer loop
      vertex -4.01884 -40.8041 4
      vertex -6.01617 -40.5577 0
      vertex -4.01884 -40.8041 0
    endloop
  endfacet
  facet normal -0.0735429 -0.997292 0
    outer loop
      vertex -4.01884 -40.8041 0
      vertex -2.01186 -40.9521 4
      vertex -4.01884 -40.8041 4
    endloop
  endfacet
  facet normal -0.0735429 -0.997292 -0
    outer loop
      vertex -2.01186 -40.9521 4
      vertex -4.01884 -40.8041 0
      vertex -2.01186 -40.9521 0
    endloop
  endfacet
  facet normal -0.024547 -0.999699 0
    outer loop
      vertex -2.01186 -40.9521 0
      vertex 0 -41.0015 4
      vertex -2.01186 -40.9521 4
    endloop
  endfacet
  facet normal -0.024547 -0.999699 -0
    outer loop
      vertex 0 -41.0015 4
      vertex -2.01186 -40.9521 0
      vertex 0 -41.0015 0
    endloop
  endfacet
  facet normal 0.024547 -0.999699 0
    outer loop
      vertex 0 -41.0015 0
      vertex 2.01186 -40.9521 4
      vertex 0 -41.0015 4
    endloop
  endfacet
  facet normal 0.024547 -0.999699 0
    outer loop
      vertex 2.01186 -40.9521 4
      vertex 0 -41.0015 0
      vertex 2.01186 -40.9521 0
    endloop
  endfacet
endsolid OpenSCAD_Model
