solid OpenSCAD_Model
  facet normal 0 0 -1
    outer loop
      vertex 31.5987 0 0
      vertex 39.0027 0 0
      vertex 38.9491 -1.63527 0
    endloop
  endfacet
  facet normal 0 0 -1
    outer loop
      vertex 31.561 -1.15096 0
      vertex 38.9491 -1.63527 0
      vertex 38.7888 -3.2635 0
    endloop
  endfacet
  facet normal 0 0 -1
    outer loop
      vertex 39.0027 0 0
      vertex 31.5987 0 0
      vertex 38.9491 1.63527 0
    endloop
  endfacet
  facet normal 0 0 -1
    outer loop
      vertex 31.4481 -2.2972 0
      vertex 38.7888 -3.2635 0
      vertex 38.5222 -4.87776 0
    endloop
  endfacet
  facet normal 0 0 -1
    outer loop
      vertex 31.561 1.15096 0
      vertex 38.9491 1.63527 0
      vertex 31.5987 0 0
    endloop
  endfacet
  facet normal 0 0 -1
    outer loop
      vertex 31.2606 -3.4332 0
      vertex 38.5222 -4.87776 0
      vertex 38.1507 -6.47115 0
    endloop
  endfacet
  facet normal -0 0 -1
    outer loop
      vertex 38.9491 1.63527 0
      vertex 31.561 1.15096 0
      vertex 38.7888 3.2635 0
    endloop
  endfacet
  facet normal 0 0 -1
    outer loop
      vertex 30.9991 -4.55484 0
      vertex 38.1507 -6.47115 0
      vertex 37.6758 -8.03685 0
    endloop
  endfacet
  facet normal 0 0 -1
    outer loop
      vertex 31.4481 2.2972 0
      vertex 38.7888 3.2635 0
      vertex 31.561 1.15096 0
    endloop
  endfacet
  facet normal 0 0 -1
    outer loop
      vertex 30.6647 -5.65698 0
      vertex 37.6758 -8.03685 0
      vertex 37.0995 -9.5681 0
    endloop
  endfacet
  facet normal -0 0 -1
    outer loop
      vertex 38.7888 3.2635 0
      vertex 31.4481 2.2972 0
      vertex 38.5222 4.87776 0
    endloop
  endfacet
  facet normal 0 0 -1
    outer loop
      vertex 30.2591 -6.73465 0
      vertex 37.0995 -9.5681 0
      vertex 36.4242 -11.0584 0
    endloop
  endfacet
  facet normal 0 0 -1
    outer loop
      vertex 31.2606 3.4332 0
      vertex 38.5222 4.87776 0
      vertex 31.4481 2.2972 0
    endloop
  endfacet
  facet normal 0 0 -1
    outer loop
      vertex 29.7838 -7.78375 0
      vertex 36.4242 -11.0584 0
      vertex 35.6529 -12.5013 0
    endloop
  endfacet
  facet normal -0 0 -1
    outer loop
      vertex 38.5222 4.87776 0
      vertex 31.2606 3.4332 0
      vertex 38.1507 6.47115 0
    endloop
  endfacet
  facet normal 0 0 -1
    outer loop
      vertex 29.2409 -8.79936 0
      vertex 35.6529 -12.5013 0
      vertex 34.789 -13.8907 0
    endloop
  endfacet
  facet normal 0 0 -1
    outer loop
      vertex 30.9991 4.55484 0
      vertex 38.1507 6.47115 0
      vertex 31.2606 3.4332 0
    endloop
  endfacet
  facet normal 0 0 -1
    outer loop
      vertex 28.6328 -9.77728 0
      vertex 34.789 -13.8907 0
      vertex 33.836 -15.2207 0
    endloop
  endfacet
  facet normal -0 0 -1
    outer loop
      vertex 38.1507 6.47115 0
      vertex 30.9991 4.55484 0
      vertex 37.6758 8.03685 0
    endloop
  endfacet
  facet normal 0 0 -1
    outer loop
      vertex 27.962 -10.7134 0
      vertex 33.836 -15.2207 0
      vertex 32.798 -16.4854 0
    endloop
  endfacet
  facet normal 0 0 -1
    outer loop
      vertex 30.6647 5.65698 0
      vertex 37.6758 8.03685 0
      vertex 30.9991 4.55484 0
    endloop
  endfacet
  facet normal 0 0 -1
    outer loop
      vertex 27.2314 -11.6036 0
      vertex 32.798 -16.4854 0
      vertex 31.6796 -17.6796 0
    endloop
  endfacet
  facet normal -0 0 -1
    outer loop
      vertex 37.6758 8.03685 0
      vertex 30.6647 5.65698 0
      vertex 37.0995 9.5681 0
    endloop
  endfacet
  facet normal 0 0 -1
    outer loop
      vertex 30.2591 6.73465 0
      vertex 37.0995 9.5681 0
      vertex 30.6647 5.65698 0
    endloop
  endfacet
  facet normal 0 0 -1
    outer loop
      vertex 38.9491 -1.63527 0
      vertex 31.561 -1.15096 0
      vertex 31.5987 0 0
    endloop
  endfacet
  facet normal 0 0 -1
    outer loop
      vertex 38.7888 -3.2635 0
      vertex 31.4481 -2.2972 0
      vertex 31.561 -1.15096 0
    endloop
  endfacet
  facet normal 0 0 -1
    outer loop
      vertex 38.5222 -4.87776 0
      vertex 31.2606 -3.4332 0
      vertex 31.4481 -2.2972 0
    endloop
  endfacet
  facet normal 0 0 -1
    outer loop
      vertex 38.1507 -6.47115 0
      vertex 30.9991 -4.55484 0
      vertex 31.2606 -3.4332 0
    endloop
  endfacet
  facet normal 0 0 -1
    outer loop
      vertex 37.6758 -8.03685 0
      vertex 30.6647 -5.65698 0
      vertex 30.9991 -4.55484 0
    endloop
  endfacet
  facet normal 0 0 -1
    outer loop
      vertex 26.4442 -12.4442 0
      vertex 31.6796 -17.6796 0
      vertex 30.4854 -18.798 0
    endloop
  endfacet
  facet normal 0 0 -1
    outer loop
      vertex 37.0995 -9.5681 0
      vertex 30.2591 -6.73465 0
      vertex 30.6647 -5.65698 0
    endloop
  endfacet
  facet normal 0 0 -1
    outer loop
      vertex 36.4242 -11.0584 0
      vertex 29.7838 -7.78375 0
      vertex 30.2591 -6.73465 0
    endloop
  endfacet
  facet normal 0 0 -1
    outer loop
      vertex 35.6529 -12.5013 0
      vertex 29.2409 -8.79936 0
      vertex 29.7838 -7.78375 0
    endloop
  endfacet
  facet normal 0 0 -1
    outer loop
      vertex 25.6036 -13.2314 0
      vertex 30.4854 -18.798 0
      vertex 29.2207 -19.836 0
    endloop
  endfacet
  facet normal 0 0 -1
    outer loop
      vertex 34.789 -13.8907 0
      vertex 28.6328 -9.77728 0
      vertex 29.2409 -8.79936 0
    endloop
  endfacet
  facet normal 0 0 -1
    outer loop
      vertex 33.836 -15.2207 0
      vertex 27.962 -10.7134 0
      vertex 28.6328 -9.77728 0
    endloop
  endfacet
  facet normal 0 0 -1
    outer loop
      vertex 24.7134 -13.962 0
      vertex 29.2207 -19.836 0
      vertex 27.8907 -20.789 0
    endloop
  endfacet
  facet normal 0 0 -1
    outer loop
      vertex 32.798 -16.4854 0
      vertex 27.2314 -11.6036 0
      vertex 27.962 -10.7134 0
    endloop
  endfacet
  facet normal 0 0 -1
    outer loop
      vertex 23.7773 -14.6328 0
      vertex 27.8907 -20.789 0
      vertex 26.5013 -21.6529 0
    endloop
  endfacet
  facet normal 0 0 -1
    outer loop
      vertex 31.6796 -17.6796 0
      vertex 26.4442 -12.4442 0
      vertex 27.2314 -11.6036 0
    endloop
  endfacet
  facet normal 0 0 -1
    outer loop
      vertex 30.4854 -18.798 0
      vertex 25.6036 -13.2314 0
      vertex 26.4442 -12.4442 0
    endloop
  endfacet
  facet normal 0 0 -1
    outer loop
      vertex 22.7994 -15.2409 0
      vertex 26.5013 -21.6529 0
      vertex 25.0584 -22.4242 0
    endloop
  endfacet
  facet normal 0 0 -1
    outer loop
      vertex 29.2207 -19.836 0
      vertex 24.7134 -13.962 0
      vertex 25.6036 -13.2314 0
    endloop
  endfacet
  facet normal 0 0 -1
    outer loop
      vertex 27.8907 -20.789 0
      vertex 23.7773 -14.6328 0
      vertex 24.7134 -13.962 0
    endloop
  endfacet
  facet normal 0 0 -1
    outer loop
      vertex 21.7838 -15.7838 0
      vertex 25.0584 -22.4242 0
      vertex 23.5681 -23.0995 0
    endloop
  endfacet
  facet normal 0 0 -1
    outer loop
      vertex 26.5013 -21.6529 0
      vertex 22.7994 -15.2409 0
      vertex 23.7773 -14.6328 0
    endloop
  endfacet
  facet normal 0 0 -1
    outer loop
      vertex 20.7346 -16.2591 0
      vertex 23.5681 -23.0995 0
      vertex 22.0368 -23.6758 0
    endloop
  endfacet
  facet normal 0 0 -1
    outer loop
      vertex 25.0584 -22.4242 0
      vertex 21.7838 -15.7838 0
      vertex 22.7994 -15.2409 0
    endloop
  endfacet
  facet normal 0 0 -1
    outer loop
      vertex 23.5681 -23.0995 0
      vertex 20.7346 -16.2591 0
      vertex 21.7838 -15.7838 0
    endloop
  endfacet
  facet normal 0 0 -1
    outer loop
      vertex 19.657 -16.6647 0
      vertex 22.0368 -23.6758 0
      vertex 20.4711 -24.1507 0
    endloop
  endfacet
  facet normal 0 0 -1
    outer loop
      vertex 22.0368 -23.6758 0
      vertex 19.657 -16.6647 0
      vertex 20.7346 -16.2591 0
    endloop
  endfacet
  facet normal 0 0 -1
    outer loop
      vertex 18.5548 -16.9991 0
      vertex 20.4711 -24.1507 0
      vertex 18.9971 -24.4944 0
    endloop
  endfacet
  facet normal 0 0 -1
    outer loop
      vertex 14.3659 -18.7222 0
      vertex 18.9971 -24.4944 0
      vertex 18.8732 -24.5961 0
    endloop
  endfacet
  facet normal 0 0 -1
    outer loop
      vertex 20.4711 -24.1507 0
      vertex 18.5548 -16.9991 0
      vertex 19.657 -16.6647 0
    endloop
  endfacet
  facet normal 0 0 -1
    outer loop
      vertex 18.9971 -24.4944 0
      vertex 17.4332 -17.2606 0
      vertex 18.5548 -16.9991 0
    endloop
  endfacet
  facet normal 0 0 -1
    outer loop
      vertex 14.3659 -18.7222 0
      vertex 18.8732 -24.5961 0
      vertex 17.2242 -25.7778 0
    endloop
  endfacet
  facet normal 0 0 -1
    outer loop
      vertex 18.9971 -24.4944 0
      vertex 14.3659 -18.7222 0
      vertex 17.4332 -17.2606 0
    endloop
  endfacet
  facet normal 0 0 -1
    outer loop
      vertex 13.1108 -19.6216 0
      vertex 17.2242 -25.7778 0
      vertex 15.5013 -26.8491 0
    endloop
  endfacet
  facet normal 0 0 -1
    outer loop
      vertex 17.4332 -17.2606 0
      vertex 14.3659 -18.7222 0
      vertex 15.8229 -17.5264 0
    endloop
  endfacet
  facet normal 0 0 -1
    outer loop
      vertex 11.7994 -20.4371 0
      vertex 15.5013 -26.8491 0
      vertex 13.7121 -27.8055 0
    endloop
  endfacet
  facet normal 0 0 -1
    outer loop
      vertex 17.2242 -25.7778 0
      vertex 13.1108 -19.6216 0
      vertex 14.3659 -18.7222 0
    endloop
  endfacet
  facet normal 0 0 -1
    outer loop
      vertex 10.4375 -21.165 0
      vertex 13.7121 -27.8055 0
      vertex 11.8642 -28.6427 0
    endloop
  endfacet
  facet normal 0 0 -1
    outer loop
      vertex 15.5013 -26.8491 0
      vertex 11.7994 -20.4371 0
      vertex 13.1108 -19.6216 0
    endloop
  endfacet
  facet normal 0 0 -1
    outer loop
      vertex 13.7121 -27.8055 0
      vertex 10.4375 -21.165 0
      vertex 11.7994 -20.4371 0
    endloop
  endfacet
  facet normal 0 0 -1
    outer loop
      vertex 9.03079 -21.8024 0
      vertex 11.8642 -28.6427 0
      vertex 9.96547 -29.3574 0
    endloop
  endfacet
  facet normal 0 0 -1
    outer loop
      vertex 11.8642 -28.6427 0
      vertex 9.03079 -21.8024 0
      vertex 10.4375 -21.165 0
    endloop
  endfacet
  facet normal 0 0 -1
    outer loop
      vertex 7.58563 -22.3463 0
      vertex 9.96547 -29.3574 0
      vertex 8.02408 -29.9463 0
    endloop
  endfacet
  facet normal 0 0 -1
    outer loop
      vertex 9.96547 -29.3574 0
      vertex 7.58563 -22.3463 0
      vertex 9.03079 -21.8024 0
    endloop
  endfacet
  facet normal 0 0 -1
    outer loop
      vertex 8.02408 -29.9463 0
      vertex 6.10765 -22.7946 0
      vertex 7.58563 -22.3463 0
    endloop
  endfacet
  facet normal 0 0 -1
    outer loop
      vertex 6.04832 -30.407 0
      vertex 6.10765 -22.7946 0
      vertex 8.02408 -29.9463 0
    endloop
  endfacet
  facet normal 0 0 -1
    outer loop
      vertex 6.04832 -30.407 0
      vertex 4.6041 -23.1452 0
      vertex 6.10765 -22.7946 0
    endloop
  endfacet
  facet normal 0 0 -1
    outer loop
      vertex 4.04665 -30.7374 0
      vertex 4.6041 -23.1452 0
      vertex 6.04832 -30.407 0
    endloop
  endfacet
  facet normal 0 0 -1
    outer loop
      vertex 4.04665 -30.7374 0
      vertex 3.08014 -23.3968 0
      vertex 4.6041 -23.1452 0
    endloop
  endfacet
  facet normal 0 0 -1
    outer loop
      vertex 2.02768 -30.9363 0
      vertex 3.08014 -23.3968 0
      vertex 4.04665 -30.7374 0
    endloop
  endfacet
  facet normal 0 0 -1
    outer loop
      vertex 2.02768 -30.9363 0
      vertex 1.5434 -23.5482 0
      vertex 3.08014 -23.3968 0
    endloop
  endfacet
  facet normal 0 0 -1
    outer loop
      vertex 0 -31.0027 0
      vertex 1.5434 -23.5482 0
      vertex 2.02768 -30.9363 0
    endloop
  endfacet
  facet normal 0 0 -1
    outer loop
      vertex 0 -31.0027 0
      vertex 0 -23.5987 0
      vertex 1.5434 -23.5482 0
    endloop
  endfacet
  facet normal 0 0 -1
    outer loop
      vertex 0 -31.0027 0
      vertex -1.5434 -23.5482 0
      vertex 0 -23.5987 0
    endloop
  endfacet
  facet normal 0 0 -1
    outer loop
      vertex -2.02768 -30.9363 0
      vertex -1.5434 -23.5482 0
      vertex 0 -31.0027 0
    endloop
  endfacet
  facet normal 0 0 -1
    outer loop
      vertex -2.02768 -30.9363 0
      vertex -3.08014 -23.3968 0
      vertex -1.5434 -23.5482 0
    endloop
  endfacet
  facet normal 0 0 -1
    outer loop
      vertex -4.04665 -30.7374 0
      vertex -3.08014 -23.3968 0
      vertex -2.02768 -30.9363 0
    endloop
  endfacet
  facet normal 0 0 -1
    outer loop
      vertex -4.04665 -30.7374 0
      vertex -4.6041 -23.1452 0
      vertex -3.08014 -23.3968 0
    endloop
  endfacet
  facet normal 0 0 -1
    outer loop
      vertex -6.04832 -30.407 0
      vertex -4.6041 -23.1452 0
      vertex -4.04665 -30.7374 0
    endloop
  endfacet
  facet normal 0 0 -1
    outer loop
      vertex -6.04832 -30.407 0
      vertex -6.10765 -22.7946 0
      vertex -4.6041 -23.1452 0
    endloop
  endfacet
  facet normal 0 0 -1
    outer loop
      vertex -8.02408 -29.9463 0
      vertex -6.10765 -22.7946 0
      vertex -6.04832 -30.407 0
    endloop
  endfacet
  facet normal -0 0 -1
    outer loop
      vertex -6.10765 -22.7946 0
      vertex -8.02408 -29.9463 0
      vertex -7.58563 -22.3463 0
    endloop
  endfacet
  facet normal 0 0 -1
    outer loop
      vertex -9.96547 -29.3574 0
      vertex -7.58563 -22.3463 0
      vertex -8.02408 -29.9463 0
    endloop
  endfacet
  facet normal -0 0 -1
    outer loop
      vertex -7.58563 -22.3463 0
      vertex -9.96547 -29.3574 0
      vertex -9.03079 -21.8024 0
    endloop
  endfacet
  facet normal 0 0 -1
    outer loop
      vertex -11.8642 -28.6427 0
      vertex -9.03079 -21.8024 0
      vertex -9.96547 -29.3574 0
    endloop
  endfacet
  facet normal -0 0 -1
    outer loop
      vertex -9.03079 -21.8024 0
      vertex -11.8642 -28.6427 0
      vertex -10.4375 -21.165 0
    endloop
  endfacet
  facet normal 0 0 -1
    outer loop
      vertex -13.7121 -27.8055 0
      vertex -10.4375 -21.165 0
      vertex -11.8642 -28.6427 0
    endloop
  endfacet
  facet normal -0 0 -1
    outer loop
      vertex -10.4375 -21.165 0
      vertex -13.7121 -27.8055 0
      vertex -11.7994 -20.4371 0
    endloop
  endfacet
  facet normal 0 0 -1
    outer loop
      vertex -15.5013 -26.8491 0
      vertex -11.7994 -20.4371 0
      vertex -13.7121 -27.8055 0
    endloop
  endfacet
  facet normal -0 0 -1
    outer loop
      vertex -11.7994 -20.4371 0
      vertex -15.5013 -26.8491 0
      vertex -13.1108 -19.6216 0
    endloop
  endfacet
  facet normal 0 0 -1
    outer loop
      vertex -17.2242 -25.7778 0
      vertex -13.1108 -19.6216 0
      vertex -15.5013 -26.8491 0
    endloop
  endfacet
  facet normal -0 0 -1
    outer loop
      vertex -13.1108 -19.6216 0
      vertex -17.2242 -25.7778 0
      vertex -14.3659 -18.7222 0
    endloop
  endfacet
  facet normal 0 0 -1
    outer loop
      vertex -18.8732 -24.5961 0
      vertex -14.3659 -18.7222 0
      vertex -17.2242 -25.7778 0
    endloop
  endfacet
  facet normal 0 0 -1
    outer loop
      vertex -18.9971 -24.4944 0
      vertex -14.3659 -18.7222 0
      vertex -18.8732 -24.5961 0
    endloop
  endfacet
  facet normal 0 -0 -1
    outer loop
      vertex -17.4332 -17.2606 0
      vertex -14.3659 -18.7222 0
      vertex -18.9971 -24.4944 0
    endloop
  endfacet
  facet normal 0 0 -1
    outer loop
      vertex -14.3659 -18.7222 0
      vertex -17.4332 -17.2606 0
      vertex -15.8229 -17.5264 0
    endloop
  endfacet
  facet normal -0 0 -1
    outer loop
      vertex -17.4332 -17.2606 0
      vertex -18.9971 -24.4944 0
      vertex -18.5548 -16.9991 0
    endloop
  endfacet
  facet normal 0 0 -1
    outer loop
      vertex -20.4711 -24.1507 0
      vertex -18.5548 -16.9991 0
      vertex -18.9971 -24.4944 0
    endloop
  endfacet
  facet normal -0 0 -1
    outer loop
      vertex -18.5548 -16.9991 0
      vertex -20.4711 -24.1507 0
      vertex -19.657 -16.6647 0
    endloop
  endfacet
  facet normal 0 0 -1
    outer loop
      vertex -22.0368 -23.6758 0
      vertex -19.657 -16.6647 0
      vertex -20.4711 -24.1507 0
    endloop
  endfacet
  facet normal -0 0 -1
    outer loop
      vertex -19.657 -16.6647 0
      vertex -22.0368 -23.6758 0
      vertex -20.7346 -16.2591 0
    endloop
  endfacet
  facet normal 0 0 -1
    outer loop
      vertex -23.5681 -23.0995 0
      vertex -20.7346 -16.2591 0
      vertex -22.0368 -23.6758 0
    endloop
  endfacet
  facet normal -0 0 -1
    outer loop
      vertex -20.7346 -16.2591 0
      vertex -23.5681 -23.0995 0
      vertex -21.7838 -15.7838 0
    endloop
  endfacet
  facet normal 0 0 -1
    outer loop
      vertex -25.0584 -22.4242 0
      vertex -21.7838 -15.7838 0
      vertex -23.5681 -23.0995 0
    endloop
  endfacet
  facet normal -0 0 -1
    outer loop
      vertex -21.7838 -15.7838 0
      vertex -25.0584 -22.4242 0
      vertex -22.7994 -15.2409 0
    endloop
  endfacet
  facet normal 0 0 -1
    outer loop
      vertex -26.5013 -21.6529 0
      vertex -22.7994 -15.2409 0
      vertex -25.0584 -22.4242 0
    endloop
  endfacet
  facet normal -0 0 -1
    outer loop
      vertex -22.7994 -15.2409 0
      vertex -26.5013 -21.6529 0
      vertex -23.7773 -14.6328 0
    endloop
  endfacet
  facet normal 0 0 -1
    outer loop
      vertex -27.8907 -20.789 0
      vertex -23.7773 -14.6328 0
      vertex -26.5013 -21.6529 0
    endloop
  endfacet
  facet normal -0 0 -1
    outer loop
      vertex -23.7773 -14.6328 0
      vertex -27.8907 -20.789 0
      vertex -24.7134 -13.962 0
    endloop
  endfacet
  facet normal 0 0 -1
    outer loop
      vertex -29.2207 -19.836 0
      vertex -24.7134 -13.962 0
      vertex -27.8907 -20.789 0
    endloop
  endfacet
  facet normal -0 0 -1
    outer loop
      vertex -24.7134 -13.962 0
      vertex -29.2207 -19.836 0
      vertex -25.6036 -13.2314 0
    endloop
  endfacet
  facet normal 0 0 -1
    outer loop
      vertex -30.4854 -18.798 0
      vertex -25.6036 -13.2314 0
      vertex -29.2207 -19.836 0
    endloop
  endfacet
  facet normal -0 0 -1
    outer loop
      vertex -25.6036 -13.2314 0
      vertex -30.4854 -18.798 0
      vertex -26.4442 -12.4442 0
    endloop
  endfacet
  facet normal 0 0 -1
    outer loop
      vertex -31.6796 -17.6796 0
      vertex -26.4442 -12.4442 0
      vertex -30.4854 -18.798 0
    endloop
  endfacet
  facet normal -0 0 -1
    outer loop
      vertex -26.4442 -12.4442 0
      vertex -31.6796 -17.6796 0
      vertex -27.2314 -11.6036 0
    endloop
  endfacet
  facet normal 0 0 -1
    outer loop
      vertex -32.798 -16.4854 0
      vertex -27.2314 -11.6036 0
      vertex -31.6796 -17.6796 0
    endloop
  endfacet
  facet normal -0 0 -1
    outer loop
      vertex -27.2314 -11.6036 0
      vertex -32.798 -16.4854 0
      vertex -27.962 -10.7134 0
    endloop
  endfacet
  facet normal 0 0 -1
    outer loop
      vertex -33.836 -15.2207 0
      vertex -27.962 -10.7134 0
      vertex -32.798 -16.4854 0
    endloop
  endfacet
  facet normal -0 0 -1
    outer loop
      vertex -27.962 -10.7134 0
      vertex -33.836 -15.2207 0
      vertex -28.6328 -9.77728 0
    endloop
  endfacet
  facet normal 0 0 -1
    outer loop
      vertex -34.789 -13.8907 0
      vertex -28.6328 -9.77728 0
      vertex -33.836 -15.2207 0
    endloop
  endfacet
  facet normal -0 0 -1
    outer loop
      vertex -28.6328 -9.77728 0
      vertex -34.789 -13.8907 0
      vertex -29.2409 -8.79936 0
    endloop
  endfacet
  facet normal 0 0 -1
    outer loop
      vertex -35.6529 -12.5013 0
      vertex -29.2409 -8.79936 0
      vertex -34.789 -13.8907 0
    endloop
  endfacet
  facet normal -0 0 -1
    outer loop
      vertex -29.2409 -8.79936 0
      vertex -35.6529 -12.5013 0
      vertex -29.7838 -7.78375 0
    endloop
  endfacet
  facet normal 0 0 -1
    outer loop
      vertex -36.4242 -11.0584 0
      vertex -29.7838 -7.78375 0
      vertex -35.6529 -12.5013 0
    endloop
  endfacet
  facet normal 0 0 -1
    outer loop
      vertex -37.0995 -9.5681 0
      vertex -30.2591 -6.73465 0
      vertex -36.4242 -11.0584 0
    endloop
  endfacet
  facet normal -0 0 -1
    outer loop
      vertex -29.7838 -7.78375 0
      vertex -36.4242 -11.0584 0
      vertex -30.2591 -6.73465 0
    endloop
  endfacet
  facet normal -0 0 -1
    outer loop
      vertex 37.0995 9.5681 0
      vertex 30.2591 6.73465 0
      vertex 36.4242 11.0584 0
    endloop
  endfacet
  facet normal 0 0 -1
    outer loop
      vertex 29.7838 7.78375 0
      vertex 36.4242 11.0584 0
      vertex 30.2591 6.73465 0
    endloop
  endfacet
  facet normal -0 0 -1
    outer loop
      vertex 36.4242 11.0584 0
      vertex 29.7838 7.78375 0
      vertex 35.6529 12.5013 0
    endloop
  endfacet
  facet normal 0 0 -1
    outer loop
      vertex 29.2409 8.79936 0
      vertex 35.6529 12.5013 0
      vertex 29.7838 7.78375 0
    endloop
  endfacet
  facet normal -0 0 -1
    outer loop
      vertex 35.6529 12.5013 0
      vertex 29.2409 8.79936 0
      vertex 34.789 13.8907 0
    endloop
  endfacet
  facet normal 0 0 -1
    outer loop
      vertex 28.6328 9.77728 0
      vertex 34.789 13.8907 0
      vertex 29.2409 8.79936 0
    endloop
  endfacet
  facet normal -0 0 -1
    outer loop
      vertex 34.789 13.8907 0
      vertex 28.6328 9.77728 0
      vertex 33.836 15.2207 0
    endloop
  endfacet
  facet normal 0 0 -1
    outer loop
      vertex 27.962 10.7134 0
      vertex 33.836 15.2207 0
      vertex 28.6328 9.77728 0
    endloop
  endfacet
  facet normal -0 0 -1
    outer loop
      vertex 33.836 15.2207 0
      vertex 27.962 10.7134 0
      vertex 32.798 16.4854 0
    endloop
  endfacet
  facet normal 0 0 -1
    outer loop
      vertex 27.2314 11.6036 0
      vertex 32.798 16.4854 0
      vertex 27.962 10.7134 0
    endloop
  endfacet
  facet normal -0 0 -1
    outer loop
      vertex 32.798 16.4854 0
      vertex 27.2314 11.6036 0
      vertex 31.6796 17.6796 0
    endloop
  endfacet
  facet normal 0 0 -1
    outer loop
      vertex 26.4442 12.4442 0
      vertex 31.6796 17.6796 0
      vertex 27.2314 11.6036 0
    endloop
  endfacet
  facet normal -0 0 -1
    outer loop
      vertex 31.6796 17.6796 0
      vertex 26.4442 12.4442 0
      vertex 30.4854 18.798 0
    endloop
  endfacet
  facet normal 0 0 -1
    outer loop
      vertex 25.6036 13.2314 0
      vertex 30.4854 18.798 0
      vertex 26.4442 12.4442 0
    endloop
  endfacet
  facet normal -0 0 -1
    outer loop
      vertex 30.4854 18.798 0
      vertex 25.6036 13.2314 0
      vertex 29.2207 19.836 0
    endloop
  endfacet
  facet normal 0 0 -1
    outer loop
      vertex 24.7134 13.962 0
      vertex 29.2207 19.836 0
      vertex 25.6036 13.2314 0
    endloop
  endfacet
  facet normal -0 0 -1
    outer loop
      vertex 29.2207 19.836 0
      vertex 24.7134 13.962 0
      vertex 27.8907 20.789 0
    endloop
  endfacet
  facet normal 0 0 -1
    outer loop
      vertex 23.7773 14.6328 0
      vertex 27.8907 20.789 0
      vertex 24.7134 13.962 0
    endloop
  endfacet
  facet normal -0 0 -1
    outer loop
      vertex 27.8907 20.789 0
      vertex 23.7773 14.6328 0
      vertex 26.5013 21.6529 0
    endloop
  endfacet
  facet normal 0 0 -1
    outer loop
      vertex 22.7994 15.2409 0
      vertex 26.5013 21.6529 0
      vertex 23.7773 14.6328 0
    endloop
  endfacet
  facet normal -0 0 -1
    outer loop
      vertex 26.5013 21.6529 0
      vertex 22.7994 15.2409 0
      vertex 25.0584 22.4242 0
    endloop
  endfacet
  facet normal 0 0 -1
    outer loop
      vertex 21.7838 15.7838 0
      vertex 25.0584 22.4242 0
      vertex 22.7994 15.2409 0
    endloop
  endfacet
  facet normal -0 0 -1
    outer loop
      vertex 25.0584 22.4242 0
      vertex 21.7838 15.7838 0
      vertex 23.5681 23.0995 0
    endloop
  endfacet
  facet normal 0 0 -1
    outer loop
      vertex 20.7346 16.2591 0
      vertex 23.5681 23.0995 0
      vertex 21.7838 15.7838 0
    endloop
  endfacet
  facet normal -0 0 -1
    outer loop
      vertex 23.5681 23.0995 0
      vertex 20.7346 16.2591 0
      vertex 22.0368 23.6758 0
    endloop
  endfacet
  facet normal 0 0 -1
    outer loop
      vertex 19.657 16.6647 0
      vertex 22.0368 23.6758 0
      vertex 20.7346 16.2591 0
    endloop
  endfacet
  facet normal -0 0 -1
    outer loop
      vertex 22.0368 23.6758 0
      vertex 19.657 16.6647 0
      vertex 20.4711 24.1507 0
    endloop
  endfacet
  facet normal 0 0 -1
    outer loop
      vertex 18.5548 16.9991 0
      vertex 20.4711 24.1507 0
      vertex 19.657 16.6647 0
    endloop
  endfacet
  facet normal -0 0 -1
    outer loop
      vertex 20.4711 24.1507 0
      vertex 18.5548 16.9991 0
      vertex 18.9971 24.4944 0
    endloop
  endfacet
  facet normal 0 0 -1
    outer loop
      vertex 17.4332 17.2606 0
      vertex 18.9971 24.4944 0
      vertex 18.5548 16.9991 0
    endloop
  endfacet
  facet normal 0 0 -1
    outer loop
      vertex 14.3659 18.7222 0
      vertex 18.9971 24.4944 0
      vertex 17.4332 17.2606 0
    endloop
  endfacet
  facet normal -0 0 -1
    outer loop
      vertex 18.9971 24.4944 0
      vertex 14.3659 18.7222 0
      vertex 18.8732 24.5961 0
    endloop
  endfacet
  facet normal -0 0 -1
    outer loop
      vertex 18.8732 24.5961 0
      vertex 14.3659 18.7222 0
      vertex 17.2242 25.7778 0
    endloop
  endfacet
  facet normal 0 0 -1
    outer loop
      vertex 14.3659 18.7222 0
      vertex 17.4332 17.2606 0
      vertex 15.8229 17.5264 0
    endloop
  endfacet
  facet normal 0 0 -1
    outer loop
      vertex 21.4938 31.1115 0
      vertex 23.2333 34.8528 0
      vertex 22.5129 32.3813 0
    endloop
  endfacet
  facet normal -0 0 -1
    outer loop
      vertex 23.2333 34.8528 0
      vertex 12.644 32.0577 0
      vertex 22.953 37.4119 0
    endloop
  endfacet
  facet normal 0 0 -1
    outer loop
      vertex 23.2333 34.8528 0
      vertex 21.4938 31.1115 0
      vertex 12.644 32.0577 0
    endloop
  endfacet
  facet normal -0 0 -1
    outer loop
      vertex 22.953 37.4119 0
      vertex 12.644 32.0577 0
      vertex 21.7148 39.6689 0
    endloop
  endfacet
  facet normal -0 0 -1
    outer loop
      vertex 21.7148 39.6689 0
      vertex 12.644 32.0577 0
      vertex 19.707 41.2803 0
    endloop
  endfacet
  facet normal 0 0 -1
    outer loop
      vertex 12.644 32.0577 0
      vertex 21.4938 31.1115 0
      vertex 17.1037 25.8527 0
    endloop
  endfacet
  facet normal 0 0 -1
    outer loop
      vertex 13.1108 19.6216 0
      vertex 17.2242 25.7778 0
      vertex 14.3659 18.7222 0
    endloop
  endfacet
  facet normal -0 0 -1
    outer loop
      vertex 19.707 41.2803 0
      vertex 12.644 32.0577 0
      vertex 17.2354 42.0007 0
    endloop
  endfacet
  facet normal -0 0 -1
    outer loop
      vertex 17.2242 25.7778 0
      vertex 13.1108 19.6216 0
      vertex 17.1037 25.8527 0
    endloop
  endfacet
  facet normal 0 -0 -1
    outer loop
      vertex 13.249 40.9374 0
      vertex 17.2354 42.0007 0
      vertex 12.644 32.0577 0
    endloop
  endfacet
  facet normal 0 0 -1
    outer loop
      vertex 11.7994 20.4371 0
      vertex 17.1037 25.8527 0
      vertex 13.1108 19.6216 0
    endloop
  endfacet
  facet normal 0 0 -1
    outer loop
      vertex 17.2354 42.0007 0
      vertex 13.249 40.9374 0
      vertex 14.6764 41.7204 0
    endloop
  endfacet
  facet normal 0 0 -1
    outer loop
      vertex 12.644 32.0577 0
      vertex 8.46118 38.1891 0
      vertex 13.249 40.9374 0
    endloop
  endfacet
  facet normal 0 0 -1
    outer loop
      vertex 2.03247 32.6 0
      vertex 12.644 32.0577 0
      vertex 3.22253 26.6497 0
    endloop
  endfacet
  facet normal 0 0 -1
    outer loop
      vertex 12.644 32.0577 0
      vertex 2.03247 32.6 0
      vertex 8.46118 38.1891 0
    endloop
  endfacet
  facet normal -0 0 -1
    outer loop
      vertex 8.46118 38.1891 0
      vertex 2.03247 32.6 0
      vertex 8.09901 40 0
    endloop
  endfacet
  facet normal 0 0 -1
    outer loop
      vertex -2.03247 32.6 0
      vertex 8.09901 40 0
      vertex 2.03247 32.6 0
    endloop
  endfacet
  facet normal 0 0 -1
    outer loop
      vertex -10.2489 29.2507 0
      vertex -3.89014 23.3117 0
      vertex -6.10788 22.7946 0
    endloop
  endfacet
  facet normal 0 0 -1
    outer loop
      vertex -10.2489 29.2507 0
      vertex -6.10788 22.7946 0
      vertex -7.58563 22.3463 0
    endloop
  endfacet
  facet normal 0 0 -1
    outer loop
      vertex -2.03247 32.6 0
      vertex -8.09901 40 0
      vertex 8.09901 40 0
    endloop
  endfacet
  facet normal 0 0 -1
    outer loop
      vertex -3.89014 23.3117 0
      vertex -10.2489 29.2507 0
      vertex -2.03247 32.6 0
    endloop
  endfacet
  facet normal 0 0 -1
    outer loop
      vertex -10.2489 29.2507 0
      vertex -7.58563 22.3463 0
      vertex -9.03079 21.8024 0
    endloop
  endfacet
  facet normal -0 0 -1
    outer loop
      vertex -2.03247 32.6 0
      vertex -10.2489 29.2507 0
      vertex -8.09901 40 0
    endloop
  endfacet
  facet normal 0 0 -1
    outer loop
      vertex -11.8642 28.6427 0
      vertex -9.03079 21.8024 0
      vertex -10.4375 21.165 0
    endloop
  endfacet
  facet normal 0 0 -1
    outer loop
      vertex -13.7121 27.8055 0
      vertex -10.4375 21.165 0
      vertex -11.7994 20.4371 0
    endloop
  endfacet
  facet normal 0 0 -1
    outer loop
      vertex -9.03079 21.8024 0
      vertex -11.8642 28.6427 0
      vertex -10.2489 29.2507 0
    endloop
  endfacet
  facet normal 0 0 -1
    outer loop
      vertex -15.5013 26.8491 0
      vertex -11.7994 20.4371 0
      vertex -13.1108 19.6216 0
    endloop
  endfacet
  facet normal 0 0 -1
    outer loop
      vertex -10.4375 21.165 0
      vertex -13.7121 27.8055 0
      vertex -11.8642 28.6427 0
    endloop
  endfacet
  facet normal 0 0 -1
    outer loop
      vertex -17.2242 25.7778 0
      vertex -13.1108 19.6216 0
      vertex -14.3659 18.7222 0
    endloop
  endfacet
  facet normal 0 0 -1
    outer loop
      vertex -11.7994 20.4371 0
      vertex -15.5013 26.8491 0
      vertex -13.7121 27.8055 0
    endloop
  endfacet
  facet normal 0 0 -1
    outer loop
      vertex -17.4332 17.2606 0
      vertex -14.3659 18.7222 0
      vertex -15.8229 17.5264 0
    endloop
  endfacet
  facet normal 0 0 -1
    outer loop
      vertex -13.1108 19.6216 0
      vertex -17.2242 25.7778 0
      vertex -15.5013 26.8491 0
    endloop
  endfacet
  facet normal -0 0 -1
    outer loop
      vertex -14.3659 18.7222 0
      vertex -17.4332 17.2606 0
      vertex -18.9971 24.4944 0
    endloop
  endfacet
  facet normal 0 0 -1
    outer loop
      vertex -18.9971 24.4944 0
      vertex -17.4332 17.2606 0
      vertex -18.5548 16.9991 0
    endloop
  endfacet
  facet normal 0 0 -1
    outer loop
      vertex -14.3659 18.7222 0
      vertex -18.8732 24.5961 0
      vertex -17.2242 25.7778 0
    endloop
  endfacet
  facet normal 0 0 -1
    outer loop
      vertex -14.3659 18.7222 0
      vertex -18.9971 24.4944 0
      vertex -18.8732 24.5961 0
    endloop
  endfacet
  facet normal 0 0 -1
    outer loop
      vertex -20.4711 24.1507 0
      vertex -18.5548 16.9991 0
      vertex -19.657 16.6647 0
    endloop
  endfacet
  facet normal 0 0 -1
    outer loop
      vertex -18.5548 16.9991 0
      vertex -20.4711 24.1507 0
      vertex -18.9971 24.4944 0
    endloop
  endfacet
  facet normal 0 0 -1
    outer loop
      vertex -22.0368 23.6758 0
      vertex -19.657 16.6647 0
      vertex -20.7346 16.2591 0
    endloop
  endfacet
  facet normal 0 0 -1
    outer loop
      vertex -23.5681 23.0995 0
      vertex -20.7346 16.2591 0
      vertex -21.7838 15.7838 0
    endloop
  endfacet
  facet normal 0 0 -1
    outer loop
      vertex -19.657 16.6647 0
      vertex -22.0368 23.6758 0
      vertex -20.4711 24.1507 0
    endloop
  endfacet
  facet normal 0 0 -1
    outer loop
      vertex -25.0584 22.4242 0
      vertex -21.7838 15.7838 0
      vertex -22.7994 15.2409 0
    endloop
  endfacet
  facet normal 0 0 -1
    outer loop
      vertex -20.7346 16.2591 0
      vertex -23.5681 23.0995 0
      vertex -22.0368 23.6758 0
    endloop
  endfacet
  facet normal 0 0 -1
    outer loop
      vertex -26.5013 21.6529 0
      vertex -22.7994 15.2409 0
      vertex -23.7773 14.6328 0
    endloop
  endfacet
  facet normal 0 0 -1
    outer loop
      vertex -27.8907 20.789 0
      vertex -23.7773 14.6328 0
      vertex -24.7134 13.962 0
    endloop
  endfacet
  facet normal 0 0 -1
    outer loop
      vertex -21.7838 15.7838 0
      vertex -25.0584 22.4242 0
      vertex -23.5681 23.0995 0
    endloop
  endfacet
  facet normal 0 0 -1
    outer loop
      vertex -29.2207 19.836 0
      vertex -24.7134 13.962 0
      vertex -25.6036 13.2314 0
    endloop
  endfacet
  facet normal 0 0 -1
    outer loop
      vertex -30.4854 18.798 0
      vertex -25.6036 13.2314 0
      vertex -26.4442 12.4442 0
    endloop
  endfacet
  facet normal 0 0 -1
    outer loop
      vertex -22.7994 15.2409 0
      vertex -26.5013 21.6529 0
      vertex -25.0584 22.4242 0
    endloop
  endfacet
  facet normal 0 0 -1
    outer loop
      vertex -31.6796 17.6796 0
      vertex -26.4442 12.4442 0
      vertex -27.2314 11.6036 0
    endloop
  endfacet
  facet normal 0 0 -1
    outer loop
      vertex -23.7773 14.6328 0
      vertex -27.8907 20.789 0
      vertex -26.5013 21.6529 0
    endloop
  endfacet
  facet normal 0 0 -1
    outer loop
      vertex -32.798 16.4854 0
      vertex -27.2314 11.6036 0
      vertex -27.962 10.7134 0
    endloop
  endfacet
  facet normal 0 0 -1
    outer loop
      vertex -33.836 15.2207 0
      vertex -27.962 10.7134 0
      vertex -28.6328 9.77728 0
    endloop
  endfacet
  facet normal 0 0 -1
    outer loop
      vertex -24.7134 13.962 0
      vertex -29.2207 19.836 0
      vertex -27.8907 20.789 0
    endloop
  endfacet
  facet normal 0 0 -1
    outer loop
      vertex -34.789 13.8907 0
      vertex -28.6328 9.77728 0
      vertex -29.2409 8.79936 0
    endloop
  endfacet
  facet normal 0 0 -1
    outer loop
      vertex -35.6529 12.5013 0
      vertex -29.2409 8.79936 0
      vertex -29.7838 7.78375 0
    endloop
  endfacet
  facet normal 0 0 -1
    outer loop
      vertex -36.4242 11.0584 0
      vertex -29.7838 7.78375 0
      vertex -30.2591 6.73465 0
    endloop
  endfacet
  facet normal 0 0 -1
    outer loop
      vertex -25.6036 13.2314 0
      vertex -30.4854 18.798 0
      vertex -29.2207 19.836 0
    endloop
  endfacet
  facet normal 0 0 -1
    outer loop
      vertex -37.0995 9.5681 0
      vertex -30.2591 6.73465 0
      vertex -30.6647 5.65698 0
    endloop
  endfacet
  facet normal 0 0 -1
    outer loop
      vertex -37.6758 8.03685 0
      vertex -30.6647 5.65698 0
      vertex -30.9991 4.55484 0
    endloop
  endfacet
  facet normal 0 0 -1
    outer loop
      vertex -38.1507 6.47115 0
      vertex -30.9991 4.55484 0
      vertex -31.2606 3.4332 0
    endloop
  endfacet
  facet normal 0 0 -1
    outer loop
      vertex -38.5222 4.87776 0
      vertex -31.2606 3.4332 0
      vertex -31.4481 2.2972 0
    endloop
  endfacet
  facet normal 0 0 -1
    outer loop
      vertex -38.7888 3.2635 0
      vertex -31.4481 2.2972 0
      vertex -31.561 1.15096 0
    endloop
  endfacet
  facet normal 0 0 -1
    outer loop
      vertex -26.4442 12.4442 0
      vertex -31.6796 17.6796 0
      vertex -30.4854 18.798 0
    endloop
  endfacet
  facet normal 0 0 -1
    outer loop
      vertex -38.9491 1.63527 0
      vertex -31.561 1.15096 0
      vertex -31.5987 0 0
    endloop
  endfacet
  facet normal -0 0 -1
    outer loop
      vertex -30.2591 -6.73465 0
      vertex -37.0995 -9.5681 0
      vertex -30.6647 -5.65698 0
    endloop
  endfacet
  facet normal 0 0 -1
    outer loop
      vertex -37.6758 -8.03685 0
      vertex -30.6647 -5.65698 0
      vertex -37.0995 -9.5681 0
    endloop
  endfacet
  facet normal 0 0 -1
    outer loop
      vertex -27.2314 11.6036 0
      vertex -32.798 16.4854 0
      vertex -31.6796 17.6796 0
    endloop
  endfacet
  facet normal -0 0 -1
    outer loop
      vertex -30.6647 -5.65698 0
      vertex -37.6758 -8.03685 0
      vertex -30.9991 -4.55484 0
    endloop
  endfacet
  facet normal 0 0 -1
    outer loop
      vertex -27.962 10.7134 0
      vertex -33.836 15.2207 0
      vertex -32.798 16.4854 0
    endloop
  endfacet
  facet normal 0 0 -1
    outer loop
      vertex -38.1507 -6.47115 0
      vertex -30.9991 -4.55484 0
      vertex -37.6758 -8.03685 0
    endloop
  endfacet
  facet normal 0 0 -1
    outer loop
      vertex -28.6328 9.77728 0
      vertex -34.789 13.8907 0
      vertex -33.836 15.2207 0
    endloop
  endfacet
  facet normal -0 0 -1
    outer loop
      vertex -30.9991 -4.55484 0
      vertex -38.1507 -6.47115 0
      vertex -31.2606 -3.4332 0
    endloop
  endfacet
  facet normal 0 0 -1
    outer loop
      vertex -29.2409 8.79936 0
      vertex -35.6529 12.5013 0
      vertex -34.789 13.8907 0
    endloop
  endfacet
  facet normal 0 0 -1
    outer loop
      vertex -38.5222 -4.87776 0
      vertex -31.2606 -3.4332 0
      vertex -38.1507 -6.47115 0
    endloop
  endfacet
  facet normal 0 0 -1
    outer loop
      vertex -29.7838 7.78375 0
      vertex -36.4242 11.0584 0
      vertex -35.6529 12.5013 0
    endloop
  endfacet
  facet normal -0 0 -1
    outer loop
      vertex -31.2606 -3.4332 0
      vertex -38.5222 -4.87776 0
      vertex -31.4481 -2.2972 0
    endloop
  endfacet
  facet normal 0 0 -1
    outer loop
      vertex -30.2591 6.73465 0
      vertex -37.0995 9.5681 0
      vertex -36.4242 11.0584 0
    endloop
  endfacet
  facet normal 0 0 -1
    outer loop
      vertex -38.7888 -3.2635 0
      vertex -31.4481 -2.2972 0
      vertex -38.5222 -4.87776 0
    endloop
  endfacet
  facet normal 0 0 -1
    outer loop
      vertex -30.6647 5.65698 0
      vertex -37.6758 8.03685 0
      vertex -37.0995 9.5681 0
    endloop
  endfacet
  facet normal -0 0 -1
    outer loop
      vertex -31.4481 -2.2972 0
      vertex -38.7888 -3.2635 0
      vertex -31.561 -1.15096 0
    endloop
  endfacet
  facet normal 0 0 -1
    outer loop
      vertex -30.9991 4.55484 0
      vertex -38.1507 6.47115 0
      vertex -37.6758 8.03685 0
    endloop
  endfacet
  facet normal 0 0 -1
    outer loop
      vertex -38.9491 -1.63527 0
      vertex -31.561 -1.15096 0
      vertex -38.7888 -3.2635 0
    endloop
  endfacet
  facet normal 0 0 -1
    outer loop
      vertex -31.2606 3.4332 0
      vertex -38.5222 4.87776 0
      vertex -38.1507 6.47115 0
    endloop
  endfacet
  facet normal -0 0 -1
    outer loop
      vertex -31.561 -1.15096 0
      vertex -38.9491 -1.63527 0
      vertex -31.5987 0 0
    endloop
  endfacet
  facet normal 0 0 -1
    outer loop
      vertex -31.4481 2.2972 0
      vertex -38.7888 3.2635 0
      vertex -38.5222 4.87776 0
    endloop
  endfacet
  facet normal 0 0 -1
    outer loop
      vertex -39.0027 0 0
      vertex -31.5987 0 0
      vertex -38.9491 -1.63527 0
    endloop
  endfacet
  facet normal 0 0 -1
    outer loop
      vertex -31.561 1.15096 0
      vertex -38.9491 1.63527 0
      vertex -38.7888 3.2635 0
    endloop
  endfacet
  facet normal 0 0 -1
    outer loop
      vertex -31.5987 0 0
      vertex -39.0027 0 0
      vertex -38.9491 1.63527 0
    endloop
  endfacet
  facet normal 0 0 -1
    outer loop
      vertex 10.4375 21.165 0
      vertex 17.1037 25.8527 0
      vertex 11.7994 20.4371 0
    endloop
  endfacet
  facet normal 0 0 -1
    outer loop
      vertex 9.03087 21.8024 0
      vertex 17.1037 25.8527 0
      vertex 10.4375 21.165 0
    endloop
  endfacet
  facet normal -0 0 -1
    outer loop
      vertex 17.1037 25.8527 0
      vertex 9.03087 21.8024 0
      vertex 12.644 32.0577 0
    endloop
  endfacet
  facet normal 0 0 -1
    outer loop
      vertex 12.644 32.0577 0
      vertex 9.03087 21.8024 0
      vertex 5.26569 23.2195 0
    endloop
  endfacet
  facet normal 0 0 1
    outer loop
      vertex 4.92155 30.3923 18
      vertex 12.644 32.0577 18
      vertex 15.6963 36.5769 18
    endloop
  endfacet
  facet normal -0 0 1
    outer loop
      vertex 4.92155 30.3923 18
      vertex 3.22253 26.6497 18
      vertex 12.644 32.0577 18
    endloop
  endfacet
  facet normal -0 0 1
    outer loop
      vertex 2.03247 32.6 18
      vertex 4.92155 30.3923 18
      vertex 4 35 18
    endloop
  endfacet
  facet normal 0 0 1
    outer loop
      vertex 4.92155 30.3923 18
      vertex 2.03247 32.6 18
      vertex 3.22253 26.6497 18
    endloop
  endfacet
  facet normal 0 0 1
    outer loop
      vertex 4 35 18
      vertex -2.03247 32.6 18
      vertex 2.03247 32.6 18
    endloop
  endfacet
  facet normal -0 0 1
    outer loop
      vertex -4 35 18
      vertex -2.03247 32.6 18
      vertex 4 35 18
    endloop
  endfacet
  facet normal 0 0 1
    outer loop
      vertex -5.9404 25.298 18
      vertex -2.03247 32.6 18
      vertex -4 35 18
    endloop
  endfacet
  facet normal 0 0 1
    outer loop
      vertex -2.03247 32.6 18
      vertex -5.9404 25.298 18
      vertex -3.89014 23.3117 18
    endloop
  endfacet
  facet normal 0 0 1
    outer loop
      vertex -5.9404 25.298 18
      vertex -6.10788 22.7946 18
      vertex -3.89014 23.3117 18
    endloop
  endfacet
  facet normal -0 0 1
    outer loop
      vertex -6.72929 25.1141 18
      vertex -6.10788 22.7946 18
      vertex -5.9404 25.298 18
    endloop
  endfacet
  facet normal 0 0 1
    outer loop
      vertex -6.72929 25.1141 18
      vertex -7.58563 22.3463 18
      vertex -6.10788 22.7946 18
    endloop
  endfacet
  facet normal -0 0 1
    outer loop
      vertex -8.35742 24.6202 18
      vertex -7.58563 22.3463 18
      vertex -6.72929 25.1141 18
    endloop
  endfacet
  facet normal 0 0 1
    outer loop
      vertex -8.35742 24.6202 18
      vertex -9.03079 21.8024 18
      vertex -7.58563 22.3463 18
    endloop
  endfacet
  facet normal -0 0 1
    outer loop
      vertex -9.94977 24.0209 18
      vertex -9.03079 21.8024 18
      vertex -8.35742 24.6202 18
    endloop
  endfacet
  facet normal 0 0 1
    outer loop
      vertex -9.94977 24.0209 18
      vertex -10.4375 21.165 18
      vertex -9.03079 21.8024 18
    endloop
  endfacet
  facet normal -0 0 1
    outer loop
      vertex -11.4995 23.3187 18
      vertex -10.4375 21.165 18
      vertex -9.94977 24.0209 18
    endloop
  endfacet
  facet normal 0 0 1
    outer loop
      vertex -11.4995 23.3187 18
      vertex -11.7994 20.4371 18
      vertex -10.4375 21.165 18
    endloop
  endfacet
  facet normal -0 0 1
    outer loop
      vertex -13 22.5166 18
      vertex -11.7994 20.4371 18
      vertex -11.4995 23.3187 18
    endloop
  endfacet
  facet normal 0 0 1
    outer loop
      vertex -13 22.5166 18
      vertex -13.1108 19.6216 18
      vertex -11.7994 20.4371 18
    endloop
  endfacet
  facet normal -0 0 1
    outer loop
      vertex -14.4448 21.6182 18
      vertex -13.1108 19.6216 18
      vertex -13 22.5166 18
    endloop
  endfacet
  facet normal 0 0 1
    outer loop
      vertex -13.1108 19.6216 18
      vertex -14.4448 21.6182 18
      vertex -14.3659 18.7222 18
    endloop
  endfacet
  facet normal -0 0 1
    outer loop
      vertex -15.8278 20.6272 18
      vertex -14.3659 18.7222 18
      vertex -14.4448 21.6182 18
    endloop
  endfacet
  facet normal -0 0 1
    outer loop
      vertex -16.8484 19.7896 18
      vertex -14.3659 18.7222 18
      vertex -15.8278 20.6272 18
    endloop
  endfacet
  facet normal 0 0 1
    outer loop
      vertex -14.3659 18.7222 18
      vertex -16.8484 19.7896 18
      vertex -15.8229 17.5264 18
    endloop
  endfacet
  facet normal 0 0 1
    outer loop
      vertex -16.8484 19.7896 18
      vertex -17.4332 17.2606 18
      vertex -15.8229 17.5264 18
    endloop
  endfacet
  facet normal -0 0 1
    outer loop
      vertex -17.9018 19.6157 18
      vertex -17.4332 17.2606 18
      vertex -16.8484 19.7896 18
    endloop
  endfacet
  facet normal 0 0 1
    outer loop
      vertex -17.9018 19.6157 18
      vertex -18.5548 16.9991 18
      vertex -17.4332 17.2606 18
    endloop
  endfacet
  facet normal -0 0 1
    outer loop
      vertex -19.1764 19.3185 18
      vertex -18.5548 16.9991 18
      vertex -17.9018 19.6157 18
    endloop
  endfacet
  facet normal 0 0 1
    outer loop
      vertex -19.1764 19.3185 18
      vertex -19.657 16.6647 18
      vertex -18.5548 16.9991 18
    endloop
  endfacet
  facet normal -0 0 1
    outer loop
      vertex -20.4288 18.9386 18
      vertex -19.657 16.6647 18
      vertex -19.1764 19.3185 18
    endloop
  endfacet
  facet normal 0 0 1
    outer loop
      vertex -20.4288 18.9386 18
      vertex -20.7346 16.2591 18
      vertex -19.657 16.6647 18
    endloop
  endfacet
  facet normal -0 0 1
    outer loop
      vertex -21.6537 18.4776 18
      vertex -20.7346 16.2591 18
      vertex -20.4288 18.9386 18
    endloop
  endfacet
  facet normal 0 0 1
    outer loop
      vertex -21.6537 18.4776 18
      vertex -21.7838 15.7838 18
      vertex -20.7346 16.2591 18
    endloop
  endfacet
  facet normal -0 0 1
    outer loop
      vertex -22.8458 17.9375 18
      vertex -21.7838 15.7838 18
      vertex -21.6537 18.4776 18
    endloop
  endfacet
  facet normal 0 0 1
    outer loop
      vertex -21.7838 15.7838 18
      vertex -22.8458 17.9375 18
      vertex -22.7994 15.2409 18
    endloop
  endfacet
  facet normal -0 0 1
    outer loop
      vertex -24 17.3205 18
      vertex -22.7994 15.2409 18
      vertex -22.8458 17.9375 18
    endloop
  endfacet
  facet normal 0 0 1
    outer loop
      vertex -22.7994 15.2409 18
      vertex -24 17.3205 18
      vertex -23.7773 14.6328 18
    endloop
  endfacet
  facet normal -0 0 1
    outer loop
      vertex -25.1114 16.6294 18
      vertex -23.7773 14.6328 18
      vertex -24 17.3205 18
    endloop
  endfacet
  facet normal 0 0 1
    outer loop
      vertex -23.7773 14.6328 18
      vertex -25.1114 16.6294 18
      vertex -24.7134 13.962 18
    endloop
  endfacet
  facet normal -0 0 1
    outer loop
      vertex -26.1752 15.8671 18
      vertex -24.7134 13.962 18
      vertex -25.1114 16.6294 18
    endloop
  endfacet
  facet normal 0 0 1
    outer loop
      vertex -24.7134 13.962 18
      vertex -26.1752 15.8671 18
      vertex -25.6036 13.2314 18
    endloop
  endfacet
  facet normal -0 0 1
    outer loop
      vertex -27.1869 15.0368 18
      vertex -25.6036 13.2314 18
      vertex -26.1752 15.8671 18
    endloop
  endfacet
  facet normal 0 0 1
    outer loop
      vertex -25.6036 13.2314 18
      vertex -27.1869 15.0368 18
      vertex -26.4442 12.4442 18
    endloop
  endfacet
  facet normal -0 0 1
    outer loop
      vertex -28.1421 14.1421 18
      vertex -26.4442 12.4442 18
      vertex -27.1869 15.0368 18
    endloop
  endfacet
  facet normal 0 0 1
    outer loop
      vertex -26.4442 12.4442 18
      vertex -28.1421 14.1421 18
      vertex -27.2314 11.6036 18
    endloop
  endfacet
  facet normal -0 0 1
    outer loop
      vertex -29.0368 13.1869 18
      vertex -27.2314 11.6036 18
      vertex -28.1421 14.1421 18
    endloop
  endfacet
  facet normal 0 0 1
    outer loop
      vertex -27.2314 11.6036 18
      vertex -29.0368 13.1869 18
      vertex -27.962 10.7134 18
    endloop
  endfacet
  facet normal -0 0 1
    outer loop
      vertex -29.8671 12.1752 18
      vertex -27.962 10.7134 18
      vertex -29.0368 13.1869 18
    endloop
  endfacet
  facet normal 0 0 1
    outer loop
      vertex -27.962 10.7134 18
      vertex -29.8671 12.1752 18
      vertex -28.6328 9.77728 18
    endloop
  endfacet
  facet normal -0 0 1
    outer loop
      vertex -30.6294 11.1114 18
      vertex -28.6328 9.77728 18
      vertex -29.8671 12.1752 18
    endloop
  endfacet
  facet normal 0 0 1
    outer loop
      vertex -28.6328 9.77728 18
      vertex -30.6294 11.1114 18
      vertex -29.2409 8.79936 18
    endloop
  endfacet
  facet normal -0 0 1
    outer loop
      vertex -31.3205 10 18
      vertex -29.2409 8.79936 18
      vertex -30.6294 11.1114 18
    endloop
  endfacet
  facet normal 0 0 1
    outer loop
      vertex -29.2409 8.79936 18
      vertex -31.3205 10 18
      vertex -29.7838 7.78375 18
    endloop
  endfacet
  facet normal -0 0 1
    outer loop
      vertex -31.9375 8.84576 18
      vertex -29.7838 7.78375 18
      vertex -31.3205 10 18
    endloop
  endfacet
  facet normal 0 0 1
    outer loop
      vertex -29.7838 7.78375 18
      vertex -31.9375 8.84576 18
      vertex -30.2591 6.73465 18
    endloop
  endfacet
  facet normal -0 0 1
    outer loop
      vertex -32.4776 7.65366 18
      vertex -30.2591 6.73465 18
      vertex -31.9375 8.84576 18
    endloop
  endfacet
  facet normal 0 0 1
    outer loop
      vertex -30.2591 6.73465 18
      vertex -32.4776 7.65366 18
      vertex -30.6647 5.65698 18
    endloop
  endfacet
  facet normal -0 0 1
    outer loop
      vertex -32.9386 6.42879 18
      vertex -30.6647 5.65698 18
      vertex -32.4776 7.65366 18
    endloop
  endfacet
  facet normal 0 0 1
    outer loop
      vertex -30.6647 5.65698 18
      vertex -32.9386 6.42879 18
      vertex -30.9991 4.55484 18
    endloop
  endfacet
  facet normal -0 0 1
    outer loop
      vertex -33.3185 5.17638 18
      vertex -30.9991 4.55484 18
      vertex -32.9386 6.42879 18
    endloop
  endfacet
  facet normal 0 0 1
    outer loop
      vertex -30.9991 4.55484 18
      vertex -33.3185 5.17638 18
      vertex -31.2606 3.4332 18
    endloop
  endfacet
  facet normal 0 0 1
    outer loop
      vertex 18.091 35.8789 18
      vertex 17.991 34.7352 18
      vertex 18.1547 35.2971 18
    endloop
  endfacet
  facet normal 0 0 1
    outer loop
      vertex 17.8095 36.392 18
      vertex 17.991 34.7352 18
      vertex 18.091 35.8789 18
    endloop
  endfacet
  facet normal 0 0 1
    outer loop
      vertex 17.8095 36.392 18
      vertex 17.6246 34.2788 18
      vertex 17.991 34.7352 18
    endloop
  endfacet
  facet normal 0 0 1
    outer loop
      vertex 17.3531 36.7584 18
      vertex 17.6246 34.2788 18
      vertex 17.8095 36.392 18
    endloop
  endfacet
  facet normal 0 0 1
    outer loop
      vertex 16.7912 36.9222 18
      vertex 17.6246 34.2788 18
      vertex 17.3531 36.7584 18
    endloop
  endfacet
  facet normal -0 0 1
    outer loop
      vertex 16.2094 36.8584 18
      vertex 17.6246 34.2788 18
      vertex 16.7912 36.9222 18
    endloop
  endfacet
  facet normal -0 0 1
    outer loop
      vertex 15.6963 36.5769 18
      vertex 17.6246 34.2788 18
      vertex 16.2094 36.8584 18
    endloop
  endfacet
  facet normal 0 0 1
    outer loop
      vertex 12.644 32.0577 18
      vertex 17.6246 34.2788 18
      vertex 15.6963 36.5769 18
    endloop
  endfacet
  facet normal -0 0 1
    outer loop
      vertex 12.644 32.0577 18
      vertex 9.27354 24.2754 18
      vertex 17.6246 34.2788 18
    endloop
  endfacet
  facet normal 0 0 1
    outer loop
      vertex 9.27354 24.2754 18
      vertex 5.26569 23.2195 18
      vertex 9.03087 21.8024 18
    endloop
  endfacet
  facet normal 0 0 1
    outer loop
      vertex 5.26569 23.2195 18
      vertex 9.27354 24.2754 18
      vertex 12.644 32.0577 18
    endloop
  endfacet
  facet normal 0 0 1
    outer loop
      vertex 31.5987 0 18
      vertex 34 0 18
      vertex 33.9572 1.30806 18
    endloop
  endfacet
  facet normal 0 0 1
    outer loop
      vertex 31.561 1.15096 18
      vertex 33.9572 1.30806 18
      vertex 33.8289 2.61052 18
    endloop
  endfacet
  facet normal 0 0 1
    outer loop
      vertex 34 0 18
      vertex 31.5987 0 18
      vertex 33.9572 -1.30806 18
    endloop
  endfacet
  facet normal 0 0 1
    outer loop
      vertex 31.4481 2.2972 18
      vertex 33.8289 2.61052 18
      vertex 33.6157 3.90179 18
    endloop
  endfacet
  facet normal -0 0 1
    outer loop
      vertex 31.561 -1.15096 18
      vertex 33.9572 -1.30806 18
      vertex 31.5987 0 18
    endloop
  endfacet
  facet normal 0 0 1
    outer loop
      vertex 31.2606 3.4332 18
      vertex 33.6157 3.90179 18
      vertex 33.3185 5.17638 18
    endloop
  endfacet
  facet normal 0 0 1
    outer loop
      vertex 33.9572 -1.30806 18
      vertex 31.561 -1.15096 18
      vertex 33.8289 -2.61052 18
    endloop
  endfacet
  facet normal 0 0 1
    outer loop
      vertex 30.9991 4.55484 18
      vertex 33.3185 5.17638 18
      vertex 32.9386 6.42879 18
    endloop
  endfacet
  facet normal -0 0 1
    outer loop
      vertex 31.4481 -2.2972 18
      vertex 33.8289 -2.61052 18
      vertex 31.561 -1.15096 18
    endloop
  endfacet
  facet normal 0 0 1
    outer loop
      vertex 30.6647 5.65698 18
      vertex 32.9386 6.42879 18
      vertex 32.4776 7.65366 18
    endloop
  endfacet
  facet normal 0 0 1
    outer loop
      vertex 33.8289 -2.61052 18
      vertex 31.4481 -2.2972 18
      vertex 33.6157 -3.90179 18
    endloop
  endfacet
  facet normal 0 0 1
    outer loop
      vertex 30.2591 6.73465 18
      vertex 32.4776 7.65366 18
      vertex 31.9375 8.84576 18
    endloop
  endfacet
  facet normal -0 0 1
    outer loop
      vertex 31.2606 -3.4332 18
      vertex 33.6157 -3.90179 18
      vertex 31.4481 -2.2972 18
    endloop
  endfacet
  facet normal 0 0 1
    outer loop
      vertex 33.6157 -3.90179 18
      vertex 31.2606 -3.4332 18
      vertex 33.3185 -5.17638 18
    endloop
  endfacet
  facet normal 0 0 1
    outer loop
      vertex 33.9572 1.30806 18
      vertex 31.561 1.15096 18
      vertex 31.5987 0 18
    endloop
  endfacet
  facet normal 0 0 1
    outer loop
      vertex 33.8289 2.61052 18
      vertex 31.4481 2.2972 18
      vertex 31.561 1.15096 18
    endloop
  endfacet
  facet normal 0 0 1
    outer loop
      vertex 29.7838 7.78375 18
      vertex 31.9375 8.84576 18
      vertex 31.3205 10 18
    endloop
  endfacet
  facet normal 0 0 1
    outer loop
      vertex 33.6157 3.90179 18
      vertex 31.2606 3.4332 18
      vertex 31.4481 2.2972 18
    endloop
  endfacet
  facet normal 0 0 1
    outer loop
      vertex 33.3185 5.17638 18
      vertex 30.9991 4.55484 18
      vertex 31.2606 3.4332 18
    endloop
  endfacet
  facet normal 0 0 1
    outer loop
      vertex 32.9386 6.42879 18
      vertex 30.6647 5.65698 18
      vertex 30.9991 4.55484 18
    endloop
  endfacet
  facet normal 0 0 1
    outer loop
      vertex 29.2409 8.79936 18
      vertex 31.3205 10 18
      vertex 30.6294 11.1114 18
    endloop
  endfacet
  facet normal 0 0 1
    outer loop
      vertex 32.4776 7.65366 18
      vertex 30.2591 6.73465 18
      vertex 30.6647 5.65698 18
    endloop
  endfacet
  facet normal 0 0 1
    outer loop
      vertex 28.6328 9.77728 18
      vertex 30.6294 11.1114 18
      vertex 29.8671 12.1752 18
    endloop
  endfacet
  facet normal 0 0 1
    outer loop
      vertex 31.9375 8.84576 18
      vertex 29.7838 7.78375 18
      vertex 30.2591 6.73465 18
    endloop
  endfacet
  facet normal 0 0 1
    outer loop
      vertex 31.3205 10 18
      vertex 29.2409 8.79936 18
      vertex 29.7838 7.78375 18
    endloop
  endfacet
  facet normal 0 0 1
    outer loop
      vertex 27.962 10.7134 18
      vertex 29.8671 12.1752 18
      vertex 29.0368 13.1869 18
    endloop
  endfacet
  facet normal 0 0 1
    outer loop
      vertex 30.6294 11.1114 18
      vertex 28.6328 9.77728 18
      vertex 29.2409 8.79936 18
    endloop
  endfacet
  facet normal 0 0 1
    outer loop
      vertex 27.2314 11.6036 18
      vertex 29.0368 13.1869 18
      vertex 28.1421 14.1421 18
    endloop
  endfacet
  facet normal 0 0 1
    outer loop
      vertex 29.8671 12.1752 18
      vertex 27.962 10.7134 18
      vertex 28.6328 9.77728 18
    endloop
  endfacet
  facet normal 0 0 1
    outer loop
      vertex 29.0368 13.1869 18
      vertex 27.2314 11.6036 18
      vertex 27.962 10.7134 18
    endloop
  endfacet
  facet normal 0 0 1
    outer loop
      vertex 26.4442 12.4442 18
      vertex 28.1421 14.1421 18
      vertex 27.1869 15.0368 18
    endloop
  endfacet
  facet normal 0 0 1
    outer loop
      vertex 28.1421 14.1421 18
      vertex 26.4442 12.4442 18
      vertex 27.2314 11.6036 18
    endloop
  endfacet
  facet normal 0 0 1
    outer loop
      vertex 25.6036 13.2314 18
      vertex 27.1869 15.0368 18
      vertex 26.1752 15.8671 18
    endloop
  endfacet
  facet normal 0 0 1
    outer loop
      vertex 27.1869 15.0368 18
      vertex 25.6036 13.2314 18
      vertex 26.4442 12.4442 18
    endloop
  endfacet
  facet normal 0 0 1
    outer loop
      vertex 24.7134 13.962 18
      vertex 26.1752 15.8671 18
      vertex 25.1114 16.6294 18
    endloop
  endfacet
  facet normal 0 0 1
    outer loop
      vertex 26.1752 15.8671 18
      vertex 24.7134 13.962 18
      vertex 25.6036 13.2314 18
    endloop
  endfacet
  facet normal 0 0 1
    outer loop
      vertex 23.7773 14.6328 18
      vertex 25.1114 16.6294 18
      vertex 24 17.3205 18
    endloop
  endfacet
  facet normal 0 0 1
    outer loop
      vertex 25.1114 16.6294 18
      vertex 23.7773 14.6328 18
      vertex 24.7134 13.962 18
    endloop
  endfacet
  facet normal 0 0 1
    outer loop
      vertex 22.7994 15.2409 18
      vertex 24 17.3205 18
      vertex 22.8458 17.9375 18
    endloop
  endfacet
  facet normal 0 0 1
    outer loop
      vertex 24 17.3205 18
      vertex 22.7994 15.2409 18
      vertex 23.7773 14.6328 18
    endloop
  endfacet
  facet normal 0 0 1
    outer loop
      vertex 22.8458 17.9375 18
      vertex 21.7838 15.7838 18
      vertex 22.7994 15.2409 18
    endloop
  endfacet
  facet normal 0 0 1
    outer loop
      vertex 21.6537 18.4776 18
      vertex 21.7838 15.7838 18
      vertex 22.8458 17.9375 18
    endloop
  endfacet
  facet normal 0 0 1
    outer loop
      vertex 21.6537 18.4776 18
      vertex 20.7346 16.2591 18
      vertex 21.7838 15.7838 18
    endloop
  endfacet
  facet normal 0 0 1
    outer loop
      vertex 20.4288 18.9386 18
      vertex 20.7346 16.2591 18
      vertex 21.6537 18.4776 18
    endloop
  endfacet
  facet normal 0 0 1
    outer loop
      vertex 20.4288 18.9386 18
      vertex 19.657 16.6647 18
      vertex 20.7346 16.2591 18
    endloop
  endfacet
  facet normal 0 0 1
    outer loop
      vertex 19.1764 19.3185 18
      vertex 19.657 16.6647 18
      vertex 20.4288 18.9386 18
    endloop
  endfacet
  facet normal 0 0 1
    outer loop
      vertex 19.1764 19.3185 18
      vertex 18.5548 16.9991 18
      vertex 19.657 16.6647 18
    endloop
  endfacet
  facet normal 0 0 1
    outer loop
      vertex 17.9018 19.6157 18
      vertex 18.5548 16.9991 18
      vertex 19.1764 19.3185 18
    endloop
  endfacet
  facet normal 0 0 1
    outer loop
      vertex 17.9018 19.6157 18
      vertex 17.4332 17.2606 18
      vertex 18.5548 16.9991 18
    endloop
  endfacet
  facet normal 0 0 1
    outer loop
      vertex 16.8484 19.7896 18
      vertex 17.4332 17.2606 18
      vertex 17.9018 19.6157 18
    endloop
  endfacet
  facet normal 0 0 1
    outer loop
      vertex 14.3659 18.7222 18
      vertex 16.8484 19.7896 18
      vertex 15.8278 20.6272 18
    endloop
  endfacet
  facet normal 0 0 1
    outer loop
      vertex 16.8484 19.7896 18
      vertex 15.8229 17.5264 18
      vertex 17.4332 17.2606 18
    endloop
  endfacet
  facet normal 0 0 1
    outer loop
      vertex 14.3659 18.7222 18
      vertex 15.8278 20.6272 18
      vertex 14.4448 21.6182 18
    endloop
  endfacet
  facet normal 0 0 1
    outer loop
      vertex 16.8484 19.7896 18
      vertex 14.3659 18.7222 18
      vertex 15.8229 17.5264 18
    endloop
  endfacet
  facet normal 0 0 1
    outer loop
      vertex 14.4448 21.6182 18
      vertex 13.1108 19.6216 18
      vertex 14.3659 18.7222 18
    endloop
  endfacet
  facet normal 0 0 1
    outer loop
      vertex 13 22.5166 18
      vertex 13.1108 19.6216 18
      vertex 14.4448 21.6182 18
    endloop
  endfacet
  facet normal 0 0 1
    outer loop
      vertex 13 22.5166 18
      vertex 11.7994 20.4371 18
      vertex 13.1108 19.6216 18
    endloop
  endfacet
  facet normal 0 0 1
    outer loop
      vertex 11.4995 23.3187 18
      vertex 11.7994 20.4371 18
      vertex 13 22.5166 18
    endloop
  endfacet
  facet normal 0 0 1
    outer loop
      vertex 11.4995 23.3187 18
      vertex 10.4375 21.165 18
      vertex 11.7994 20.4371 18
    endloop
  endfacet
  facet normal 0 0 1
    outer loop
      vertex 9.94977 24.0209 18
      vertex 10.4375 21.165 18
      vertex 11.4995 23.3187 18
    endloop
  endfacet
  facet normal 0 0 1
    outer loop
      vertex 9.03087 21.8024 18
      vertex 9.94977 24.0209 18
      vertex 9.27354 24.2754 18
    endloop
  endfacet
  facet normal 0 0 1
    outer loop
      vertex 9.94977 24.0209 18
      vertex 9.03087 21.8024 18
      vertex 10.4375 21.165 18
    endloop
  endfacet
  facet normal -0 0 1
    outer loop
      vertex 30.9991 -4.55484 18
      vertex 33.3185 -5.17638 18
      vertex 31.2606 -3.4332 18
    endloop
  endfacet
  facet normal 0 0 1
    outer loop
      vertex 33.3185 -5.17638 18
      vertex 30.9991 -4.55484 18
      vertex 32.9386 -6.42879 18
    endloop
  endfacet
  facet normal -0 0 1
    outer loop
      vertex 30.6647 -5.65698 18
      vertex 32.9386 -6.42879 18
      vertex 30.9991 -4.55484 18
    endloop
  endfacet
  facet normal 0 0 1
    outer loop
      vertex 32.9386 -6.42879 18
      vertex 30.6647 -5.65698 18
      vertex 32.4776 -7.65366 18
    endloop
  endfacet
  facet normal -0 0 1
    outer loop
      vertex 30.2591 -6.73465 18
      vertex 32.4776 -7.65366 18
      vertex 30.6647 -5.65698 18
    endloop
  endfacet
  facet normal 0 0 1
    outer loop
      vertex 32.4776 -7.65366 18
      vertex 30.2591 -6.73465 18
      vertex 31.9375 -8.84576 18
    endloop
  endfacet
  facet normal -0 0 1
    outer loop
      vertex 29.7838 -7.78375 18
      vertex 31.9375 -8.84576 18
      vertex 30.2591 -6.73465 18
    endloop
  endfacet
  facet normal 0 0 1
    outer loop
      vertex 31.9375 -8.84576 18
      vertex 29.7838 -7.78375 18
      vertex 31.3205 -10 18
    endloop
  endfacet
  facet normal -0 0 1
    outer loop
      vertex 29.2409 -8.79936 18
      vertex 31.3205 -10 18
      vertex 29.7838 -7.78375 18
    endloop
  endfacet
  facet normal 0 0 1
    outer loop
      vertex 31.3205 -10 18
      vertex 29.2409 -8.79936 18
      vertex 30.6294 -11.1114 18
    endloop
  endfacet
  facet normal -0 0 1
    outer loop
      vertex 28.6328 -9.77728 18
      vertex 30.6294 -11.1114 18
      vertex 29.2409 -8.79936 18
    endloop
  endfacet
  facet normal 0 0 1
    outer loop
      vertex 30.6294 -11.1114 18
      vertex 28.6328 -9.77728 18
      vertex 29.8671 -12.1752 18
    endloop
  endfacet
  facet normal -0 0 1
    outer loop
      vertex 27.962 -10.7134 18
      vertex 29.8671 -12.1752 18
      vertex 28.6328 -9.77728 18
    endloop
  endfacet
  facet normal 0 0 1
    outer loop
      vertex 29.8671 -12.1752 18
      vertex 27.962 -10.7134 18
      vertex 29.0368 -13.1869 18
    endloop
  endfacet
  facet normal -0 0 1
    outer loop
      vertex 27.2314 -11.6036 18
      vertex 29.0368 -13.1869 18
      vertex 27.962 -10.7134 18
    endloop
  endfacet
  facet normal 0 0 1
    outer loop
      vertex 29.0368 -13.1869 18
      vertex 27.2314 -11.6036 18
      vertex 28.1421 -14.1421 18
    endloop
  endfacet
  facet normal -0 0 1
    outer loop
      vertex 26.4442 -12.4442 18
      vertex 28.1421 -14.1421 18
      vertex 27.2314 -11.6036 18
    endloop
  endfacet
  facet normal 0 0 1
    outer loop
      vertex 28.1421 -14.1421 18
      vertex 26.4442 -12.4442 18
      vertex 27.1869 -15.0368 18
    endloop
  endfacet
  facet normal -0 0 1
    outer loop
      vertex 25.6036 -13.2314 18
      vertex 27.1869 -15.0368 18
      vertex 26.4442 -12.4442 18
    endloop
  endfacet
  facet normal 0 0 1
    outer loop
      vertex 27.1869 -15.0368 18
      vertex 25.6036 -13.2314 18
      vertex 26.1752 -15.8671 18
    endloop
  endfacet
  facet normal -0 0 1
    outer loop
      vertex 24.7134 -13.962 18
      vertex 26.1752 -15.8671 18
      vertex 25.6036 -13.2314 18
    endloop
  endfacet
  facet normal 0 0 1
    outer loop
      vertex 26.1752 -15.8671 18
      vertex 24.7134 -13.962 18
      vertex 25.1114 -16.6294 18
    endloop
  endfacet
  facet normal -0 0 1
    outer loop
      vertex 23.7773 -14.6328 18
      vertex 25.1114 -16.6294 18
      vertex 24.7134 -13.962 18
    endloop
  endfacet
  facet normal 0 0 1
    outer loop
      vertex 25.1114 -16.6294 18
      vertex 23.7773 -14.6328 18
      vertex 24 -17.3205 18
    endloop
  endfacet
  facet normal -0 0 1
    outer loop
      vertex 22.7994 -15.2409 18
      vertex 24 -17.3205 18
      vertex 23.7773 -14.6328 18
    endloop
  endfacet
  facet normal 0 0 1
    outer loop
      vertex 24 -17.3205 18
      vertex 22.7994 -15.2409 18
      vertex 22.8458 -17.9375 18
    endloop
  endfacet
  facet normal -0 0 1
    outer loop
      vertex 21.7838 -15.7838 18
      vertex 22.8458 -17.9375 18
      vertex 22.7994 -15.2409 18
    endloop
  endfacet
  facet normal 0 0 1
    outer loop
      vertex 21.7838 -15.7838 18
      vertex 21.6537 -18.4776 18
      vertex 22.8458 -17.9375 18
    endloop
  endfacet
  facet normal -0 0 1
    outer loop
      vertex 20.7346 -16.2591 18
      vertex 21.6537 -18.4776 18
      vertex 21.7838 -15.7838 18
    endloop
  endfacet
  facet normal 0 0 1
    outer loop
      vertex 20.7346 -16.2591 18
      vertex 20.4288 -18.9386 18
      vertex 21.6537 -18.4776 18
    endloop
  endfacet
  facet normal -0 0 1
    outer loop
      vertex 19.657 -16.6647 18
      vertex 20.4288 -18.9386 18
      vertex 20.7346 -16.2591 18
    endloop
  endfacet
  facet normal 0 0 1
    outer loop
      vertex 19.657 -16.6647 18
      vertex 19.1764 -19.3185 18
      vertex 20.4288 -18.9386 18
    endloop
  endfacet
  facet normal -0 0 1
    outer loop
      vertex 18.5548 -16.9991 18
      vertex 19.1764 -19.3185 18
      vertex 19.657 -16.6647 18
    endloop
  endfacet
  facet normal 0 0 1
    outer loop
      vertex 18.5548 -16.9991 18
      vertex 17.9018 -19.6157 18
      vertex 19.1764 -19.3185 18
    endloop
  endfacet
  facet normal -0 0 1
    outer loop
      vertex 17.4332 -17.2606 18
      vertex 17.9018 -19.6157 18
      vertex 18.5548 -16.9991 18
    endloop
  endfacet
  facet normal 0 0 1
    outer loop
      vertex 17.4332 -17.2606 18
      vertex 16.8484 -19.7896 18
      vertex 17.9018 -19.6157 18
    endloop
  endfacet
  facet normal -0 0 1
    outer loop
      vertex 15.8229 -17.5264 18
      vertex 16.8484 -19.7896 18
      vertex 17.4332 -17.2606 18
    endloop
  endfacet
  facet normal -0 0 1
    outer loop
      vertex 14.3659 -18.7222 18
      vertex 16.8484 -19.7896 18
      vertex 15.8229 -17.5264 18
    endloop
  endfacet
  facet normal 0 0 1
    outer loop
      vertex 16.8484 -19.7896 18
      vertex 14.3659 -18.7222 18
      vertex 15.8278 -20.6272 18
    endloop
  endfacet
  facet normal 0 0 1
    outer loop
      vertex 15.8278 -20.6272 18
      vertex 14.3659 -18.7222 18
      vertex 14.4448 -21.6182 18
    endloop
  endfacet
  facet normal -0 0 1
    outer loop
      vertex 13.1108 -19.6216 18
      vertex 14.4448 -21.6182 18
      vertex 14.3659 -18.7222 18
    endloop
  endfacet
  facet normal 0 0 1
    outer loop
      vertex 13.1108 -19.6216 18
      vertex 13 -22.5166 18
      vertex 14.4448 -21.6182 18
    endloop
  endfacet
  facet normal -0 0 1
    outer loop
      vertex 11.7994 -20.4371 18
      vertex 13 -22.5166 18
      vertex 13.1108 -19.6216 18
    endloop
  endfacet
  facet normal 0 0 1
    outer loop
      vertex 11.7994 -20.4371 18
      vertex 11.4995 -23.3187 18
      vertex 13 -22.5166 18
    endloop
  endfacet
  facet normal -0 0 1
    outer loop
      vertex 10.4375 -21.165 18
      vertex 11.4995 -23.3187 18
      vertex 11.7994 -20.4371 18
    endloop
  endfacet
  facet normal 0 0 1
    outer loop
      vertex 10.4375 -21.165 18
      vertex 9.94977 -24.0209 18
      vertex 11.4995 -23.3187 18
    endloop
  endfacet
  facet normal -0 0 1
    outer loop
      vertex 9.03079 -21.8024 18
      vertex 9.94977 -24.0209 18
      vertex 10.4375 -21.165 18
    endloop
  endfacet
  facet normal 0 0 1
    outer loop
      vertex 9.03079 -21.8024 18
      vertex 8.35742 -24.6202 18
      vertex 9.94977 -24.0209 18
    endloop
  endfacet
  facet normal -0 0 1
    outer loop
      vertex 7.58563 -22.3463 18
      vertex 8.35742 -24.6202 18
      vertex 9.03079 -21.8024 18
    endloop
  endfacet
  facet normal 0 0 1
    outer loop
      vertex 7.58563 -22.3463 18
      vertex 6.72929 -25.1141 18
      vertex 8.35742 -24.6202 18
    endloop
  endfacet
  facet normal -0 0 1
    outer loop
      vertex 6.10765 -22.7946 18
      vertex 6.72929 -25.1141 18
      vertex 7.58563 -22.3463 18
    endloop
  endfacet
  facet normal 0 0 1
    outer loop
      vertex 6.10765 -22.7946 18
      vertex 5.07234 -25.5004 18
      vertex 6.72929 -25.1141 18
    endloop
  endfacet
  facet normal -0 0 1
    outer loop
      vertex 4.6041 -23.1452 18
      vertex 5.07234 -25.5004 18
      vertex 6.10765 -22.7946 18
    endloop
  endfacet
  facet normal 0 0 1
    outer loop
      vertex 4.6041 -23.1452 18
      vertex 3.39368 -25.7776 18
      vertex 5.07234 -25.5004 18
    endloop
  endfacet
  facet normal -0 0 1
    outer loop
      vertex 3.08014 -23.3968 18
      vertex 3.39368 -25.7776 18
      vertex 4.6041 -23.1452 18
    endloop
  endfacet
  facet normal 0 0 1
    outer loop
      vertex 3.08014 -23.3968 18
      vertex 1.70047 -25.9443 18
      vertex 3.39368 -25.7776 18
    endloop
  endfacet
  facet normal -0 0 1
    outer loop
      vertex 1.5434 -23.5482 18
      vertex 1.70047 -25.9443 18
      vertex 3.08014 -23.3968 18
    endloop
  endfacet
  facet normal -0 0 1
    outer loop
      vertex 0 -23.5987 18
      vertex 1.70047 -25.9443 18
      vertex 1.5434 -23.5482 18
    endloop
  endfacet
  facet normal 0 0 1
    outer loop
      vertex 0 -23.5987 18
      vertex 0 -26 18
      vertex 1.70047 -25.9443 18
    endloop
  endfacet
  facet normal 0 0 1
    outer loop
      vertex -1.5434 -23.5482 18
      vertex 0 -26 18
      vertex 0 -23.5987 18
    endloop
  endfacet
  facet normal 0 0 1
    outer loop
      vertex -1.5434 -23.5482 18
      vertex -1.70047 -25.9443 18
      vertex 0 -26 18
    endloop
  endfacet
  facet normal 0 0 1
    outer loop
      vertex -3.08014 -23.3968 18
      vertex -1.70047 -25.9443 18
      vertex -1.5434 -23.5482 18
    endloop
  endfacet
  facet normal 0 0 1
    outer loop
      vertex -3.08014 -23.3968 18
      vertex -3.39368 -25.7776 18
      vertex -1.70047 -25.9443 18
    endloop
  endfacet
  facet normal 0 0 1
    outer loop
      vertex -4.6041 -23.1452 18
      vertex -3.39368 -25.7776 18
      vertex -3.08014 -23.3968 18
    endloop
  endfacet
  facet normal 0 0 1
    outer loop
      vertex -4.6041 -23.1452 18
      vertex -5.07234 -25.5004 18
      vertex -3.39368 -25.7776 18
    endloop
  endfacet
  facet normal 0 0 1
    outer loop
      vertex -6.10765 -22.7946 18
      vertex -5.07234 -25.5004 18
      vertex -4.6041 -23.1452 18
    endloop
  endfacet
  facet normal 0 0 1
    outer loop
      vertex -6.10765 -22.7946 18
      vertex -6.72929 -25.1141 18
      vertex -5.07234 -25.5004 18
    endloop
  endfacet
  facet normal 0 0 1
    outer loop
      vertex -7.58563 -22.3463 18
      vertex -6.72929 -25.1141 18
      vertex -6.10765 -22.7946 18
    endloop
  endfacet
  facet normal 0 0 1
    outer loop
      vertex -7.58563 -22.3463 18
      vertex -8.35742 -24.6202 18
      vertex -6.72929 -25.1141 18
    endloop
  endfacet
  facet normal 0 0 1
    outer loop
      vertex -9.03079 -21.8024 18
      vertex -8.35742 -24.6202 18
      vertex -7.58563 -22.3463 18
    endloop
  endfacet
  facet normal 0 0 1
    outer loop
      vertex -9.03079 -21.8024 18
      vertex -9.94977 -24.0209 18
      vertex -8.35742 -24.6202 18
    endloop
  endfacet
  facet normal 0 0 1
    outer loop
      vertex -10.4375 -21.165 18
      vertex -9.94977 -24.0209 18
      vertex -9.03079 -21.8024 18
    endloop
  endfacet
  facet normal 0 0 1
    outer loop
      vertex -10.4375 -21.165 18
      vertex -11.4995 -23.3187 18
      vertex -9.94977 -24.0209 18
    endloop
  endfacet
  facet normal 0 0 1
    outer loop
      vertex -11.7994 -20.4371 18
      vertex -11.4995 -23.3187 18
      vertex -10.4375 -21.165 18
    endloop
  endfacet
  facet normal 0 0 1
    outer loop
      vertex -11.7994 -20.4371 18
      vertex -13 -22.5166 18
      vertex -11.4995 -23.3187 18
    endloop
  endfacet
  facet normal 0 0 1
    outer loop
      vertex -13.1108 -19.6216 18
      vertex -13 -22.5166 18
      vertex -11.7994 -20.4371 18
    endloop
  endfacet
  facet normal 0 0 1
    outer loop
      vertex -14.4448 -21.6182 18
      vertex -13.1108 -19.6216 18
      vertex -14.3659 -18.7222 18
    endloop
  endfacet
  facet normal 0 0 1
    outer loop
      vertex -13.1108 -19.6216 18
      vertex -14.4448 -21.6182 18
      vertex -13 -22.5166 18
    endloop
  endfacet
  facet normal 0 0 1
    outer loop
      vertex -16.8484 -19.7896 18
      vertex -14.3659 -18.7222 18
      vertex -15.8229 -17.5264 18
    endloop
  endfacet
  facet normal 0 0 1
    outer loop
      vertex -14.3659 -18.7222 18
      vertex -15.8278 -20.6272 18
      vertex -14.4448 -21.6182 18
    endloop
  endfacet
  facet normal 0 0 1
    outer loop
      vertex -14.3659 -18.7222 18
      vertex -16.8484 -19.7896 18
      vertex -15.8278 -20.6272 18
    endloop
  endfacet
  facet normal 0 0 1
    outer loop
      vertex -17.4332 -17.2606 18
      vertex -16.8484 -19.7896 18
      vertex -15.8229 -17.5264 18
    endloop
  endfacet
  facet normal 0 0 1
    outer loop
      vertex -17.4332 -17.2606 18
      vertex -17.9018 -19.6157 18
      vertex -16.8484 -19.7896 18
    endloop
  endfacet
  facet normal 0 0 1
    outer loop
      vertex -18.5548 -16.9991 18
      vertex -17.9018 -19.6157 18
      vertex -17.4332 -17.2606 18
    endloop
  endfacet
  facet normal 0 0 1
    outer loop
      vertex -18.5548 -16.9991 18
      vertex -19.1764 -19.3185 18
      vertex -17.9018 -19.6157 18
    endloop
  endfacet
  facet normal 0 0 1
    outer loop
      vertex -19.657 -16.6647 18
      vertex -19.1764 -19.3185 18
      vertex -18.5548 -16.9991 18
    endloop
  endfacet
  facet normal 0 0 1
    outer loop
      vertex -19.657 -16.6647 18
      vertex -20.4288 -18.9386 18
      vertex -19.1764 -19.3185 18
    endloop
  endfacet
  facet normal 0 0 1
    outer loop
      vertex -20.7346 -16.2591 18
      vertex -20.4288 -18.9386 18
      vertex -19.657 -16.6647 18
    endloop
  endfacet
  facet normal 0 0 1
    outer loop
      vertex -20.7346 -16.2591 18
      vertex -21.6537 -18.4776 18
      vertex -20.4288 -18.9386 18
    endloop
  endfacet
  facet normal 0 0 1
    outer loop
      vertex -21.7838 -15.7838 18
      vertex -21.6537 -18.4776 18
      vertex -20.7346 -16.2591 18
    endloop
  endfacet
  facet normal 0 0 1
    outer loop
      vertex -22.8458 -17.9375 18
      vertex -21.7838 -15.7838 18
      vertex -22.7994 -15.2409 18
    endloop
  endfacet
  facet normal 0 0 1
    outer loop
      vertex -21.7838 -15.7838 18
      vertex -22.8458 -17.9375 18
      vertex -21.6537 -18.4776 18
    endloop
  endfacet
  facet normal 0 0 1
    outer loop
      vertex -24 -17.3205 18
      vertex -22.7994 -15.2409 18
      vertex -23.7773 -14.6328 18
    endloop
  endfacet
  facet normal 0 0 1
    outer loop
      vertex -22.7994 -15.2409 18
      vertex -24 -17.3205 18
      vertex -22.8458 -17.9375 18
    endloop
  endfacet
  facet normal 0 0 1
    outer loop
      vertex -25.1114 -16.6294 18
      vertex -23.7773 -14.6328 18
      vertex -24.7134 -13.962 18
    endloop
  endfacet
  facet normal 0 0 1
    outer loop
      vertex -23.7773 -14.6328 18
      vertex -25.1114 -16.6294 18
      vertex -24 -17.3205 18
    endloop
  endfacet
  facet normal 0 0 1
    outer loop
      vertex -26.1752 -15.8671 18
      vertex -24.7134 -13.962 18
      vertex -25.6036 -13.2314 18
    endloop
  endfacet
  facet normal 0 0 1
    outer loop
      vertex -24.7134 -13.962 18
      vertex -26.1752 -15.8671 18
      vertex -25.1114 -16.6294 18
    endloop
  endfacet
  facet normal 0 0 1
    outer loop
      vertex -27.1869 -15.0368 18
      vertex -25.6036 -13.2314 18
      vertex -26.4442 -12.4442 18
    endloop
  endfacet
  facet normal 0 0 1
    outer loop
      vertex -25.6036 -13.2314 18
      vertex -27.1869 -15.0368 18
      vertex -26.1752 -15.8671 18
    endloop
  endfacet
  facet normal 0 0 1
    outer loop
      vertex -28.1421 -14.1421 18
      vertex -26.4442 -12.4442 18
      vertex -27.2314 -11.6036 18
    endloop
  endfacet
  facet normal 0 0 1
    outer loop
      vertex -29.0368 -13.1869 18
      vertex -27.2314 -11.6036 18
      vertex -27.962 -10.7134 18
    endloop
  endfacet
  facet normal 0 0 1
    outer loop
      vertex -26.4442 -12.4442 18
      vertex -28.1421 -14.1421 18
      vertex -27.1869 -15.0368 18
    endloop
  endfacet
  facet normal 0 0 1
    outer loop
      vertex -29.8671 -12.1752 18
      vertex -27.962 -10.7134 18
      vertex -28.6328 -9.77728 18
    endloop
  endfacet
  facet normal 0 0 1
    outer loop
      vertex -27.2314 -11.6036 18
      vertex -29.0368 -13.1869 18
      vertex -28.1421 -14.1421 18
    endloop
  endfacet
  facet normal 0 0 1
    outer loop
      vertex -30.6294 -11.1114 18
      vertex -28.6328 -9.77728 18
      vertex -29.2409 -8.79936 18
    endloop
  endfacet
  facet normal 0 0 1
    outer loop
      vertex -31.3205 -10 18
      vertex -29.2409 -8.79936 18
      vertex -29.7838 -7.78375 18
    endloop
  endfacet
  facet normal 0 0 1
    outer loop
      vertex -27.962 -10.7134 18
      vertex -29.8671 -12.1752 18
      vertex -29.0368 -13.1869 18
    endloop
  endfacet
  facet normal 0 0 1
    outer loop
      vertex -31.9375 -8.84576 18
      vertex -29.7838 -7.78375 18
      vertex -30.2591 -6.73465 18
    endloop
  endfacet
  facet normal 0 0 1
    outer loop
      vertex -28.6328 -9.77728 18
      vertex -30.6294 -11.1114 18
      vertex -29.8671 -12.1752 18
    endloop
  endfacet
  facet normal 0 0 1
    outer loop
      vertex -32.4776 -7.65366 18
      vertex -30.2591 -6.73465 18
      vertex -30.6647 -5.65698 18
    endloop
  endfacet
  facet normal 0 0 1
    outer loop
      vertex -32.9386 -6.42879 18
      vertex -30.6647 -5.65698 18
      vertex -30.9991 -4.55484 18
    endloop
  endfacet
  facet normal 0 0 1
    outer loop
      vertex -33.3185 -5.17638 18
      vertex -30.9991 -4.55484 18
      vertex -31.2606 -3.4332 18
    endloop
  endfacet
  facet normal 0 0 1
    outer loop
      vertex -29.2409 -8.79936 18
      vertex -31.3205 -10 18
      vertex -30.6294 -11.1114 18
    endloop
  endfacet
  facet normal 0 0 1
    outer loop
      vertex -33.6157 -3.90179 18
      vertex -31.2606 -3.4332 18
      vertex -31.4481 -2.2972 18
    endloop
  endfacet
  facet normal 0 0 1
    outer loop
      vertex -33.8289 -2.61052 18
      vertex -31.4481 -2.2972 18
      vertex -31.561 -1.15096 18
    endloop
  endfacet
  facet normal 0 0 1
    outer loop
      vertex -33.9572 -1.30806 18
      vertex -31.561 -1.15096 18
      vertex -31.5987 0 18
    endloop
  endfacet
  facet normal -0 0 1
    outer loop
      vertex -33.6157 3.90179 18
      vertex -31.2606 3.4332 18
      vertex -33.3185 5.17638 18
    endloop
  endfacet
  facet normal 0 0 1
    outer loop
      vertex -29.7838 -7.78375 18
      vertex -31.9375 -8.84576 18
      vertex -31.3205 -10 18
    endloop
  endfacet
  facet normal 0 0 1
    outer loop
      vertex -31.2606 3.4332 18
      vertex -33.6157 3.90179 18
      vertex -31.4481 2.2972 18
    endloop
  endfacet
  facet normal 0 0 1
    outer loop
      vertex -30.2591 -6.73465 18
      vertex -32.4776 -7.65366 18
      vertex -31.9375 -8.84576 18
    endloop
  endfacet
  facet normal -0 0 1
    outer loop
      vertex -33.8289 2.61052 18
      vertex -31.4481 2.2972 18
      vertex -33.6157 3.90179 18
    endloop
  endfacet
  facet normal 0 0 1
    outer loop
      vertex -30.6647 -5.65698 18
      vertex -32.9386 -6.42879 18
      vertex -32.4776 -7.65366 18
    endloop
  endfacet
  facet normal 0 0 1
    outer loop
      vertex -31.4481 2.2972 18
      vertex -33.8289 2.61052 18
      vertex -31.561 1.15096 18
    endloop
  endfacet
  facet normal 0 0 1
    outer loop
      vertex -30.9991 -4.55484 18
      vertex -33.3185 -5.17638 18
      vertex -32.9386 -6.42879 18
    endloop
  endfacet
  facet normal -0 0 1
    outer loop
      vertex -33.9572 1.30806 18
      vertex -31.561 1.15096 18
      vertex -33.8289 2.61052 18
    endloop
  endfacet
  facet normal 0 0 1
    outer loop
      vertex -31.2606 -3.4332 18
      vertex -33.6157 -3.90179 18
      vertex -33.3185 -5.17638 18
    endloop
  endfacet
  facet normal 0 0 1
    outer loop
      vertex -31.561 1.15096 18
      vertex -33.9572 1.30806 18
      vertex -31.5987 0 18
    endloop
  endfacet
  facet normal 0 0 1
    outer loop
      vertex -31.4481 -2.2972 18
      vertex -33.8289 -2.61052 18
      vertex -33.6157 -3.90179 18
    endloop
  endfacet
  facet normal 0 0 1
    outer loop
      vertex -34 0 18
      vertex -31.5987 0 18
      vertex -33.9572 1.30806 18
    endloop
  endfacet
  facet normal 0 0 1
    outer loop
      vertex -31.561 -1.15096 18
      vertex -33.9572 -1.30806 18
      vertex -33.8289 -2.61052 18
    endloop
  endfacet
  facet normal 0 0 1
    outer loop
      vertex -31.5987 0 18
      vertex -34 0 18
      vertex -33.9572 -1.30806 18
    endloop
  endfacet
  facet normal 0.0979784 -0.995189 0
    outer loop
      vertex 1.70047 -25.9443 4
      vertex 3.39368 -25.7776 18
      vertex 1.70047 -25.9443 18
    endloop
  endfacet
  facet normal 0.0979784 -0.995189 0
    outer loop
      vertex 3.39368 -25.7776 18
      vertex 1.70047 -25.9443 4
      vertex 3.39368 -25.7776 4
    endloop
  endfacet
  facet normal 0.162925 -0.986638 0
    outer loop
      vertex 3.39368 -25.7776 4
      vertex 5.07234 -25.5004 18
      vertex 3.39368 -25.7776 18
    endloop
  endfacet
  facet normal 0.162925 -0.986638 0
    outer loop
      vertex 5.07234 -25.5004 18
      vertex 3.39368 -25.7776 4
      vertex 5.07234 -25.5004 4
    endloop
  endfacet
  facet normal 0.22705 -0.973883 0
    outer loop
      vertex 5.07234 -25.5004 4
      vertex 6.72929 -25.1141 18
      vertex 5.07234 -25.5004 18
    endloop
  endfacet
  facet normal 0.22705 -0.973883 0
    outer loop
      vertex 6.72929 -25.1141 18
      vertex 5.07234 -25.5004 4
      vertex 6.72929 -25.1141 4
    endloop
  endfacet
  facet normal 0.290291 -0.956938 0
    outer loop
      vertex 6.72929 -25.1141 4
      vertex 8.35742 -24.6202 18
      vertex 6.72929 -25.1141 18
    endloop
  endfacet
  facet normal 0.290291 -0.956938 0
    outer loop
      vertex 8.35742 -24.6202 18
      vertex 6.72929 -25.1141 4
      vertex 8.35742 -24.6202 4
    endloop
  endfacet
  facet normal 0.352241 -0.935909 0
    outer loop
      vertex 8.35742 -24.6202 4
      vertex 9.94977 -24.0209 18
      vertex 8.35742 -24.6202 18
    endloop
  endfacet
  facet normal 0.352241 -0.935909 0
    outer loop
      vertex 9.94977 -24.0209 18
      vertex 8.35742 -24.6202 4
      vertex 9.94977 -24.0209 4
    endloop
  endfacet
  facet normal 0.41272 -0.910858 0
    outer loop
      vertex 9.94977 -24.0209 4
      vertex 11.4995 -23.3187 18
      vertex 9.94977 -24.0209 18
    endloop
  endfacet
  facet normal 0.41272 -0.910858 0
    outer loop
      vertex 11.4995 -23.3187 18
      vertex 9.94977 -24.0209 4
      vertex 11.4995 -23.3187 4
    endloop
  endfacet
  facet normal 0.471427 -0.881905 0
    outer loop
      vertex 11.4995 -23.3187 4
      vertex 13 -22.5166 18
      vertex 11.4995 -23.3187 18
    endloop
  endfacet
  facet normal 0.471427 -0.881905 0
    outer loop
      vertex 13 -22.5166 18
      vertex 11.4995 -23.3187 4
      vertex 13 -22.5166 4
    endloop
  endfacet
  facet normal 0.528053 -0.849211 0
    outer loop
      vertex 13 -22.5166 4
      vertex 14.4448 -21.6182 18
      vertex 13 -22.5166 18
    endloop
  endfacet
  facet normal 0.528053 -0.849211 0
    outer loop
      vertex 14.4448 -21.6182 18
      vertex 13 -22.5166 4
      vertex 14.4448 -21.6182 4
    endloop
  endfacet
  facet normal 0.582461 -0.812859 0
    outer loop
      vertex 14.4448 -21.6182 4
      vertex 15.8278 -20.6272 18
      vertex 14.4448 -21.6182 18
    endloop
  endfacet
  facet normal 0.582461 -0.812859 0
    outer loop
      vertex 15.8278 -20.6272 18
      vertex 14.4448 -21.6182 4
      vertex 15.8278 -20.6272 4
    endloop
  endfacet
  facet normal 0.6344 -0.773005 0
    outer loop
      vertex 15.8278 -20.6272 4
      vertex 16.8484 -19.7896 18
      vertex 15.8278 -20.6272 18
    endloop
  endfacet
  facet normal 0.6344 -0.773005 0
    outer loop
      vertex 16.8484 -19.7896 18
      vertex 15.8278 -20.6272 4
      vertex 16.8484 -19.7896 4
    endloop
  endfacet
  facet normal 0.16288 -0.986646 0
    outer loop
      vertex 16.8484 -19.7896 4
      vertex 17.9018 -19.6157 18
      vertex 16.8484 -19.7896 18
    endloop
  endfacet
  facet normal 0.16288 -0.986646 0
    outer loop
      vertex 17.9018 -19.6157 18
      vertex 16.8484 -19.7896 4
      vertex 17.9018 -19.6157 4
    endloop
  endfacet
  facet normal 0.22708 -0.973876 0
    outer loop
      vertex 17.9018 -19.6157 4
      vertex 19.1764 -19.3185 18
      vertex 17.9018 -19.6157 18
    endloop
  endfacet
  facet normal 0.22708 -0.973876 0
    outer loop
      vertex 19.1764 -19.3185 18
      vertex 17.9018 -19.6157 4
      vertex 19.1764 -19.3185 4
    endloop
  endfacet
  facet normal 0.290277 -0.956943 0
    outer loop
      vertex 19.1764 -19.3185 4
      vertex 20.4288 -18.9386 18
      vertex 19.1764 -19.3185 18
    endloop
  endfacet
  facet normal 0.290277 -0.956943 0
    outer loop
      vertex 20.4288 -18.9386 18
      vertex 19.1764 -19.3185 4
      vertex 20.4288 -18.9386 4
    endloop
  endfacet
  facet normal 0.352237 -0.935911 0
    outer loop
      vertex 20.4288 -18.9386 4
      vertex 21.6537 -18.4776 18
      vertex 20.4288 -18.9386 18
    endloop
  endfacet
  facet normal 0.352237 -0.935911 0
    outer loop
      vertex 21.6537 -18.4776 18
      vertex 20.4288 -18.9386 4
      vertex 21.6537 -18.4776 4
    endloop
  endfacet
  facet normal 0.412686 -0.910873 0
    outer loop
      vertex 21.6537 -18.4776 4
      vertex 22.8458 -17.9375 18
      vertex 21.6537 -18.4776 18
    endloop
  endfacet
  facet normal 0.412686 -0.910873 0
    outer loop
      vertex 22.8458 -17.9375 18
      vertex 21.6537 -18.4776 4
      vertex 22.8458 -17.9375 4
    endloop
  endfacet
  facet normal 0.471437 -0.8819 0
    outer loop
      vertex 22.8458 -17.9375 4
      vertex 24 -17.3205 18
      vertex 22.8458 -17.9375 18
    endloop
  endfacet
  facet normal 0.471437 -0.8819 0
    outer loop
      vertex 24 -17.3205 18
      vertex 22.8458 -17.9375 4
      vertex 24 -17.3205 4
    endloop
  endfacet
  facet normal 0.528061 -0.849207 0
    outer loop
      vertex 24 -17.3205 4
      vertex 25.1114 -16.6294 18
      vertex 24 -17.3205 18
    endloop
  endfacet
  facet normal 0.528061 -0.849207 0
    outer loop
      vertex 25.1114 -16.6294 18
      vertex 24 -17.3205 4
      vertex 25.1114 -16.6294 4
    endloop
  endfacet
  facet normal 0.582474 -0.81285 0
    outer loop
      vertex 25.1114 -16.6294 4
      vertex 26.1752 -15.8671 18
      vertex 25.1114 -16.6294 18
    endloop
  endfacet
  facet normal 0.582474 -0.81285 0
    outer loop
      vertex 26.1752 -15.8671 18
      vertex 25.1114 -16.6294 4
      vertex 26.1752 -15.8671 4
    endloop
  endfacet
  facet normal 0.634402 -0.773003 0
    outer loop
      vertex 26.1752 -15.8671 4
      vertex 27.1869 -15.0368 18
      vertex 26.1752 -15.8671 18
    endloop
  endfacet
  facet normal 0.634402 -0.773003 0
    outer loop
      vertex 27.1869 -15.0368 18
      vertex 26.1752 -15.8671 4
      vertex 27.1869 -15.0368 4
    endloop
  endfacet
  facet normal 0.683616 -0.729842 0
    outer loop
      vertex 27.1869 -15.0368 4
      vertex 28.1421 -14.1421 18
      vertex 27.1869 -15.0368 18
    endloop
  endfacet
  facet normal 0.683616 -0.729842 0
    outer loop
      vertex 28.1421 -14.1421 18
      vertex 27.1869 -15.0368 4
      vertex 28.1421 -14.1421 4
    endloop
  endfacet
  facet normal 0.729842 -0.683616 -2.36371e-18
    outer loop
      vertex 28.1421 -14.1421 18
      vertex 29.0368 -13.1869 4
      vertex 29.0368 -13.1869 18
    endloop
  endfacet
  facet normal 0.729842 -0.683616 -2.36371e-18
    outer loop
      vertex 29.0368 -13.1869 4
      vertex 28.1421 -14.1421 18
      vertex 28.1421 -14.1421 4
    endloop
  endfacet
  facet normal 0.773003 -0.634402 2.30373e-18
    outer loop
      vertex 29.0368 -13.1869 18
      vertex 29.8671 -12.1752 4
      vertex 29.8671 -12.1752 18
    endloop
  endfacet
  facet normal 0.773003 -0.634402 2.30373e-18
    outer loop
      vertex 29.8671 -12.1752 4
      vertex 29.0368 -13.1869 18
      vertex 29.0368 -13.1869 4
    endloop
  endfacet
  facet normal 0.81285 -0.582474 2.20284e-18
    outer loop
      vertex 29.8671 -12.1752 18
      vertex 30.6294 -11.1114 4
      vertex 30.6294 -11.1114 18
    endloop
  endfacet
  facet normal 0.81285 -0.582474 2.20284e-18
    outer loop
      vertex 30.6294 -11.1114 4
      vertex 29.8671 -12.1752 18
      vertex 29.8671 -12.1752 4
    endloop
  endfacet
  facet normal 0.849207 -0.528061 1.77953e-19
    outer loop
      vertex 30.6294 -11.1114 18
      vertex 31.3205 -10 4
      vertex 31.3205 -10 18
    endloop
  endfacet
  facet normal 0.849207 -0.528061 1.77953e-19
    outer loop
      vertex 31.3205 -10 4
      vertex 30.6294 -11.1114 18
      vertex 30.6294 -11.1114 4
    endloop
  endfacet
  facet normal 0.881907 -0.471424 1.45448e-18
    outer loop
      vertex 31.3205 -10 18
      vertex 31.9375 -8.84576 4
      vertex 31.9375 -8.84576 18
    endloop
  endfacet
  facet normal 0.881907 -0.471424 1.45448e-18
    outer loop
      vertex 31.9375 -8.84576 4
      vertex 31.3205 -10 18
      vertex 31.3205 -10 4
    endloop
  endfacet
  facet normal 0.910873 -0.412686 -2.40548e-18
    outer loop
      vertex 31.9375 -8.84576 18
      vertex 32.4776 -7.65366 4
      vertex 32.4776 -7.65366 18
    endloop
  endfacet
  facet normal 0.910873 -0.412686 -2.40548e-18
    outer loop
      vertex 32.4776 -7.65366 4
      vertex 31.9375 -8.84576 18
      vertex 31.9375 -8.84576 4
    endloop
  endfacet
  facet normal 0.935908 -0.352244 1.78466e-18
    outer loop
      vertex 32.4776 -7.65366 18
      vertex 32.9386 -6.42879 4
      vertex 32.9386 -6.42879 18
    endloop
  endfacet
  facet normal 0.935908 -0.352244 1.78466e-18
    outer loop
      vertex 32.9386 -6.42879 4
      vertex 32.4776 -7.65366 18
      vertex 32.4776 -7.65366 4
    endloop
  endfacet
  facet normal 0.956943 -0.290275 1.39767e-18
    outer loop
      vertex 32.9386 -6.42879 18
      vertex 33.3185 -5.17638 4
      vertex 33.3185 -5.17638 18
    endloop
  endfacet
  facet normal 0.956943 -0.290275 1.39767e-18
    outer loop
      vertex 33.3185 -5.17638 4
      vertex 32.9386 -6.42879 18
      vertex 32.9386 -6.42879 4
    endloop
  endfacet
  facet normal 0.973876 -0.227082 -1.10231e-18
    outer loop
      vertex 33.3185 -5.17638 18
      vertex 33.6157 -3.90179 4
      vertex 33.6157 -3.90179 18
    endloop
  endfacet
  facet normal 0.973876 -0.227082 -1.10231e-18
    outer loop
      vertex 33.6157 -3.90179 4
      vertex 33.3185 -5.17638 18
      vertex 33.3185 -5.17638 4
    endloop
  endfacet
  facet normal 0.986642 -0.162903 -6.18378e-19
    outer loop
      vertex 33.6157 -3.90179 18
      vertex 33.8289 -2.61052 4
      vertex 33.8289 -2.61052 18
    endloop
  endfacet
  facet normal 0.986642 -0.162903 -6.18378e-19
    outer loop
      vertex 33.8289 -2.61052 4
      vertex 33.6157 -3.90179 18
      vertex 33.6157 -3.90179 4
    endloop
  endfacet
  facet normal 0.995183 -0.0980314 -5.55836e-19
    outer loop
      vertex 33.8289 -2.61052 18
      vertex 33.9572 -1.30806 4
      vertex 33.9572 -1.30806 18
    endloop
  endfacet
  facet normal 0.995183 -0.0980314 -5.55836e-19
    outer loop
      vertex 33.9572 -1.30806 4
      vertex 33.8289 -2.61052 18
      vertex 33.8289 -2.61052 4
    endloop
  endfacet
  facet normal 0.999465 -0.0327027 5.09692e-20
    outer loop
      vertex 33.9572 -1.30806 18
      vertex 34 0 4
      vertex 34 0 18
    endloop
  endfacet
  facet normal 0.999465 -0.0327027 5.09692e-20
    outer loop
      vertex 34 0 4
      vertex 33.9572 -1.30806 18
      vertex 33.9572 -1.30806 4
    endloop
  endfacet
  facet normal 0.999465 0.0327027 -5.09692e-20
    outer loop
      vertex 34 0 18
      vertex 33.9572 1.30806 4
      vertex 33.9572 1.30806 18
    endloop
  endfacet
  facet normal 0.999465 0.0327027 -5.09692e-20
    outer loop
      vertex 33.9572 1.30806 4
      vertex 34 0 18
      vertex 34 0 4
    endloop
  endfacet
  facet normal 0.995183 0.0980314 5.55836e-19
    outer loop
      vertex 33.9572 1.30806 18
      vertex 33.8289 2.61052 4
      vertex 33.8289 2.61052 18
    endloop
  endfacet
  facet normal 0.995183 0.0980314 5.55836e-19
    outer loop
      vertex 33.8289 2.61052 4
      vertex 33.9572 1.30806 18
      vertex 33.9572 1.30806 4
    endloop
  endfacet
  facet normal 0.986642 0.162903 6.18378e-19
    outer loop
      vertex 33.8289 2.61052 18
      vertex 33.6157 3.90179 4
      vertex 33.6157 3.90179 18
    endloop
  endfacet
  facet normal 0.986642 0.162903 6.18378e-19
    outer loop
      vertex 33.6157 3.90179 4
      vertex 33.8289 2.61052 18
      vertex 33.8289 2.61052 4
    endloop
  endfacet
  facet normal 0.973876 0.227082 1.10231e-18
    outer loop
      vertex 33.6157 3.90179 18
      vertex 33.3185 5.17638 4
      vertex 33.3185 5.17638 18
    endloop
  endfacet
  facet normal 0.973876 0.227082 1.10231e-18
    outer loop
      vertex 33.3185 5.17638 4
      vertex 33.6157 3.90179 18
      vertex 33.6157 3.90179 4
    endloop
  endfacet
  facet normal 0.956943 0.290275 -1.39767e-18
    outer loop
      vertex 33.3185 5.17638 18
      vertex 32.9386 6.42879 4
      vertex 32.9386 6.42879 18
    endloop
  endfacet
  facet normal 0.956943 0.290275 -1.39767e-18
    outer loop
      vertex 32.9386 6.42879 4
      vertex 33.3185 5.17638 18
      vertex 33.3185 5.17638 4
    endloop
  endfacet
  facet normal 0.935908 0.352244 -1.78466e-18
    outer loop
      vertex 32.9386 6.42879 18
      vertex 32.4776 7.65366 4
      vertex 32.4776 7.65366 18
    endloop
  endfacet
  facet normal 0.935908 0.352244 -1.78466e-18
    outer loop
      vertex 32.4776 7.65366 4
      vertex 32.9386 6.42879 18
      vertex 32.9386 6.42879 4
    endloop
  endfacet
  facet normal 0.910873 0.412686 2.40548e-18
    outer loop
      vertex 32.4776 7.65366 18
      vertex 31.9375 8.84576 4
      vertex 31.9375 8.84576 18
    endloop
  endfacet
  facet normal 0.910873 0.412686 2.40548e-18
    outer loop
      vertex 31.9375 8.84576 4
      vertex 32.4776 7.65366 18
      vertex 32.4776 7.65366 4
    endloop
  endfacet
  facet normal 0.881907 0.471424 -1.45448e-18
    outer loop
      vertex 31.9375 8.84576 18
      vertex 31.3205 10 4
      vertex 31.3205 10 18
    endloop
  endfacet
  facet normal 0.881907 0.471424 -1.45448e-18
    outer loop
      vertex 31.3205 10 4
      vertex 31.9375 8.84576 18
      vertex 31.9375 8.84576 4
    endloop
  endfacet
  facet normal 0.849207 0.528061 -1.77953e-19
    outer loop
      vertex 31.3205 10 18
      vertex 30.6294 11.1114 4
      vertex 30.6294 11.1114 18
    endloop
  endfacet
  facet normal 0.849207 0.528061 -1.77953e-19
    outer loop
      vertex 30.6294 11.1114 4
      vertex 31.3205 10 18
      vertex 31.3205 10 4
    endloop
  endfacet
  facet normal 0.81285 0.582474 -2.20284e-18
    outer loop
      vertex 30.6294 11.1114 18
      vertex 29.8671 12.1752 4
      vertex 29.8671 12.1752 18
    endloop
  endfacet
  facet normal 0.81285 0.582474 -2.20284e-18
    outer loop
      vertex 29.8671 12.1752 4
      vertex 30.6294 11.1114 18
      vertex 30.6294 11.1114 4
    endloop
  endfacet
  facet normal 0.773003 0.634402 -2.30373e-18
    outer loop
      vertex 29.8671 12.1752 18
      vertex 29.0368 13.1869 4
      vertex 29.0368 13.1869 18
    endloop
  endfacet
  facet normal 0.773003 0.634402 -2.30373e-18
    outer loop
      vertex 29.0368 13.1869 4
      vertex 29.8671 12.1752 18
      vertex 29.8671 12.1752 4
    endloop
  endfacet
  facet normal 0.729842 0.683616 2.36371e-18
    outer loop
      vertex 29.0368 13.1869 18
      vertex 28.1421 14.1421 4
      vertex 28.1421 14.1421 18
    endloop
  endfacet
  facet normal 0.729842 0.683616 2.36371e-18
    outer loop
      vertex 28.1421 14.1421 4
      vertex 29.0368 13.1869 18
      vertex 29.0368 13.1869 4
    endloop
  endfacet
  facet normal 0.683616 0.729842 -0
    outer loop
      vertex 28.1421 14.1421 4
      vertex 27.1869 15.0368 18
      vertex 28.1421 14.1421 18
    endloop
  endfacet
  facet normal 0.683616 0.729842 0
    outer loop
      vertex 27.1869 15.0368 18
      vertex 28.1421 14.1421 4
      vertex 27.1869 15.0368 4
    endloop
  endfacet
  facet normal 0.634402 0.773003 -0
    outer loop
      vertex 27.1869 15.0368 4
      vertex 26.1752 15.8671 18
      vertex 27.1869 15.0368 18
    endloop
  endfacet
  facet normal 0.634402 0.773003 0
    outer loop
      vertex 26.1752 15.8671 18
      vertex 27.1869 15.0368 4
      vertex 26.1752 15.8671 4
    endloop
  endfacet
  facet normal 0.582474 0.81285 -0
    outer loop
      vertex 26.1752 15.8671 4
      vertex 25.1114 16.6294 18
      vertex 26.1752 15.8671 18
    endloop
  endfacet
  facet normal 0.582474 0.81285 0
    outer loop
      vertex 25.1114 16.6294 18
      vertex 26.1752 15.8671 4
      vertex 25.1114 16.6294 4
    endloop
  endfacet
  facet normal 0.528061 0.849207 -0
    outer loop
      vertex 25.1114 16.6294 4
      vertex 24 17.3205 18
      vertex 25.1114 16.6294 18
    endloop
  endfacet
  facet normal 0.528061 0.849207 0
    outer loop
      vertex 24 17.3205 18
      vertex 25.1114 16.6294 4
      vertex 24 17.3205 4
    endloop
  endfacet
  facet normal 0.471437 0.8819 -0
    outer loop
      vertex 24 17.3205 4
      vertex 22.8458 17.9375 18
      vertex 24 17.3205 18
    endloop
  endfacet
  facet normal 0.471437 0.8819 0
    outer loop
      vertex 22.8458 17.9375 18
      vertex 24 17.3205 4
      vertex 22.8458 17.9375 4
    endloop
  endfacet
  facet normal 0.412686 0.910873 -0
    outer loop
      vertex 22.8458 17.9375 4
      vertex 21.6537 18.4776 18
      vertex 22.8458 17.9375 18
    endloop
  endfacet
  facet normal 0.412686 0.910873 0
    outer loop
      vertex 21.6537 18.4776 18
      vertex 22.8458 17.9375 4
      vertex 21.6537 18.4776 4
    endloop
  endfacet
  facet normal 0.352237 0.935911 -0
    outer loop
      vertex 21.6537 18.4776 4
      vertex 20.4288 18.9386 18
      vertex 21.6537 18.4776 18
    endloop
  endfacet
  facet normal 0.352237 0.935911 0
    outer loop
      vertex 20.4288 18.9386 18
      vertex 21.6537 18.4776 4
      vertex 20.4288 18.9386 4
    endloop
  endfacet
  facet normal 0.290277 0.956943 -0
    outer loop
      vertex 20.4288 18.9386 4
      vertex 19.1764 19.3185 18
      vertex 20.4288 18.9386 18
    endloop
  endfacet
  facet normal 0.290277 0.956943 0
    outer loop
      vertex 19.1764 19.3185 18
      vertex 20.4288 18.9386 4
      vertex 19.1764 19.3185 4
    endloop
  endfacet
  facet normal 0.22708 0.973876 -0
    outer loop
      vertex 19.1764 19.3185 4
      vertex 17.9018 19.6157 18
      vertex 19.1764 19.3185 18
    endloop
  endfacet
  facet normal 0.22708 0.973876 0
    outer loop
      vertex 17.9018 19.6157 18
      vertex 19.1764 19.3185 4
      vertex 17.9018 19.6157 4
    endloop
  endfacet
  facet normal 0.16288 0.986646 -0
    outer loop
      vertex 17.9018 19.6157 4
      vertex 16.8484 19.7896 18
      vertex 17.9018 19.6157 18
    endloop
  endfacet
  facet normal 0.16288 0.986646 0
    outer loop
      vertex 16.8484 19.7896 18
      vertex 17.9018 19.6157 4
      vertex 16.8484 19.7896 4
    endloop
  endfacet
  facet normal 0.6344 0.773005 -0
    outer loop
      vertex 16.8484 19.7896 4
      vertex 15.8278 20.6272 18
      vertex 16.8484 19.7896 18
    endloop
  endfacet
  facet normal 0.6344 0.773005 0
    outer loop
      vertex 15.8278 20.6272 18
      vertex 16.8484 19.7896 4
      vertex 15.8278 20.6272 4
    endloop
  endfacet
  facet normal 0.582461 0.812859 -0
    outer loop
      vertex 15.8278 20.6272 4
      vertex 14.4448 21.6182 18
      vertex 15.8278 20.6272 18
    endloop
  endfacet
  facet normal 0.582461 0.812859 0
    outer loop
      vertex 14.4448 21.6182 18
      vertex 15.8278 20.6272 4
      vertex 14.4448 21.6182 4
    endloop
  endfacet
  facet normal 0.528053 0.849211 -0
    outer loop
      vertex 14.4448 21.6182 4
      vertex 13 22.5166 18
      vertex 14.4448 21.6182 18
    endloop
  endfacet
  facet normal 0.528053 0.849211 0
    outer loop
      vertex 13 22.5166 18
      vertex 14.4448 21.6182 4
      vertex 13 22.5166 4
    endloop
  endfacet
  facet normal 0.471427 0.881905 -0
    outer loop
      vertex 13 22.5166 4
      vertex 11.4995 23.3187 18
      vertex 13 22.5166 18
    endloop
  endfacet
  facet normal 0.471427 0.881905 0
    outer loop
      vertex 11.4995 23.3187 18
      vertex 13 22.5166 4
      vertex 11.4995 23.3187 4
    endloop
  endfacet
  facet normal 0.41272 0.910858 -0
    outer loop
      vertex 11.4995 23.3187 4
      vertex 9.94977 24.0209 18
      vertex 11.4995 23.3187 18
    endloop
  endfacet
  facet normal 0.41272 0.910858 0
    outer loop
      vertex 9.94977 24.0209 18
      vertex 11.4995 23.3187 4
      vertex 9.94977 24.0209 4
    endloop
  endfacet
  facet normal 0.352232 0.935913 -0
    outer loop
      vertex 9.94977 24.0209 4
      vertex 9.27354 24.2754 18
      vertex 9.94977 24.0209 18
    endloop
  endfacet
  facet normal 0.352232 0.935913 0
    outer loop
      vertex 9.27354 24.2754 18
      vertex 9.94977 24.0209 4
      vertex 9.27354 24.2754 4
    endloop
  endfacet
  facet normal 0.767659 -0.640859 -1.33541e-17
    outer loop
      vertex 9.27354 24.2754 18
      vertex 17.6246 34.2788 4
      vertex 17.6246 34.2788 18
    endloop
  endfacet
  facet normal 0.767659 -0.640859 -1.33541e-17
    outer loop
      vertex 17.6246 34.2788 4
      vertex 9.27354 24.2754 18
      vertex 9.27354 24.2754 4
    endloop
  endfacet
  facet normal 0.779801 -0.626028 2.28168e-19
    outer loop
      vertex 17.6246 34.2788 18
      vertex 17.991 34.7352 4
      vertex 17.991 34.7352 18
    endloop
  endfacet
  facet normal 0.779801 -0.626028 2.28168e-19
    outer loop
      vertex 17.991 34.7352 4
      vertex 17.6246 34.2788 18
      vertex 17.6246 34.2788 4
    endloop
  endfacet
  facet normal 0.960086 -0.279705 4.61158e-19
    outer loop
      vertex 17.991 34.7352 18
      vertex 18.1547 35.2971 4
      vertex 18.1547 35.2971 18
    endloop
  endfacet
  facet normal 0.960086 -0.279705 4.61158e-19
    outer loop
      vertex 18.1547 35.2971 4
      vertex 17.991 34.7352 18
      vertex 17.991 34.7352 4
    endloop
  endfacet
  facet normal 0.99406 0.108837 -2.13069e-19
    outer loop
      vertex 18.1547 35.2971 18
      vertex 18.091 35.8789 4
      vertex 18.091 35.8789 18
    endloop
  endfacet
  facet normal 0.99406 0.108837 -2.13069e-19
    outer loop
      vertex 18.091 35.8789 4
      vertex 18.1547 35.2971 18
      vertex 18.1547 35.2971 4
    endloop
  endfacet
  facet normal 0.876724 0.480994 1.07248e-18
    outer loop
      vertex 18.091 35.8789 18
      vertex 17.8095 36.392 4
      vertex 17.8095 36.392 18
    endloop
  endfacet
  facet normal 0.876724 0.480994 1.07248e-18
    outer loop
      vertex 17.8095 36.392 4
      vertex 18.091 35.8789 18
      vertex 18.091 35.8789 4
    endloop
  endfacet
  facet normal 0.626028 0.779801 -0
    outer loop
      vertex 17.8095 36.392 4
      vertex 17.3531 36.7584 18
      vertex 17.8095 36.392 18
    endloop
  endfacet
  facet normal 0.626028 0.779801 0
    outer loop
      vertex 17.3531 36.7584 18
      vertex 17.8095 36.392 4
      vertex 17.3531 36.7584 4
    endloop
  endfacet
  facet normal 0.279862 0.96004 -0
    outer loop
      vertex 17.3531 36.7584 4
      vertex 16.7912 36.9222 18
      vertex 17.3531 36.7584 18
    endloop
  endfacet
  facet normal 0.279862 0.96004 0
    outer loop
      vertex 16.7912 36.9222 18
      vertex 17.3531 36.7584 4
      vertex 16.7912 36.9222 4
    endloop
  endfacet
  facet normal -0.109006 0.994041 0
    outer loop
      vertex 16.7912 36.9222 4
      vertex 16.2094 36.8584 18
      vertex 16.7912 36.9222 18
    endloop
  endfacet
  facet normal -0.109006 0.994041 0
    outer loop
      vertex 16.2094 36.8584 18
      vertex 16.7912 36.9222 4
      vertex 16.2094 36.8584 4
    endloop
  endfacet
  facet normal -0.480994 0.876724 0
    outer loop
      vertex 16.2094 36.8584 4
      vertex 15.6963 36.5769 18
      vertex 16.2094 36.8584 18
    endloop
  endfacet
  facet normal -0.480994 0.876724 0
    outer loop
      vertex 15.6963 36.5769 18
      vertex 16.2094 36.8584 4
      vertex 15.6963 36.5769 4
    endloop
  endfacet
  facet normal -0.497813 0.867285 0
    outer loop
      vertex 15.6963 36.5769 4
      vertex 4.92155 30.3923 18
      vertex 15.6963 36.5769 18
    endloop
  endfacet
  facet normal -0.497813 0.867285 0
    outer loop
      vertex 4.92155 30.3923 18
      vertex 15.6963 36.5769 4
      vertex 4.92155 30.3923 4
    endloop
  endfacet
  facet normal 0.98058 0.196118 5.40389e-18
    outer loop
      vertex 4.92155 30.3923 18
      vertex 4 35 4
      vertex 4 35 18
    endloop
  endfacet
  facet normal 0.98058 0.196118 5.40389e-18
    outer loop
      vertex 4 35 4
      vertex 4.92155 30.3923 18
      vertex 4.92155 30.3923 4
    endloop
  endfacet
  facet normal 0 1 -0
    outer loop
      vertex 4 35 4
      vertex -4 35 18
      vertex 4 35 18
    endloop
  endfacet
  facet normal 0 1 0
    outer loop
      vertex -4 35 18
      vertex 4 35 4
      vertex -4 35 4
    endloop
  endfacet
  facet normal -0.980581 0.196116 -1.12617e-17
    outer loop
      vertex -5.9404 25.298 4
      vertex -4 35 18
      vertex -4 35 4
    endloop
  endfacet
  facet normal -0.980581 0.196116 -1.12617e-17
    outer loop
      vertex -4 35 18
      vertex -5.9404 25.298 4
      vertex -5.9404 25.298 18
    endloop
  endfacet
  facet normal -0.227026 0.973889 0
    outer loop
      vertex -5.9404 25.298 4
      vertex -6.72929 25.1141 18
      vertex -5.9404 25.298 18
    endloop
  endfacet
  facet normal -0.227026 0.973889 0
    outer loop
      vertex -6.72929 25.1141 18
      vertex -5.9404 25.298 4
      vertex -6.72929 25.1141 4
    endloop
  endfacet
  facet normal -0.290291 0.956938 0
    outer loop
      vertex -6.72929 25.1141 4
      vertex -8.35742 24.6202 18
      vertex -6.72929 25.1141 18
    endloop
  endfacet
  facet normal -0.290291 0.956938 0
    outer loop
      vertex -8.35742 24.6202 18
      vertex -6.72929 25.1141 4
      vertex -8.35742 24.6202 4
    endloop
  endfacet
  facet normal -0.352241 0.935909 0
    outer loop
      vertex -8.35742 24.6202 4
      vertex -9.94977 24.0209 18
      vertex -8.35742 24.6202 18
    endloop
  endfacet
  facet normal -0.352241 0.935909 0
    outer loop
      vertex -9.94977 24.0209 18
      vertex -8.35742 24.6202 4
      vertex -9.94977 24.0209 4
    endloop
  endfacet
  facet normal -0.41272 0.910858 0
    outer loop
      vertex -9.94977 24.0209 4
      vertex -11.4995 23.3187 18
      vertex -9.94977 24.0209 18
    endloop
  endfacet
  facet normal -0.41272 0.910858 0
    outer loop
      vertex -11.4995 23.3187 18
      vertex -9.94977 24.0209 4
      vertex -11.4995 23.3187 4
    endloop
  endfacet
  facet normal -0.471427 0.881905 0
    outer loop
      vertex -11.4995 23.3187 4
      vertex -13 22.5166 18
      vertex -11.4995 23.3187 18
    endloop
  endfacet
  facet normal -0.471427 0.881905 0
    outer loop
      vertex -13 22.5166 18
      vertex -11.4995 23.3187 4
      vertex -13 22.5166 4
    endloop
  endfacet
  facet normal -0.528053 0.849211 0
    outer loop
      vertex -13 22.5166 4
      vertex -14.4448 21.6182 18
      vertex -13 22.5166 18
    endloop
  endfacet
  facet normal -0.528053 0.849211 0
    outer loop
      vertex -14.4448 21.6182 18
      vertex -13 22.5166 4
      vertex -14.4448 21.6182 4
    endloop
  endfacet
  facet normal -0.582461 0.812859 0
    outer loop
      vertex -14.4448 21.6182 4
      vertex -15.8278 20.6272 18
      vertex -14.4448 21.6182 18
    endloop
  endfacet
  facet normal -0.582461 0.812859 0
    outer loop
      vertex -15.8278 20.6272 18
      vertex -14.4448 21.6182 4
      vertex -15.8278 20.6272 4
    endloop
  endfacet
  facet normal -0.6344 0.773005 0
    outer loop
      vertex -15.8278 20.6272 4
      vertex -16.8484 19.7896 18
      vertex -15.8278 20.6272 18
    endloop
  endfacet
  facet normal -0.6344 0.773005 0
    outer loop
      vertex -16.8484 19.7896 18
      vertex -15.8278 20.6272 4
      vertex -16.8484 19.7896 4
    endloop
  endfacet
  facet normal -0.16288 0.986646 0
    outer loop
      vertex -16.8484 19.7896 4
      vertex -17.9018 19.6157 18
      vertex -16.8484 19.7896 18
    endloop
  endfacet
  facet normal -0.16288 0.986646 0
    outer loop
      vertex -17.9018 19.6157 18
      vertex -16.8484 19.7896 4
      vertex -17.9018 19.6157 4
    endloop
  endfacet
  facet normal -0.22708 0.973876 0
    outer loop
      vertex -17.9018 19.6157 4
      vertex -19.1764 19.3185 18
      vertex -17.9018 19.6157 18
    endloop
  endfacet
  facet normal -0.22708 0.973876 0
    outer loop
      vertex -19.1764 19.3185 18
      vertex -17.9018 19.6157 4
      vertex -19.1764 19.3185 4
    endloop
  endfacet
  facet normal -0.290277 0.956943 0
    outer loop
      vertex -19.1764 19.3185 4
      vertex -20.4288 18.9386 18
      vertex -19.1764 19.3185 18
    endloop
  endfacet
  facet normal -0.290277 0.956943 0
    outer loop
      vertex -20.4288 18.9386 18
      vertex -19.1764 19.3185 4
      vertex -20.4288 18.9386 4
    endloop
  endfacet
  facet normal -0.352237 0.935911 0
    outer loop
      vertex -20.4288 18.9386 4
      vertex -21.6537 18.4776 18
      vertex -20.4288 18.9386 18
    endloop
  endfacet
  facet normal -0.352237 0.935911 0
    outer loop
      vertex -21.6537 18.4776 18
      vertex -20.4288 18.9386 4
      vertex -21.6537 18.4776 4
    endloop
  endfacet
  facet normal -0.412686 0.910873 0
    outer loop
      vertex -21.6537 18.4776 4
      vertex -22.8458 17.9375 18
      vertex -21.6537 18.4776 18
    endloop
  endfacet
  facet normal -0.412686 0.910873 0
    outer loop
      vertex -22.8458 17.9375 18
      vertex -21.6537 18.4776 4
      vertex -22.8458 17.9375 4
    endloop
  endfacet
  facet normal -0.471437 0.8819 0
    outer loop
      vertex -22.8458 17.9375 4
      vertex -24 17.3205 18
      vertex -22.8458 17.9375 18
    endloop
  endfacet
  facet normal -0.471437 0.8819 0
    outer loop
      vertex -24 17.3205 18
      vertex -22.8458 17.9375 4
      vertex -24 17.3205 4
    endloop
  endfacet
  facet normal -0.528061 0.849207 0
    outer loop
      vertex -24 17.3205 4
      vertex -25.1114 16.6294 18
      vertex -24 17.3205 18
    endloop
  endfacet
  facet normal -0.528061 0.849207 0
    outer loop
      vertex -25.1114 16.6294 18
      vertex -24 17.3205 4
      vertex -25.1114 16.6294 4
    endloop
  endfacet
  facet normal -0.582474 0.81285 0
    outer loop
      vertex -25.1114 16.6294 4
      vertex -26.1752 15.8671 18
      vertex -25.1114 16.6294 18
    endloop
  endfacet
  facet normal -0.582474 0.81285 0
    outer loop
      vertex -26.1752 15.8671 18
      vertex -25.1114 16.6294 4
      vertex -26.1752 15.8671 4
    endloop
  endfacet
  facet normal -0.634402 0.773003 0
    outer loop
      vertex -26.1752 15.8671 4
      vertex -27.1869 15.0368 18
      vertex -26.1752 15.8671 18
    endloop
  endfacet
  facet normal -0.634402 0.773003 0
    outer loop
      vertex -27.1869 15.0368 18
      vertex -26.1752 15.8671 4
      vertex -27.1869 15.0368 4
    endloop
  endfacet
  facet normal -0.683616 0.729842 0
    outer loop
      vertex -27.1869 15.0368 4
      vertex -28.1421 14.1421 18
      vertex -27.1869 15.0368 18
    endloop
  endfacet
  facet normal -0.683616 0.729842 0
    outer loop
      vertex -28.1421 14.1421 18
      vertex -27.1869 15.0368 4
      vertex -28.1421 14.1421 4
    endloop
  endfacet
  facet normal -0.729842 0.683616 -2.36371e-18
    outer loop
      vertex -29.0368 13.1869 4
      vertex -28.1421 14.1421 18
      vertex -28.1421 14.1421 4
    endloop
  endfacet
  facet normal -0.729842 0.683616 -2.36371e-18
    outer loop
      vertex -28.1421 14.1421 18
      vertex -29.0368 13.1869 4
      vertex -29.0368 13.1869 18
    endloop
  endfacet
  facet normal -0.773003 0.634402 2.30373e-18
    outer loop
      vertex -29.8671 12.1752 4
      vertex -29.0368 13.1869 18
      vertex -29.0368 13.1869 4
    endloop
  endfacet
  facet normal -0.773003 0.634402 2.30373e-18
    outer loop
      vertex -29.0368 13.1869 18
      vertex -29.8671 12.1752 4
      vertex -29.8671 12.1752 18
    endloop
  endfacet
  facet normal -0.81285 0.582474 2.20284e-18
    outer loop
      vertex -30.6294 11.1114 4
      vertex -29.8671 12.1752 18
      vertex -29.8671 12.1752 4
    endloop
  endfacet
  facet normal -0.81285 0.582474 2.20284e-18
    outer loop
      vertex -29.8671 12.1752 18
      vertex -30.6294 11.1114 4
      vertex -30.6294 11.1114 18
    endloop
  endfacet
  facet normal -0.849207 0.528061 1.77953e-19
    outer loop
      vertex -31.3205 10 4
      vertex -30.6294 11.1114 18
      vertex -30.6294 11.1114 4
    endloop
  endfacet
  facet normal -0.849207 0.528061 1.77953e-19
    outer loop
      vertex -30.6294 11.1114 18
      vertex -31.3205 10 4
      vertex -31.3205 10 18
    endloop
  endfacet
  facet normal -0.881907 0.471424 1.45448e-18
    outer loop
      vertex -31.9375 8.84576 4
      vertex -31.3205 10 18
      vertex -31.3205 10 4
    endloop
  endfacet
  facet normal -0.881907 0.471424 1.45448e-18
    outer loop
      vertex -31.3205 10 18
      vertex -31.9375 8.84576 4
      vertex -31.9375 8.84576 18
    endloop
  endfacet
  facet normal -0.910873 0.412686 -2.40548e-18
    outer loop
      vertex -32.4776 7.65366 4
      vertex -31.9375 8.84576 18
      vertex -31.9375 8.84576 4
    endloop
  endfacet
  facet normal -0.910873 0.412686 -2.40548e-18
    outer loop
      vertex -31.9375 8.84576 18
      vertex -32.4776 7.65366 4
      vertex -32.4776 7.65366 18
    endloop
  endfacet
  facet normal -0.935908 0.352244 1.78466e-18
    outer loop
      vertex -32.9386 6.42879 4
      vertex -32.4776 7.65366 18
      vertex -32.4776 7.65366 4
    endloop
  endfacet
  facet normal -0.935908 0.352244 1.78466e-18
    outer loop
      vertex -32.4776 7.65366 18
      vertex -32.9386 6.42879 4
      vertex -32.9386 6.42879 18
    endloop
  endfacet
  facet normal -0.956943 0.290275 1.39767e-18
    outer loop
      vertex -33.3185 5.17638 4
      vertex -32.9386 6.42879 18
      vertex -32.9386 6.42879 4
    endloop
  endfacet
  facet normal -0.956943 0.290275 1.39767e-18
    outer loop
      vertex -32.9386 6.42879 18
      vertex -33.3185 5.17638 4
      vertex -33.3185 5.17638 18
    endloop
  endfacet
  facet normal -0.973876 0.227082 -1.10231e-18
    outer loop
      vertex -33.6157 3.90179 4
      vertex -33.3185 5.17638 18
      vertex -33.3185 5.17638 4
    endloop
  endfacet
  facet normal -0.973876 0.227082 -1.10231e-18
    outer loop
      vertex -33.3185 5.17638 18
      vertex -33.6157 3.90179 4
      vertex -33.6157 3.90179 18
    endloop
  endfacet
  facet normal -0.986642 0.162903 -6.18378e-19
    outer loop
      vertex -33.8289 2.61052 4
      vertex -33.6157 3.90179 18
      vertex -33.6157 3.90179 4
    endloop
  endfacet
  facet normal -0.986642 0.162903 -6.18378e-19
    outer loop
      vertex -33.6157 3.90179 18
      vertex -33.8289 2.61052 4
      vertex -33.8289 2.61052 18
    endloop
  endfacet
  facet normal -0.995183 0.0980314 -5.55836e-19
    outer loop
      vertex -33.9572 1.30806 4
      vertex -33.8289 2.61052 18
      vertex -33.8289 2.61052 4
    endloop
  endfacet
  facet normal -0.995183 0.0980314 -5.55836e-19
    outer loop
      vertex -33.8289 2.61052 18
      vertex -33.9572 1.30806 4
      vertex -33.9572 1.30806 18
    endloop
  endfacet
  facet normal -0.999465 0.0327027 5.09692e-20
    outer loop
      vertex -34 0 4
      vertex -33.9572 1.30806 18
      vertex -33.9572 1.30806 4
    endloop
  endfacet
  facet normal -0.999465 0.0327027 5.09692e-20
    outer loop
      vertex -33.9572 1.30806 18
      vertex -34 0 4
      vertex -34 0 18
    endloop
  endfacet
  facet normal -0.999465 -0.0327027 -5.09692e-20
    outer loop
      vertex -33.9572 -1.30806 4
      vertex -34 0 18
      vertex -34 0 4
    endloop
  endfacet
  facet normal -0.999465 -0.0327027 -5.09692e-20
    outer loop
      vertex -34 0 18
      vertex -33.9572 -1.30806 4
      vertex -33.9572 -1.30806 18
    endloop
  endfacet
  facet normal -0.995183 -0.0980314 5.55836e-19
    outer loop
      vertex -33.8289 -2.61052 4
      vertex -33.9572 -1.30806 18
      vertex -33.9572 -1.30806 4
    endloop
  endfacet
  facet normal -0.995183 -0.0980314 5.55836e-19
    outer loop
      vertex -33.9572 -1.30806 18
      vertex -33.8289 -2.61052 4
      vertex -33.8289 -2.61052 18
    endloop
  endfacet
  facet normal -0.986642 -0.162903 6.18378e-19
    outer loop
      vertex -33.6157 -3.90179 4
      vertex -33.8289 -2.61052 18
      vertex -33.8289 -2.61052 4
    endloop
  endfacet
  facet normal -0.986642 -0.162903 6.18378e-19
    outer loop
      vertex -33.8289 -2.61052 18
      vertex -33.6157 -3.90179 4
      vertex -33.6157 -3.90179 18
    endloop
  endfacet
  facet normal -0.973876 -0.227082 1.10231e-18
    outer loop
      vertex -33.3185 -5.17638 4
      vertex -33.6157 -3.90179 18
      vertex -33.6157 -3.90179 4
    endloop
  endfacet
  facet normal -0.973876 -0.227082 1.10231e-18
    outer loop
      vertex -33.6157 -3.90179 18
      vertex -33.3185 -5.17638 4
      vertex -33.3185 -5.17638 18
    endloop
  endfacet
  facet normal -0.956943 -0.290275 -1.39767e-18
    outer loop
      vertex -32.9386 -6.42879 4
      vertex -33.3185 -5.17638 18
      vertex -33.3185 -5.17638 4
    endloop
  endfacet
  facet normal -0.956943 -0.290275 -1.39767e-18
    outer loop
      vertex -33.3185 -5.17638 18
      vertex -32.9386 -6.42879 4
      vertex -32.9386 -6.42879 18
    endloop
  endfacet
  facet normal -0.935908 -0.352244 -1.78466e-18
    outer loop
      vertex -32.4776 -7.65366 4
      vertex -32.9386 -6.42879 18
      vertex -32.9386 -6.42879 4
    endloop
  endfacet
  facet normal -0.935908 -0.352244 -1.78466e-18
    outer loop
      vertex -32.9386 -6.42879 18
      vertex -32.4776 -7.65366 4
      vertex -32.4776 -7.65366 18
    endloop
  endfacet
  facet normal -0.910873 -0.412686 2.40548e-18
    outer loop
      vertex -31.9375 -8.84576 4
      vertex -32.4776 -7.65366 18
      vertex -32.4776 -7.65366 4
    endloop
  endfacet
  facet normal -0.910873 -0.412686 2.40548e-18
    outer loop
      vertex -32.4776 -7.65366 18
      vertex -31.9375 -8.84576 4
      vertex -31.9375 -8.84576 18
    endloop
  endfacet
  facet normal -0.881907 -0.471424 -1.45448e-18
    outer loop
      vertex -31.3205 -10 4
      vertex -31.9375 -8.84576 18
      vertex -31.9375 -8.84576 4
    endloop
  endfacet
  facet normal -0.881907 -0.471424 -1.45448e-18
    outer loop
      vertex -31.9375 -8.84576 18
      vertex -31.3205 -10 4
      vertex -31.3205 -10 18
    endloop
  endfacet
  facet normal -0.849207 -0.528061 -1.77953e-19
    outer loop
      vertex -30.6294 -11.1114 4
      vertex -31.3205 -10 18
      vertex -31.3205 -10 4
    endloop
  endfacet
  facet normal -0.849207 -0.528061 -1.77953e-19
    outer loop
      vertex -31.3205 -10 18
      vertex -30.6294 -11.1114 4
      vertex -30.6294 -11.1114 18
    endloop
  endfacet
  facet normal -0.81285 -0.582474 -2.20284e-18
    outer loop
      vertex -29.8671 -12.1752 4
      vertex -30.6294 -11.1114 18
      vertex -30.6294 -11.1114 4
    endloop
  endfacet
  facet normal -0.81285 -0.582474 -2.20284e-18
    outer loop
      vertex -30.6294 -11.1114 18
      vertex -29.8671 -12.1752 4
      vertex -29.8671 -12.1752 18
    endloop
  endfacet
  facet normal -0.773003 -0.634402 -2.30373e-18
    outer loop
      vertex -29.0368 -13.1869 4
      vertex -29.8671 -12.1752 18
      vertex -29.8671 -12.1752 4
    endloop
  endfacet
  facet normal -0.773003 -0.634402 -2.30373e-18
    outer loop
      vertex -29.8671 -12.1752 18
      vertex -29.0368 -13.1869 4
      vertex -29.0368 -13.1869 18
    endloop
  endfacet
  facet normal -0.729842 -0.683616 2.36371e-18
    outer loop
      vertex -28.1421 -14.1421 4
      vertex -29.0368 -13.1869 18
      vertex -29.0368 -13.1869 4
    endloop
  endfacet
  facet normal -0.729842 -0.683616 2.36371e-18
    outer loop
      vertex -29.0368 -13.1869 18
      vertex -28.1421 -14.1421 4
      vertex -28.1421 -14.1421 18
    endloop
  endfacet
  facet normal -0.683616 -0.729842 0
    outer loop
      vertex -28.1421 -14.1421 4
      vertex -27.1869 -15.0368 18
      vertex -28.1421 -14.1421 18
    endloop
  endfacet
  facet normal -0.683616 -0.729842 -0
    outer loop
      vertex -27.1869 -15.0368 18
      vertex -28.1421 -14.1421 4
      vertex -27.1869 -15.0368 4
    endloop
  endfacet
  facet normal -0.634402 -0.773003 0
    outer loop
      vertex -27.1869 -15.0368 4
      vertex -26.1752 -15.8671 18
      vertex -27.1869 -15.0368 18
    endloop
  endfacet
  facet normal -0.634402 -0.773003 -0
    outer loop
      vertex -26.1752 -15.8671 18
      vertex -27.1869 -15.0368 4
      vertex -26.1752 -15.8671 4
    endloop
  endfacet
  facet normal -0.582474 -0.81285 0
    outer loop
      vertex -26.1752 -15.8671 4
      vertex -25.1114 -16.6294 18
      vertex -26.1752 -15.8671 18
    endloop
  endfacet
  facet normal -0.582474 -0.81285 -0
    outer loop
      vertex -25.1114 -16.6294 18
      vertex -26.1752 -15.8671 4
      vertex -25.1114 -16.6294 4
    endloop
  endfacet
  facet normal -0.528061 -0.849207 0
    outer loop
      vertex -25.1114 -16.6294 4
      vertex -24 -17.3205 18
      vertex -25.1114 -16.6294 18
    endloop
  endfacet
  facet normal -0.528061 -0.849207 -0
    outer loop
      vertex -24 -17.3205 18
      vertex -25.1114 -16.6294 4
      vertex -24 -17.3205 4
    endloop
  endfacet
  facet normal -0.471437 -0.8819 0
    outer loop
      vertex -24 -17.3205 4
      vertex -22.8458 -17.9375 18
      vertex -24 -17.3205 18
    endloop
  endfacet
  facet normal -0.471437 -0.8819 -0
    outer loop
      vertex -22.8458 -17.9375 18
      vertex -24 -17.3205 4
      vertex -22.8458 -17.9375 4
    endloop
  endfacet
  facet normal -0.412686 -0.910873 0
    outer loop
      vertex -22.8458 -17.9375 4
      vertex -21.6537 -18.4776 18
      vertex -22.8458 -17.9375 18
    endloop
  endfacet
  facet normal -0.412686 -0.910873 -0
    outer loop
      vertex -21.6537 -18.4776 18
      vertex -22.8458 -17.9375 4
      vertex -21.6537 -18.4776 4
    endloop
  endfacet
  facet normal -0.352237 -0.935911 0
    outer loop
      vertex -21.6537 -18.4776 4
      vertex -20.4288 -18.9386 18
      vertex -21.6537 -18.4776 18
    endloop
  endfacet
  facet normal -0.352237 -0.935911 -0
    outer loop
      vertex -20.4288 -18.9386 18
      vertex -21.6537 -18.4776 4
      vertex -20.4288 -18.9386 4
    endloop
  endfacet
  facet normal -0.290277 -0.956943 0
    outer loop
      vertex -20.4288 -18.9386 4
      vertex -19.1764 -19.3185 18
      vertex -20.4288 -18.9386 18
    endloop
  endfacet
  facet normal -0.290277 -0.956943 -0
    outer loop
      vertex -19.1764 -19.3185 18
      vertex -20.4288 -18.9386 4
      vertex -19.1764 -19.3185 4
    endloop
  endfacet
  facet normal -0.22708 -0.973876 0
    outer loop
      vertex -19.1764 -19.3185 4
      vertex -17.9018 -19.6157 18
      vertex -19.1764 -19.3185 18
    endloop
  endfacet
  facet normal -0.22708 -0.973876 -0
    outer loop
      vertex -17.9018 -19.6157 18
      vertex -19.1764 -19.3185 4
      vertex -17.9018 -19.6157 4
    endloop
  endfacet
  facet normal -0.16288 -0.986646 0
    outer loop
      vertex -17.9018 -19.6157 4
      vertex -16.8484 -19.7896 18
      vertex -17.9018 -19.6157 18
    endloop
  endfacet
  facet normal -0.16288 -0.986646 -0
    outer loop
      vertex -16.8484 -19.7896 18
      vertex -17.9018 -19.6157 4
      vertex -16.8484 -19.7896 4
    endloop
  endfacet
  facet normal -0.6344 -0.773005 0
    outer loop
      vertex -16.8484 -19.7896 4
      vertex -15.8278 -20.6272 18
      vertex -16.8484 -19.7896 18
    endloop
  endfacet
  facet normal -0.6344 -0.773005 -0
    outer loop
      vertex -15.8278 -20.6272 18
      vertex -16.8484 -19.7896 4
      vertex -15.8278 -20.6272 4
    endloop
  endfacet
  facet normal -0.582461 -0.812859 0
    outer loop
      vertex -15.8278 -20.6272 4
      vertex -14.4448 -21.6182 18
      vertex -15.8278 -20.6272 18
    endloop
  endfacet
  facet normal -0.582461 -0.812859 -0
    outer loop
      vertex -14.4448 -21.6182 18
      vertex -15.8278 -20.6272 4
      vertex -14.4448 -21.6182 4
    endloop
  endfacet
  facet normal -0.528053 -0.849211 0
    outer loop
      vertex -14.4448 -21.6182 4
      vertex -13 -22.5166 18
      vertex -14.4448 -21.6182 18
    endloop
  endfacet
  facet normal -0.528053 -0.849211 -0
    outer loop
      vertex -13 -22.5166 18
      vertex -14.4448 -21.6182 4
      vertex -13 -22.5166 4
    endloop
  endfacet
  facet normal -0.471427 -0.881905 0
    outer loop
      vertex -13 -22.5166 4
      vertex -11.4995 -23.3187 18
      vertex -13 -22.5166 18
    endloop
  endfacet
  facet normal -0.471427 -0.881905 -0
    outer loop
      vertex -11.4995 -23.3187 18
      vertex -13 -22.5166 4
      vertex -11.4995 -23.3187 4
    endloop
  endfacet
  facet normal -0.41272 -0.910858 0
    outer loop
      vertex -11.4995 -23.3187 4
      vertex -9.94977 -24.0209 18
      vertex -11.4995 -23.3187 18
    endloop
  endfacet
  facet normal -0.41272 -0.910858 -0
    outer loop
      vertex -9.94977 -24.0209 18
      vertex -11.4995 -23.3187 4
      vertex -9.94977 -24.0209 4
    endloop
  endfacet
  facet normal -0.352241 -0.935909 0
    outer loop
      vertex -9.94977 -24.0209 4
      vertex -8.35742 -24.6202 18
      vertex -9.94977 -24.0209 18
    endloop
  endfacet
  facet normal -0.352241 -0.935909 -0
    outer loop
      vertex -8.35742 -24.6202 18
      vertex -9.94977 -24.0209 4
      vertex -8.35742 -24.6202 4
    endloop
  endfacet
  facet normal -0.290291 -0.956938 0
    outer loop
      vertex -8.35742 -24.6202 4
      vertex -6.72929 -25.1141 18
      vertex -8.35742 -24.6202 18
    endloop
  endfacet
  facet normal -0.290291 -0.956938 -0
    outer loop
      vertex -6.72929 -25.1141 18
      vertex -8.35742 -24.6202 4
      vertex -6.72929 -25.1141 4
    endloop
  endfacet
  facet normal -0.22705 -0.973883 0
    outer loop
      vertex -6.72929 -25.1141 4
      vertex -5.07234 -25.5004 18
      vertex -6.72929 -25.1141 18
    endloop
  endfacet
  facet normal -0.22705 -0.973883 -0
    outer loop
      vertex -5.07234 -25.5004 18
      vertex -6.72929 -25.1141 4
      vertex -5.07234 -25.5004 4
    endloop
  endfacet
  facet normal -0.162925 -0.986638 0
    outer loop
      vertex -5.07234 -25.5004 4
      vertex -3.39368 -25.7776 18
      vertex -5.07234 -25.5004 18
    endloop
  endfacet
  facet normal -0.162925 -0.986638 -0
    outer loop
      vertex -3.39368 -25.7776 18
      vertex -5.07234 -25.5004 4
      vertex -3.39368 -25.7776 4
    endloop
  endfacet
  facet normal -0.0979784 -0.995189 0
    outer loop
      vertex -3.39368 -25.7776 4
      vertex -1.70047 -25.9443 18
      vertex -3.39368 -25.7776 18
    endloop
  endfacet
  facet normal -0.0979784 -0.995189 -0
    outer loop
      vertex -1.70047 -25.9443 18
      vertex -3.39368 -25.7776 4
      vertex -1.70047 -25.9443 4
    endloop
  endfacet
  facet normal -0.0327381 -0.999464 0
    outer loop
      vertex -1.70047 -25.9443 4
      vertex 0 -26 18
      vertex -1.70047 -25.9443 18
    endloop
  endfacet
  facet normal -0.0327381 -0.999464 -0
    outer loop
      vertex 0 -26 18
      vertex -1.70047 -25.9443 4
      vertex 0 -26 4
    endloop
  endfacet
  facet normal 0.0327381 -0.999464 0
    outer loop
      vertex 0 -26 4
      vertex 1.70047 -25.9443 18
      vertex 0 -26 18
    endloop
  endfacet
  facet normal 0.0327381 -0.999464 0
    outer loop
      vertex 1.70047 -25.9443 18
      vertex 0 -26 4
      vertex 1.70047 -25.9443 4
    endloop
  endfacet
  facet normal -0.0980456 0.995182 0
    outer loop
      vertex 3.08014 -23.3968 0
      vertex 1.5434 -23.5482 18
      vertex 3.08014 -23.3968 18
    endloop
  endfacet
  facet normal -0.0980456 0.995182 0
    outer loop
      vertex 1.5434 -23.5482 18
      vertex 3.08014 -23.3968 0
      vertex 1.5434 -23.5482 0
    endloop
  endfacet
  facet normal -0.162891 0.986644 0
    outer loop
      vertex 4.6041 -23.1452 0
      vertex 3.08014 -23.3968 18
      vertex 4.6041 -23.1452 18
    endloop
  endfacet
  facet normal -0.162891 0.986644 0
    outer loop
      vertex 3.08014 -23.3968 18
      vertex 4.6041 -23.1452 0
      vertex 3.08014 -23.3968 0
    endloop
  endfacet
  facet normal -0.227089 0.973874 0
    outer loop
      vertex 6.10765 -22.7946 0
      vertex 4.6041 -23.1452 18
      vertex 6.10765 -22.7946 18
    endloop
  endfacet
  facet normal -0.227089 0.973874 0
    outer loop
      vertex 4.6041 -23.1452 18
      vertex 6.10765 -22.7946 0
      vertex 4.6041 -23.1452 0
    endloop
  endfacet
  facet normal -0.290261 0.956948 0
    outer loop
      vertex 7.58563 -22.3463 0
      vertex 6.10765 -22.7946 18
      vertex 7.58563 -22.3463 18
    endloop
  endfacet
  facet normal -0.290261 0.956948 0
    outer loop
      vertex 6.10765 -22.7946 18
      vertex 7.58563 -22.3463 0
      vertex 6.10765 -22.7946 0
    endloop
  endfacet
  facet normal -0.352239 0.93591 0
    outer loop
      vertex 9.03079 -21.8024 0
      vertex 7.58563 -22.3463 18
      vertex 9.03079 -21.8024 18
    endloop
  endfacet
  facet normal -0.352239 0.93591 0
    outer loop
      vertex 7.58563 -22.3463 18
      vertex 9.03079 -21.8024 0
      vertex 7.58563 -22.3463 0
    endloop
  endfacet
  facet normal -0.412722 0.910857 0
    outer loop
      vertex 10.4375 -21.165 0
      vertex 9.03079 -21.8024 18
      vertex 10.4375 -21.165 18
    endloop
  endfacet
  facet normal -0.412722 0.910857 0
    outer loop
      vertex 9.03079 -21.8024 18
      vertex 10.4375 -21.165 0
      vertex 9.03079 -21.8024 0
    endloop
  endfacet
  facet normal -0.471371 0.881935 0
    outer loop
      vertex 11.7994 -20.4371 0
      vertex 10.4375 -21.165 18
      vertex 11.7994 -20.4371 18
    endloop
  endfacet
  facet normal -0.471371 0.881935 0
    outer loop
      vertex 10.4375 -21.165 18
      vertex 11.7994 -20.4371 0
      vertex 10.4375 -21.165 0
    endloop
  endfacet
  facet normal -0.528077 0.849197 0
    outer loop
      vertex 13.1108 -19.6216 0
      vertex 11.7994 -20.4371 18
      vertex 13.1108 -19.6216 18
    endloop
  endfacet
  facet normal -0.528077 0.849197 0
    outer loop
      vertex 11.7994 -20.4371 18
      vertex 13.1108 -19.6216 0
      vertex 11.7994 -20.4371 0
    endloop
  endfacet
  facet normal -0.582481 0.812844 0
    outer loop
      vertex 14.3659 -18.7222 0
      vertex 13.1108 -19.6216 18
      vertex 14.3659 -18.7222 18
    endloop
  endfacet
  facet normal -0.582481 0.812844 0
    outer loop
      vertex 13.1108 -19.6216 18
      vertex 14.3659 -18.7222 0
      vertex 13.1108 -19.6216 0
    endloop
  endfacet
  facet normal -0.634416 0.772992 0
    outer loop
      vertex 15.8229 -17.5264 0
      vertex 14.3659 -18.7222 18
      vertex 15.8229 -17.5264 18
    endloop
  endfacet
  facet normal -0.634416 0.772992 0
    outer loop
      vertex 14.3659 -18.7222 18
      vertex 15.8229 -17.5264 0
      vertex 14.3659 -18.7222 0
    endloop
  endfacet
  facet normal -0.162859 0.986649 0
    outer loop
      vertex 17.4332 -17.2606 0
      vertex 15.8229 -17.5264 18
      vertex 17.4332 -17.2606 18
    endloop
  endfacet
  facet normal -0.162859 0.986649 0
    outer loop
      vertex 15.8229 -17.5264 18
      vertex 17.4332 -17.2606 0
      vertex 15.8229 -17.5264 0
    endloop
  endfacet
  facet normal -0.227059 0.973881 0
    outer loop
      vertex 18.5548 -16.9991 0
      vertex 17.4332 -17.2606 18
      vertex 18.5548 -16.9991 18
    endloop
  endfacet
  facet normal -0.227059 0.973881 0
    outer loop
      vertex 17.4332 -17.2606 18
      vertex 18.5548 -16.9991 0
      vertex 17.4332 -17.2606 0
    endloop
  endfacet
  facet normal -0.290325 0.956928 0
    outer loop
      vertex 19.657 -16.6647 0
      vertex 18.5548 -16.9991 18
      vertex 19.657 -16.6647 18
    endloop
  endfacet
  facet normal -0.290325 0.956928 0
    outer loop
      vertex 18.5548 -16.9991 18
      vertex 19.657 -16.6647 0
      vertex 18.5548 -16.9991 0
    endloop
  endfacet
  facet normal -0.352265 0.9359 0
    outer loop
      vertex 20.7346 -16.2591 0
      vertex 19.657 -16.6647 18
      vertex 20.7346 -16.2591 18
    endloop
  endfacet
  facet normal -0.352265 0.9359 0
    outer loop
      vertex 19.657 -16.6647 18
      vertex 20.7346 -16.2591 0
      vertex 19.657 -16.6647 0
    endloop
  endfacet
  facet normal -0.412645 0.910892 0
    outer loop
      vertex 21.7838 -15.7838 0
      vertex 20.7346 -16.2591 18
      vertex 21.7838 -15.7838 18
    endloop
  endfacet
  facet normal -0.412645 0.910892 0
    outer loop
      vertex 20.7346 -16.2591 18
      vertex 21.7838 -15.7838 0
      vertex 20.7346 -16.2591 0
    endloop
  endfacet
  facet normal -0.471431 0.881903 0
    outer loop
      vertex 22.7994 -15.2409 0
      vertex 21.7838 -15.7838 18
      vertex 22.7994 -15.2409 18
    endloop
  endfacet
  facet normal -0.471431 0.881903 0
    outer loop
      vertex 21.7838 -15.7838 18
      vertex 22.7994 -15.2409 0
      vertex 21.7838 -15.7838 0
    endloop
  endfacet
  facet normal -0.52807 0.849201 0
    outer loop
      vertex 23.7773 -14.6328 0
      vertex 22.7994 -15.2409 18
      vertex 23.7773 -14.6328 18
    endloop
  endfacet
  facet normal -0.52807 0.849201 0
    outer loop
      vertex 22.7994 -15.2409 18
      vertex 23.7773 -14.6328 0
      vertex 22.7994 -15.2409 0
    endloop
  endfacet
  facet normal -0.582478 0.812847 0
    outer loop
      vertex 24.7134 -13.962 0
      vertex 23.7773 -14.6328 18
      vertex 24.7134 -13.962 18
    endloop
  endfacet
  facet normal -0.582478 0.812847 0
    outer loop
      vertex 23.7773 -14.6328 18
      vertex 24.7134 -13.962 0
      vertex 23.7773 -14.6328 0
    endloop
  endfacet
  facet normal -0.63441 0.772997 0
    outer loop
      vertex 25.6036 -13.2314 0
      vertex 24.7134 -13.962 18
      vertex 25.6036 -13.2314 18
    endloop
  endfacet
  facet normal -0.63441 0.772997 0
    outer loop
      vertex 24.7134 -13.962 18
      vertex 25.6036 -13.2314 0
      vertex 24.7134 -13.962 0
    endloop
  endfacet
  facet normal -0.683542 0.729911 0
    outer loop
      vertex 26.4442 -12.4442 0
      vertex 25.6036 -13.2314 18
      vertex 26.4442 -12.4442 18
    endloop
  endfacet
  facet normal -0.683542 0.729911 0
    outer loop
      vertex 25.6036 -13.2314 18
      vertex 26.4442 -12.4442 0
      vertex 25.6036 -13.2314 0
    endloop
  endfacet
  facet normal -0.729911 0.683542 2.5142e-18
    outer loop
      vertex 26.4442 -12.4442 0
      vertex 27.2314 -11.6036 18
      vertex 27.2314 -11.6036 0
    endloop
  endfacet
  facet normal -0.729911 0.683542 2.5142e-18
    outer loop
      vertex 27.2314 -11.6036 18
      vertex 26.4442 -12.4442 0
      vertex 26.4442 -12.4442 18
    endloop
  endfacet
  facet normal -0.772997 0.63441 -9.35554e-19
    outer loop
      vertex 27.2314 -11.6036 0
      vertex 27.962 -10.7134 18
      vertex 27.962 -10.7134 0
    endloop
  endfacet
  facet normal -0.772997 0.63441 -9.35554e-19
    outer loop
      vertex 27.962 -10.7134 18
      vertex 27.2314 -11.6036 0
      vertex 27.2314 -11.6036 18
    endloop
  endfacet
  facet normal -0.812852 0.58247 -1.85748e-18
    outer loop
      vertex 27.962 -10.7134 0
      vertex 28.6328 -9.77728 18
      vertex 28.6328 -9.77728 0
    endloop
  endfacet
  facet normal -0.812852 0.58247 -1.85748e-18
    outer loop
      vertex 28.6328 -9.77728 18
      vertex 27.962 -10.7134 0
      vertex 27.962 -10.7134 18
    endloop
  endfacet
  facet normal -0.849206 0.528062 8.89931e-19
    outer loop
      vertex 28.6328 -9.77728 0
      vertex 29.2409 -8.79936 18
      vertex 29.2409 -8.79936 0
    endloop
  endfacet
  facet normal -0.849206 0.528062 8.89931e-19
    outer loop
      vertex 29.2409 -8.79936 18
      vertex 28.6328 -9.77728 0
      vertex 28.6328 -9.77728 18
    endloop
  endfacet
  facet normal -0.881905 0.471427 -2.65287e-19
    outer loop
      vertex 29.2409 -8.79936 0
      vertex 29.7838 -7.78375 18
      vertex 29.7838 -7.78375 0
    endloop
  endfacet
  facet normal -0.881905 0.471427 -2.65287e-19
    outer loop
      vertex 29.7838 -7.78375 18
      vertex 29.2409 -8.79936 0
      vertex 29.2409 -8.79936 18
    endloop
  endfacet
  facet normal -0.910877 0.412677 2.9169e-19
    outer loop
      vertex 29.7838 -7.78375 0
      vertex 30.2591 -6.73465 18
      vertex 30.2591 -6.73465 0
    endloop
  endfacet
  facet normal -0.910877 0.412677 2.9169e-19
    outer loop
      vertex 30.2591 -6.73465 18
      vertex 29.7838 -7.78375 0
      vertex 29.7838 -7.78375 18
    endloop
  endfacet
  facet normal -0.935908 0.352245 -8.64163e-19
    outer loop
      vertex 30.2591 -6.73465 0
      vertex 30.6647 -5.65698 18
      vertex 30.6647 -5.65698 0
    endloop
  endfacet
  facet normal -0.935908 0.352245 -8.64163e-19
    outer loop
      vertex 30.6647 -5.65698 18
      vertex 30.2591 -6.73465 0
      vertex 30.2591 -6.73465 18
    endloop
  endfacet
  facet normal -0.956924 0.29034 8.48424e-19
    outer loop
      vertex 30.6647 -5.65698 0
      vertex 30.9991 -4.55484 18
      vertex 30.9991 -4.55484 0
    endloop
  endfacet
  facet normal -0.956924 0.29034 8.48424e-19
    outer loop
      vertex 30.9991 -4.55484 18
      vertex 30.6647 -5.65698 0
      vertex 30.6647 -5.65698 18
    endloop
  endfacet
  facet normal -0.973883 0.227052 -9.37349e-19
    outer loop
      vertex 30.9991 -4.55484 0
      vertex 31.2606 -3.4332 18
      vertex 31.2606 -3.4332 0
    endloop
  endfacet
  facet normal -0.973883 0.227052 -9.37349e-19
    outer loop
      vertex 31.2606 -3.4332 18
      vertex 30.9991 -4.55484 0
      vertex 30.9991 -4.55484 18
    endloop
  endfacet
  facet normal -0.986651 0.16285 0
    outer loop
      vertex 31.2606 -3.4332 0
      vertex 31.4481 -2.2972 18
      vertex 31.4481 -2.2972 0
    endloop
  endfacet
  facet normal -0.986651 0.16285 0
    outer loop
      vertex 31.4481 -2.2972 18
      vertex 31.2606 -3.4332 0
      vertex 31.2606 -3.4332 18
    endloop
  endfacet
  facet normal -0.995184 0.0980216 -6.64674e-20
    outer loop
      vertex 31.4481 -2.2972 0
      vertex 31.561 -1.15096 18
      vertex 31.561 -1.15096 0
    endloop
  endfacet
  facet normal -0.995184 0.0980216 -6.64674e-20
    outer loop
      vertex 31.561 -1.15096 18
      vertex 31.4481 -2.2972 0
      vertex 31.4481 -2.2972 18
    endloop
  endfacet
  facet normal -0.999464 0.0327377 5.34285e-21
    outer loop
      vertex 31.561 -1.15096 0
      vertex 31.5987 0 18
      vertex 31.5987 0 0
    endloop
  endfacet
  facet normal -0.999464 0.0327377 5.34285e-21
    outer loop
      vertex 31.5987 0 18
      vertex 31.561 -1.15096 0
      vertex 31.561 -1.15096 18
    endloop
  endfacet
  facet normal -0.999464 -0.0327377 -5.34285e-21
    outer loop
      vertex 31.5987 0 0
      vertex 31.561 1.15096 18
      vertex 31.561 1.15096 0
    endloop
  endfacet
  facet normal -0.999464 -0.0327377 -5.34285e-21
    outer loop
      vertex 31.561 1.15096 18
      vertex 31.5987 0 0
      vertex 31.5987 0 18
    endloop
  endfacet
  facet normal -0.995184 -0.0980216 6.64674e-20
    outer loop
      vertex 31.561 1.15096 0
      vertex 31.4481 2.2972 18
      vertex 31.4481 2.2972 0
    endloop
  endfacet
  facet normal -0.995184 -0.0980216 6.64674e-20
    outer loop
      vertex 31.4481 2.2972 18
      vertex 31.561 1.15096 0
      vertex 31.561 1.15096 18
    endloop
  endfacet
  facet normal -0.986651 -0.16285 0
    outer loop
      vertex 31.4481 2.2972 0
      vertex 31.2606 3.4332 18
      vertex 31.2606 3.4332 0
    endloop
  endfacet
  facet normal -0.986651 -0.16285 0
    outer loop
      vertex 31.2606 3.4332 18
      vertex 31.4481 2.2972 0
      vertex 31.4481 2.2972 18
    endloop
  endfacet
  facet normal -0.973883 -0.227052 9.37349e-19
    outer loop
      vertex 31.2606 3.4332 0
      vertex 30.9991 4.55484 18
      vertex 30.9991 4.55484 0
    endloop
  endfacet
  facet normal -0.973883 -0.227052 9.37349e-19
    outer loop
      vertex 30.9991 4.55484 18
      vertex 31.2606 3.4332 0
      vertex 31.2606 3.4332 18
    endloop
  endfacet
  facet normal -0.956924 -0.29034 -8.48424e-19
    outer loop
      vertex 30.9991 4.55484 0
      vertex 30.6647 5.65698 18
      vertex 30.6647 5.65698 0
    endloop
  endfacet
  facet normal -0.956924 -0.29034 -8.48424e-19
    outer loop
      vertex 30.6647 5.65698 18
      vertex 30.9991 4.55484 0
      vertex 30.9991 4.55484 18
    endloop
  endfacet
  facet normal -0.935908 -0.352245 8.64163e-19
    outer loop
      vertex 30.6647 5.65698 0
      vertex 30.2591 6.73465 18
      vertex 30.2591 6.73465 0
    endloop
  endfacet
  facet normal -0.935908 -0.352245 8.64163e-19
    outer loop
      vertex 30.2591 6.73465 18
      vertex 30.6647 5.65698 0
      vertex 30.6647 5.65698 18
    endloop
  endfacet
  facet normal -0.910877 -0.412677 -2.9169e-19
    outer loop
      vertex 30.2591 6.73465 0
      vertex 29.7838 7.78375 18
      vertex 29.7838 7.78375 0
    endloop
  endfacet
  facet normal -0.910877 -0.412677 -2.9169e-19
    outer loop
      vertex 29.7838 7.78375 18
      vertex 30.2591 6.73465 0
      vertex 30.2591 6.73465 18
    endloop
  endfacet
  facet normal -0.881905 -0.471427 2.65287e-19
    outer loop
      vertex 29.7838 7.78375 0
      vertex 29.2409 8.79936 18
      vertex 29.2409 8.79936 0
    endloop
  endfacet
  facet normal -0.881905 -0.471427 2.65287e-19
    outer loop
      vertex 29.2409 8.79936 18
      vertex 29.7838 7.78375 0
      vertex 29.7838 7.78375 18
    endloop
  endfacet
  facet normal -0.849206 -0.528062 -8.89931e-19
    outer loop
      vertex 29.2409 8.79936 0
      vertex 28.6328 9.77728 18
      vertex 28.6328 9.77728 0
    endloop
  endfacet
  facet normal -0.849206 -0.528062 -8.89931e-19
    outer loop
      vertex 28.6328 9.77728 18
      vertex 29.2409 8.79936 0
      vertex 29.2409 8.79936 18
    endloop
  endfacet
  facet normal -0.812852 -0.58247 1.85748e-18
    outer loop
      vertex 28.6328 9.77728 0
      vertex 27.962 10.7134 18
      vertex 27.962 10.7134 0
    endloop
  endfacet
  facet normal -0.812852 -0.58247 1.85748e-18
    outer loop
      vertex 27.962 10.7134 18
      vertex 28.6328 9.77728 0
      vertex 28.6328 9.77728 18
    endloop
  endfacet
  facet normal -0.772997 -0.63441 9.35554e-19
    outer loop
      vertex 27.962 10.7134 0
      vertex 27.2314 11.6036 18
      vertex 27.2314 11.6036 0
    endloop
  endfacet
  facet normal -0.772997 -0.63441 9.35554e-19
    outer loop
      vertex 27.2314 11.6036 18
      vertex 27.962 10.7134 0
      vertex 27.962 10.7134 18
    endloop
  endfacet
  facet normal -0.729911 -0.683542 -2.5142e-18
    outer loop
      vertex 27.2314 11.6036 0
      vertex 26.4442 12.4442 18
      vertex 26.4442 12.4442 0
    endloop
  endfacet
  facet normal -0.729911 -0.683542 -2.5142e-18
    outer loop
      vertex 26.4442 12.4442 18
      vertex 27.2314 11.6036 0
      vertex 27.2314 11.6036 18
    endloop
  endfacet
  facet normal -0.683542 -0.729911 0
    outer loop
      vertex 25.6036 13.2314 0
      vertex 26.4442 12.4442 18
      vertex 25.6036 13.2314 18
    endloop
  endfacet
  facet normal -0.683542 -0.729911 -0
    outer loop
      vertex 26.4442 12.4442 18
      vertex 25.6036 13.2314 0
      vertex 26.4442 12.4442 0
    endloop
  endfacet
  facet normal -0.63441 -0.772997 0
    outer loop
      vertex 24.7134 13.962 0
      vertex 25.6036 13.2314 18
      vertex 24.7134 13.962 18
    endloop
  endfacet
  facet normal -0.63441 -0.772997 -0
    outer loop
      vertex 25.6036 13.2314 18
      vertex 24.7134 13.962 0
      vertex 25.6036 13.2314 0
    endloop
  endfacet
  facet normal -0.582478 -0.812847 0
    outer loop
      vertex 23.7773 14.6328 0
      vertex 24.7134 13.962 18
      vertex 23.7773 14.6328 18
    endloop
  endfacet
  facet normal -0.582478 -0.812847 -0
    outer loop
      vertex 24.7134 13.962 18
      vertex 23.7773 14.6328 0
      vertex 24.7134 13.962 0
    endloop
  endfacet
  facet normal -0.52807 -0.849201 0
    outer loop
      vertex 22.7994 15.2409 0
      vertex 23.7773 14.6328 18
      vertex 22.7994 15.2409 18
    endloop
  endfacet
  facet normal -0.52807 -0.849201 -0
    outer loop
      vertex 23.7773 14.6328 18
      vertex 22.7994 15.2409 0
      vertex 23.7773 14.6328 0
    endloop
  endfacet
  facet normal -0.471431 -0.881903 0
    outer loop
      vertex 21.7838 15.7838 0
      vertex 22.7994 15.2409 18
      vertex 21.7838 15.7838 18
    endloop
  endfacet
  facet normal -0.471431 -0.881903 -0
    outer loop
      vertex 22.7994 15.2409 18
      vertex 21.7838 15.7838 0
      vertex 22.7994 15.2409 0
    endloop
  endfacet
  facet normal -0.412645 -0.910892 0
    outer loop
      vertex 20.7346 16.2591 0
      vertex 21.7838 15.7838 18
      vertex 20.7346 16.2591 18
    endloop
  endfacet
  facet normal -0.412645 -0.910892 -0
    outer loop
      vertex 21.7838 15.7838 18
      vertex 20.7346 16.2591 0
      vertex 21.7838 15.7838 0
    endloop
  endfacet
  facet normal -0.352265 -0.9359 0
    outer loop
      vertex 19.657 16.6647 0
      vertex 20.7346 16.2591 18
      vertex 19.657 16.6647 18
    endloop
  endfacet
  facet normal -0.352265 -0.9359 -0
    outer loop
      vertex 20.7346 16.2591 18
      vertex 19.657 16.6647 0
      vertex 20.7346 16.2591 0
    endloop
  endfacet
  facet normal -0.290325 -0.956928 0
    outer loop
      vertex 18.5548 16.9991 0
      vertex 19.657 16.6647 18
      vertex 18.5548 16.9991 18
    endloop
  endfacet
  facet normal -0.290325 -0.956928 -0
    outer loop
      vertex 19.657 16.6647 18
      vertex 18.5548 16.9991 0
      vertex 19.657 16.6647 0
    endloop
  endfacet
  facet normal -0.227059 -0.973881 0
    outer loop
      vertex 17.4332 17.2606 0
      vertex 18.5548 16.9991 18
      vertex 17.4332 17.2606 18
    endloop
  endfacet
  facet normal -0.227059 -0.973881 -0
    outer loop
      vertex 18.5548 16.9991 18
      vertex 17.4332 17.2606 0
      vertex 18.5548 16.9991 0
    endloop
  endfacet
  facet normal -0.162859 -0.986649 0
    outer loop
      vertex 15.8229 17.5264 0
      vertex 17.4332 17.2606 18
      vertex 15.8229 17.5264 18
    endloop
  endfacet
  facet normal -0.162859 -0.986649 -0
    outer loop
      vertex 17.4332 17.2606 18
      vertex 15.8229 17.5264 0
      vertex 17.4332 17.2606 0
    endloop
  endfacet
  facet normal -0.634416 -0.772992 0
    outer loop
      vertex 14.3659 18.7222 0
      vertex 15.8229 17.5264 18
      vertex 14.3659 18.7222 18
    endloop
  endfacet
  facet normal -0.634416 -0.772992 -0
    outer loop
      vertex 15.8229 17.5264 18
      vertex 14.3659 18.7222 0
      vertex 15.8229 17.5264 0
    endloop
  endfacet
  facet normal -0.582481 -0.812844 0
    outer loop
      vertex 13.1108 19.6216 0
      vertex 14.3659 18.7222 18
      vertex 13.1108 19.6216 18
    endloop
  endfacet
  facet normal -0.582481 -0.812844 -0
    outer loop
      vertex 14.3659 18.7222 18
      vertex 13.1108 19.6216 0
      vertex 14.3659 18.7222 0
    endloop
  endfacet
  facet normal -0.528077 -0.849197 0
    outer loop
      vertex 11.7994 20.4371 0
      vertex 13.1108 19.6216 18
      vertex 11.7994 20.4371 18
    endloop
  endfacet
  facet normal -0.528077 -0.849197 -0
    outer loop
      vertex 13.1108 19.6216 18
      vertex 11.7994 20.4371 0
      vertex 13.1108 19.6216 0
    endloop
  endfacet
  facet normal -0.471371 -0.881935 0
    outer loop
      vertex 10.4375 21.165 0
      vertex 11.7994 20.4371 18
      vertex 10.4375 21.165 18
    endloop
  endfacet
  facet normal -0.471371 -0.881935 -0
    outer loop
      vertex 11.7994 20.4371 18
      vertex 10.4375 21.165 0
      vertex 11.7994 20.4371 0
    endloop
  endfacet
  facet normal -0.412742 -0.910848 0
    outer loop
      vertex 9.03087 21.8024 0
      vertex 10.4375 21.165 18
      vertex 9.03087 21.8024 18
    endloop
  endfacet
  facet normal -0.412742 -0.910848 -0
    outer loop
      vertex 10.4375 21.165 18
      vertex 9.03087 21.8024 0
      vertex 10.4375 21.165 0
    endloop
  endfacet
  facet normal -0.352247 -0.935907 0
    outer loop
      vertex 5.26569 23.2195 0
      vertex 9.03087 21.8024 18
      vertex 5.26569 23.2195 18
    endloop
  endfacet
  facet normal -0.352247 -0.935907 -0
    outer loop
      vertex 9.03087 21.8024 18
      vertex 5.26569 23.2195 0
      vertex 9.03087 21.8024 0
    endloop
  endfacet
  facet normal -0.76766 0.640858 -2.27987e-17
    outer loop
      vertex 5.26569 23.2195 0
      vertex 12.644 32.0577 18
      vertex 12.644 32.0577 0
    endloop
  endfacet
  facet normal -0.76766 0.640858 -2.27987e-17
    outer loop
      vertex 12.644 32.0577 18
      vertex 5.26569 23.2195 0
      vertex 5.26569 23.2195 18
    endloop
  endfacet
  facet normal 0.497824 -0.867278 0
    outer loop
      vertex 3.22253 26.6497 0
      vertex 12.644 32.0577 18
      vertex 3.22253 26.6497 18
    endloop
  endfacet
  facet normal 0.497824 -0.867278 0
    outer loop
      vertex 12.644 32.0577 18
      vertex 3.22253 26.6497 0
      vertex 12.644 32.0577 0
    endloop
  endfacet
  facet normal -0.980581 -0.196116 -2.93773e-18
    outer loop
      vertex 3.22253 26.6497 0
      vertex 2.03247 32.6 18
      vertex 2.03247 32.6 0
    endloop
  endfacet
  facet normal -0.980581 -0.196116 -2.93773e-18
    outer loop
      vertex 2.03247 32.6 18
      vertex 3.22253 26.6497 0
      vertex 3.22253 26.6497 18
    endloop
  endfacet
  facet normal 0 -1 0
    outer loop
      vertex -2.03247 32.6 0
      vertex 2.03247 32.6 18
      vertex -2.03247 32.6 18
    endloop
  endfacet
  facet normal 0 -1 -0
    outer loop
      vertex 2.03247 32.6 18
      vertex -2.03247 32.6 0
      vertex 2.03247 32.6 0
    endloop
  endfacet
  facet normal 0.98058 -0.196117 2.62849e-18
    outer loop
      vertex -3.89014 23.3117 18
      vertex -2.03247 32.6 0
      vertex -2.03247 32.6 18
    endloop
  endfacet
  facet normal 0.98058 -0.196117 2.62849e-18
    outer loop
      vertex -2.03247 32.6 0
      vertex -3.89014 23.3117 18
      vertex -3.89014 23.3117 0
    endloop
  endfacet
  facet normal 0.227074 -0.973877 0
    outer loop
      vertex -6.10788 22.7946 0
      vertex -3.89014 23.3117 18
      vertex -6.10788 22.7946 18
    endloop
  endfacet
  facet normal 0.227074 -0.973877 0
    outer loop
      vertex -3.89014 23.3117 18
      vertex -6.10788 22.7946 0
      vertex -3.89014 23.3117 0
    endloop
  endfacet
  facet normal 0.290302 -0.956935 0
    outer loop
      vertex -7.58563 22.3463 0
      vertex -6.10788 22.7946 18
      vertex -7.58563 22.3463 18
    endloop
  endfacet
  facet normal 0.290302 -0.956935 0
    outer loop
      vertex -6.10788 22.7946 18
      vertex -7.58563 22.3463 0
      vertex -6.10788 22.7946 0
    endloop
  endfacet
  facet normal 0.352239 -0.93591 0
    outer loop
      vertex -9.03079 21.8024 0
      vertex -7.58563 22.3463 18
      vertex -9.03079 21.8024 18
    endloop
  endfacet
  facet normal 0.352239 -0.93591 0
    outer loop
      vertex -7.58563 22.3463 18
      vertex -9.03079 21.8024 0
      vertex -7.58563 22.3463 0
    endloop
  endfacet
  facet normal 0.412722 -0.910857 0
    outer loop
      vertex -10.4375 21.165 0
      vertex -9.03079 21.8024 18
      vertex -10.4375 21.165 18
    endloop
  endfacet
  facet normal 0.412722 -0.910857 0
    outer loop
      vertex -9.03079 21.8024 18
      vertex -10.4375 21.165 0
      vertex -9.03079 21.8024 0
    endloop
  endfacet
  facet normal 0.471371 -0.881935 0
    outer loop
      vertex -11.7994 20.4371 0
      vertex -10.4375 21.165 18
      vertex -11.7994 20.4371 18
    endloop
  endfacet
  facet normal 0.471371 -0.881935 0
    outer loop
      vertex -10.4375 21.165 18
      vertex -11.7994 20.4371 0
      vertex -10.4375 21.165 0
    endloop
  endfacet
  facet normal 0.528077 -0.849197 0
    outer loop
      vertex -13.1108 19.6216 0
      vertex -11.7994 20.4371 18
      vertex -13.1108 19.6216 18
    endloop
  endfacet
  facet normal 0.528077 -0.849197 0
    outer loop
      vertex -11.7994 20.4371 18
      vertex -13.1108 19.6216 0
      vertex -11.7994 20.4371 0
    endloop
  endfacet
  facet normal 0.582481 -0.812844 0
    outer loop
      vertex -14.3659 18.7222 0
      vertex -13.1108 19.6216 18
      vertex -14.3659 18.7222 18
    endloop
  endfacet
  facet normal 0.582481 -0.812844 0
    outer loop
      vertex -13.1108 19.6216 18
      vertex -14.3659 18.7222 0
      vertex -13.1108 19.6216 0
    endloop
  endfacet
  facet normal 0.634416 -0.772992 0
    outer loop
      vertex -15.8229 17.5264 0
      vertex -14.3659 18.7222 18
      vertex -15.8229 17.5264 18
    endloop
  endfacet
  facet normal 0.634416 -0.772992 0
    outer loop
      vertex -14.3659 18.7222 18
      vertex -15.8229 17.5264 0
      vertex -14.3659 18.7222 0
    endloop
  endfacet
  facet normal 0.162859 -0.986649 0
    outer loop
      vertex -17.4332 17.2606 0
      vertex -15.8229 17.5264 18
      vertex -17.4332 17.2606 18
    endloop
  endfacet
  facet normal 0.162859 -0.986649 0
    outer loop
      vertex -15.8229 17.5264 18
      vertex -17.4332 17.2606 0
      vertex -15.8229 17.5264 0
    endloop
  endfacet
  facet normal 0.227059 -0.973881 0
    outer loop
      vertex -18.5548 16.9991 0
      vertex -17.4332 17.2606 18
      vertex -18.5548 16.9991 18
    endloop
  endfacet
  facet normal 0.227059 -0.973881 0
    outer loop
      vertex -17.4332 17.2606 18
      vertex -18.5548 16.9991 0
      vertex -17.4332 17.2606 0
    endloop
  endfacet
  facet normal 0.290325 -0.956928 0
    outer loop
      vertex -19.657 16.6647 0
      vertex -18.5548 16.9991 18
      vertex -19.657 16.6647 18
    endloop
  endfacet
  facet normal 0.290325 -0.956928 0
    outer loop
      vertex -18.5548 16.9991 18
      vertex -19.657 16.6647 0
      vertex -18.5548 16.9991 0
    endloop
  endfacet
  facet normal 0.352265 -0.9359 0
    outer loop
      vertex -20.7346 16.2591 0
      vertex -19.657 16.6647 18
      vertex -20.7346 16.2591 18
    endloop
  endfacet
  facet normal 0.352265 -0.9359 0
    outer loop
      vertex -19.657 16.6647 18
      vertex -20.7346 16.2591 0
      vertex -19.657 16.6647 0
    endloop
  endfacet
  facet normal 0.412645 -0.910892 0
    outer loop
      vertex -21.7838 15.7838 0
      vertex -20.7346 16.2591 18
      vertex -21.7838 15.7838 18
    endloop
  endfacet
  facet normal 0.412645 -0.910892 0
    outer loop
      vertex -20.7346 16.2591 18
      vertex -21.7838 15.7838 0
      vertex -20.7346 16.2591 0
    endloop
  endfacet
  facet normal 0.471431 -0.881903 0
    outer loop
      vertex -22.7994 15.2409 0
      vertex -21.7838 15.7838 18
      vertex -22.7994 15.2409 18
    endloop
  endfacet
  facet normal 0.471431 -0.881903 0
    outer loop
      vertex -21.7838 15.7838 18
      vertex -22.7994 15.2409 0
      vertex -21.7838 15.7838 0
    endloop
  endfacet
  facet normal 0.52807 -0.849201 0
    outer loop
      vertex -23.7773 14.6328 0
      vertex -22.7994 15.2409 18
      vertex -23.7773 14.6328 18
    endloop
  endfacet
  facet normal 0.52807 -0.849201 0
    outer loop
      vertex -22.7994 15.2409 18
      vertex -23.7773 14.6328 0
      vertex -22.7994 15.2409 0
    endloop
  endfacet
  facet normal 0.582478 -0.812847 0
    outer loop
      vertex -24.7134 13.962 0
      vertex -23.7773 14.6328 18
      vertex -24.7134 13.962 18
    endloop
  endfacet
  facet normal 0.582478 -0.812847 0
    outer loop
      vertex -23.7773 14.6328 18
      vertex -24.7134 13.962 0
      vertex -23.7773 14.6328 0
    endloop
  endfacet
  facet normal 0.63441 -0.772997 0
    outer loop
      vertex -25.6036 13.2314 0
      vertex -24.7134 13.962 18
      vertex -25.6036 13.2314 18
    endloop
  endfacet
  facet normal 0.63441 -0.772997 0
    outer loop
      vertex -24.7134 13.962 18
      vertex -25.6036 13.2314 0
      vertex -24.7134 13.962 0
    endloop
  endfacet
  facet normal 0.683542 -0.729911 0
    outer loop
      vertex -26.4442 12.4442 0
      vertex -25.6036 13.2314 18
      vertex -26.4442 12.4442 18
    endloop
  endfacet
  facet normal 0.683542 -0.729911 0
    outer loop
      vertex -25.6036 13.2314 18
      vertex -26.4442 12.4442 0
      vertex -25.6036 13.2314 0
    endloop
  endfacet
  facet normal 0.729911 -0.683542 2.5142e-18
    outer loop
      vertex -27.2314 11.6036 18
      vertex -26.4442 12.4442 0
      vertex -26.4442 12.4442 18
    endloop
  endfacet
  facet normal 0.729911 -0.683542 2.5142e-18
    outer loop
      vertex -26.4442 12.4442 0
      vertex -27.2314 11.6036 18
      vertex -27.2314 11.6036 0
    endloop
  endfacet
  facet normal 0.772997 -0.63441 -9.35554e-19
    outer loop
      vertex -27.962 10.7134 18
      vertex -27.2314 11.6036 0
      vertex -27.2314 11.6036 18
    endloop
  endfacet
  facet normal 0.772997 -0.63441 -9.35554e-19
    outer loop
      vertex -27.2314 11.6036 0
      vertex -27.962 10.7134 18
      vertex -27.962 10.7134 0
    endloop
  endfacet
  facet normal 0.812852 -0.58247 -1.85748e-18
    outer loop
      vertex -28.6328 9.77728 18
      vertex -27.962 10.7134 0
      vertex -27.962 10.7134 18
    endloop
  endfacet
  facet normal 0.812852 -0.58247 -1.85748e-18
    outer loop
      vertex -27.962 10.7134 0
      vertex -28.6328 9.77728 18
      vertex -28.6328 9.77728 0
    endloop
  endfacet
  facet normal 0.849206 -0.528062 8.89931e-19
    outer loop
      vertex -29.2409 8.79936 18
      vertex -28.6328 9.77728 0
      vertex -28.6328 9.77728 18
    endloop
  endfacet
  facet normal 0.849206 -0.528062 8.89931e-19
    outer loop
      vertex -28.6328 9.77728 0
      vertex -29.2409 8.79936 18
      vertex -29.2409 8.79936 0
    endloop
  endfacet
  facet normal 0.881905 -0.471427 -2.65287e-19
    outer loop
      vertex -29.7838 7.78375 18
      vertex -29.2409 8.79936 0
      vertex -29.2409 8.79936 18
    endloop
  endfacet
  facet normal 0.881905 -0.471427 -2.65287e-19
    outer loop
      vertex -29.2409 8.79936 0
      vertex -29.7838 7.78375 18
      vertex -29.7838 7.78375 0
    endloop
  endfacet
  facet normal 0.910877 -0.412677 2.9169e-19
    outer loop
      vertex -30.2591 6.73465 18
      vertex -29.7838 7.78375 0
      vertex -29.7838 7.78375 18
    endloop
  endfacet
  facet normal 0.910877 -0.412677 2.9169e-19
    outer loop
      vertex -29.7838 7.78375 0
      vertex -30.2591 6.73465 18
      vertex -30.2591 6.73465 0
    endloop
  endfacet
  facet normal 0.935908 -0.352245 -8.64163e-19
    outer loop
      vertex -30.6647 5.65698 18
      vertex -30.2591 6.73465 0
      vertex -30.2591 6.73465 18
    endloop
  endfacet
  facet normal 0.935908 -0.352245 -8.64163e-19
    outer loop
      vertex -30.2591 6.73465 0
      vertex -30.6647 5.65698 18
      vertex -30.6647 5.65698 0
    endloop
  endfacet
  facet normal 0.956924 -0.29034 8.48424e-19
    outer loop
      vertex -30.9991 4.55484 18
      vertex -30.6647 5.65698 0
      vertex -30.6647 5.65698 18
    endloop
  endfacet
  facet normal 0.956924 -0.29034 8.48424e-19
    outer loop
      vertex -30.6647 5.65698 0
      vertex -30.9991 4.55484 18
      vertex -30.9991 4.55484 0
    endloop
  endfacet
  facet normal 0.973883 -0.227052 -9.37349e-19
    outer loop
      vertex -31.2606 3.4332 18
      vertex -30.9991 4.55484 0
      vertex -30.9991 4.55484 18
    endloop
  endfacet
  facet normal 0.973883 -0.227052 -9.37349e-19
    outer loop
      vertex -30.9991 4.55484 0
      vertex -31.2606 3.4332 18
      vertex -31.2606 3.4332 0
    endloop
  endfacet
  facet normal 0.986651 -0.16285 0
    outer loop
      vertex -31.4481 2.2972 18
      vertex -31.2606 3.4332 0
      vertex -31.2606 3.4332 18
    endloop
  endfacet
  facet normal 0.986651 -0.16285 0
    outer loop
      vertex -31.2606 3.4332 0
      vertex -31.4481 2.2972 18
      vertex -31.4481 2.2972 0
    endloop
  endfacet
  facet normal 0.995184 -0.0980216 -6.64674e-20
    outer loop
      vertex -31.561 1.15096 18
      vertex -31.4481 2.2972 0
      vertex -31.4481 2.2972 18
    endloop
  endfacet
  facet normal 0.995184 -0.0980216 -6.64674e-20
    outer loop
      vertex -31.4481 2.2972 0
      vertex -31.561 1.15096 18
      vertex -31.561 1.15096 0
    endloop
  endfacet
  facet normal 0.999464 -0.0327377 5.34285e-21
    outer loop
      vertex -31.5987 0 18
      vertex -31.561 1.15096 0
      vertex -31.561 1.15096 18
    endloop
  endfacet
  facet normal 0.999464 -0.0327377 5.34285e-21
    outer loop
      vertex -31.561 1.15096 0
      vertex -31.5987 0 18
      vertex -31.5987 0 0
    endloop
  endfacet
  facet normal 0.999464 0.0327377 -5.34285e-21
    outer loop
      vertex -31.561 -1.15096 18
      vertex -31.5987 0 0
      vertex -31.5987 0 18
    endloop
  endfacet
  facet normal 0.999464 0.0327377 -5.34285e-21
    outer loop
      vertex -31.5987 0 0
      vertex -31.561 -1.15096 18
      vertex -31.561 -1.15096 0
    endloop
  endfacet
  facet normal 0.995184 0.0980216 6.64674e-20
    outer loop
      vertex -31.4481 -2.2972 18
      vertex -31.561 -1.15096 0
      vertex -31.561 -1.15096 18
    endloop
  endfacet
  facet normal 0.995184 0.0980216 6.64674e-20
    outer loop
      vertex -31.561 -1.15096 0
      vertex -31.4481 -2.2972 18
      vertex -31.4481 -2.2972 0
    endloop
  endfacet
  facet normal 0.986651 0.16285 0
    outer loop
      vertex -31.2606 -3.4332 18
      vertex -31.4481 -2.2972 0
      vertex -31.4481 -2.2972 18
    endloop
  endfacet
  facet normal 0.986651 0.16285 0
    outer loop
      vertex -31.4481 -2.2972 0
      vertex -31.2606 -3.4332 18
      vertex -31.2606 -3.4332 0
    endloop
  endfacet
  facet normal 0.973883 0.227052 9.37349e-19
    outer loop
      vertex -30.9991 -4.55484 18
      vertex -31.2606 -3.4332 0
      vertex -31.2606 -3.4332 18
    endloop
  endfacet
  facet normal 0.973883 0.227052 9.37349e-19
    outer loop
      vertex -31.2606 -3.4332 0
      vertex -30.9991 -4.55484 18
      vertex -30.9991 -4.55484 0
    endloop
  endfacet
  facet normal 0.956924 0.29034 -8.48424e-19
    outer loop
      vertex -30.6647 -5.65698 18
      vertex -30.9991 -4.55484 0
      vertex -30.9991 -4.55484 18
    endloop
  endfacet
  facet normal 0.956924 0.29034 -8.48424e-19
    outer loop
      vertex -30.9991 -4.55484 0
      vertex -30.6647 -5.65698 18
      vertex -30.6647 -5.65698 0
    endloop
  endfacet
  facet normal 0.935908 0.352245 8.64163e-19
    outer loop
      vertex -30.2591 -6.73465 18
      vertex -30.6647 -5.65698 0
      vertex -30.6647 -5.65698 18
    endloop
  endfacet
  facet normal 0.935908 0.352245 8.64163e-19
    outer loop
      vertex -30.6647 -5.65698 0
      vertex -30.2591 -6.73465 18
      vertex -30.2591 -6.73465 0
    endloop
  endfacet
  facet normal 0.910877 0.412677 -2.9169e-19
    outer loop
      vertex -29.7838 -7.78375 18
      vertex -30.2591 -6.73465 0
      vertex -30.2591 -6.73465 18
    endloop
  endfacet
  facet normal 0.910877 0.412677 -2.9169e-19
    outer loop
      vertex -30.2591 -6.73465 0
      vertex -29.7838 -7.78375 18
      vertex -29.7838 -7.78375 0
    endloop
  endfacet
  facet normal 0.881905 0.471427 2.65287e-19
    outer loop
      vertex -29.2409 -8.79936 18
      vertex -29.7838 -7.78375 0
      vertex -29.7838 -7.78375 18
    endloop
  endfacet
  facet normal 0.881905 0.471427 2.65287e-19
    outer loop
      vertex -29.7838 -7.78375 0
      vertex -29.2409 -8.79936 18
      vertex -29.2409 -8.79936 0
    endloop
  endfacet
  facet normal 0.849206 0.528062 -8.89931e-19
    outer loop
      vertex -28.6328 -9.77728 18
      vertex -29.2409 -8.79936 0
      vertex -29.2409 -8.79936 18
    endloop
  endfacet
  facet normal 0.849206 0.528062 -8.89931e-19
    outer loop
      vertex -29.2409 -8.79936 0
      vertex -28.6328 -9.77728 18
      vertex -28.6328 -9.77728 0
    endloop
  endfacet
  facet normal 0.812852 0.58247 1.85748e-18
    outer loop
      vertex -27.962 -10.7134 18
      vertex -28.6328 -9.77728 0
      vertex -28.6328 -9.77728 18
    endloop
  endfacet
  facet normal 0.812852 0.58247 1.85748e-18
    outer loop
      vertex -28.6328 -9.77728 0
      vertex -27.962 -10.7134 18
      vertex -27.962 -10.7134 0
    endloop
  endfacet
  facet normal 0.772997 0.63441 9.35554e-19
    outer loop
      vertex -27.2314 -11.6036 18
      vertex -27.962 -10.7134 0
      vertex -27.962 -10.7134 18
    endloop
  endfacet
  facet normal 0.772997 0.63441 9.35554e-19
    outer loop
      vertex -27.962 -10.7134 0
      vertex -27.2314 -11.6036 18
      vertex -27.2314 -11.6036 0
    endloop
  endfacet
  facet normal 0.729911 0.683542 -2.5142e-18
    outer loop
      vertex -26.4442 -12.4442 18
      vertex -27.2314 -11.6036 0
      vertex -27.2314 -11.6036 18
    endloop
  endfacet
  facet normal 0.729911 0.683542 -2.5142e-18
    outer loop
      vertex -27.2314 -11.6036 0
      vertex -26.4442 -12.4442 18
      vertex -26.4442 -12.4442 0
    endloop
  endfacet
  facet normal 0.683542 0.729911 -0
    outer loop
      vertex -25.6036 -13.2314 0
      vertex -26.4442 -12.4442 18
      vertex -25.6036 -13.2314 18
    endloop
  endfacet
  facet normal 0.683542 0.729911 0
    outer loop
      vertex -26.4442 -12.4442 18
      vertex -25.6036 -13.2314 0
      vertex -26.4442 -12.4442 0
    endloop
  endfacet
  facet normal 0.63441 0.772997 -0
    outer loop
      vertex -24.7134 -13.962 0
      vertex -25.6036 -13.2314 18
      vertex -24.7134 -13.962 18
    endloop
  endfacet
  facet normal 0.63441 0.772997 0
    outer loop
      vertex -25.6036 -13.2314 18
      vertex -24.7134 -13.962 0
      vertex -25.6036 -13.2314 0
    endloop
  endfacet
  facet normal 0.582478 0.812847 -0
    outer loop
      vertex -23.7773 -14.6328 0
      vertex -24.7134 -13.962 18
      vertex -23.7773 -14.6328 18
    endloop
  endfacet
  facet normal 0.582478 0.812847 0
    outer loop
      vertex -24.7134 -13.962 18
      vertex -23.7773 -14.6328 0
      vertex -24.7134 -13.962 0
    endloop
  endfacet
  facet normal 0.52807 0.849201 -0
    outer loop
      vertex -22.7994 -15.2409 0
      vertex -23.7773 -14.6328 18
      vertex -22.7994 -15.2409 18
    endloop
  endfacet
  facet normal 0.52807 0.849201 0
    outer loop
      vertex -23.7773 -14.6328 18
      vertex -22.7994 -15.2409 0
      vertex -23.7773 -14.6328 0
    endloop
  endfacet
  facet normal 0.471431 0.881903 -0
    outer loop
      vertex -21.7838 -15.7838 0
      vertex -22.7994 -15.2409 18
      vertex -21.7838 -15.7838 18
    endloop
  endfacet
  facet normal 0.471431 0.881903 0
    outer loop
      vertex -22.7994 -15.2409 18
      vertex -21.7838 -15.7838 0
      vertex -22.7994 -15.2409 0
    endloop
  endfacet
  facet normal 0.412645 0.910892 -0
    outer loop
      vertex -20.7346 -16.2591 0
      vertex -21.7838 -15.7838 18
      vertex -20.7346 -16.2591 18
    endloop
  endfacet
  facet normal 0.412645 0.910892 0
    outer loop
      vertex -21.7838 -15.7838 18
      vertex -20.7346 -16.2591 0
      vertex -21.7838 -15.7838 0
    endloop
  endfacet
  facet normal 0.352265 0.9359 -0
    outer loop
      vertex -19.657 -16.6647 0
      vertex -20.7346 -16.2591 18
      vertex -19.657 -16.6647 18
    endloop
  endfacet
  facet normal 0.352265 0.9359 0
    outer loop
      vertex -20.7346 -16.2591 18
      vertex -19.657 -16.6647 0
      vertex -20.7346 -16.2591 0
    endloop
  endfacet
  facet normal 0.290325 0.956928 -0
    outer loop
      vertex -18.5548 -16.9991 0
      vertex -19.657 -16.6647 18
      vertex -18.5548 -16.9991 18
    endloop
  endfacet
  facet normal 0.290325 0.956928 0
    outer loop
      vertex -19.657 -16.6647 18
      vertex -18.5548 -16.9991 0
      vertex -19.657 -16.6647 0
    endloop
  endfacet
  facet normal 0.227059 0.973881 -0
    outer loop
      vertex -17.4332 -17.2606 0
      vertex -18.5548 -16.9991 18
      vertex -17.4332 -17.2606 18
    endloop
  endfacet
  facet normal 0.227059 0.973881 0
    outer loop
      vertex -18.5548 -16.9991 18
      vertex -17.4332 -17.2606 0
      vertex -18.5548 -16.9991 0
    endloop
  endfacet
  facet normal 0.162859 0.986649 -0
    outer loop
      vertex -15.8229 -17.5264 0
      vertex -17.4332 -17.2606 18
      vertex -15.8229 -17.5264 18
    endloop
  endfacet
  facet normal 0.162859 0.986649 0
    outer loop
      vertex -17.4332 -17.2606 18
      vertex -15.8229 -17.5264 0
      vertex -17.4332 -17.2606 0
    endloop
  endfacet
  facet normal 0.634416 0.772992 -0
    outer loop
      vertex -14.3659 -18.7222 0
      vertex -15.8229 -17.5264 18
      vertex -14.3659 -18.7222 18
    endloop
  endfacet
  facet normal 0.634416 0.772992 0
    outer loop
      vertex -15.8229 -17.5264 18
      vertex -14.3659 -18.7222 0
      vertex -15.8229 -17.5264 0
    endloop
  endfacet
  facet normal 0.582481 0.812844 -0
    outer loop
      vertex -13.1108 -19.6216 0
      vertex -14.3659 -18.7222 18
      vertex -13.1108 -19.6216 18
    endloop
  endfacet
  facet normal 0.582481 0.812844 0
    outer loop
      vertex -14.3659 -18.7222 18
      vertex -13.1108 -19.6216 0
      vertex -14.3659 -18.7222 0
    endloop
  endfacet
  facet normal 0.528077 0.849197 -0
    outer loop
      vertex -11.7994 -20.4371 0
      vertex -13.1108 -19.6216 18
      vertex -11.7994 -20.4371 18
    endloop
  endfacet
  facet normal 0.528077 0.849197 0
    outer loop
      vertex -13.1108 -19.6216 18
      vertex -11.7994 -20.4371 0
      vertex -13.1108 -19.6216 0
    endloop
  endfacet
  facet normal 0.471371 0.881935 -0
    outer loop
      vertex -10.4375 -21.165 0
      vertex -11.7994 -20.4371 18
      vertex -10.4375 -21.165 18
    endloop
  endfacet
  facet normal 0.471371 0.881935 0
    outer loop
      vertex -11.7994 -20.4371 18
      vertex -10.4375 -21.165 0
      vertex -11.7994 -20.4371 0
    endloop
  endfacet
  facet normal 0.412722 0.910857 -0
    outer loop
      vertex -9.03079 -21.8024 0
      vertex -10.4375 -21.165 18
      vertex -9.03079 -21.8024 18
    endloop
  endfacet
  facet normal 0.412722 0.910857 0
    outer loop
      vertex -10.4375 -21.165 18
      vertex -9.03079 -21.8024 0
      vertex -10.4375 -21.165 0
    endloop
  endfacet
  facet normal 0.352239 0.93591 -0
    outer loop
      vertex -7.58563 -22.3463 0
      vertex -9.03079 -21.8024 18
      vertex -7.58563 -22.3463 18
    endloop
  endfacet
  facet normal 0.352239 0.93591 0
    outer loop
      vertex -9.03079 -21.8024 18
      vertex -7.58563 -22.3463 0
      vertex -9.03079 -21.8024 0
    endloop
  endfacet
  facet normal 0.290261 0.956948 -0
    outer loop
      vertex -6.10765 -22.7946 0
      vertex -7.58563 -22.3463 18
      vertex -6.10765 -22.7946 18
    endloop
  endfacet
  facet normal 0.290261 0.956948 0
    outer loop
      vertex -7.58563 -22.3463 18
      vertex -6.10765 -22.7946 0
      vertex -7.58563 -22.3463 0
    endloop
  endfacet
  facet normal 0.227089 0.973874 -0
    outer loop
      vertex -4.6041 -23.1452 0
      vertex -6.10765 -22.7946 18
      vertex -4.6041 -23.1452 18
    endloop
  endfacet
  facet normal 0.227089 0.973874 0
    outer loop
      vertex -6.10765 -22.7946 18
      vertex -4.6041 -23.1452 0
      vertex -6.10765 -22.7946 0
    endloop
  endfacet
  facet normal 0.162891 0.986644 -0
    outer loop
      vertex -3.08014 -23.3968 0
      vertex -4.6041 -23.1452 18
      vertex -3.08014 -23.3968 18
    endloop
  endfacet
  facet normal 0.162891 0.986644 0
    outer loop
      vertex -4.6041 -23.1452 18
      vertex -3.08014 -23.3968 0
      vertex -4.6041 -23.1452 0
    endloop
  endfacet
  facet normal 0.0980456 0.995182 -0
    outer loop
      vertex -1.5434 -23.5482 0
      vertex -3.08014 -23.3968 18
      vertex -1.5434 -23.5482 18
    endloop
  endfacet
  facet normal 0.0980456 0.995182 0
    outer loop
      vertex -3.08014 -23.3968 18
      vertex -1.5434 -23.5482 0
      vertex -3.08014 -23.3968 0
    endloop
  endfacet
  facet normal 0.0327025 0.999465 -0
    outer loop
      vertex 0 -23.5987 0
      vertex -1.5434 -23.5482 18
      vertex 0 -23.5987 18
    endloop
  endfacet
  facet normal 0.0327025 0.999465 0
    outer loop
      vertex -1.5434 -23.5482 18
      vertex 0 -23.5987 0
      vertex -1.5434 -23.5482 0
    endloop
  endfacet
  facet normal -0.0327025 0.999465 0
    outer loop
      vertex 1.5434 -23.5482 0
      vertex 0 -23.5987 18
      vertex 1.5434 -23.5482 18
    endloop
  endfacet
  facet normal -0.0327025 0.999465 0
    outer loop
      vertex 0 -23.5987 18
      vertex 1.5434 -23.5482 0
      vertex 0 -23.5987 0
    endloop
  endfacet
  facet normal 0 0 1
    outer loop
      vertex 22.953 37.4119 4
      vertex 18.091 35.8789 4
      vertex 18.1547 35.2971 4
    endloop
  endfacet
  facet normal 0 0 1
    outer loop
      vertex 21.7148 39.6689 4
      vertex 17.8095 36.392 4
      vertex 18.091 35.8789 4
    endloop
  endfacet
  facet normal 0 0 1
    outer loop
      vertex 19.707 41.2803 4
      vertex 17.3531 36.7584 4
      vertex 17.8095 36.392 4
    endloop
  endfacet
  facet normal 0 0 1
    outer loop
      vertex 17.2354 42.0007 4
      vertex 17.3531 36.7584 4
      vertex 19.707 41.2803 4
    endloop
  endfacet
  facet normal 0 0 1
    outer loop
      vertex 17.2354 42.0007 4
      vertex 16.7912 36.9222 4
      vertex 17.3531 36.7584 4
    endloop
  endfacet
  facet normal 0 0 1
    outer loop
      vertex 17.2354 42.0007 4
      vertex 16.2094 36.8584 4
      vertex 16.7912 36.9222 4
    endloop
  endfacet
  facet normal -0 0 1
    outer loop
      vertex 14.6764 41.7204 4
      vertex 16.2094 36.8584 4
      vertex 17.2354 42.0007 4
    endloop
  endfacet
  facet normal -0 0 1
    outer loop
      vertex 13.249 40.9374 4
      vertex 16.2094 36.8584 4
      vertex 14.6764 41.7204 4
    endloop
  endfacet
  facet normal 0 0 1
    outer loop
      vertex 16.2094 36.8584 4
      vertex 13.249 40.9374 4
      vertex 15.6963 36.5769 4
    endloop
  endfacet
  facet normal -0 0 1
    outer loop
      vertex 8.46118 38.1891 4
      vertex 15.6963 36.5769 4
      vertex 13.249 40.9374 4
    endloop
  endfacet
  facet normal 0 0 1
    outer loop
      vertex 8.46118 38.1891 4
      vertex 4.92155 30.3923 4
      vertex 15.6963 36.5769 4
    endloop
  endfacet
  facet normal 0 0 1
    outer loop
      vertex 4 35 4
      vertex 8.46118 38.1891 4
      vertex 8.09901 40 4
    endloop
  endfacet
  facet normal 0 0 1
    outer loop
      vertex 8.46118 38.1891 4
      vertex 4 35 4
      vertex 4.92155 30.3923 4
    endloop
  endfacet
  facet normal 0 0 1
    outer loop
      vertex 8.09901 40 4
      vertex -4 35 4
      vertex 4 35 4
    endloop
  endfacet
  facet normal -0 0 1
    outer loop
      vertex -10.2489 29.2507 4
      vertex -5.9404 25.298 4
      vertex -4 35 4
    endloop
  endfacet
  facet normal -0 0 1
    outer loop
      vertex -8.09901 40 4
      vertex -4 35 4
      vertex 8.09901 40 4
    endloop
  endfacet
  facet normal 0 0 1
    outer loop
      vertex -10.2489 29.2507 4
      vertex -4 35 4
      vertex -8.09901 40 4
    endloop
  endfacet
  facet normal 0 0 1
    outer loop
      vertex -5.9404 25.298 4
      vertex -10.2489 29.2507 4
      vertex -6.72929 25.1141 4
    endloop
  endfacet
  facet normal 0 0 1
    outer loop
      vertex -6.72929 25.1141 4
      vertex -10.2489 29.2507 4
      vertex -8.35742 24.6202 4
    endloop
  endfacet
  facet normal 0 0 1
    outer loop
      vertex -8.35742 24.6202 4
      vertex -10.2489 29.2507 4
      vertex -9.94977 24.0209 4
    endloop
  endfacet
  facet normal -0 0 1
    outer loop
      vertex -11.8642 28.6427 4
      vertex -9.94977 24.0209 4
      vertex -10.2489 29.2507 4
    endloop
  endfacet
  facet normal 0 0 1
    outer loop
      vertex -9.94977 24.0209 4
      vertex -11.8642 28.6427 4
      vertex -11.4995 23.3187 4
    endloop
  endfacet
  facet normal -0 0 1
    outer loop
      vertex -13.7121 27.8055 4
      vertex -11.4995 23.3187 4
      vertex -11.8642 28.6427 4
    endloop
  endfacet
  facet normal 0 0 1
    outer loop
      vertex -11.4995 23.3187 4
      vertex -13.7121 27.8055 4
      vertex -13 22.5166 4
    endloop
  endfacet
  facet normal -0 0 1
    outer loop
      vertex -15.5013 26.8491 4
      vertex -13 22.5166 4
      vertex -13.7121 27.8055 4
    endloop
  endfacet
  facet normal 0 0 1
    outer loop
      vertex -13 22.5166 4
      vertex -15.5013 26.8491 4
      vertex -14.4448 21.6182 4
    endloop
  endfacet
  facet normal -0 0 1
    outer loop
      vertex -17.2242 25.7778 4
      vertex -14.4448 21.6182 4
      vertex -15.5013 26.8491 4
    endloop
  endfacet
  facet normal 0 0 1
    outer loop
      vertex -14.4448 21.6182 4
      vertex -17.2242 25.7778 4
      vertex -15.8278 20.6272 4
    endloop
  endfacet
  facet normal -0 0 1
    outer loop
      vertex -18.8732 24.5961 4
      vertex -15.8278 20.6272 4
      vertex -17.2242 25.7778 4
    endloop
  endfacet
  facet normal -0 0 1
    outer loop
      vertex -18.9971 24.4944 4
      vertex -15.8278 20.6272 4
      vertex -18.8732 24.5961 4
    endloop
  endfacet
  facet normal 0 -0 1
    outer loop
      vertex -17.9018 19.6157 4
      vertex -15.8278 20.6272 4
      vertex -18.9971 24.4944 4
    endloop
  endfacet
  facet normal 0 0 1
    outer loop
      vertex -15.8278 20.6272 4
      vertex -17.9018 19.6157 4
      vertex -16.8484 19.7896 4
    endloop
  endfacet
  facet normal 0 0 1
    outer loop
      vertex -18.9971 24.4944 4
      vertex -19.1764 19.3185 4
      vertex -17.9018 19.6157 4
    endloop
  endfacet
  facet normal -0 0 1
    outer loop
      vertex -20.4711 24.1507 4
      vertex -19.1764 19.3185 4
      vertex -18.9971 24.4944 4
    endloop
  endfacet
  facet normal 0 0 1
    outer loop
      vertex -19.1764 19.3185 4
      vertex -20.4711 24.1507 4
      vertex -20.4288 18.9386 4
    endloop
  endfacet
  facet normal -0 0 1
    outer loop
      vertex -22.0368 23.6758 4
      vertex -20.4288 18.9386 4
      vertex -20.4711 24.1507 4
    endloop
  endfacet
  facet normal 0 0 1
    outer loop
      vertex -20.4288 18.9386 4
      vertex -22.0368 23.6758 4
      vertex -21.6537 18.4776 4
    endloop
  endfacet
  facet normal -0 0 1
    outer loop
      vertex -23.5681 23.0995 4
      vertex -21.6537 18.4776 4
      vertex -22.0368 23.6758 4
    endloop
  endfacet
  facet normal 0 0 1
    outer loop
      vertex -21.6537 18.4776 4
      vertex -23.5681 23.0995 4
      vertex -22.8458 17.9375 4
    endloop
  endfacet
  facet normal -0 0 1
    outer loop
      vertex -25.0584 22.4242 4
      vertex -22.8458 17.9375 4
      vertex -23.5681 23.0995 4
    endloop
  endfacet
  facet normal 0 0 1
    outer loop
      vertex -22.8458 17.9375 4
      vertex -25.0584 22.4242 4
      vertex -24 17.3205 4
    endloop
  endfacet
  facet normal -0 0 1
    outer loop
      vertex -26.5013 21.6529 4
      vertex -24 17.3205 4
      vertex -25.0584 22.4242 4
    endloop
  endfacet
  facet normal 0 0 1
    outer loop
      vertex -24 17.3205 4
      vertex -26.5013 21.6529 4
      vertex -25.1114 16.6294 4
    endloop
  endfacet
  facet normal -0 0 1
    outer loop
      vertex -27.8907 20.789 4
      vertex -25.1114 16.6294 4
      vertex -26.5013 21.6529 4
    endloop
  endfacet
  facet normal 0 0 1
    outer loop
      vertex -25.1114 16.6294 4
      vertex -27.8907 20.789 4
      vertex -26.1752 15.8671 4
    endloop
  endfacet
  facet normal -0 0 1
    outer loop
      vertex -29.2207 19.836 4
      vertex -26.1752 15.8671 4
      vertex -27.8907 20.789 4
    endloop
  endfacet
  facet normal 0 0 1
    outer loop
      vertex -26.1752 15.8671 4
      vertex -29.2207 19.836 4
      vertex -27.1869 15.0368 4
    endloop
  endfacet
  facet normal -0 0 1
    outer loop
      vertex -30.4854 18.798 4
      vertex -27.1869 15.0368 4
      vertex -29.2207 19.836 4
    endloop
  endfacet
  facet normal 0 0 1
    outer loop
      vertex -27.1869 15.0368 4
      vertex -30.4854 18.798 4
      vertex -28.1421 14.1421 4
    endloop
  endfacet
  facet normal -0 0 1
    outer loop
      vertex -31.6796 17.6796 4
      vertex -28.1421 14.1421 4
      vertex -30.4854 18.798 4
    endloop
  endfacet
  facet normal 0 0 1
    outer loop
      vertex -28.1421 14.1421 4
      vertex -31.6796 17.6796 4
      vertex -29.0368 13.1869 4
    endloop
  endfacet
  facet normal -0 0 1
    outer loop
      vertex -32.798 16.4854 4
      vertex -29.0368 13.1869 4
      vertex -31.6796 17.6796 4
    endloop
  endfacet
  facet normal 0 0 1
    outer loop
      vertex -29.0368 13.1869 4
      vertex -32.798 16.4854 4
      vertex -29.8671 12.1752 4
    endloop
  endfacet
  facet normal -0 0 1
    outer loop
      vertex -33.836 15.2207 4
      vertex -29.8671 12.1752 4
      vertex -32.798 16.4854 4
    endloop
  endfacet
  facet normal 0 0 1
    outer loop
      vertex -29.8671 12.1752 4
      vertex -33.836 15.2207 4
      vertex -30.6294 11.1114 4
    endloop
  endfacet
  facet normal -0 0 1
    outer loop
      vertex -34.789 13.8907 4
      vertex -30.6294 11.1114 4
      vertex -33.836 15.2207 4
    endloop
  endfacet
  facet normal 0 0 1
    outer loop
      vertex -30.6294 11.1114 4
      vertex -34.789 13.8907 4
      vertex -31.3205 10 4
    endloop
  endfacet
  facet normal -0 0 1
    outer loop
      vertex -35.6529 12.5013 4
      vertex -31.3205 10 4
      vertex -34.789 13.8907 4
    endloop
  endfacet
  facet normal 0 0 1
    outer loop
      vertex -31.3205 10 4
      vertex -35.6529 12.5013 4
      vertex -31.9375 8.84576 4
    endloop
  endfacet
  facet normal -0 0 1
    outer loop
      vertex -36.4242 11.0584 4
      vertex -31.9375 8.84576 4
      vertex -35.6529 12.5013 4
    endloop
  endfacet
  facet normal 0 0 1
    outer loop
      vertex -31.9375 8.84576 4
      vertex -36.4242 11.0584 4
      vertex -32.4776 7.65366 4
    endloop
  endfacet
  facet normal -0 0 1
    outer loop
      vertex -37.0995 9.5681 4
      vertex -32.4776 7.65366 4
      vertex -36.4242 11.0584 4
    endloop
  endfacet
  facet normal 0 0 1
    outer loop
      vertex -32.4776 7.65366 4
      vertex -37.0995 9.5681 4
      vertex -32.9386 6.42879 4
    endloop
  endfacet
  facet normal -0 0 1
    outer loop
      vertex -37.6758 8.03685 4
      vertex -32.9386 6.42879 4
      vertex -37.0995 9.5681 4
    endloop
  endfacet
  facet normal 0 0 1
    outer loop
      vertex -32.9386 6.42879 4
      vertex -37.6758 8.03685 4
      vertex -33.3185 5.17638 4
    endloop
  endfacet
  facet normal -0 0 1
    outer loop
      vertex 18.1547 35.2971 4
      vertex 23.2333 34.8528 4
      vertex 22.953 37.4119 4
    endloop
  endfacet
  facet normal 0 0 1
    outer loop
      vertex 18.091 35.8789 4
      vertex 22.953 37.4119 4
      vertex 21.7148 39.6689 4
    endloop
  endfacet
  facet normal 0 0 1
    outer loop
      vertex 23.2333 34.8528 4
      vertex 18.1547 35.2971 4
      vertex 22.5129 32.3813 4
    endloop
  endfacet
  facet normal 0 0 1
    outer loop
      vertex 17.8095 36.392 4
      vertex 21.7148 39.6689 4
      vertex 19.707 41.2803 4
    endloop
  endfacet
  facet normal -0 0 1
    outer loop
      vertex 17.991 34.7352 4
      vertex 22.5129 32.3813 4
      vertex 18.1547 35.2971 4
    endloop
  endfacet
  facet normal 0 0 1
    outer loop
      vertex 22.5129 32.3813 4
      vertex 17.991 34.7352 4
      vertex 21.4938 31.1115 4
    endloop
  endfacet
  facet normal -0 0 1
    outer loop
      vertex 17.6246 34.2788 4
      vertex 21.4938 31.1115 4
      vertex 17.991 34.7352 4
    endloop
  endfacet
  facet normal 0 0 1
    outer loop
      vertex 17.6246 34.2788 4
      vertex 17.1037 25.8527 4
      vertex 21.4938 31.1115 4
    endloop
  endfacet
  facet normal 0 0 1
    outer loop
      vertex 17.9018 19.6157 4
      vertex 15.8278 20.6272 4
      vertex 16.8484 19.7896 4
    endloop
  endfacet
  facet normal 0 0 1
    outer loop
      vertex 9.94977 24.0209 4
      vertex 17.1037 25.8527 4
      vertex 17.6246 34.2788 4
    endloop
  endfacet
  facet normal 0 0 1
    outer loop
      vertex 17.2242 25.7778 4
      vertex 14.4448 21.6182 4
      vertex 15.8278 20.6272 4
    endloop
  endfacet
  facet normal 0 0 1
    outer loop
      vertex 17.1037 25.8527 4
      vertex 13 22.5166 4
      vertex 14.4448 21.6182 4
    endloop
  endfacet
  facet normal 0 0 1
    outer loop
      vertex 17.1037 25.8527 4
      vertex 11.4995 23.3187 4
      vertex 13 22.5166 4
    endloop
  endfacet
  facet normal 0 0 1
    outer loop
      vertex 17.1037 25.8527 4
      vertex 9.94977 24.0209 4
      vertex 11.4995 23.3187 4
    endloop
  endfacet
  facet normal 0 -0 1
    outer loop
      vertex 9.94977 24.0209 4
      vertex 17.6246 34.2788 4
      vertex 9.27354 24.2754 4
    endloop
  endfacet
  facet normal 0 0 1
    outer loop
      vertex 34 0 4
      vertex 39.0027 0 4
      vertex 38.9491 1.63527 4
    endloop
  endfacet
  facet normal 0 0 1
    outer loop
      vertex 33.9572 1.30806 4
      vertex 38.9491 1.63527 4
      vertex 38.7888 3.2635 4
    endloop
  endfacet
  facet normal 0 0 1
    outer loop
      vertex 39.0027 0 4
      vertex 34 0 4
      vertex 38.9491 -1.63527 4
    endloop
  endfacet
  facet normal 0 0 1
    outer loop
      vertex 33.8289 2.61052 4
      vertex 38.7888 3.2635 4
      vertex 38.5222 4.87776 4
    endloop
  endfacet
  facet normal -0 0 1
    outer loop
      vertex 33.9572 -1.30806 4
      vertex 38.9491 -1.63527 4
      vertex 34 0 4
    endloop
  endfacet
  facet normal 0 0 1
    outer loop
      vertex 33.6157 3.90179 4
      vertex 38.5222 4.87776 4
      vertex 38.1507 6.47115 4
    endloop
  endfacet
  facet normal 0 0 1
    outer loop
      vertex 38.9491 -1.63527 4
      vertex 33.9572 -1.30806 4
      vertex 38.7888 -3.2635 4
    endloop
  endfacet
  facet normal 0 0 1
    outer loop
      vertex 33.3185 5.17638 4
      vertex 38.1507 6.47115 4
      vertex 37.6758 8.03685 4
    endloop
  endfacet
  facet normal -0 0 1
    outer loop
      vertex 33.8289 -2.61052 4
      vertex 38.7888 -3.2635 4
      vertex 33.9572 -1.30806 4
    endloop
  endfacet
  facet normal 0 0 1
    outer loop
      vertex 32.9386 6.42879 4
      vertex 37.6758 8.03685 4
      vertex 37.0995 9.5681 4
    endloop
  endfacet
  facet normal 0 0 1
    outer loop
      vertex 38.7888 -3.2635 4
      vertex 33.8289 -2.61052 4
      vertex 38.5222 -4.87776 4
    endloop
  endfacet
  facet normal 0 0 1
    outer loop
      vertex 32.4776 7.65366 4
      vertex 37.0995 9.5681 4
      vertex 36.4242 11.0584 4
    endloop
  endfacet
  facet normal -0 0 1
    outer loop
      vertex 33.6157 -3.90179 4
      vertex 38.5222 -4.87776 4
      vertex 33.8289 -2.61052 4
    endloop
  endfacet
  facet normal 0 0 1
    outer loop
      vertex 31.9375 8.84576 4
      vertex 36.4242 11.0584 4
      vertex 35.6529 12.5013 4
    endloop
  endfacet
  facet normal 0 0 1
    outer loop
      vertex 38.5222 -4.87776 4
      vertex 33.6157 -3.90179 4
      vertex 38.1507 -6.47115 4
    endloop
  endfacet
  facet normal 0 0 1
    outer loop
      vertex 31.3205 10 4
      vertex 35.6529 12.5013 4
      vertex 34.789 13.8907 4
    endloop
  endfacet
  facet normal -0 0 1
    outer loop
      vertex 33.3185 -5.17638 4
      vertex 38.1507 -6.47115 4
      vertex 33.6157 -3.90179 4
    endloop
  endfacet
  facet normal 0 0 1
    outer loop
      vertex 38.1507 -6.47115 4
      vertex 33.3185 -5.17638 4
      vertex 37.6758 -8.03685 4
    endloop
  endfacet
  facet normal 0 0 1
    outer loop
      vertex 38.9491 1.63527 4
      vertex 33.9572 1.30806 4
      vertex 34 0 4
    endloop
  endfacet
  facet normal 0 0 1
    outer loop
      vertex 30.6294 11.1114 4
      vertex 34.789 13.8907 4
      vertex 33.836 15.2207 4
    endloop
  endfacet
  facet normal 0 0 1
    outer loop
      vertex 38.7888 3.2635 4
      vertex 33.8289 2.61052 4
      vertex 33.9572 1.30806 4
    endloop
  endfacet
  facet normal 0 0 1
    outer loop
      vertex 38.5222 4.87776 4
      vertex 33.6157 3.90179 4
      vertex 33.8289 2.61052 4
    endloop
  endfacet
  facet normal 0 0 1
    outer loop
      vertex 38.1507 6.47115 4
      vertex 33.3185 5.17638 4
      vertex 33.6157 3.90179 4
    endloop
  endfacet
  facet normal 0 0 1
    outer loop
      vertex 37.6758 8.03685 4
      vertex 32.9386 6.42879 4
      vertex 33.3185 5.17638 4
    endloop
  endfacet
  facet normal 0 0 1
    outer loop
      vertex 29.8671 12.1752 4
      vertex 33.836 15.2207 4
      vertex 32.798 16.4854 4
    endloop
  endfacet
  facet normal 0 0 1
    outer loop
      vertex 37.0995 9.5681 4
      vertex 32.4776 7.65366 4
      vertex 32.9386 6.42879 4
    endloop
  endfacet
  facet normal 0 0 1
    outer loop
      vertex 36.4242 11.0584 4
      vertex 31.9375 8.84576 4
      vertex 32.4776 7.65366 4
    endloop
  endfacet
  facet normal 0 0 1
    outer loop
      vertex 29.0368 13.1869 4
      vertex 32.798 16.4854 4
      vertex 31.6796 17.6796 4
    endloop
  endfacet
  facet normal 0 0 1
    outer loop
      vertex 35.6529 12.5013 4
      vertex 31.3205 10 4
      vertex 31.9375 8.84576 4
    endloop
  endfacet
  facet normal 0 0 1
    outer loop
      vertex 34.789 13.8907 4
      vertex 30.6294 11.1114 4
      vertex 31.3205 10 4
    endloop
  endfacet
  facet normal 0 0 1
    outer loop
      vertex 28.1421 14.1421 4
      vertex 31.6796 17.6796 4
      vertex 30.4854 18.798 4
    endloop
  endfacet
  facet normal 0 0 1
    outer loop
      vertex 33.836 15.2207 4
      vertex 29.8671 12.1752 4
      vertex 30.6294 11.1114 4
    endloop
  endfacet
  facet normal 0 0 1
    outer loop
      vertex 27.1869 15.0368 4
      vertex 30.4854 18.798 4
      vertex 29.2207 19.836 4
    endloop
  endfacet
  facet normal 0 0 1
    outer loop
      vertex 32.798 16.4854 4
      vertex 29.0368 13.1869 4
      vertex 29.8671 12.1752 4
    endloop
  endfacet
  facet normal 0 0 1
    outer loop
      vertex 31.6796 17.6796 4
      vertex 28.1421 14.1421 4
      vertex 29.0368 13.1869 4
    endloop
  endfacet
  facet normal 0 0 1
    outer loop
      vertex 26.1752 15.8671 4
      vertex 29.2207 19.836 4
      vertex 27.8907 20.789 4
    endloop
  endfacet
  facet normal 0 0 1
    outer loop
      vertex 30.4854 18.798 4
      vertex 27.1869 15.0368 4
      vertex 28.1421 14.1421 4
    endloop
  endfacet
  facet normal 0 0 1
    outer loop
      vertex 25.1114 16.6294 4
      vertex 27.8907 20.789 4
      vertex 26.5013 21.6529 4
    endloop
  endfacet
  facet normal 0 0 1
    outer loop
      vertex 29.2207 19.836 4
      vertex 26.1752 15.8671 4
      vertex 27.1869 15.0368 4
    endloop
  endfacet
  facet normal 0 0 1
    outer loop
      vertex 27.8907 20.789 4
      vertex 25.1114 16.6294 4
      vertex 26.1752 15.8671 4
    endloop
  endfacet
  facet normal 0 0 1
    outer loop
      vertex 24 17.3205 4
      vertex 26.5013 21.6529 4
      vertex 25.0584 22.4242 4
    endloop
  endfacet
  facet normal 0 0 1
    outer loop
      vertex 26.5013 21.6529 4
      vertex 24 17.3205 4
      vertex 25.1114 16.6294 4
    endloop
  endfacet
  facet normal 0 0 1
    outer loop
      vertex 22.8458 17.9375 4
      vertex 25.0584 22.4242 4
      vertex 23.5681 23.0995 4
    endloop
  endfacet
  facet normal 0 0 1
    outer loop
      vertex 25.0584 22.4242 4
      vertex 22.8458 17.9375 4
      vertex 24 17.3205 4
    endloop
  endfacet
  facet normal 0 0 1
    outer loop
      vertex 21.6537 18.4776 4
      vertex 23.5681 23.0995 4
      vertex 22.0368 23.6758 4
    endloop
  endfacet
  facet normal 0 0 1
    outer loop
      vertex 23.5681 23.0995 4
      vertex 21.6537 18.4776 4
      vertex 22.8458 17.9375 4
    endloop
  endfacet
  facet normal 0 0 1
    outer loop
      vertex 20.4288 18.9386 4
      vertex 22.0368 23.6758 4
      vertex 20.4711 24.1507 4
    endloop
  endfacet
  facet normal 0 0 1
    outer loop
      vertex 22.0368 23.6758 4
      vertex 20.4288 18.9386 4
      vertex 21.6537 18.4776 4
    endloop
  endfacet
  facet normal 0 0 1
    outer loop
      vertex 20.4711 24.1507 4
      vertex 19.1764 19.3185 4
      vertex 20.4288 18.9386 4
    endloop
  endfacet
  facet normal 0 0 1
    outer loop
      vertex 18.9971 24.4944 4
      vertex 19.1764 19.3185 4
      vertex 20.4711 24.1507 4
    endloop
  endfacet
  facet normal 0 0 1
    outer loop
      vertex 15.8278 20.6272 4
      vertex 18.9971 24.4944 4
      vertex 18.8732 24.5961 4
    endloop
  endfacet
  facet normal 0 0 1
    outer loop
      vertex 18.9971 24.4944 4
      vertex 17.9018 19.6157 4
      vertex 19.1764 19.3185 4
    endloop
  endfacet
  facet normal 0 0 1
    outer loop
      vertex 15.8278 20.6272 4
      vertex 18.8732 24.5961 4
      vertex 17.2242 25.7778 4
    endloop
  endfacet
  facet normal 0 0 1
    outer loop
      vertex 14.4448 21.6182 4
      vertex 17.2242 25.7778 4
      vertex 17.1037 25.8527 4
    endloop
  endfacet
  facet normal -0 0 1
    outer loop
      vertex 15.8278 20.6272 4
      vertex 17.9018 19.6157 4
      vertex 18.9971 24.4944 4
    endloop
  endfacet
  facet normal -0 0 1
    outer loop
      vertex 32.9386 -6.42879 4
      vertex 37.6758 -8.03685 4
      vertex 33.3185 -5.17638 4
    endloop
  endfacet
  facet normal 0 0 1
    outer loop
      vertex 37.6758 -8.03685 4
      vertex 32.9386 -6.42879 4
      vertex 37.0995 -9.5681 4
    endloop
  endfacet
  facet normal -0 0 1
    outer loop
      vertex 32.4776 -7.65366 4
      vertex 37.0995 -9.5681 4
      vertex 32.9386 -6.42879 4
    endloop
  endfacet
  facet normal 0 0 1
    outer loop
      vertex 37.0995 -9.5681 4
      vertex 32.4776 -7.65366 4
      vertex 36.4242 -11.0584 4
    endloop
  endfacet
  facet normal -0 0 1
    outer loop
      vertex 31.9375 -8.84576 4
      vertex 36.4242 -11.0584 4
      vertex 32.4776 -7.65366 4
    endloop
  endfacet
  facet normal 0 0 1
    outer loop
      vertex 36.4242 -11.0584 4
      vertex 31.9375 -8.84576 4
      vertex 35.6529 -12.5013 4
    endloop
  endfacet
  facet normal -0 0 1
    outer loop
      vertex 31.3205 -10 4
      vertex 35.6529 -12.5013 4
      vertex 31.9375 -8.84576 4
    endloop
  endfacet
  facet normal 0 0 1
    outer loop
      vertex 35.6529 -12.5013 4
      vertex 31.3205 -10 4
      vertex 34.789 -13.8907 4
    endloop
  endfacet
  facet normal -0 0 1
    outer loop
      vertex 30.6294 -11.1114 4
      vertex 34.789 -13.8907 4
      vertex 31.3205 -10 4
    endloop
  endfacet
  facet normal 0 0 1
    outer loop
      vertex 34.789 -13.8907 4
      vertex 30.6294 -11.1114 4
      vertex 33.836 -15.2207 4
    endloop
  endfacet
  facet normal -0 0 1
    outer loop
      vertex 29.8671 -12.1752 4
      vertex 33.836 -15.2207 4
      vertex 30.6294 -11.1114 4
    endloop
  endfacet
  facet normal 0 0 1
    outer loop
      vertex 33.836 -15.2207 4
      vertex 29.8671 -12.1752 4
      vertex 32.798 -16.4854 4
    endloop
  endfacet
  facet normal -0 0 1
    outer loop
      vertex 29.0368 -13.1869 4
      vertex 32.798 -16.4854 4
      vertex 29.8671 -12.1752 4
    endloop
  endfacet
  facet normal 0 0 1
    outer loop
      vertex 32.798 -16.4854 4
      vertex 29.0368 -13.1869 4
      vertex 31.6796 -17.6796 4
    endloop
  endfacet
  facet normal -0 0 1
    outer loop
      vertex 28.1421 -14.1421 4
      vertex 31.6796 -17.6796 4
      vertex 29.0368 -13.1869 4
    endloop
  endfacet
  facet normal 0 0 1
    outer loop
      vertex 31.6796 -17.6796 4
      vertex 28.1421 -14.1421 4
      vertex 30.4854 -18.798 4
    endloop
  endfacet
  facet normal -0 0 1
    outer loop
      vertex 27.1869 -15.0368 4
      vertex 30.4854 -18.798 4
      vertex 28.1421 -14.1421 4
    endloop
  endfacet
  facet normal 0 0 1
    outer loop
      vertex 30.4854 -18.798 4
      vertex 27.1869 -15.0368 4
      vertex 29.2207 -19.836 4
    endloop
  endfacet
  facet normal -0 0 1
    outer loop
      vertex 26.1752 -15.8671 4
      vertex 29.2207 -19.836 4
      vertex 27.1869 -15.0368 4
    endloop
  endfacet
  facet normal 0 0 1
    outer loop
      vertex 29.2207 -19.836 4
      vertex 26.1752 -15.8671 4
      vertex 27.8907 -20.789 4
    endloop
  endfacet
  facet normal -0 0 1
    outer loop
      vertex 25.1114 -16.6294 4
      vertex 27.8907 -20.789 4
      vertex 26.1752 -15.8671 4
    endloop
  endfacet
  facet normal 0 0 1
    outer loop
      vertex 27.8907 -20.789 4
      vertex 25.1114 -16.6294 4
      vertex 26.5013 -21.6529 4
    endloop
  endfacet
  facet normal -0 0 1
    outer loop
      vertex 24 -17.3205 4
      vertex 26.5013 -21.6529 4
      vertex 25.1114 -16.6294 4
    endloop
  endfacet
  facet normal 0 0 1
    outer loop
      vertex 26.5013 -21.6529 4
      vertex 24 -17.3205 4
      vertex 25.0584 -22.4242 4
    endloop
  endfacet
  facet normal -0 0 1
    outer loop
      vertex 22.8458 -17.9375 4
      vertex 25.0584 -22.4242 4
      vertex 24 -17.3205 4
    endloop
  endfacet
  facet normal 0 0 1
    outer loop
      vertex 25.0584 -22.4242 4
      vertex 22.8458 -17.9375 4
      vertex 23.5681 -23.0995 4
    endloop
  endfacet
  facet normal -0 0 1
    outer loop
      vertex 21.6537 -18.4776 4
      vertex 23.5681 -23.0995 4
      vertex 22.8458 -17.9375 4
    endloop
  endfacet
  facet normal 0 0 1
    outer loop
      vertex 23.5681 -23.0995 4
      vertex 21.6537 -18.4776 4
      vertex 22.0368 -23.6758 4
    endloop
  endfacet
  facet normal -0 0 1
    outer loop
      vertex 20.4288 -18.9386 4
      vertex 22.0368 -23.6758 4
      vertex 21.6537 -18.4776 4
    endloop
  endfacet
  facet normal 0 0 1
    outer loop
      vertex 22.0368 -23.6758 4
      vertex 20.4288 -18.9386 4
      vertex 20.4711 -24.1507 4
    endloop
  endfacet
  facet normal -0 0 1
    outer loop
      vertex 19.1764 -19.3185 4
      vertex 20.4711 -24.1507 4
      vertex 20.4288 -18.9386 4
    endloop
  endfacet
  facet normal 0 0 1
    outer loop
      vertex 19.1764 -19.3185 4
      vertex 18.9971 -24.4944 4
      vertex 20.4711 -24.1507 4
    endloop
  endfacet
  facet normal -0 0 1
    outer loop
      vertex 17.9018 -19.6157 4
      vertex 18.9971 -24.4944 4
      vertex 19.1764 -19.3185 4
    endloop
  endfacet
  facet normal -0 0 1
    outer loop
      vertex 15.8278 -20.6272 4
      vertex 18.9971 -24.4944 4
      vertex 17.9018 -19.6157 4
    endloop
  endfacet
  facet normal 0 0 1
    outer loop
      vertex 18.9971 -24.4944 4
      vertex 15.8278 -20.6272 4
      vertex 18.8732 -24.5961 4
    endloop
  endfacet
  facet normal 0 0 1
    outer loop
      vertex 15.8278 -20.6272 4
      vertex 17.9018 -19.6157 4
      vertex 16.8484 -19.7896 4
    endloop
  endfacet
  facet normal 0 0 1
    outer loop
      vertex 18.8732 -24.5961 4
      vertex 15.8278 -20.6272 4
      vertex 17.2242 -25.7778 4
    endloop
  endfacet
  facet normal -0 0 1
    outer loop
      vertex 14.4448 -21.6182 4
      vertex 17.2242 -25.7778 4
      vertex 15.8278 -20.6272 4
    endloop
  endfacet
  facet normal 0 0 1
    outer loop
      vertex 17.2242 -25.7778 4
      vertex 14.4448 -21.6182 4
      vertex 15.5013 -26.8491 4
    endloop
  endfacet
  facet normal -0 0 1
    outer loop
      vertex 13 -22.5166 4
      vertex 15.5013 -26.8491 4
      vertex 14.4448 -21.6182 4
    endloop
  endfacet
  facet normal 0 0 1
    outer loop
      vertex 15.5013 -26.8491 4
      vertex 13 -22.5166 4
      vertex 13.7121 -27.8055 4
    endloop
  endfacet
  facet normal -0 0 1
    outer loop
      vertex 11.4995 -23.3187 4
      vertex 13.7121 -27.8055 4
      vertex 13 -22.5166 4
    endloop
  endfacet
  facet normal 0 0 1
    outer loop
      vertex 13.7121 -27.8055 4
      vertex 11.4995 -23.3187 4
      vertex 11.8642 -28.6427 4
    endloop
  endfacet
  facet normal -0 0 1
    outer loop
      vertex 9.94977 -24.0209 4
      vertex 11.8642 -28.6427 4
      vertex 11.4995 -23.3187 4
    endloop
  endfacet
  facet normal 0 0 1
    outer loop
      vertex 11.8642 -28.6427 4
      vertex 9.94977 -24.0209 4
      vertex 9.96547 -29.3574 4
    endloop
  endfacet
  facet normal -0 0 1
    outer loop
      vertex 8.35742 -24.6202 4
      vertex 9.96547 -29.3574 4
      vertex 9.94977 -24.0209 4
    endloop
  endfacet
  facet normal 0 0 1
    outer loop
      vertex 8.35742 -24.6202 4
      vertex 8.02408 -29.9463 4
      vertex 9.96547 -29.3574 4
    endloop
  endfacet
  facet normal -0 0 1
    outer loop
      vertex 6.72929 -25.1141 4
      vertex 8.02408 -29.9463 4
      vertex 8.35742 -24.6202 4
    endloop
  endfacet
  facet normal 0 0 1
    outer loop
      vertex 6.72929 -25.1141 4
      vertex 6.04832 -30.407 4
      vertex 8.02408 -29.9463 4
    endloop
  endfacet
  facet normal -0 0 1
    outer loop
      vertex 5.07234 -25.5004 4
      vertex 6.04832 -30.407 4
      vertex 6.72929 -25.1141 4
    endloop
  endfacet
  facet normal 0 0 1
    outer loop
      vertex 5.07234 -25.5004 4
      vertex 4.04665 -30.7374 4
      vertex 6.04832 -30.407 4
    endloop
  endfacet
  facet normal -0 0 1
    outer loop
      vertex 3.39368 -25.7776 4
      vertex 4.04665 -30.7374 4
      vertex 5.07234 -25.5004 4
    endloop
  endfacet
  facet normal 0 0 1
    outer loop
      vertex 3.39368 -25.7776 4
      vertex 2.02768 -30.9363 4
      vertex 4.04665 -30.7374 4
    endloop
  endfacet
  facet normal -0 0 1
    outer loop
      vertex 1.70047 -25.9443 4
      vertex 2.02768 -30.9363 4
      vertex 3.39368 -25.7776 4
    endloop
  endfacet
  facet normal -0 0 1
    outer loop
      vertex 0 -26 4
      vertex 2.02768 -30.9363 4
      vertex 1.70047 -25.9443 4
    endloop
  endfacet
  facet normal 0 0 1
    outer loop
      vertex 0 -26 4
      vertex 0 -31.0027 4
      vertex 2.02768 -30.9363 4
    endloop
  endfacet
  facet normal 0 0 1
    outer loop
      vertex -1.70047 -25.9443 4
      vertex 0 -31.0027 4
      vertex 0 -26 4
    endloop
  endfacet
  facet normal 0 0 1
    outer loop
      vertex -1.70047 -25.9443 4
      vertex -2.02768 -30.9363 4
      vertex 0 -31.0027 4
    endloop
  endfacet
  facet normal 0 0 1
    outer loop
      vertex -3.39368 -25.7776 4
      vertex -2.02768 -30.9363 4
      vertex -1.70047 -25.9443 4
    endloop
  endfacet
  facet normal 0 0 1
    outer loop
      vertex -3.39368 -25.7776 4
      vertex -4.04665 -30.7374 4
      vertex -2.02768 -30.9363 4
    endloop
  endfacet
  facet normal 0 0 1
    outer loop
      vertex -5.07234 -25.5004 4
      vertex -4.04665 -30.7374 4
      vertex -3.39368 -25.7776 4
    endloop
  endfacet
  facet normal 0 0 1
    outer loop
      vertex -5.07234 -25.5004 4
      vertex -6.04832 -30.407 4
      vertex -4.04665 -30.7374 4
    endloop
  endfacet
  facet normal 0 0 1
    outer loop
      vertex -6.72929 -25.1141 4
      vertex -6.04832 -30.407 4
      vertex -5.07234 -25.5004 4
    endloop
  endfacet
  facet normal 0 0 1
    outer loop
      vertex -6.72929 -25.1141 4
      vertex -8.02408 -29.9463 4
      vertex -6.04832 -30.407 4
    endloop
  endfacet
  facet normal 0 0 1
    outer loop
      vertex -8.35742 -24.6202 4
      vertex -8.02408 -29.9463 4
      vertex -6.72929 -25.1141 4
    endloop
  endfacet
  facet normal 0 0 1
    outer loop
      vertex -9.96547 -29.3574 4
      vertex -8.35742 -24.6202 4
      vertex -9.94977 -24.0209 4
    endloop
  endfacet
  facet normal 0 0 1
    outer loop
      vertex -8.35742 -24.6202 4
      vertex -9.96547 -29.3574 4
      vertex -8.02408 -29.9463 4
    endloop
  endfacet
  facet normal 0 0 1
    outer loop
      vertex -11.8642 -28.6427 4
      vertex -9.94977 -24.0209 4
      vertex -11.4995 -23.3187 4
    endloop
  endfacet
  facet normal 0 0 1
    outer loop
      vertex -9.94977 -24.0209 4
      vertex -11.8642 -28.6427 4
      vertex -9.96547 -29.3574 4
    endloop
  endfacet
  facet normal 0 0 1
    outer loop
      vertex -13.7121 -27.8055 4
      vertex -11.4995 -23.3187 4
      vertex -13 -22.5166 4
    endloop
  endfacet
  facet normal 0 0 1
    outer loop
      vertex -11.4995 -23.3187 4
      vertex -13.7121 -27.8055 4
      vertex -11.8642 -28.6427 4
    endloop
  endfacet
  facet normal 0 0 1
    outer loop
      vertex -15.5013 -26.8491 4
      vertex -13 -22.5166 4
      vertex -14.4448 -21.6182 4
    endloop
  endfacet
  facet normal 0 0 1
    outer loop
      vertex -13 -22.5166 4
      vertex -15.5013 -26.8491 4
      vertex -13.7121 -27.8055 4
    endloop
  endfacet
  facet normal 0 0 1
    outer loop
      vertex -17.2242 -25.7778 4
      vertex -14.4448 -21.6182 4
      vertex -15.8278 -20.6272 4
    endloop
  endfacet
  facet normal 0 0 1
    outer loop
      vertex -17.9018 -19.6157 4
      vertex -15.8278 -20.6272 4
      vertex -16.8484 -19.7896 4
    endloop
  endfacet
  facet normal 0 0 1
    outer loop
      vertex -14.4448 -21.6182 4
      vertex -17.2242 -25.7778 4
      vertex -15.5013 -26.8491 4
    endloop
  endfacet
  facet normal 0 0 1
    outer loop
      vertex -15.8278 -20.6272 4
      vertex -17.9018 -19.6157 4
      vertex -18.9971 -24.4944 4
    endloop
  endfacet
  facet normal 0 0 1
    outer loop
      vertex -15.8278 -20.6272 4
      vertex -18.8732 -24.5961 4
      vertex -17.2242 -25.7778 4
    endloop
  endfacet
  facet normal 0 0 1
    outer loop
      vertex -15.8278 -20.6272 4
      vertex -18.9971 -24.4944 4
      vertex -18.8732 -24.5961 4
    endloop
  endfacet
  facet normal 0 0 1
    outer loop
      vertex -19.1764 -19.3185 4
      vertex -18.9971 -24.4944 4
      vertex -17.9018 -19.6157 4
    endloop
  endfacet
  facet normal 0 0 1
    outer loop
      vertex -20.4711 -24.1507 4
      vertex -19.1764 -19.3185 4
      vertex -20.4288 -18.9386 4
    endloop
  endfacet
  facet normal 0 0 1
    outer loop
      vertex -19.1764 -19.3185 4
      vertex -20.4711 -24.1507 4
      vertex -18.9971 -24.4944 4
    endloop
  endfacet
  facet normal 0 0 1
    outer loop
      vertex -22.0368 -23.6758 4
      vertex -20.4288 -18.9386 4
      vertex -21.6537 -18.4776 4
    endloop
  endfacet
  facet normal 0 0 1
    outer loop
      vertex -20.4288 -18.9386 4
      vertex -22.0368 -23.6758 4
      vertex -20.4711 -24.1507 4
    endloop
  endfacet
  facet normal 0 0 1
    outer loop
      vertex -23.5681 -23.0995 4
      vertex -21.6537 -18.4776 4
      vertex -22.8458 -17.9375 4
    endloop
  endfacet
  facet normal 0 0 1
    outer loop
      vertex -21.6537 -18.4776 4
      vertex -23.5681 -23.0995 4
      vertex -22.0368 -23.6758 4
    endloop
  endfacet
  facet normal 0 0 1
    outer loop
      vertex -25.0584 -22.4242 4
      vertex -22.8458 -17.9375 4
      vertex -24 -17.3205 4
    endloop
  endfacet
  facet normal 0 0 1
    outer loop
      vertex -22.8458 -17.9375 4
      vertex -25.0584 -22.4242 4
      vertex -23.5681 -23.0995 4
    endloop
  endfacet
  facet normal 0 0 1
    outer loop
      vertex -26.5013 -21.6529 4
      vertex -24 -17.3205 4
      vertex -25.1114 -16.6294 4
    endloop
  endfacet
  facet normal 0 0 1
    outer loop
      vertex -27.8907 -20.789 4
      vertex -25.1114 -16.6294 4
      vertex -26.1752 -15.8671 4
    endloop
  endfacet
  facet normal 0 0 1
    outer loop
      vertex -24 -17.3205 4
      vertex -26.5013 -21.6529 4
      vertex -25.0584 -22.4242 4
    endloop
  endfacet
  facet normal 0 0 1
    outer loop
      vertex -29.2207 -19.836 4
      vertex -26.1752 -15.8671 4
      vertex -27.1869 -15.0368 4
    endloop
  endfacet
  facet normal 0 0 1
    outer loop
      vertex -25.1114 -16.6294 4
      vertex -27.8907 -20.789 4
      vertex -26.5013 -21.6529 4
    endloop
  endfacet
  facet normal 0 0 1
    outer loop
      vertex -30.4854 -18.798 4
      vertex -27.1869 -15.0368 4
      vertex -28.1421 -14.1421 4
    endloop
  endfacet
  facet normal 0 0 1
    outer loop
      vertex -31.6796 -17.6796 4
      vertex -28.1421 -14.1421 4
      vertex -29.0368 -13.1869 4
    endloop
  endfacet
  facet normal 0 0 1
    outer loop
      vertex -26.1752 -15.8671 4
      vertex -29.2207 -19.836 4
      vertex -27.8907 -20.789 4
    endloop
  endfacet
  facet normal 0 0 1
    outer loop
      vertex -32.798 -16.4854 4
      vertex -29.0368 -13.1869 4
      vertex -29.8671 -12.1752 4
    endloop
  endfacet
  facet normal 0 0 1
    outer loop
      vertex -27.1869 -15.0368 4
      vertex -30.4854 -18.798 4
      vertex -29.2207 -19.836 4
    endloop
  endfacet
  facet normal 0 0 1
    outer loop
      vertex -33.836 -15.2207 4
      vertex -29.8671 -12.1752 4
      vertex -30.6294 -11.1114 4
    endloop
  endfacet
  facet normal 0 0 1
    outer loop
      vertex -34.789 -13.8907 4
      vertex -30.6294 -11.1114 4
      vertex -31.3205 -10 4
    endloop
  endfacet
  facet normal 0 0 1
    outer loop
      vertex -28.1421 -14.1421 4
      vertex -31.6796 -17.6796 4
      vertex -30.4854 -18.798 4
    endloop
  endfacet
  facet normal 0 0 1
    outer loop
      vertex -35.6529 -12.5013 4
      vertex -31.3205 -10 4
      vertex -31.9375 -8.84576 4
    endloop
  endfacet
  facet normal 0 0 1
    outer loop
      vertex -36.4242 -11.0584 4
      vertex -31.9375 -8.84576 4
      vertex -32.4776 -7.65366 4
    endloop
  endfacet
  facet normal 0 0 1
    outer loop
      vertex -29.0368 -13.1869 4
      vertex -32.798 -16.4854 4
      vertex -31.6796 -17.6796 4
    endloop
  endfacet
  facet normal 0 0 1
    outer loop
      vertex -37.0995 -9.5681 4
      vertex -32.4776 -7.65366 4
      vertex -32.9386 -6.42879 4
    endloop
  endfacet
  facet normal 0 0 1
    outer loop
      vertex -37.6758 -8.03685 4
      vertex -32.9386 -6.42879 4
      vertex -33.3185 -5.17638 4
    endloop
  endfacet
  facet normal 0 0 1
    outer loop
      vertex -38.1507 -6.47115 4
      vertex -33.3185 -5.17638 4
      vertex -33.6157 -3.90179 4
    endloop
  endfacet
  facet normal 0 0 1
    outer loop
      vertex -38.5222 -4.87776 4
      vertex -33.6157 -3.90179 4
      vertex -33.8289 -2.61052 4
    endloop
  endfacet
  facet normal 0 0 1
    outer loop
      vertex -29.8671 -12.1752 4
      vertex -33.836 -15.2207 4
      vertex -32.798 -16.4854 4
    endloop
  endfacet
  facet normal 0 0 1
    outer loop
      vertex -38.7888 -3.2635 4
      vertex -33.8289 -2.61052 4
      vertex -33.9572 -1.30806 4
    endloop
  endfacet
  facet normal 0 0 1
    outer loop
      vertex -38.9491 -1.63527 4
      vertex -33.9572 -1.30806 4
      vertex -34 0 4
    endloop
  endfacet
  facet normal -0 0 1
    outer loop
      vertex -38.1507 6.47115 4
      vertex -33.3185 5.17638 4
      vertex -37.6758 8.03685 4
    endloop
  endfacet
  facet normal 0 0 1
    outer loop
      vertex -30.6294 -11.1114 4
      vertex -34.789 -13.8907 4
      vertex -33.836 -15.2207 4
    endloop
  endfacet
  facet normal 0 0 1
    outer loop
      vertex -33.3185 5.17638 4
      vertex -38.1507 6.47115 4
      vertex -33.6157 3.90179 4
    endloop
  endfacet
  facet normal 0 0 1
    outer loop
      vertex -31.3205 -10 4
      vertex -35.6529 -12.5013 4
      vertex -34.789 -13.8907 4
    endloop
  endfacet
  facet normal -0 0 1
    outer loop
      vertex -38.5222 4.87776 4
      vertex -33.6157 3.90179 4
      vertex -38.1507 6.47115 4
    endloop
  endfacet
  facet normal 0 0 1
    outer loop
      vertex -31.9375 -8.84576 4
      vertex -36.4242 -11.0584 4
      vertex -35.6529 -12.5013 4
    endloop
  endfacet
  facet normal 0 0 1
    outer loop
      vertex -33.6157 3.90179 4
      vertex -38.5222 4.87776 4
      vertex -33.8289 2.61052 4
    endloop
  endfacet
  facet normal 0 0 1
    outer loop
      vertex -32.4776 -7.65366 4
      vertex -37.0995 -9.5681 4
      vertex -36.4242 -11.0584 4
    endloop
  endfacet
  facet normal -0 0 1
    outer loop
      vertex -38.7888 3.2635 4
      vertex -33.8289 2.61052 4
      vertex -38.5222 4.87776 4
    endloop
  endfacet
  facet normal 0 0 1
    outer loop
      vertex -32.9386 -6.42879 4
      vertex -37.6758 -8.03685 4
      vertex -37.0995 -9.5681 4
    endloop
  endfacet
  facet normal 0 0 1
    outer loop
      vertex -33.8289 2.61052 4
      vertex -38.7888 3.2635 4
      vertex -33.9572 1.30806 4
    endloop
  endfacet
  facet normal 0 0 1
    outer loop
      vertex -33.3185 -5.17638 4
      vertex -38.1507 -6.47115 4
      vertex -37.6758 -8.03685 4
    endloop
  endfacet
  facet normal -0 0 1
    outer loop
      vertex -38.9491 1.63527 4
      vertex -33.9572 1.30806 4
      vertex -38.7888 3.2635 4
    endloop
  endfacet
  facet normal 0 0 1
    outer loop
      vertex -33.6157 -3.90179 4
      vertex -38.5222 -4.87776 4
      vertex -38.1507 -6.47115 4
    endloop
  endfacet
  facet normal 0 0 1
    outer loop
      vertex -33.9572 1.30806 4
      vertex -38.9491 1.63527 4
      vertex -34 0 4
    endloop
  endfacet
  facet normal 0 0 1
    outer loop
      vertex -33.8289 -2.61052 4
      vertex -38.7888 -3.2635 4
      vertex -38.5222 -4.87776 4
    endloop
  endfacet
  facet normal 0 0 1
    outer loop
      vertex -39.0027 0 4
      vertex -34 0 4
      vertex -38.9491 1.63527 4
    endloop
  endfacet
  facet normal 0 0 1
    outer loop
      vertex -33.9572 -1.30806 4
      vertex -38.9491 -1.63527 4
      vertex -38.7888 -3.2635 4
    endloop
  endfacet
  facet normal 0 0 1
    outer loop
      vertex -34 0 4
      vertex -39.0027 0 4
      vertex -38.9491 -1.63527 4
    endloop
  endfacet
  facet normal 0.098041 -0.995182 0
    outer loop
      vertex 2.02768 -30.9363 0
      vertex 4.04665 -30.7374 4
      vertex 2.02768 -30.9363 4
    endloop
  endfacet
  facet normal 0.098041 -0.995182 0
    outer loop
      vertex 4.04665 -30.7374 4
      vertex 2.02768 -30.9363 0
      vertex 4.04665 -30.7374 0
    endloop
  endfacet
  facet normal 0.162858 -0.986649 0
    outer loop
      vertex 4.04665 -30.7374 0
      vertex 6.04832 -30.407 4
      vertex 4.04665 -30.7374 4
    endloop
  endfacet
  facet normal 0.162858 -0.986649 0
    outer loop
      vertex 6.04832 -30.407 4
      vertex 4.04665 -30.7374 0
      vertex 6.04832 -30.407 0
    endloop
  endfacet
  facet normal 0.227084 -0.973875 0
    outer loop
      vertex 6.04832 -30.407 0
      vertex 8.02408 -29.9463 4
      vertex 6.04832 -30.407 4
    endloop
  endfacet
  facet normal 0.227084 -0.973875 0
    outer loop
      vertex 8.02408 -29.9463 4
      vertex 6.04832 -30.407 0
      vertex 8.02408 -29.9463 0
    endloop
  endfacet
  facet normal 0.290278 -0.956942 0
    outer loop
      vertex 8.02408 -29.9463 0
      vertex 9.96547 -29.3574 4
      vertex 8.02408 -29.9463 4
    endloop
  endfacet
  facet normal 0.290278 -0.956942 0
    outer loop
      vertex 9.96547 -29.3574 4
      vertex 8.02408 -29.9463 0
      vertex 9.96547 -29.3574 0
    endloop
  endfacet
  facet normal 0.35228 -0.935895 0
    outer loop
      vertex 9.96547 -29.3574 0
      vertex 11.8642 -28.6427 4
      vertex 9.96547 -29.3574 4
    endloop
  endfacet
  facet normal 0.35228 -0.935895 0
    outer loop
      vertex 11.8642 -28.6427 4
      vertex 9.96547 -29.3574 0
      vertex 11.8642 -28.6427 0
    endloop
  endfacet
  facet normal 0.412677 -0.910877 0
    outer loop
      vertex 11.8642 -28.6427 0
      vertex 13.7121 -27.8055 4
      vertex 11.8642 -28.6427 4
    endloop
  endfacet
  facet normal 0.412677 -0.910877 0
    outer loop
      vertex 13.7121 -27.8055 4
      vertex 11.8642 -28.6427 0
      vertex 13.7121 -27.8055 0
    endloop
  endfacet
  facet normal 0.471417 -0.88191 0
    outer loop
      vertex 13.7121 -27.8055 0
      vertex 15.5013 -26.8491 4
      vertex 13.7121 -27.8055 4
    endloop
  endfacet
  facet normal 0.471417 -0.88191 0
    outer loop
      vertex 15.5013 -26.8491 4
      vertex 13.7121 -27.8055 0
      vertex 15.5013 -26.8491 0
    endloop
  endfacet
  facet normal 0.528044 -0.849217 0
    outer loop
      vertex 15.5013 -26.8491 0
      vertex 17.2242 -25.7778 4
      vertex 15.5013 -26.8491 4
    endloop
  endfacet
  facet normal 0.528044 -0.849217 0
    outer loop
      vertex 17.2242 -25.7778 4
      vertex 15.5013 -26.8491 0
      vertex 17.2242 -25.7778 0
    endloop
  endfacet
  facet normal 0.582492 -0.812837 0
    outer loop
      vertex 17.2242 -25.7778 0
      vertex 18.8732 -24.5961 4
      vertex 17.2242 -25.7778 4
    endloop
  endfacet
  facet normal 0.582492 -0.812837 0
    outer loop
      vertex 18.8732 -24.5961 4
      vertex 17.2242 -25.7778 0
      vertex 18.8732 -24.5961 0
    endloop
  endfacet
  facet normal 0.63446 -0.772956 0
    outer loop
      vertex 18.8732 -24.5961 0
      vertex 18.9971 -24.4944 4
      vertex 18.8732 -24.5961 4
    endloop
  endfacet
  facet normal 0.63446 -0.772956 0
    outer loop
      vertex 18.9971 -24.4944 4
      vertex 18.8732 -24.5961 0
      vertex 18.9971 -24.4944 0
    endloop
  endfacet
  facet normal 0.227083 -0.973875 0
    outer loop
      vertex 18.9971 -24.4944 0
      vertex 20.4711 -24.1507 4
      vertex 18.9971 -24.4944 4
    endloop
  endfacet
  facet normal 0.227083 -0.973875 0
    outer loop
      vertex 20.4711 -24.1507 4
      vertex 18.9971 -24.4944 0
      vertex 20.4711 -24.1507 0
    endloop
  endfacet
  facet normal 0.290257 -0.956949 0
    outer loop
      vertex 20.4711 -24.1507 0
      vertex 22.0368 -23.6758 4
      vertex 20.4711 -24.1507 4
    endloop
  endfacet
  facet normal 0.290257 -0.956949 0
    outer loop
      vertex 22.0368 -23.6758 4
      vertex 20.4711 -24.1507 0
      vertex 22.0368 -23.6758 0
    endloop
  endfacet
  facet normal 0.352228 -0.935914 0
    outer loop
      vertex 22.0368 -23.6758 0
      vertex 23.5681 -23.0995 4
      vertex 22.0368 -23.6758 4
    endloop
  endfacet
  facet normal 0.352228 -0.935914 0
    outer loop
      vertex 23.5681 -23.0995 4
      vertex 22.0368 -23.6758 0
      vertex 23.5681 -23.0995 0
    endloop
  endfacet
  facet normal 0.412734 -0.910851 0
    outer loop
      vertex 23.5681 -23.0995 0
      vertex 25.0584 -22.4242 4
      vertex 23.5681 -23.0995 4
    endloop
  endfacet
  facet normal 0.412734 -0.910851 0
    outer loop
      vertex 25.0584 -22.4242 4
      vertex 23.5681 -23.0995 0
      vertex 25.0584 -22.4242 0
    endloop
  endfacet
  facet normal 0.471422 -0.881908 0
    outer loop
      vertex 25.0584 -22.4242 0
      vertex 26.5013 -21.6529 4
      vertex 25.0584 -22.4242 4
    endloop
  endfacet
  facet normal 0.471422 -0.881908 0
    outer loop
      vertex 26.5013 -21.6529 4
      vertex 25.0584 -22.4242 0
      vertex 26.5013 -21.6529 0
    endloop
  endfacet
  facet normal 0.528031 -0.849225 0
    outer loop
      vertex 26.5013 -21.6529 0
      vertex 27.8907 -20.789 4
      vertex 26.5013 -21.6529 4
    endloop
  endfacet
  facet normal 0.528031 -0.849225 0
    outer loop
      vertex 27.8907 -20.789 4
      vertex 26.5013 -21.6529 0
      vertex 27.8907 -20.789 0
    endloop
  endfacet
  facet normal 0.582452 -0.812865 0
    outer loop
      vertex 27.8907 -20.789 0
      vertex 29.2207 -19.836 4
      vertex 27.8907 -20.789 4
    endloop
  endfacet
  facet normal 0.582452 -0.812865 0
    outer loop
      vertex 29.2207 -19.836 4
      vertex 27.8907 -20.789 0
      vertex 29.2207 -19.836 0
    endloop
  endfacet
  facet normal 0.634425 -0.772984 0
    outer loop
      vertex 29.2207 -19.836 0
      vertex 30.4854 -18.798 4
      vertex 29.2207 -19.836 4
    endloop
  endfacet
  facet normal 0.634425 -0.772984 0
    outer loop
      vertex 30.4854 -18.798 4
      vertex 29.2207 -19.836 0
      vertex 30.4854 -18.798 0
    endloop
  endfacet
  facet normal 0.683563 -0.729892 0
    outer loop
      vertex 30.4854 -18.798 0
      vertex 31.6796 -17.6796 4
      vertex 30.4854 -18.798 4
    endloop
  endfacet
  facet normal 0.683563 -0.729892 0
    outer loop
      vertex 31.6796 -17.6796 4
      vertex 30.4854 -18.798 0
      vertex 31.6796 -17.6796 0
    endloop
  endfacet
  facet normal 0.729892 -0.683563 -1.19382e-17
    outer loop
      vertex 31.6796 -17.6796 4
      vertex 32.798 -16.4854 0
      vertex 32.798 -16.4854 4
    endloop
  endfacet
  facet normal 0.729892 -0.683563 -1.19382e-17
    outer loop
      vertex 32.798 -16.4854 0
      vertex 31.6796 -17.6796 4
      vertex 31.6796 -17.6796 0
    endloop
  endfacet
  facet normal 0.772984 -0.634425 -1.52768e-17
    outer loop
      vertex 32.798 -16.4854 4
      vertex 33.836 -15.2207 0
      vertex 33.836 -15.2207 4
    endloop
  endfacet
  facet normal 0.772984 -0.634425 -1.52768e-17
    outer loop
      vertex 33.836 -15.2207 0
      vertex 32.798 -16.4854 4
      vertex 32.798 -16.4854 0
    endloop
  endfacet
  facet normal 0.812865 -0.582452 -5.10264e-19
    outer loop
      vertex 33.836 -15.2207 4
      vertex 34.789 -13.8907 0
      vertex 34.789 -13.8907 4
    endloop
  endfacet
  facet normal 0.812865 -0.582452 -5.10264e-19
    outer loop
      vertex 34.789 -13.8907 0
      vertex 33.836 -15.2207 4
      vertex 33.836 -15.2207 0
    endloop
  endfacet
  facet normal 0.849225 -0.528031 5.26858e-18
    outer loop
      vertex 34.789 -13.8907 4
      vertex 35.6529 -12.5013 0
      vertex 35.6529 -12.5013 4
    endloop
  endfacet
  facet normal 0.849225 -0.528031 5.26858e-18
    outer loop
      vertex 35.6529 -12.5013 0
      vertex 34.789 -13.8907 4
      vertex 34.789 -13.8907 0
    endloop
  endfacet
  facet normal 0.881908 -0.471422 1.89831e-18
    outer loop
      vertex 35.6529 -12.5013 4
      vertex 36.4242 -11.0584 0
      vertex 36.4242 -11.0584 4
    endloop
  endfacet
  facet normal 0.881908 -0.471422 1.89831e-18
    outer loop
      vertex 36.4242 -11.0584 0
      vertex 35.6529 -12.5013 4
      vertex 35.6529 -12.5013 0
    endloop
  endfacet
  facet normal 0.910851 -0.412734 -1.59109e-18
    outer loop
      vertex 36.4242 -11.0584 4
      vertex 37.0995 -9.5681 0
      vertex 37.0995 -9.5681 4
    endloop
  endfacet
  facet normal 0.910851 -0.412734 -1.59109e-18
    outer loop
      vertex 37.0995 -9.5681 0
      vertex 36.4242 -11.0584 4
      vertex 36.4242 -11.0584 0
    endloop
  endfacet
  facet normal 0.93591 -0.352238 0
    outer loop
      vertex 37.0995 -9.5681 4
      vertex 37.6758 -8.03685 0
      vertex 37.6758 -8.03685 4
    endloop
  endfacet
  facet normal 0.93591 -0.352238 0
    outer loop
      vertex 37.6758 -8.03685 0
      vertex 37.0995 -9.5681 4
      vertex 37.0995 -9.5681 0
    endloop
  endfacet
  facet normal 0.956949 -0.290257 3.87591e-18
    outer loop
      vertex 37.6758 -8.03685 4
      vertex 38.1507 -6.47115 0
      vertex 38.1507 -6.47115 4
    endloop
  endfacet
  facet normal 0.956949 -0.290257 3.87591e-18
    outer loop
      vertex 38.1507 -6.47115 0
      vertex 37.6758 -8.03685 4
      vertex 37.6758 -8.03685 0
    endloop
  endfacet
  facet normal 0.973881 -0.227061 1.86742e-21
    outer loop
      vertex 38.1507 -6.47115 4
      vertex 38.5222 -4.87776 0
      vertex 38.5222 -4.87776 4
    endloop
  endfacet
  facet normal 0.973881 -0.227061 1.86742e-21
    outer loop
      vertex 38.5222 -4.87776 0
      vertex 38.1507 -6.47115 4
      vertex 38.1507 -6.47115 0
    endloop
  endfacet
  facet normal 0.986635 -0.162946 -1.47966e-18
    outer loop
      vertex 38.5222 -4.87776 4
      vertex 38.7888 -3.2635 0
      vertex 38.7888 -3.2635 4
    endloop
  endfacet
  facet normal 0.986635 -0.162946 -1.47966e-18
    outer loop
      vertex 38.7888 -3.2635 0
      vertex 38.5222 -4.87776 4
      vertex 38.5222 -4.87776 0
    endloop
  endfacet
  facet normal 0.995189 -0.0979768 1.15347e-18
    outer loop
      vertex 38.7888 -3.2635 4
      vertex 38.9491 -1.63527 0
      vertex 38.9491 -1.63527 4
    endloop
  endfacet
  facet normal 0.995189 -0.0979768 1.15347e-18
    outer loop
      vertex 38.9491 -1.63527 0
      vertex 38.7888 -3.2635 4
      vertex 38.7888 -3.2635 0
    endloop
  endfacet
  facet normal 0.999463 -0.0327599 4.62298e-19
    outer loop
      vertex 38.9491 -1.63527 4
      vertex 39.0027 0 0
      vertex 39.0027 0 4
    endloop
  endfacet
  facet normal 0.999463 -0.0327599 4.62298e-19
    outer loop
      vertex 39.0027 0 0
      vertex 38.9491 -1.63527 4
      vertex 38.9491 -1.63527 0
    endloop
  endfacet
  facet normal 0.999463 0.0327599 -4.62298e-19
    outer loop
      vertex 39.0027 0 4
      vertex 38.9491 1.63527 0
      vertex 38.9491 1.63527 4
    endloop
  endfacet
  facet normal 0.999463 0.0327599 -4.62298e-19
    outer loop
      vertex 38.9491 1.63527 0
      vertex 39.0027 0 4
      vertex 39.0027 0 0
    endloop
  endfacet
  facet normal 0.995189 0.0979768 -1.15347e-18
    outer loop
      vertex 38.9491 1.63527 4
      vertex 38.7888 3.2635 0
      vertex 38.7888 3.2635 4
    endloop
  endfacet
  facet normal 0.995189 0.0979768 -1.15347e-18
    outer loop
      vertex 38.7888 3.2635 0
      vertex 38.9491 1.63527 4
      vertex 38.9491 1.63527 0
    endloop
  endfacet
  facet normal 0.986635 0.162946 1.47966e-18
    outer loop
      vertex 38.7888 3.2635 4
      vertex 38.5222 4.87776 0
      vertex 38.5222 4.87776 4
    endloop
  endfacet
  facet normal 0.986635 0.162946 1.47966e-18
    outer loop
      vertex 38.5222 4.87776 0
      vertex 38.7888 3.2635 4
      vertex 38.7888 3.2635 0
    endloop
  endfacet
  facet normal 0.973881 0.227061 -1.86742e-21
    outer loop
      vertex 38.5222 4.87776 4
      vertex 38.1507 6.47115 0
      vertex 38.1507 6.47115 4
    endloop
  endfacet
  facet normal 0.973881 0.227061 -1.86742e-21
    outer loop
      vertex 38.1507 6.47115 0
      vertex 38.5222 4.87776 4
      vertex 38.5222 4.87776 0
    endloop
  endfacet
  facet normal 0.956949 0.290257 -3.87591e-18
    outer loop
      vertex 38.1507 6.47115 4
      vertex 37.6758 8.03685 0
      vertex 37.6758 8.03685 4
    endloop
  endfacet
  facet normal 0.956949 0.290257 -3.87591e-18
    outer loop
      vertex 37.6758 8.03685 0
      vertex 38.1507 6.47115 4
      vertex 38.1507 6.47115 0
    endloop
  endfacet
  facet normal 0.93591 0.352238 0
    outer loop
      vertex 37.6758 8.03685 4
      vertex 37.0995 9.5681 0
      vertex 37.0995 9.5681 4
    endloop
  endfacet
  facet normal 0.93591 0.352238 0
    outer loop
      vertex 37.0995 9.5681 0
      vertex 37.6758 8.03685 4
      vertex 37.6758 8.03685 0
    endloop
  endfacet
  facet normal 0.910851 0.412734 1.59109e-18
    outer loop
      vertex 37.0995 9.5681 4
      vertex 36.4242 11.0584 0
      vertex 36.4242 11.0584 4
    endloop
  endfacet
  facet normal 0.910851 0.412734 1.59109e-18
    outer loop
      vertex 36.4242 11.0584 0
      vertex 37.0995 9.5681 4
      vertex 37.0995 9.5681 0
    endloop
  endfacet
  facet normal 0.881908 0.471422 -1.89831e-18
    outer loop
      vertex 36.4242 11.0584 4
      vertex 35.6529 12.5013 0
      vertex 35.6529 12.5013 4
    endloop
  endfacet
  facet normal 0.881908 0.471422 -1.89831e-18
    outer loop
      vertex 35.6529 12.5013 0
      vertex 36.4242 11.0584 4
      vertex 36.4242 11.0584 0
    endloop
  endfacet
  facet normal 0.849225 0.528031 -5.26858e-18
    outer loop
      vertex 35.6529 12.5013 4
      vertex 34.789 13.8907 0
      vertex 34.789 13.8907 4
    endloop
  endfacet
  facet normal 0.849225 0.528031 -5.26858e-18
    outer loop
      vertex 34.789 13.8907 0
      vertex 35.6529 12.5013 4
      vertex 35.6529 12.5013 0
    endloop
  endfacet
  facet normal 0.812865 0.582452 5.10264e-19
    outer loop
      vertex 34.789 13.8907 4
      vertex 33.836 15.2207 0
      vertex 33.836 15.2207 4
    endloop
  endfacet
  facet normal 0.812865 0.582452 5.10264e-19
    outer loop
      vertex 33.836 15.2207 0
      vertex 34.789 13.8907 4
      vertex 34.789 13.8907 0
    endloop
  endfacet
  facet normal 0.772984 0.634425 1.52768e-17
    outer loop
      vertex 33.836 15.2207 4
      vertex 32.798 16.4854 0
      vertex 32.798 16.4854 4
    endloop
  endfacet
  facet normal 0.772984 0.634425 1.52768e-17
    outer loop
      vertex 32.798 16.4854 0
      vertex 33.836 15.2207 4
      vertex 33.836 15.2207 0
    endloop
  endfacet
  facet normal 0.729892 0.683563 1.19382e-17
    outer loop
      vertex 32.798 16.4854 4
      vertex 31.6796 17.6796 0
      vertex 31.6796 17.6796 4
    endloop
  endfacet
  facet normal 0.729892 0.683563 1.19382e-17
    outer loop
      vertex 31.6796 17.6796 0
      vertex 32.798 16.4854 4
      vertex 32.798 16.4854 0
    endloop
  endfacet
  facet normal 0.683563 0.729892 -0
    outer loop
      vertex 31.6796 17.6796 0
      vertex 30.4854 18.798 4
      vertex 31.6796 17.6796 4
    endloop
  endfacet
  facet normal 0.683563 0.729892 0
    outer loop
      vertex 30.4854 18.798 4
      vertex 31.6796 17.6796 0
      vertex 30.4854 18.798 0
    endloop
  endfacet
  facet normal 0.634425 0.772984 -0
    outer loop
      vertex 30.4854 18.798 0
      vertex 29.2207 19.836 4
      vertex 30.4854 18.798 4
    endloop
  endfacet
  facet normal 0.634425 0.772984 0
    outer loop
      vertex 29.2207 19.836 4
      vertex 30.4854 18.798 0
      vertex 29.2207 19.836 0
    endloop
  endfacet
  facet normal 0.582452 0.812865 -0
    outer loop
      vertex 29.2207 19.836 0
      vertex 27.8907 20.789 4
      vertex 29.2207 19.836 4
    endloop
  endfacet
  facet normal 0.582452 0.812865 0
    outer loop
      vertex 27.8907 20.789 4
      vertex 29.2207 19.836 0
      vertex 27.8907 20.789 0
    endloop
  endfacet
  facet normal 0.528031 0.849225 -0
    outer loop
      vertex 27.8907 20.789 0
      vertex 26.5013 21.6529 4
      vertex 27.8907 20.789 4
    endloop
  endfacet
  facet normal 0.528031 0.849225 0
    outer loop
      vertex 26.5013 21.6529 4
      vertex 27.8907 20.789 0
      vertex 26.5013 21.6529 0
    endloop
  endfacet
  facet normal 0.471422 0.881908 -0
    outer loop
      vertex 26.5013 21.6529 0
      vertex 25.0584 22.4242 4
      vertex 26.5013 21.6529 4
    endloop
  endfacet
  facet normal 0.471422 0.881908 0
    outer loop
      vertex 25.0584 22.4242 4
      vertex 26.5013 21.6529 0
      vertex 25.0584 22.4242 0
    endloop
  endfacet
  facet normal 0.412734 0.910851 -0
    outer loop
      vertex 25.0584 22.4242 0
      vertex 23.5681 23.0995 4
      vertex 25.0584 22.4242 4
    endloop
  endfacet
  facet normal 0.412734 0.910851 0
    outer loop
      vertex 23.5681 23.0995 4
      vertex 25.0584 22.4242 0
      vertex 23.5681 23.0995 0
    endloop
  endfacet
  facet normal 0.352228 0.935914 -0
    outer loop
      vertex 23.5681 23.0995 0
      vertex 22.0368 23.6758 4
      vertex 23.5681 23.0995 4
    endloop
  endfacet
  facet normal 0.352228 0.935914 0
    outer loop
      vertex 22.0368 23.6758 4
      vertex 23.5681 23.0995 0
      vertex 22.0368 23.6758 0
    endloop
  endfacet
  facet normal 0.290257 0.956949 -0
    outer loop
      vertex 22.0368 23.6758 0
      vertex 20.4711 24.1507 4
      vertex 22.0368 23.6758 4
    endloop
  endfacet
  facet normal 0.290257 0.956949 0
    outer loop
      vertex 20.4711 24.1507 4
      vertex 22.0368 23.6758 0
      vertex 20.4711 24.1507 0
    endloop
  endfacet
  facet normal 0.227083 0.973875 -0
    outer loop
      vertex 20.4711 24.1507 0
      vertex 18.9971 24.4944 4
      vertex 20.4711 24.1507 4
    endloop
  endfacet
  facet normal 0.227083 0.973875 0
    outer loop
      vertex 18.9971 24.4944 4
      vertex 20.4711 24.1507 0
      vertex 18.9971 24.4944 0
    endloop
  endfacet
  facet normal 0.63446 0.772956 -0
    outer loop
      vertex 18.9971 24.4944 0
      vertex 18.8732 24.5961 4
      vertex 18.9971 24.4944 4
    endloop
  endfacet
  facet normal 0.63446 0.772956 0
    outer loop
      vertex 18.8732 24.5961 4
      vertex 18.9971 24.4944 0
      vertex 18.8732 24.5961 0
    endloop
  endfacet
  facet normal 0.582492 0.812837 -0
    outer loop
      vertex 18.8732 24.5961 0
      vertex 17.2242 25.7778 4
      vertex 18.8732 24.5961 4
    endloop
  endfacet
  facet normal 0.582492 0.812837 0
    outer loop
      vertex 17.2242 25.7778 4
      vertex 18.8732 24.5961 0
      vertex 17.2242 25.7778 0
    endloop
  endfacet
  facet normal 0.527907 0.849302 -0
    outer loop
      vertex 17.2242 25.7778 0
      vertex 17.1037 25.8527 4
      vertex 17.2242 25.7778 4
    endloop
  endfacet
  facet normal 0.527907 0.849302 0
    outer loop
      vertex 17.1037 25.8527 4
      vertex 17.2242 25.7778 0
      vertex 17.1037 25.8527 0
    endloop
  endfacet
  facet normal 0.767663 -0.640853 4.10004e-17
    outer loop
      vertex 17.1037 25.8527 4
      vertex 21.4938 31.1115 0
      vertex 21.4938 31.1115 4
    endloop
  endfacet
  facet normal 0.767663 -0.640853 4.10004e-17
    outer loop
      vertex 21.4938 31.1115 0
      vertex 17.1037 25.8527 4
      vertex 17.1037 25.8527 0
    endloop
  endfacet
  facet normal 0.779891 -0.625915 3.93523e-18
    outer loop
      vertex 21.4938 31.1115 4
      vertex 22.5129 32.3813 0
      vertex 22.5129 32.3813 4
    endloop
  endfacet
  facet normal 0.779891 -0.625915 3.93523e-18
    outer loop
      vertex 22.5129 32.3813 0
      vertex 21.4938 31.1115 4
      vertex 21.4938 31.1115 0
    endloop
  endfacet
  facet normal 0.960047 -0.279837 -6.38325e-18
    outer loop
      vertex 22.5129 32.3813 4
      vertex 23.2333 34.8528 0
      vertex 23.2333 34.8528 4
    endloop
  endfacet
  facet normal 0.960047 -0.279837 -6.38325e-18
    outer loop
      vertex 23.2333 34.8528 0
      vertex 22.5129 32.3813 4
      vertex 22.5129 32.3813 0
    endloop
  endfacet
  facet normal 0.994055 0.10888 2.23179e-18
    outer loop
      vertex 23.2333 34.8528 4
      vertex 22.953 37.4119 0
      vertex 22.953 37.4119 4
    endloop
  endfacet
  facet normal 0.994055 0.10888 2.23179e-18
    outer loop
      vertex 22.953 37.4119 0
      vertex 23.2333 34.8528 4
      vertex 23.2333 34.8528 0
    endloop
  endfacet
  facet normal 0.876732 0.480979 1.55306e-17
    outer loop
      vertex 22.953 37.4119 4
      vertex 21.7148 39.6689 0
      vertex 21.7148 39.6689 4
    endloop
  endfacet
  facet normal 0.876732 0.480979 1.55306e-17
    outer loop
      vertex 21.7148 39.6689 0
      vertex 22.953 37.4119 4
      vertex 22.953 37.4119 0
    endloop
  endfacet
  facet normal 0.625916 0.77989 -0
    outer loop
      vertex 21.7148 39.6689 0
      vertex 19.707 41.2803 4
      vertex 21.7148 39.6689 4
    endloop
  endfacet
  facet normal 0.625916 0.77989 0
    outer loop
      vertex 19.707 41.2803 4
      vertex 21.7148 39.6689 0
      vertex 19.707 41.2803 0
    endloop
  endfacet
  facet normal 0.279827 0.96005 -0
    outer loop
      vertex 19.707 41.2803 0
      vertex 17.2354 42.0007 4
      vertex 19.707 41.2803 4
    endloop
  endfacet
  facet normal 0.279827 0.96005 0
    outer loop
      vertex 17.2354 42.0007 4
      vertex 19.707 41.2803 0
      vertex 17.2354 42.0007 0
    endloop
  endfacet
  facet normal -0.108884 0.994054 0
    outer loop
      vertex 17.2354 42.0007 0
      vertex 14.6764 41.7204 4
      vertex 17.2354 42.0007 4
    endloop
  endfacet
  facet normal -0.108884 0.994054 0
    outer loop
      vertex 14.6764 41.7204 4
      vertex 17.2354 42.0007 0
      vertex 14.6764 41.7204 0
    endloop
  endfacet
  facet normal -0.480942 0.876752 0
    outer loop
      vertex 14.6764 41.7204 0
      vertex 13.249 40.9374 4
      vertex 14.6764 41.7204 4
    endloop
  endfacet
  facet normal -0.480942 0.876752 0
    outer loop
      vertex 13.249 40.9374 4
      vertex 14.6764 41.7204 0
      vertex 13.249 40.9374 0
    endloop
  endfacet
  facet normal -0.497832 0.867274 0
    outer loop
      vertex 13.249 40.9374 0
      vertex 8.46118 38.1891 4
      vertex 13.249 40.9374 4
    endloop
  endfacet
  facet normal -0.497832 0.867274 0
    outer loop
      vertex 8.46118 38.1891 4
      vertex 13.249 40.9374 0
      vertex 8.46118 38.1891 0
    endloop
  endfacet
  facet normal 0.980582 0.196111 4.47579e-18
    outer loop
      vertex 8.46118 38.1891 4
      vertex 8.09901 40 0
      vertex 8.09901 40 4
    endloop
  endfacet
  facet normal 0.980582 0.196111 4.47579e-18
    outer loop
      vertex 8.09901 40 0
      vertex 8.46118 38.1891 4
      vertex 8.46118 38.1891 0
    endloop
  endfacet
  facet normal 0 1 -0
    outer loop
      vertex 8.09901 40 0
      vertex -8.09901 40 4
      vertex 8.09901 40 4
    endloop
  endfacet
  facet normal 0 1 0
    outer loop
      vertex -8.09901 40 4
      vertex 8.09901 40 0
      vertex -8.09901 40 0
    endloop
  endfacet
  facet normal -0.98058 0.196119 2.55053e-18
    outer loop
      vertex -10.2489 29.2507 0
      vertex -8.09901 40 4
      vertex -8.09901 40 0
    endloop
  endfacet
  facet normal -0.98058 0.196119 2.55053e-18
    outer loop
      vertex -8.09901 40 4
      vertex -10.2489 29.2507 0
      vertex -10.2489 29.2507 4
    endloop
  endfacet
  facet normal -0.352272 0.935897 0
    outer loop
      vertex -10.2489 29.2507 0
      vertex -11.8642 28.6427 4
      vertex -10.2489 29.2507 4
    endloop
  endfacet
  facet normal -0.352272 0.935897 0
    outer loop
      vertex -11.8642 28.6427 4
      vertex -10.2489 29.2507 0
      vertex -11.8642 28.6427 0
    endloop
  endfacet
  facet normal -0.412677 0.910877 0
    outer loop
      vertex -11.8642 28.6427 0
      vertex -13.7121 27.8055 4
      vertex -11.8642 28.6427 4
    endloop
  endfacet
  facet normal -0.412677 0.910877 0
    outer loop
      vertex -13.7121 27.8055 4
      vertex -11.8642 28.6427 0
      vertex -13.7121 27.8055 0
    endloop
  endfacet
  facet normal -0.471417 0.88191 0
    outer loop
      vertex -13.7121 27.8055 0
      vertex -15.5013 26.8491 4
      vertex -13.7121 27.8055 4
    endloop
  endfacet
  facet normal -0.471417 0.88191 0
    outer loop
      vertex -15.5013 26.8491 4
      vertex -13.7121 27.8055 0
      vertex -15.5013 26.8491 0
    endloop
  endfacet
  facet normal -0.528044 0.849217 0
    outer loop
      vertex -15.5013 26.8491 0
      vertex -17.2242 25.7778 4
      vertex -15.5013 26.8491 4
    endloop
  endfacet
  facet normal -0.528044 0.849217 0
    outer loop
      vertex -17.2242 25.7778 4
      vertex -15.5013 26.8491 0
      vertex -17.2242 25.7778 0
    endloop
  endfacet
  facet normal -0.582492 0.812837 0
    outer loop
      vertex -17.2242 25.7778 0
      vertex -18.8732 24.5961 4
      vertex -17.2242 25.7778 4
    endloop
  endfacet
  facet normal -0.582492 0.812837 0
    outer loop
      vertex -18.8732 24.5961 4
      vertex -17.2242 25.7778 0
      vertex -18.8732 24.5961 0
    endloop
  endfacet
  facet normal -0.63446 0.772956 0
    outer loop
      vertex -18.8732 24.5961 0
      vertex -18.9971 24.4944 4
      vertex -18.8732 24.5961 4
    endloop
  endfacet
  facet normal -0.63446 0.772956 0
    outer loop
      vertex -18.9971 24.4944 4
      vertex -18.8732 24.5961 0
      vertex -18.9971 24.4944 0
    endloop
  endfacet
  facet normal -0.227083 0.973875 0
    outer loop
      vertex -18.9971 24.4944 0
      vertex -20.4711 24.1507 4
      vertex -18.9971 24.4944 4
    endloop
  endfacet
  facet normal -0.227083 0.973875 0
    outer loop
      vertex -20.4711 24.1507 4
      vertex -18.9971 24.4944 0
      vertex -20.4711 24.1507 0
    endloop
  endfacet
  facet normal -0.290257 0.956949 0
    outer loop
      vertex -20.4711 24.1507 0
      vertex -22.0368 23.6758 4
      vertex -20.4711 24.1507 4
    endloop
  endfacet
  facet normal -0.290257 0.956949 0
    outer loop
      vertex -22.0368 23.6758 4
      vertex -20.4711 24.1507 0
      vertex -22.0368 23.6758 0
    endloop
  endfacet
  facet normal -0.352228 0.935914 0
    outer loop
      vertex -22.0368 23.6758 0
      vertex -23.5681 23.0995 4
      vertex -22.0368 23.6758 4
    endloop
  endfacet
  facet normal -0.352228 0.935914 0
    outer loop
      vertex -23.5681 23.0995 4
      vertex -22.0368 23.6758 0
      vertex -23.5681 23.0995 0
    endloop
  endfacet
  facet normal -0.412734 0.910851 0
    outer loop
      vertex -23.5681 23.0995 0
      vertex -25.0584 22.4242 4
      vertex -23.5681 23.0995 4
    endloop
  endfacet
  facet normal -0.412734 0.910851 0
    outer loop
      vertex -25.0584 22.4242 4
      vertex -23.5681 23.0995 0
      vertex -25.0584 22.4242 0
    endloop
  endfacet
  facet normal -0.471422 0.881908 0
    outer loop
      vertex -25.0584 22.4242 0
      vertex -26.5013 21.6529 4
      vertex -25.0584 22.4242 4
    endloop
  endfacet
  facet normal -0.471422 0.881908 0
    outer loop
      vertex -26.5013 21.6529 4
      vertex -25.0584 22.4242 0
      vertex -26.5013 21.6529 0
    endloop
  endfacet
  facet normal -0.528031 0.849225 0
    outer loop
      vertex -26.5013 21.6529 0
      vertex -27.8907 20.789 4
      vertex -26.5013 21.6529 4
    endloop
  endfacet
  facet normal -0.528031 0.849225 0
    outer loop
      vertex -27.8907 20.789 4
      vertex -26.5013 21.6529 0
      vertex -27.8907 20.789 0
    endloop
  endfacet
  facet normal -0.582452 0.812865 0
    outer loop
      vertex -27.8907 20.789 0
      vertex -29.2207 19.836 4
      vertex -27.8907 20.789 4
    endloop
  endfacet
  facet normal -0.582452 0.812865 0
    outer loop
      vertex -29.2207 19.836 4
      vertex -27.8907 20.789 0
      vertex -29.2207 19.836 0
    endloop
  endfacet
  facet normal -0.634425 0.772984 0
    outer loop
      vertex -29.2207 19.836 0
      vertex -30.4854 18.798 4
      vertex -29.2207 19.836 4
    endloop
  endfacet
  facet normal -0.634425 0.772984 0
    outer loop
      vertex -30.4854 18.798 4
      vertex -29.2207 19.836 0
      vertex -30.4854 18.798 0
    endloop
  endfacet
  facet normal -0.683563 0.729892 0
    outer loop
      vertex -30.4854 18.798 0
      vertex -31.6796 17.6796 4
      vertex -30.4854 18.798 4
    endloop
  endfacet
  facet normal -0.683563 0.729892 0
    outer loop
      vertex -31.6796 17.6796 4
      vertex -30.4854 18.798 0
      vertex -31.6796 17.6796 0
    endloop
  endfacet
  facet normal -0.729892 0.683563 -1.19382e-17
    outer loop
      vertex -32.798 16.4854 0
      vertex -31.6796 17.6796 4
      vertex -31.6796 17.6796 0
    endloop
  endfacet
  facet normal -0.729892 0.683563 -1.19382e-17
    outer loop
      vertex -31.6796 17.6796 4
      vertex -32.798 16.4854 0
      vertex -32.798 16.4854 4
    endloop
  endfacet
  facet normal -0.772984 0.634425 -1.52768e-17
    outer loop
      vertex -33.836 15.2207 0
      vertex -32.798 16.4854 4
      vertex -32.798 16.4854 0
    endloop
  endfacet
  facet normal -0.772984 0.634425 -1.52768e-17
    outer loop
      vertex -32.798 16.4854 4
      vertex -33.836 15.2207 0
      vertex -33.836 15.2207 4
    endloop
  endfacet
  facet normal -0.812865 0.582452 -5.10264e-19
    outer loop
      vertex -34.789 13.8907 0
      vertex -33.836 15.2207 4
      vertex -33.836 15.2207 0
    endloop
  endfacet
  facet normal -0.812865 0.582452 -5.10264e-19
    outer loop
      vertex -33.836 15.2207 4
      vertex -34.789 13.8907 0
      vertex -34.789 13.8907 4
    endloop
  endfacet
  facet normal -0.849225 0.528031 5.26858e-18
    outer loop
      vertex -35.6529 12.5013 0
      vertex -34.789 13.8907 4
      vertex -34.789 13.8907 0
    endloop
  endfacet
  facet normal -0.849225 0.528031 5.26858e-18
    outer loop
      vertex -34.789 13.8907 4
      vertex -35.6529 12.5013 0
      vertex -35.6529 12.5013 4
    endloop
  endfacet
  facet normal -0.881908 0.471422 1.89831e-18
    outer loop
      vertex -36.4242 11.0584 0
      vertex -35.6529 12.5013 4
      vertex -35.6529 12.5013 0
    endloop
  endfacet
  facet normal -0.881908 0.471422 1.89831e-18
    outer loop
      vertex -35.6529 12.5013 4
      vertex -36.4242 11.0584 0
      vertex -36.4242 11.0584 4
    endloop
  endfacet
  facet normal -0.910851 0.412734 -1.59109e-18
    outer loop
      vertex -37.0995 9.5681 0
      vertex -36.4242 11.0584 4
      vertex -36.4242 11.0584 0
    endloop
  endfacet
  facet normal -0.910851 0.412734 -1.59109e-18
    outer loop
      vertex -36.4242 11.0584 4
      vertex -37.0995 9.5681 0
      vertex -37.0995 9.5681 4
    endloop
  endfacet
  facet normal -0.93591 0.352238 0
    outer loop
      vertex -37.6758 8.03685 0
      vertex -37.0995 9.5681 4
      vertex -37.0995 9.5681 0
    endloop
  endfacet
  facet normal -0.93591 0.352238 0
    outer loop
      vertex -37.0995 9.5681 4
      vertex -37.6758 8.03685 0
      vertex -37.6758 8.03685 4
    endloop
  endfacet
  facet normal -0.956949 0.290257 3.87591e-18
    outer loop
      vertex -38.1507 6.47115 0
      vertex -37.6758 8.03685 4
      vertex -37.6758 8.03685 0
    endloop
  endfacet
  facet normal -0.956949 0.290257 3.87591e-18
    outer loop
      vertex -37.6758 8.03685 4
      vertex -38.1507 6.47115 0
      vertex -38.1507 6.47115 4
    endloop
  endfacet
  facet normal -0.973881 0.227061 1.86742e-21
    outer loop
      vertex -38.5222 4.87776 0
      vertex -38.1507 6.47115 4
      vertex -38.1507 6.47115 0
    endloop
  endfacet
  facet normal -0.973881 0.227061 1.86742e-21
    outer loop
      vertex -38.1507 6.47115 4
      vertex -38.5222 4.87776 0
      vertex -38.5222 4.87776 4
    endloop
  endfacet
  facet normal -0.986635 0.162946 -1.47966e-18
    outer loop
      vertex -38.7888 3.2635 0
      vertex -38.5222 4.87776 4
      vertex -38.5222 4.87776 0
    endloop
  endfacet
  facet normal -0.986635 0.162946 -1.47966e-18
    outer loop
      vertex -38.5222 4.87776 4
      vertex -38.7888 3.2635 0
      vertex -38.7888 3.2635 4
    endloop
  endfacet
  facet normal -0.995189 0.0979768 1.15347e-18
    outer loop
      vertex -38.9491 1.63527 0
      vertex -38.7888 3.2635 4
      vertex -38.7888 3.2635 0
    endloop
  endfacet
  facet normal -0.995189 0.0979768 1.15347e-18
    outer loop
      vertex -38.7888 3.2635 4
      vertex -38.9491 1.63527 0
      vertex -38.9491 1.63527 4
    endloop
  endfacet
  facet normal -0.999463 0.0327599 4.62298e-19
    outer loop
      vertex -39.0027 0 0
      vertex -38.9491 1.63527 4
      vertex -38.9491 1.63527 0
    endloop
  endfacet
  facet normal -0.999463 0.0327599 4.62298e-19
    outer loop
      vertex -38.9491 1.63527 4
      vertex -39.0027 0 0
      vertex -39.0027 0 4
    endloop
  endfacet
  facet normal -0.999463 -0.0327599 -4.62298e-19
    outer loop
      vertex -38.9491 -1.63527 0
      vertex -39.0027 0 4
      vertex -39.0027 0 0
    endloop
  endfacet
  facet normal -0.999463 -0.0327599 -4.62298e-19
    outer loop
      vertex -39.0027 0 4
      vertex -38.9491 -1.63527 0
      vertex -38.9491 -1.63527 4
    endloop
  endfacet
  facet normal -0.995189 -0.0979768 -1.15347e-18
    outer loop
      vertex -38.7888 -3.2635 0
      vertex -38.9491 -1.63527 4
      vertex -38.9491 -1.63527 0
    endloop
  endfacet
  facet normal -0.995189 -0.0979768 -1.15347e-18
    outer loop
      vertex -38.9491 -1.63527 4
      vertex -38.7888 -3.2635 0
      vertex -38.7888 -3.2635 4
    endloop
  endfacet
  facet normal -0.986635 -0.162946 1.47966e-18
    outer loop
      vertex -38.5222 -4.87776 0
      vertex -38.7888 -3.2635 4
      vertex -38.7888 -3.2635 0
    endloop
  endfacet
  facet normal -0.986635 -0.162946 1.47966e-18
    outer loop
      vertex -38.7888 -3.2635 4
      vertex -38.5222 -4.87776 0
      vertex -38.5222 -4.87776 4
    endloop
  endfacet
  facet normal -0.973881 -0.227061 -1.86742e-21
    outer loop
      vertex -38.1507 -6.47115 0
      vertex -38.5222 -4.87776 4
      vertex -38.5222 -4.87776 0
    endloop
  endfacet
  facet normal -0.973881 -0.227061 -1.86742e-21
    outer loop
      vertex -38.5222 -4.87776 4
      vertex -38.1507 -6.47115 0
      vertex -38.1507 -6.47115 4
    endloop
  endfacet
  facet normal -0.956949 -0.290257 -3.87591e-18
    outer loop
      vertex -37.6758 -8.03685 0
      vertex -38.1507 -6.47115 4
      vertex -38.1507 -6.47115 0
    endloop
  endfacet
  facet normal -0.956949 -0.290257 -3.87591e-18
    outer loop
      vertex -38.1507 -6.47115 4
      vertex -37.6758 -8.03685 0
      vertex -37.6758 -8.03685 4
    endloop
  endfacet
  facet normal -0.93591 -0.352238 0
    outer loop
      vertex -37.0995 -9.5681 0
      vertex -37.6758 -8.03685 4
      vertex -37.6758 -8.03685 0
    endloop
  endfacet
  facet normal -0.93591 -0.352238 0
    outer loop
      vertex -37.6758 -8.03685 4
      vertex -37.0995 -9.5681 0
      vertex -37.0995 -9.5681 4
    endloop
  endfacet
  facet normal -0.910851 -0.412734 1.59109e-18
    outer loop
      vertex -36.4242 -11.0584 0
      vertex -37.0995 -9.5681 4
      vertex -37.0995 -9.5681 0
    endloop
  endfacet
  facet normal -0.910851 -0.412734 1.59109e-18
    outer loop
      vertex -37.0995 -9.5681 4
      vertex -36.4242 -11.0584 0
      vertex -36.4242 -11.0584 4
    endloop
  endfacet
  facet normal -0.881908 -0.471422 -1.89831e-18
    outer loop
      vertex -35.6529 -12.5013 0
      vertex -36.4242 -11.0584 4
      vertex -36.4242 -11.0584 0
    endloop
  endfacet
  facet normal -0.881908 -0.471422 -1.89831e-18
    outer loop
      vertex -36.4242 -11.0584 4
      vertex -35.6529 -12.5013 0
      vertex -35.6529 -12.5013 4
    endloop
  endfacet
  facet normal -0.849225 -0.528031 -5.26858e-18
    outer loop
      vertex -34.789 -13.8907 0
      vertex -35.6529 -12.5013 4
      vertex -35.6529 -12.5013 0
    endloop
  endfacet
  facet normal -0.849225 -0.528031 -5.26858e-18
    outer loop
      vertex -35.6529 -12.5013 4
      vertex -34.789 -13.8907 0
      vertex -34.789 -13.8907 4
    endloop
  endfacet
  facet normal -0.812865 -0.582452 5.10264e-19
    outer loop
      vertex -33.836 -15.2207 0
      vertex -34.789 -13.8907 4
      vertex -34.789 -13.8907 0
    endloop
  endfacet
  facet normal -0.812865 -0.582452 5.10264e-19
    outer loop
      vertex -34.789 -13.8907 4
      vertex -33.836 -15.2207 0
      vertex -33.836 -15.2207 4
    endloop
  endfacet
  facet normal -0.772984 -0.634425 1.52768e-17
    outer loop
      vertex -32.798 -16.4854 0
      vertex -33.836 -15.2207 4
      vertex -33.836 -15.2207 0
    endloop
  endfacet
  facet normal -0.772984 -0.634425 1.52768e-17
    outer loop
      vertex -33.836 -15.2207 4
      vertex -32.798 -16.4854 0
      vertex -32.798 -16.4854 4
    endloop
  endfacet
  facet normal -0.729892 -0.683563 1.19382e-17
    outer loop
      vertex -31.6796 -17.6796 0
      vertex -32.798 -16.4854 4
      vertex -32.798 -16.4854 0
    endloop
  endfacet
  facet normal -0.729892 -0.683563 1.19382e-17
    outer loop
      vertex -32.798 -16.4854 4
      vertex -31.6796 -17.6796 0
      vertex -31.6796 -17.6796 4
    endloop
  endfacet
  facet normal -0.683563 -0.729892 0
    outer loop
      vertex -31.6796 -17.6796 0
      vertex -30.4854 -18.798 4
      vertex -31.6796 -17.6796 4
    endloop
  endfacet
  facet normal -0.683563 -0.729892 -0
    outer loop
      vertex -30.4854 -18.798 4
      vertex -31.6796 -17.6796 0
      vertex -30.4854 -18.798 0
    endloop
  endfacet
  facet normal -0.634425 -0.772984 0
    outer loop
      vertex -30.4854 -18.798 0
      vertex -29.2207 -19.836 4
      vertex -30.4854 -18.798 4
    endloop
  endfacet
  facet normal -0.634425 -0.772984 -0
    outer loop
      vertex -29.2207 -19.836 4
      vertex -30.4854 -18.798 0
      vertex -29.2207 -19.836 0
    endloop
  endfacet
  facet normal -0.582452 -0.812865 0
    outer loop
      vertex -29.2207 -19.836 0
      vertex -27.8907 -20.789 4
      vertex -29.2207 -19.836 4
    endloop
  endfacet
  facet normal -0.582452 -0.812865 -0
    outer loop
      vertex -27.8907 -20.789 4
      vertex -29.2207 -19.836 0
      vertex -27.8907 -20.789 0
    endloop
  endfacet
  facet normal -0.528031 -0.849225 0
    outer loop
      vertex -27.8907 -20.789 0
      vertex -26.5013 -21.6529 4
      vertex -27.8907 -20.789 4
    endloop
  endfacet
  facet normal -0.528031 -0.849225 -0
    outer loop
      vertex -26.5013 -21.6529 4
      vertex -27.8907 -20.789 0
      vertex -26.5013 -21.6529 0
    endloop
  endfacet
  facet normal -0.471422 -0.881908 0
    outer loop
      vertex -26.5013 -21.6529 0
      vertex -25.0584 -22.4242 4
      vertex -26.5013 -21.6529 4
    endloop
  endfacet
  facet normal -0.471422 -0.881908 -0
    outer loop
      vertex -25.0584 -22.4242 4
      vertex -26.5013 -21.6529 0
      vertex -25.0584 -22.4242 0
    endloop
  endfacet
  facet normal -0.412734 -0.910851 0
    outer loop
      vertex -25.0584 -22.4242 0
      vertex -23.5681 -23.0995 4
      vertex -25.0584 -22.4242 4
    endloop
  endfacet
  facet normal -0.412734 -0.910851 -0
    outer loop
      vertex -23.5681 -23.0995 4
      vertex -25.0584 -22.4242 0
      vertex -23.5681 -23.0995 0
    endloop
  endfacet
  facet normal -0.352228 -0.935914 0
    outer loop
      vertex -23.5681 -23.0995 0
      vertex -22.0368 -23.6758 4
      vertex -23.5681 -23.0995 4
    endloop
  endfacet
  facet normal -0.352228 -0.935914 -0
    outer loop
      vertex -22.0368 -23.6758 4
      vertex -23.5681 -23.0995 0
      vertex -22.0368 -23.6758 0
    endloop
  endfacet
  facet normal -0.290257 -0.956949 0
    outer loop
      vertex -22.0368 -23.6758 0
      vertex -20.4711 -24.1507 4
      vertex -22.0368 -23.6758 4
    endloop
  endfacet
  facet normal -0.290257 -0.956949 -0
    outer loop
      vertex -20.4711 -24.1507 4
      vertex -22.0368 -23.6758 0
      vertex -20.4711 -24.1507 0
    endloop
  endfacet
  facet normal -0.227083 -0.973875 0
    outer loop
      vertex -20.4711 -24.1507 0
      vertex -18.9971 -24.4944 4
      vertex -20.4711 -24.1507 4
    endloop
  endfacet
  facet normal -0.227083 -0.973875 -0
    outer loop
      vertex -18.9971 -24.4944 4
      vertex -20.4711 -24.1507 0
      vertex -18.9971 -24.4944 0
    endloop
  endfacet
  facet normal -0.63446 -0.772956 0
    outer loop
      vertex -18.9971 -24.4944 0
      vertex -18.8732 -24.5961 4
      vertex -18.9971 -24.4944 4
    endloop
  endfacet
  facet normal -0.63446 -0.772956 -0
    outer loop
      vertex -18.8732 -24.5961 4
      vertex -18.9971 -24.4944 0
      vertex -18.8732 -24.5961 0
    endloop
  endfacet
  facet normal -0.582492 -0.812837 0
    outer loop
      vertex -18.8732 -24.5961 0
      vertex -17.2242 -25.7778 4
      vertex -18.8732 -24.5961 4
    endloop
  endfacet
  facet normal -0.582492 -0.812837 -0
    outer loop
      vertex -17.2242 -25.7778 4
      vertex -18.8732 -24.5961 0
      vertex -17.2242 -25.7778 0
    endloop
  endfacet
  facet normal -0.528044 -0.849217 0
    outer loop
      vertex -17.2242 -25.7778 0
      vertex -15.5013 -26.8491 4
      vertex -17.2242 -25.7778 4
    endloop
  endfacet
  facet normal -0.528044 -0.849217 -0
    outer loop
      vertex -15.5013 -26.8491 4
      vertex -17.2242 -25.7778 0
      vertex -15.5013 -26.8491 0
    endloop
  endfacet
  facet normal -0.471417 -0.88191 0
    outer loop
      vertex -15.5013 -26.8491 0
      vertex -13.7121 -27.8055 4
      vertex -15.5013 -26.8491 4
    endloop
  endfacet
  facet normal -0.471417 -0.88191 -0
    outer loop
      vertex -13.7121 -27.8055 4
      vertex -15.5013 -26.8491 0
      vertex -13.7121 -27.8055 0
    endloop
  endfacet
  facet normal -0.412677 -0.910877 0
    outer loop
      vertex -13.7121 -27.8055 0
      vertex -11.8642 -28.6427 4
      vertex -13.7121 -27.8055 4
    endloop
  endfacet
  facet normal -0.412677 -0.910877 -0
    outer loop
      vertex -11.8642 -28.6427 4
      vertex -13.7121 -27.8055 0
      vertex -11.8642 -28.6427 0
    endloop
  endfacet
  facet normal -0.35228 -0.935895 0
    outer loop
      vertex -11.8642 -28.6427 0
      vertex -9.96547 -29.3574 4
      vertex -11.8642 -28.6427 4
    endloop
  endfacet
  facet normal -0.35228 -0.935895 -0
    outer loop
      vertex -9.96547 -29.3574 4
      vertex -11.8642 -28.6427 0
      vertex -9.96547 -29.3574 0
    endloop
  endfacet
  facet normal -0.290278 -0.956942 0
    outer loop
      vertex -9.96547 -29.3574 0
      vertex -8.02408 -29.9463 4
      vertex -9.96547 -29.3574 4
    endloop
  endfacet
  facet normal -0.290278 -0.956942 -0
    outer loop
      vertex -8.02408 -29.9463 4
      vertex -9.96547 -29.3574 0
      vertex -8.02408 -29.9463 0
    endloop
  endfacet
  facet normal -0.227084 -0.973875 0
    outer loop
      vertex -8.02408 -29.9463 0
      vertex -6.04832 -30.407 4
      vertex -8.02408 -29.9463 4
    endloop
  endfacet
  facet normal -0.227084 -0.973875 -0
    outer loop
      vertex -6.04832 -30.407 4
      vertex -8.02408 -29.9463 0
      vertex -6.04832 -30.407 0
    endloop
  endfacet
  facet normal -0.162858 -0.986649 0
    outer loop
      vertex -6.04832 -30.407 0
      vertex -4.04665 -30.7374 4
      vertex -6.04832 -30.407 4
    endloop
  endfacet
  facet normal -0.162858 -0.986649 -0
    outer loop
      vertex -4.04665 -30.7374 4
      vertex -6.04832 -30.407 0
      vertex -4.04665 -30.7374 0
    endloop
  endfacet
  facet normal -0.098041 -0.995182 0
    outer loop
      vertex -4.04665 -30.7374 0
      vertex -2.02768 -30.9363 4
      vertex -4.04665 -30.7374 4
    endloop
  endfacet
  facet normal -0.098041 -0.995182 -0
    outer loop
      vertex -2.02768 -30.9363 4
      vertex -4.04665 -30.7374 0
      vertex -2.02768 -30.9363 0
    endloop
  endfacet
  facet normal -0.0327292 -0.999464 0
    outer loop
      vertex -2.02768 -30.9363 0
      vertex 0 -31.0027 4
      vertex -2.02768 -30.9363 4
    endloop
  endfacet
  facet normal -0.0327292 -0.999464 -0
    outer loop
      vertex 0 -31.0027 4
      vertex -2.02768 -30.9363 0
      vertex 0 -31.0027 0
    endloop
  endfacet
  facet normal 0.0327292 -0.999464 0
    outer loop
      vertex 0 -31.0027 0
      vertex 2.02768 -30.9363 4
      vertex 0 -31.0027 4
    endloop
  endfacet
  facet normal 0.0327292 -0.999464 0
    outer loop
      vertex 2.02768 -30.9363 4
      vertex 0 -31.0027 0
      vertex 2.02768 -30.9363 0
    endloop
  endfacet
endsolid OpenSCAD_Model
