solid OpenSCAD_Model
  facet normal 0 0 -1
    outer loop
      vertex 39.6426 -28.802 0
      vertex 39.8824 -22.5216 0
      vertex 41.9075 -25.5524 0
    endloop
  endfacet
  facet normal 0 0 -1
    outer loop
      vertex 33.0059 -25.3087 0
      vertex 39.8824 -22.5216 0
      vertex 39.6426 -28.802 0
    endloop
  endfacet
  facet normal -0 0 -1
    outer loop
      vertex 39.8824 -22.5216 0
      vertex 33.0059 -25.3087 0
      vertex 39.4781 -21.7018 0
    endloop
  endfacet
  facet normal 0 0 -1
    outer loop
      vertex 32.6267 -24.5396 0
      vertex 39.4781 -21.7018 0
      vertex 33.0059 -25.3087 0
    endloop
  endfacet
  facet normal 0 0 -1
    outer loop
      vertex 33.0059 -25.3087 0
      vertex 39.6426 -28.802 0
      vertex 38.4813 -30.3362 0
    endloop
  endfacet
  facet normal -0 0 -1
    outer loop
      vertex 39.4781 -21.7018 0
      vertex 32.6267 -24.5396 0
      vertex 39.1842 -20.836 0
    endloop
  endfacet
  facet normal 0 0 -1
    outer loop
      vertex 32.021 -22.7553 0
      vertex 39.1842 -20.836 0
      vertex 32.6267 -24.5396 0
    endloop
  endfacet
  facet normal 0 0 -1
    outer loop
      vertex 38.946 -19.027 0
      vertex 37.8258 -7.15779 0
      vertex 38.7327 -6.55179 0
    endloop
  endfacet
  facet normal 0 0 -1
    outer loop
      vertex 32.6687 -25.7542 0
      vertex 38.4813 -30.3362 0
      vertex 37.2606 -31.8236 0
    endloop
  endfacet
  facet normal 0 0 -1
    outer loop
      vertex 40.335 -1.09999 0
      vertex 41.5779 1.09999 0
      vertex 41.5779 -1.09999 0
    endloop
  endfacet
  facet normal 0 0 -1
    outer loop
      vertex 40.335 -1.09999 0
      vertex 40.335 1.09999 0
      vertex 41.5779 1.09999 0
    endloop
  endfacet
  facet normal 0 0 -1
    outer loop
      vertex 40.335 -1.09999 0
      vertex 37.9537 -1.09999 0
      vertex 40.335 1.09999 0
    endloop
  endfacet
  facet normal 0 0 -1
    outer loop
      vertex 37.8258 -7.15779 0
      vertex 37.9537 -1.09999 0
      vertex 40.335 -1.09999 0
    endloop
  endfacet
  facet normal 0 0 -1
    outer loop
      vertex 31.8082 -21.6855 0
      vertex 39.1842 -20.836 0
      vertex 32.021 -22.7553 0
    endloop
  endfacet
  facet normal 0 0 -1
    outer loop
      vertex 31.6326 -27.0166 0
      vertex 37.2606 -31.8236 0
      vertex 35.9825 -33.2619 0
    endloop
  endfacet
  facet normal 0 0 -1
    outer loop
      vertex 30.1779 -28.6222 0
      vertex 35.9825 -33.2619 0
      vertex 34.6489 -34.6489 0
    endloop
  endfacet
  facet normal 0 0 -1
    outer loop
      vertex 38.946 -19.027 0
      vertex 33.5954 -11.6218 0
      vertex 37.8258 -7.15779 0
    endloop
  endfacet
  facet normal -0 0 -1
    outer loop
      vertex 37.8258 -7.15779 0
      vertex 33.5954 -11.6218 0
      vertex 37.9537 -1.09999 0
    endloop
  endfacet
  facet normal 0 0 -1
    outer loop
      vertex 28.6222 -30.1779 0
      vertex 34.6489 -34.6489 0
      vertex 33.2619 -35.9825 0
    endloop
  endfacet
  facet normal -0 0 -1
    outer loop
      vertex 38.946 -19.027 0
      vertex 31.8082 -21.6855 0
      vertex 31.9734 -15.5376 0
    endloop
  endfacet
  facet normal -0 0 -1
    outer loop
      vertex 39.1842 -20.836 0
      vertex 31.8082 -21.6855 0
      vertex 39.0058 -19.9392 0
    endloop
  endfacet
  facet normal 0 -0 -1
    outer loop
      vertex 32.021 -15.2987 0
      vertex 38.946 -19.027 0
      vertex 31.9734 -15.5376 0
    endloop
  endfacet
  facet normal -0 0 -1
    outer loop
      vertex 39.0058 -19.9392 0
      vertex 31.8082 -21.6855 0
      vertex 38.946 -19.027 0
    endloop
  endfacet
  facet normal 0 0 -1
    outer loop
      vertex 38.946 -19.027 0
      vertex 33.4601 -11.8244 0
      vertex 33.5954 -11.6218 0
    endloop
  endfacet
  facet normal 0 0 -1
    outer loop
      vertex 38.946 -19.027 0
      vertex 32.021 -15.2987 0
      vertex 32.6266 -13.5144 0
    endloop
  endfacet
  facet normal 0 -0 -1
    outer loop
      vertex 33.4601 -11.8244 0
      vertex 38.946 -19.027 0
      vertex 32.6266 -13.5144 0
    endloop
  endfacet
  facet normal 0 0 -1
    outer loop
      vertex 27.6151 -26.0595 0
      vertex 31.8082 -21.6855 0
      vertex 29.299 -27.7433 0
    endloop
  endfacet
  facet normal -0 0 -1
    outer loop
      vertex 30.1779 -28.6222 0
      vertex 28.6222 -30.1779 0
      vertex 29.299 -27.7433 0
    endloop
  endfacet
  facet normal 0 0 -1
    outer loop
      vertex 27.7433 -29.299 0
      vertex 29.299 -27.7433 0
      vertex 28.6222 -30.1779 0
    endloop
  endfacet
  facet normal -0 0 -1
    outer loop
      vertex 29.299 -27.7433 0
      vertex 27.7433 -29.299 0
      vertex 27.6151 -26.0595 0
    endloop
  endfacet
  facet normal -0 0 -1
    outer loop
      vertex 31.8082 -21.6855 0
      vertex 27.6151 -26.0595 0
      vertex 31.9734 -15.5376 0
    endloop
  endfacet
  facet normal 0 0 -1
    outer loop
      vertex 27.7433 -29.299 0
      vertex 26.0595 -27.6151 0
      vertex 27.6151 -26.0595 0
    endloop
  endfacet
  facet normal 0 0 -1
    outer loop
      vertex 21.6855 -31.8082 0
      vertex 26.0595 -27.6151 0
      vertex 27.7433 -29.299 0
    endloop
  endfacet
  facet normal 0 0 -1
    outer loop
      vertex 19.9392 -39.0058 0
      vertex 21.6855 -31.8082 0
      vertex 20.836 -39.1842 0
    endloop
  endfacet
  facet normal 0 0 -1
    outer loop
      vertex 19.027 -38.946 0
      vertex 21.6855 -31.8082 0
      vertex 19.9392 -39.0058 0
    endloop
  endfacet
  facet normal 0 0 -1
    outer loop
      vertex 15.5376 -31.9734 0
      vertex 19.027 -38.946 0
      vertex 18.1148 -39.0058 0
    endloop
  endfacet
  facet normal 0 0 -1
    outer loop
      vertex 15.5376 -31.9734 0
      vertex 18.1148 -39.0058 0
      vertex 17.2181 -39.1842 0
    endloop
  endfacet
  facet normal 0 0 -1
    outer loop
      vertex 15.2987 -32.021 0
      vertex 17.2181 -39.1842 0
      vertex 16.3523 -39.4781 0
    endloop
  endfacet
  facet normal -0 0 -1
    outer loop
      vertex 21.6855 -31.8082 0
      vertex 15.5376 -31.9734 0
      vertex 26.0595 -27.6151 0
    endloop
  endfacet
  facet normal 0 0 -1
    outer loop
      vertex 19.027 -38.946 0
      vertex 15.5376 -31.9734 0
      vertex 21.6855 -31.8082 0
    endloop
  endfacet
  facet normal 0 0 -1
    outer loop
      vertex 13.5144 -32.6266 0
      vertex 16.3523 -39.4781 0
      vertex 15.5323 -39.8824 0
    endloop
  endfacet
  facet normal 0 0 -1
    outer loop
      vertex 17.2181 -39.1842 0
      vertex 15.2987 -32.021 0
      vertex 15.5376 -31.9734 0
    endloop
  endfacet
  facet normal 0 0 -1
    outer loop
      vertex 11.6218 -33.5954 0
      vertex 15.5323 -39.8824 0
      vertex 14.7722 -40.3903 0
    endloop
  endfacet
  facet normal 0 0 -1
    outer loop
      vertex 11.6218 -33.5954 0
      vertex 14.7722 -40.3903 0
      vertex 14.0849 -40.9931 0
    endloop
  endfacet
  facet normal 0 0 -1
    outer loop
      vertex 16.3523 -39.4781 0
      vertex 13.5144 -32.6266 0
      vertex 15.2987 -32.021 0
    endloop
  endfacet
  facet normal 0 0 -1
    outer loop
      vertex 7.15779 -37.8258 0
      vertex 14.0849 -40.9931 0
      vertex 13.4821 -41.6805 0
    endloop
  endfacet
  facet normal 0 0 -1
    outer loop
      vertex 7.15779 -37.8258 0
      vertex 13.4821 -41.6805 0
      vertex 12.9741 -42.4407 0
    endloop
  endfacet
  facet normal 0 0 -1
    outer loop
      vertex 6.55179 -38.7327 0
      vertex 12.9741 -42.4407 0
      vertex 12.5698 -43.2606 0
    endloop
  endfacet
  facet normal 0 0 -1
    outer loop
      vertex 5.44276 -41.2347 0
      vertex 12.5698 -43.2606 0
      vertex 12.2759 -44.1263 0
    endloop
  endfacet
  facet normal 0 0 -1
    outer loop
      vertex 15.5323 -39.8824 0
      vertex 11.8244 -33.4601 0
      vertex 13.5144 -32.6266 0
    endloop
  endfacet
  facet normal 0 0 -1
    outer loop
      vertex 15.5323 -39.8824 0
      vertex 11.6218 -33.5954 0
      vertex 11.8244 -33.4601 0
    endloop
  endfacet
  facet normal 0 0 -1
    outer loop
      vertex 7.66542 -48.3977 0
      vertex 12.2759 -44.1263 0
      vertex 11.5648 -47.7013 0
    endloop
  endfacet
  facet normal -0 0 -1
    outer loop
      vertex 12.2759 -44.1263 0
      vertex 7.66542 -48.3977 0
      vertex 5.44276 -41.2347 0
    endloop
  endfacet
  facet normal 0 0 -1
    outer loop
      vertex 14.0849 -40.9931 0
      vertex 7.15779 -37.8258 0
      vertex 11.6218 -33.5954 0
    endloop
  endfacet
  facet normal 0 0 -1
    outer loop
      vertex 1.09999 -37.9537 0
      vertex 7.15779 -37.8258 0
      vertex 1.09999 -40.335 0
    endloop
  endfacet
  facet normal -0 0 -1
    outer loop
      vertex 7.15779 -37.8258 0
      vertex 1.09999 -37.9537 0
      vertex 11.6218 -33.5954 0
    endloop
  endfacet
  facet normal 0 0 -1
    outer loop
      vertex 41.5779 -1.09999 0
      vertex 49.001 0 0
      vertex 48.9632 -1.92377 0
    endloop
  endfacet
  facet normal 0 0 -1
    outer loop
      vertex 41.5675 -1.63298 0
      vertex 48.9632 -1.92377 0
      vertex 48.8499 -3.84456 0
    endloop
  endfacet
  facet normal 0 0 -1
    outer loop
      vertex 41.5779 1.09999 0
      vertex 49.001 0 0
      vertex 41.5779 -1.09999 0
    endloop
  endfacet
  facet normal 0 0 -1
    outer loop
      vertex 41.4713 -3.26407 0
      vertex 48.8499 -3.84456 0
      vertex 48.6613 -5.75941 0
    endloop
  endfacet
  facet normal 0 0 -1
    outer loop
      vertex 49.001 0 0
      vertex 41.5779 1.09999 0
      vertex 48.9632 1.92377 0
    endloop
  endfacet
  facet normal 0 0 -1
    outer loop
      vertex 41.2347 -5.44276 0
      vertex 48.6613 -5.75941 0
      vertex 48.3977 -7.66542 0
    endloop
  endfacet
  facet normal 0 0 -1
    outer loop
      vertex 41.5675 1.63298 0
      vertex 48.9632 1.92377 0
      vertex 41.5779 1.09999 0
    endloop
  endfacet
  facet normal 0 0 -1
    outer loop
      vertex 44.1263 -12.2759 0
      vertex 48.3977 -7.66542 0
      vertex 47.7013 -11.5648 0
    endloop
  endfacet
  facet normal 0 0 -1
    outer loop
      vertex 48.9632 -1.92377 0
      vertex 41.5675 -1.63298 0
      vertex 41.5779 -1.09999 0
    endloop
  endfacet
  facet normal -0 0 -1
    outer loop
      vertex 48.3977 -7.66542 0
      vertex 44.1263 -12.2759 0
      vertex 41.2347 -5.44276 0
    endloop
  endfacet
  facet normal -0 0 -1
    outer loop
      vertex 48.9632 1.92377 0
      vertex 41.5675 1.63298 0
      vertex 48.8499 3.84456 0
    endloop
  endfacet
  facet normal 0 0 -1
    outer loop
      vertex 41.2347 -5.44276 0
      vertex 44.1263 -12.2759 0
      vertex 43.2606 -12.5698 0
    endloop
  endfacet
  facet normal -0 0 -1
    outer loop
      vertex 48.8499 3.84456 0
      vertex 41.4713 3.26407 0
      vertex 48.6613 5.75941 0
    endloop
  endfacet
  facet normal 0 0 -1
    outer loop
      vertex 40.4227 -5.7184 0
      vertex 43.2606 -12.5698 0
      vertex 42.4407 -12.9741 0
    endloop
  endfacet
  facet normal 0 0 -1
    outer loop
      vertex 41.3112 4.8895 0
      vertex 48.6613 5.75941 0
      vertex 41.4713 3.26407 0
    endloop
  endfacet
  facet normal 0 0 -1
    outer loop
      vertex 38.7327 -6.55179 0
      vertex 42.4407 -12.9741 0
      vertex 41.6805 -13.4821 0
    endloop
  endfacet
  facet normal 0 0 -1
    outer loop
      vertex 41.2347 5.44276 0
      vertex 48.6613 5.75941 0
      vertex 41.3112 4.8895 0
    endloop
  endfacet
  facet normal -0 0 -1
    outer loop
      vertex 48.6613 5.75941 0
      vertex 41.2347 5.44276 0
      vertex 48.3977 7.66542 0
    endloop
  endfacet
  facet normal 0 0 -1
    outer loop
      vertex 41.4713 3.26407 0
      vertex 48.8499 3.84456 0
      vertex 41.5675 1.63298 0
    endloop
  endfacet
  facet normal 0 0 -1
    outer loop
      vertex 48.8499 -3.84456 0
      vertex 41.4713 -3.26407 0
      vertex 41.5675 -1.63298 0
    endloop
  endfacet
  facet normal 0 0 -1
    outer loop
      vertex 48.6613 -5.75941 0
      vertex 41.3112 -4.8895 0
      vertex 41.4713 -3.26407 0
    endloop
  endfacet
  facet normal 0 0 -1
    outer loop
      vertex 48.6613 -5.75941 0
      vertex 41.2347 -5.44276 0
      vertex 41.3112 -4.8895 0
    endloop
  endfacet
  facet normal 0 0 -1
    outer loop
      vertex 38.7327 -6.55179 0
      vertex 41.6805 -13.4821 0
      vertex 40.9931 -14.0849 0
    endloop
  endfacet
  facet normal 0 0 -1
    outer loop
      vertex 43.2606 -12.5698 0
      vertex 40.4227 -5.7184 0
      vertex 41.2347 -5.44276 0
    endloop
  endfacet
  facet normal 0 0 -1
    outer loop
      vertex 38.7327 -6.55179 0
      vertex 40.9931 -14.0849 0
      vertex 40.3903 -14.7722 0
    endloop
  endfacet
  facet normal 0 0 -1
    outer loop
      vertex 38.7327 -6.55179 0
      vertex 40.3903 -14.7722 0
      vertex 39.8824 -15.5323 0
    endloop
  endfacet
  facet normal 0 0 -1
    outer loop
      vertex 38.7327 -6.55179 0
      vertex 39.8824 -15.5323 0
      vertex 39.4781 -16.3523 0
    endloop
  endfacet
  facet normal 0 0 -1
    outer loop
      vertex 38.7327 -6.55179 0
      vertex 39.4781 -16.3523 0
      vertex 39.1842 -17.2181 0
    endloop
  endfacet
  facet normal 0 0 -1
    outer loop
      vertex 38.7327 -6.55179 0
      vertex 39.1842 -17.2181 0
      vertex 39.0058 -18.1148 0
    endloop
  endfacet
  facet normal 0 0 -1
    outer loop
      vertex 42.4407 -12.9741 0
      vertex 38.7327 -6.55179 0
      vertex 40.4227 -5.7184 0
    endloop
  endfacet
  facet normal 0 0 -1
    outer loop
      vertex 38.7327 -6.55179 0
      vertex 39.0058 -18.1148 0
      vertex 38.946 -19.027 0
    endloop
  endfacet
  facet normal 0 -0 -1
    outer loop
      vertex 44.1263 12.2759 0
      vertex 48.3977 7.66542 0
      vertex 41.2347 5.44276 0
    endloop
  endfacet
  facet normal 0 0 -1
    outer loop
      vertex 48.3977 7.66542 0
      vertex 44.1263 12.2759 0
      vertex 47.7013 11.5648 0
    endloop
  endfacet
  facet normal -0 0 -1
    outer loop
      vertex 44.1263 12.2759 0
      vertex 41.2347 5.44276 0
      vertex 43.2606 12.5698 0
    endloop
  endfacet
  facet normal 0 0 -1
    outer loop
      vertex 40.4227 5.7184 0
      vertex 43.2606 12.5698 0
      vertex 41.2347 5.44276 0
    endloop
  endfacet
  facet normal -0 0 -1
    outer loop
      vertex 43.2606 12.5698 0
      vertex 40.4227 5.7184 0
      vertex 42.4407 12.9741 0
    endloop
  endfacet
  facet normal 0 0 -1
    outer loop
      vertex 38.7327 6.55179 0
      vertex 42.4407 12.9741 0
      vertex 40.4227 5.7184 0
    endloop
  endfacet
  facet normal 0 0 -1
    outer loop
      vertex 37.8258 7.15779 0
      vertex 42.4407 12.9741 0
      vertex 38.7327 6.55179 0
    endloop
  endfacet
  facet normal -0 0 -1
    outer loop
      vertex 42.4407 12.9741 0
      vertex 37.8258 7.15779 0
      vertex 41.6805 13.4821 0
    endloop
  endfacet
  facet normal -0 0 -1
    outer loop
      vertex 41.6805 13.4821 0
      vertex 37.8258 7.15779 0
      vertex 40.9931 14.0849 0
    endloop
  endfacet
  facet normal 0 0 -1
    outer loop
      vertex 33.5954 11.6218 0
      vertex 40.9931 14.0849 0
      vertex 37.8258 7.15779 0
    endloop
  endfacet
  facet normal -0 0 -1
    outer loop
      vertex 40.9931 14.0849 0
      vertex 33.5954 11.6218 0
      vertex 40.3903 14.7722 0
    endloop
  endfacet
  facet normal -0 0 -1
    outer loop
      vertex 40.3903 14.7722 0
      vertex 33.5954 11.6218 0
      vertex 39.8824 15.5323 0
    endloop
  endfacet
  facet normal -0 0 -1
    outer loop
      vertex 39.8824 15.5323 0
      vertex 33.4601 11.8244 0
      vertex 39.4781 16.3523 0
    endloop
  endfacet
  facet normal 0 0 -1
    outer loop
      vertex 33.4601 11.8244 0
      vertex 39.8824 15.5323 0
      vertex 33.5954 11.6218 0
    endloop
  endfacet
  facet normal 0 0 -1
    outer loop
      vertex 39.8824 22.5216 0
      vertex 39.6426 28.802 0
      vertex 41.9075 25.5524 0
    endloop
  endfacet
  facet normal 0 0 -1
    outer loop
      vertex 33.0059 25.3087 0
      vertex 39.8824 22.5216 0
      vertex 39.4781 21.7018 0
    endloop
  endfacet
  facet normal 0 0 -1
    outer loop
      vertex 32.6267 24.5396 0
      vertex 39.4781 21.7018 0
      vertex 39.1842 20.836 0
    endloop
  endfacet
  facet normal 0 0 -1
    outer loop
      vertex 31.8082 21.6855 0
      vertex 39.1842 20.836 0
      vertex 39.0058 19.9392 0
    endloop
  endfacet
  facet normal 0 0 -1
    outer loop
      vertex 39.8824 22.5216 0
      vertex 33.0059 25.3087 0
      vertex 39.6426 28.802 0
    endloop
  endfacet
  facet normal 0 0 -1
    outer loop
      vertex 31.8082 21.6855 0
      vertex 39.0058 19.9392 0
      vertex 38.946 19.027 0
    endloop
  endfacet
  facet normal 0 0 -1
    outer loop
      vertex 32.6266 13.5144 0
      vertex 39.4781 16.3523 0
      vertex 33.4601 11.8244 0
    endloop
  endfacet
  facet normal -0 0 -1
    outer loop
      vertex 39.4781 16.3523 0
      vertex 32.6266 13.5144 0
      vertex 39.1842 17.2181 0
    endloop
  endfacet
  facet normal 0 0 -1
    outer loop
      vertex 32.021 15.2987 0
      vertex 39.1842 17.2181 0
      vertex 32.6266 13.5144 0
    endloop
  endfacet
  facet normal 0 0 -1
    outer loop
      vertex -33.5954 11.6218 0
      vertex -39.0058 18.1148 0
      vertex -38.946 19.027 0
    endloop
  endfacet
  facet normal 0 0 -1
    outer loop
      vertex -37.8258 7.15779 0
      vertex -39.1842 17.2181 0
      vertex -39.0058 18.1148 0
    endloop
  endfacet
  facet normal 0 0 -1
    outer loop
      vertex -37.8258 7.15779 0
      vertex -39.4781 16.3523 0
      vertex -39.1842 17.2181 0
    endloop
  endfacet
  facet normal 0 0 -1
    outer loop
      vertex -37.8258 7.15779 0
      vertex -39.8824 15.5323 0
      vertex -39.4781 16.3523 0
    endloop
  endfacet
  facet normal 0 0 -1
    outer loop
      vertex -37.8258 7.15779 0
      vertex -40.3903 14.7722 0
      vertex -39.8824 15.5323 0
    endloop
  endfacet
  facet normal 0 0 -1
    outer loop
      vertex -42.4407 12.9741 0
      vertex -38.7327 6.55179 0
      vertex -40.4227 5.7184 0
    endloop
  endfacet
  facet normal 0 0 -1
    outer loop
      vertex -37.8258 7.15779 0
      vertex -40.9931 14.0849 0
      vertex -40.3903 14.7722 0
    endloop
  endfacet
  facet normal 0 0 -1
    outer loop
      vertex -43.2606 12.5698 0
      vertex -40.4227 5.7184 0
      vertex -41.2347 5.44276 0
    endloop
  endfacet
  facet normal 0 0 -1
    outer loop
      vertex -48.6613 5.75941 0
      vertex -41.2347 5.44276 0
      vertex -41.3112 4.8895 0
    endloop
  endfacet
  facet normal 0 0 -1
    outer loop
      vertex -48.6613 5.75941 0
      vertex -41.3112 4.8895 0
      vertex -41.4713 3.26407 0
    endloop
  endfacet
  facet normal 0 0 -1
    outer loop
      vertex -48.8499 3.84456 0
      vertex -41.4713 3.26407 0
      vertex -41.5675 1.63298 0
    endloop
  endfacet
  facet normal 0 0 -1
    outer loop
      vertex -37.8258 7.15779 0
      vertex -41.6805 13.4821 0
      vertex -40.9931 14.0849 0
    endloop
  endfacet
  facet normal 0 0 -1
    outer loop
      vertex -48.9632 1.92377 0
      vertex -41.5675 1.63298 0
      vertex -41.5779 1.09999 0
    endloop
  endfacet
  facet normal -0 0 -1
    outer loop
      vertex -41.2347 -5.44276 0
      vertex -48.6613 -5.75941 0
      vertex -41.3112 -4.8895 0
    endloop
  endfacet
  facet normal -0 0 -1
    outer loop
      vertex -41.3112 -4.8895 0
      vertex -48.6613 -5.75941 0
      vertex -41.4713 -3.26407 0
    endloop
  endfacet
  facet normal 0 -0 -1
    outer loop
      vertex -48.9632 1.92377 0
      vertex -41.5779 1.09999 0
      vertex -49.001 0 0
    endloop
  endfacet
  facet normal 0 0 -1
    outer loop
      vertex -48.8499 -3.84456 0
      vertex -41.4713 -3.26407 0
      vertex -48.6613 -5.75941 0
    endloop
  endfacet
  facet normal 0 0 -1
    outer loop
      vertex -37.8258 7.15779 0
      vertex -42.4407 12.9741 0
      vertex -41.6805 13.4821 0
    endloop
  endfacet
  facet normal 0 0 -1
    outer loop
      vertex -48.9632 -1.92377 0
      vertex -41.5675 -1.63298 0
      vertex -48.8499 -3.84456 0
    endloop
  endfacet
  facet normal 0 0 -1
    outer loop
      vertex -41.5675 1.63298 0
      vertex -48.9632 1.92377 0
      vertex -48.8499 3.84456 0
    endloop
  endfacet
  facet normal 0 0 -1
    outer loop
      vertex -48.3977 -7.66542 0
      vertex -44.1263 -12.2759 0
      vertex -47.7013 -11.5648 0
    endloop
  endfacet
  facet normal -0 0 -1
    outer loop
      vertex -41.4713 -3.26407 0
      vertex -48.8499 -3.84456 0
      vertex -41.5675 -1.63298 0
    endloop
  endfacet
  facet normal -0 0 -1
    outer loop
      vertex -41.5675 -1.63298 0
      vertex -48.9632 -1.92377 0
      vertex -41.5779 -1.09999 0
    endloop
  endfacet
  facet normal 0 0 -1
    outer loop
      vertex -44.1263 12.2759 0
      vertex -48.3977 7.66542 0
      vertex -47.7013 11.5648 0
    endloop
  endfacet
  facet normal 0 0 -1
    outer loop
      vertex -49.001 0 0
      vertex -41.5779 -1.09999 0
      vertex -48.9632 -1.92377 0
    endloop
  endfacet
  facet normal 0 0 -1
    outer loop
      vertex -41.2347 5.44276 0
      vertex -48.3977 7.66542 0
      vertex -44.1263 12.2759 0
    endloop
  endfacet
  facet normal 0 0 -1
    outer loop
      vertex -41.5779 -1.09999 0
      vertex -49.001 0 0
      vertex -41.5779 1.09999 0
    endloop
  endfacet
  facet normal 0 0 -1
    outer loop
      vertex -41.2347 5.44276 0
      vertex -44.1263 12.2759 0
      vertex -43.2606 12.5698 0
    endloop
  endfacet
  facet normal 0 0 -1
    outer loop
      vertex -41.4713 3.26407 0
      vertex -48.8499 3.84456 0
      vertex -48.6613 5.75941 0
    endloop
  endfacet
  facet normal 0 0 -1
    outer loop
      vertex -41.2347 5.44276 0
      vertex -48.6613 5.75941 0
      vertex -48.3977 7.66542 0
    endloop
  endfacet
  facet normal 0 0 -1
    outer loop
      vertex -40.4227 5.7184 0
      vertex -43.2606 12.5698 0
      vertex -42.4407 12.9741 0
    endloop
  endfacet
  facet normal 0 0 -1
    outer loop
      vertex -39.8824 -15.5323 0
      vertex -33.4601 -11.8244 0
      vertex -39.4781 -16.3523 0
    endloop
  endfacet
  facet normal -0 0 -1
    outer loop
      vertex -33.4601 -11.8244 0
      vertex -39.8824 -15.5323 0
      vertex -33.5954 -11.6218 0
    endloop
  endfacet
  facet normal 0 0 -1
    outer loop
      vertex -40.3903 -14.7722 0
      vertex -33.5954 -11.6218 0
      vertex -39.8824 -15.5323 0
    endloop
  endfacet
  facet normal 0 0 -1
    outer loop
      vertex -40.9931 -14.0849 0
      vertex -33.5954 -11.6218 0
      vertex -40.3903 -14.7722 0
    endloop
  endfacet
  facet normal -0 0 -1
    outer loop
      vertex -33.5954 -11.6218 0
      vertex -40.9931 -14.0849 0
      vertex -37.8258 -7.15779 0
    endloop
  endfacet
  facet normal 0 0 -1
    outer loop
      vertex -41.6805 -13.4821 0
      vertex -37.8258 -7.15779 0
      vertex -40.9931 -14.0849 0
    endloop
  endfacet
  facet normal 0 0 -1
    outer loop
      vertex -42.4407 -12.9741 0
      vertex -37.8258 -7.15779 0
      vertex -41.6805 -13.4821 0
    endloop
  endfacet
  facet normal -0 0 -1
    outer loop
      vertex -37.8258 -7.15779 0
      vertex -42.4407 -12.9741 0
      vertex -38.7327 -6.55179 0
    endloop
  endfacet
  facet normal -0 0 -1
    outer loop
      vertex -38.7327 -6.55179 0
      vertex -42.4407 -12.9741 0
      vertex -40.4227 -5.7184 0
    endloop
  endfacet
  facet normal 0 0 -1
    outer loop
      vertex -43.2606 -12.5698 0
      vertex -40.4227 -5.7184 0
      vertex -42.4407 -12.9741 0
    endloop
  endfacet
  facet normal -0 0 -1
    outer loop
      vertex -40.4227 -5.7184 0
      vertex -43.2606 -12.5698 0
      vertex -41.2347 -5.44276 0
    endloop
  endfacet
  facet normal 0 0 -1
    outer loop
      vertex -48.6613 -5.75941 0
      vertex -41.2347 -5.44276 0
      vertex -48.3977 -7.66542 0
    endloop
  endfacet
  facet normal 0 0 -1
    outer loop
      vertex -48.3977 -7.66542 0
      vertex -41.2347 -5.44276 0
      vertex -44.1263 -12.2759 0
    endloop
  endfacet
  facet normal 0 0 -1
    outer loop
      vertex -44.1263 -12.2759 0
      vertex -41.2347 -5.44276 0
      vertex -43.2606 -12.5698 0
    endloop
  endfacet
  facet normal 0 0 -1
    outer loop
      vertex -39.1842 -17.2181 0
      vertex -31.9734 -15.5376 0
      vertex -39.0058 -18.1148 0
    endloop
  endfacet
  facet normal 0 0 -1
    outer loop
      vertex -39.4781 -16.3523 0
      vertex -32.6266 -13.5144 0
      vertex -39.1842 -17.2181 0
    endloop
  endfacet
  facet normal -0 0 -1
    outer loop
      vertex -32.6266 -13.5144 0
      vertex -39.4781 -16.3523 0
      vertex -33.4601 -11.8244 0
    endloop
  endfacet
  facet normal -0 0 -1
    outer loop
      vertex -32.021 -15.2987 0
      vertex -39.1842 -17.2181 0
      vertex -32.6266 -13.5144 0
    endloop
  endfacet
  facet normal -0 0 -1
    outer loop
      vertex -31.9734 -15.5376 0
      vertex -39.1842 -17.2181 0
      vertex -32.021 -15.2987 0
    endloop
  endfacet
  facet normal 0 0 -1
    outer loop
      vertex -38.4813 -30.3362 0
      vertex -39.4781 -21.7018 0
      vertex -39.1842 -20.836 0
    endloop
  endfacet
  facet normal 0 0 -1
    outer loop
      vertex -39.8824 -22.5216 0
      vertex -38.4813 -30.3362 0
      vertex -39.6426 -28.802 0
    endloop
  endfacet
  facet normal 0 0 -1
    outer loop
      vertex -38.4813 -30.3362 0
      vertex -39.8824 -22.5216 0
      vertex -39.4781 -21.7018 0
    endloop
  endfacet
  facet normal 0 -0 -1
    outer loop
      vertex -39.8824 -22.5216 0
      vertex -39.6426 -28.802 0
      vertex -41.9075 -25.5524 0
    endloop
  endfacet
  facet normal 0 0 -1
    outer loop
      vertex -32.6687 25.7542 0
      vertex -38.4813 30.3362 0
      vertex -37.2606 31.8236 0
    endloop
  endfacet
  facet normal 0 0 -1
    outer loop
      vertex -42.4407 12.9741 0
      vertex -37.8258 7.15779 0
      vertex -38.7327 6.55179 0
    endloop
  endfacet
  facet normal 0 0 -1
    outer loop
      vertex -39.0058 19.9392 0
      vertex -33.5954 11.6218 0
      vertex -38.946 19.027 0
    endloop
  endfacet
  facet normal 0 0 -1
    outer loop
      vertex -39.1842 20.836 0
      vertex -33.5954 11.6218 0
      vertex -39.0058 19.9392 0
    endloop
  endfacet
  facet normal 0 0 -1
    outer loop
      vertex -33.5954 11.6218 0
      vertex -39.1842 20.836 0
      vertex -38.4813 30.3362 0
    endloop
  endfacet
  facet normal 0 0 -1
    outer loop
      vertex -39.4781 21.7018 0
      vertex -38.4813 30.3362 0
      vertex -39.1842 20.836 0
    endloop
  endfacet
  facet normal 0 0 -1
    outer loop
      vertex -39.8824 22.5216 0
      vertex -38.4813 30.3362 0
      vertex -39.4781 21.7018 0
    endloop
  endfacet
  facet normal 0 0 -1
    outer loop
      vertex -38.4813 30.3362 0
      vertex -39.8824 22.5216 0
      vertex -39.6426 28.802 0
    endloop
  endfacet
  facet normal 0 0 -1
    outer loop
      vertex -39.6426 28.802 0
      vertex -39.8824 22.5216 0
      vertex -41.9075 25.5524 0
    endloop
  endfacet
  facet normal 0 0 -1
    outer loop
      vertex -28.6222 -30.1779 0
      vertex -30.1779 -28.6222 0
      vertex -29.299 -27.7433 0
    endloop
  endfacet
  facet normal 0 0 -1
    outer loop
      vertex -33.2619 -35.9825 0
      vertex -28.2379 -30.5473 0
      vertex -31.8236 -37.2606 0
    endloop
  endfacet
  facet normal -0 0 -1
    outer loop
      vertex -28.2379 -30.5473 0
      vertex -33.2619 -35.9825 0
      vertex -28.6222 -30.1779 0
    endloop
  endfacet
  facet normal 0 0 -1
    outer loop
      vertex -34.6489 -34.6489 0
      vertex -28.6222 -30.1779 0
      vertex -33.2619 -35.9825 0
    endloop
  endfacet
  facet normal -0 0 -1
    outer loop
      vertex -28.6222 -30.1779 0
      vertex -34.6489 -34.6489 0
      vertex -30.1779 -28.6222 0
    endloop
  endfacet
  facet normal 0 0 -1
    outer loop
      vertex -35.9825 -33.2619 0
      vertex -30.1779 -28.6222 0
      vertex -34.6489 -34.6489 0
    endloop
  endfacet
  facet normal -0 0 -1
    outer loop
      vertex -30.1779 -28.6222 0
      vertex -35.9825 -33.2619 0
      vertex -30.5473 -28.2379 0
    endloop
  endfacet
  facet normal -0 0 -1
    outer loop
      vertex -30.5473 -28.2379 0
      vertex -35.9825 -33.2619 0
      vertex -31.6326 -27.0166 0
    endloop
  endfacet
  facet normal 0 0 -1
    outer loop
      vertex -34.6489 34.6489 0
      vertex -28.6222 30.1779 0
      vertex -30.1779 28.6222 0
    endloop
  endfacet
  facet normal 0 0 -1
    outer loop
      vertex -28.6222 30.1779 0
      vertex -30.3362 38.4813 0
      vertex -28.802 39.6426 0
    endloop
  endfacet
  facet normal 0 0 -1
    outer loop
      vertex -35.9825 33.2619 0
      vertex -30.1779 28.6222 0
      vertex -30.5473 28.2379 0
    endloop
  endfacet
  facet normal 0 0 -1
    outer loop
      vertex -35.9825 33.2619 0
      vertex -30.5473 28.2379 0
      vertex -31.6326 27.0166 0
    endloop
  endfacet
  facet normal 0 0 -1
    outer loop
      vertex -28.6222 30.1779 0
      vertex -31.8236 37.2606 0
      vertex -30.3362 38.4813 0
    endloop
  endfacet
  facet normal 0 0 -1
    outer loop
      vertex -37.2606 31.8236 0
      vertex -31.6326 27.0166 0
      vertex -32.6687 25.7542 0
    endloop
  endfacet
  facet normal 0 0 -1
    outer loop
      vertex -38.4813 30.3362 0
      vertex -32.6687 25.7542 0
      vertex -33.0059 25.3087 0
    endloop
  endfacet
  facet normal 0 0 -1
    outer loop
      vertex -28.6222 30.1779 0
      vertex -33.2619 35.9825 0
      vertex -31.8236 37.2606 0
    endloop
  endfacet
  facet normal 0 0 -1
    outer loop
      vertex -26.0595 -27.6151 0
      vertex -21.8319 -20.2763 0
      vertex -20.2763 -21.8319 0
    endloop
  endfacet
  facet normal 0 0 -1
    outer loop
      vertex -21.8319 -20.2763 0
      vertex -26.0595 -27.6151 0
      vertex -27.6151 -26.0595 0
    endloop
  endfacet
  facet normal 0 0 -1
    outer loop
      vertex -22.7553 -32.021 0
      vertex -20.836 -39.1842 0
      vertex -21.7018 -39.4781 0
    endloop
  endfacet
  facet normal 0 0 -1
    outer loop
      vertex -25.3087 -33.0059 0
      vertex -21.7018 -39.4781 0
      vertex -22.5216 -39.8824 0
    endloop
  endfacet
  facet normal 0 0 -1
    outer loop
      vertex -20.836 -39.1842 0
      vertex -22.7553 -32.021 0
      vertex -21.6855 -31.8082 0
    endloop
  endfacet
  facet normal 0 0 -1
    outer loop
      vertex -21.7018 -39.4781 0
      vertex -24.5396 -32.6267 0
      vertex -22.7553 -32.021 0
    endloop
  endfacet
  facet normal 0 0 -1
    outer loop
      vertex -21.7018 -39.4781 0
      vertex -25.3087 -33.0059 0
      vertex -24.5396 -32.6267 0
    endloop
  endfacet
  facet normal 0 0 -1
    outer loop
      vertex -28.802 -39.6426 0
      vertex -22.5216 -39.8824 0
      vertex -25.5524 -41.9075 0
    endloop
  endfacet
  facet normal 0 0 -1
    outer loop
      vertex -22.5216 -39.8824 0
      vertex -28.802 -39.6426 0
      vertex -25.3087 -33.0059 0
    endloop
  endfacet
  facet normal 0 0 -1
    outer loop
      vertex -30.3362 -38.4813 0
      vertex -25.3087 -33.0059 0
      vertex -28.802 -39.6426 0
    endloop
  endfacet
  facet normal -0 0 -1
    outer loop
      vertex -25.3087 -33.0059 0
      vertex -30.3362 -38.4813 0
      vertex -25.7542 -32.6687 0
    endloop
  endfacet
  facet normal -0 0 -1
    outer loop
      vertex -25.7542 -32.6687 0
      vertex -30.3362 -38.4813 0
      vertex -27.0166 -31.6326 0
    endloop
  endfacet
  facet normal 0 0 -1
    outer loop
      vertex -31.8236 -37.2606 0
      vertex -27.0166 -31.6326 0
      vertex -30.3362 -38.4813 0
    endloop
  endfacet
  facet normal 0 0 -1
    outer loop
      vertex -22.7553 32.021 0
      vertex -20.836 39.1842 0
      vertex -21.6855 31.8082 0
    endloop
  endfacet
  facet normal -0 0 -1
    outer loop
      vertex -20.836 39.1842 0
      vertex -22.7553 32.021 0
      vertex -21.7018 39.4781 0
    endloop
  endfacet
  facet normal 0 0 -1
    outer loop
      vertex -24.5396 32.6267 0
      vertex -21.7018 39.4781 0
      vertex -22.7553 32.021 0
    endloop
  endfacet
  facet normal 0 0 -1
    outer loop
      vertex -25.3087 33.0059 0
      vertex -21.7018 39.4781 0
      vertex -24.5396 32.6267 0
    endloop
  endfacet
  facet normal -0 0 -1
    outer loop
      vertex -21.7018 39.4781 0
      vertex -25.3087 33.0059 0
      vertex -22.5216 39.8824 0
    endloop
  endfacet
  facet normal 0 0 -1
    outer loop
      vertex -28.802 39.6426 0
      vertex -22.5216 39.8824 0
      vertex -25.3087 33.0059 0
    endloop
  endfacet
  facet normal 0 0 -1
    outer loop
      vertex -28.802 39.6426 0
      vertex -25.3087 33.0059 0
      vertex -25.7542 32.6687 0
    endloop
  endfacet
  facet normal 0 0 -1
    outer loop
      vertex -28.802 39.6426 0
      vertex -25.7542 32.6687 0
      vertex -27.0166 31.6326 0
    endloop
  endfacet
  facet normal 0 0 -1
    outer loop
      vertex -28.802 39.6426 0
      vertex -27.0166 31.6326 0
      vertex -28.2379 30.5473 0
    endloop
  endfacet
  facet normal 0 0 -1
    outer loop
      vertex -28.802 39.6426 0
      vertex -28.2379 30.5473 0
      vertex -28.6222 30.1779 0
    endloop
  endfacet
  facet normal -0 0 -1
    outer loop
      vertex -22.5216 39.8824 0
      vertex -28.802 39.6426 0
      vertex -25.5524 41.9075 0
    endloop
  endfacet
  facet normal 0 0 -1
    outer loop
      vertex -21.8319 20.2763 0
      vertex -26.0595 27.6151 0
      vertex -20.2763 21.8319 0
    endloop
  endfacet
  facet normal 0 -0 -1
    outer loop
      vertex -26.0595 27.6151 0
      vertex -21.8319 20.2763 0
      vertex -27.6151 26.0595 0
    endloop
  endfacet
  facet normal 0 0 -1
    outer loop
      vertex -18.5925 -20.1481 0
      vertex -13.7426 -12.187 0
      vertex -12.187 -13.7426 0
    endloop
  endfacet
  facet normal 0 0 -1
    outer loop
      vertex -13.7426 -12.187 0
      vertex -18.5925 -20.1481 0
      vertex -20.1481 -18.5925 0
    endloop
  endfacet
  facet normal 0 0 -1
    outer loop
      vertex -13.7426 12.187 0
      vertex -18.5925 20.1481 0
      vertex -12.187 13.7426 0
    endloop
  endfacet
  facet normal 0 -0 -1
    outer loop
      vertex -18.5925 20.1481 0
      vertex -13.7426 12.187 0
      vertex -20.1481 18.5925 0
    endloop
  endfacet
  facet normal 0 0 -1
    outer loop
      vertex -15.9537 -1.09999 0
      vertex -2.65562 1.09999 0
      vertex -2.65562 -1.09999 0
    endloop
  endfacet
  facet normal -0 0 -1
    outer loop
      vertex -2.65562 1.09999 0
      vertex -15.9537 -1.09999 0
      vertex -15.9537 1.09999 0
    endloop
  endfacet
  facet normal -0 0 -1
    outer loop
      vertex -1.09999 37.9537 0
      vertex -7.15779 37.8258 0
      vertex -1.09999 40.335 0
    endloop
  endfacet
  facet normal 0 0 -1
    outer loop
      vertex -5.44276 41.2347 0
      vertex -11.5648 47.7013 0
      vertex -7.66542 48.3977 0
    endloop
  endfacet
  facet normal 0 0 -1
    outer loop
      vertex -11.6218 33.5954 0
      vertex -7.15779 37.8258 0
      vertex -1.09999 37.9537 0
    endloop
  endfacet
  facet normal 0 0 -1
    outer loop
      vertex -14.0849 40.9931 0
      vertex -7.15779 37.8258 0
      vertex -11.6218 33.5954 0
    endloop
  endfacet
  facet normal 0 0 -1
    outer loop
      vertex -15.5323 39.8824 0
      vertex -11.6218 33.5954 0
      vertex -11.8244 33.4601 0
    endloop
  endfacet
  facet normal 0 0 -1
    outer loop
      vertex -6.55179 38.7327 0
      vertex -12.2759 44.1263 0
      vertex -11.5648 47.7013 0
    endloop
  endfacet
  facet normal 0 0 -1
    outer loop
      vertex -6.55179 38.7327 0
      vertex -12.5698 43.2606 0
      vertex -12.2759 44.1263 0
    endloop
  endfacet
  facet normal 0 0 -1
    outer loop
      vertex -6.55179 38.7327 0
      vertex -12.9741 42.4407 0
      vertex -12.5698 43.2606 0
    endloop
  endfacet
  facet normal 0 0 -1
    outer loop
      vertex -7.15779 37.8258 0
      vertex -13.4821 41.6805 0
      vertex -12.9741 42.4407 0
    endloop
  endfacet
  facet normal 0 0 -1
    outer loop
      vertex -15.5323 39.8824 0
      vertex -11.8244 33.4601 0
      vertex -13.5144 32.6266 0
    endloop
  endfacet
  facet normal 0 0 -1
    outer loop
      vertex -7.15779 37.8258 0
      vertex -14.0849 40.9931 0
      vertex -13.4821 41.6805 0
    endloop
  endfacet
  facet normal 0 0 -1
    outer loop
      vertex -11.6218 33.5954 0
      vertex -14.7722 40.3903 0
      vertex -14.0849 40.9931 0
    endloop
  endfacet
  facet normal 0 0 -1
    outer loop
      vertex -16.3523 39.4781 0
      vertex -13.5144 32.6266 0
      vertex -15.2987 32.021 0
    endloop
  endfacet
  facet normal 0 0 -1
    outer loop
      vertex -11.6218 33.5954 0
      vertex -15.5323 39.8824 0
      vertex -14.7722 40.3903 0
    endloop
  endfacet
  facet normal 0 0 -1
    outer loop
      vertex -17.2181 39.1842 0
      vertex -15.2987 32.021 0
      vertex -15.5376 31.9734 0
    endloop
  endfacet
  facet normal 0 0 -1
    outer loop
      vertex -13.5144 32.6266 0
      vertex -16.3523 39.4781 0
      vertex -15.5323 39.8824 0
    endloop
  endfacet
  facet normal 0 0 -1
    outer loop
      vertex -15.2987 32.021 0
      vertex -17.2181 39.1842 0
      vertex -16.3523 39.4781 0
    endloop
  endfacet
  facet normal 0 0 -1
    outer loop
      vertex -15.5376 31.9734 0
      vertex -18.1148 39.0058 0
      vertex -17.2181 39.1842 0
    endloop
  endfacet
  facet normal 0 0 -1
    outer loop
      vertex -15.5376 31.9734 0
      vertex -19.027 38.946 0
      vertex -18.1148 39.0058 0
    endloop
  endfacet
  facet normal 0 0 -1
    outer loop
      vertex -21.6855 31.8082 0
      vertex -19.027 38.946 0
      vertex -15.5376 31.9734 0
    endloop
  endfacet
  facet normal -0 0 -1
    outer loop
      vertex -19.027 38.946 0
      vertex -21.6855 31.8082 0
      vertex -19.9392 39.0058 0
    endloop
  endfacet
  facet normal -0 0 -1
    outer loop
      vertex -19.9392 39.0058 0
      vertex -21.6855 31.8082 0
      vertex -20.836 39.1842 0
    endloop
  endfacet
  facet normal 0 0 -1
    outer loop
      vertex -26.0595 27.6151 0
      vertex -21.6855 31.8082 0
      vertex -15.5376 31.9734 0
    endloop
  endfacet
  facet normal 0 0 -1
    outer loop
      vertex -26.0595 27.6151 0
      vertex -27.7433 29.299 0
      vertex -21.6855 31.8082 0
    endloop
  endfacet
  facet normal 0 0 -1
    outer loop
      vertex -27.6151 26.0595 0
      vertex -27.7433 29.299 0
      vertex -26.0595 27.6151 0
    endloop
  endfacet
  facet normal 0 0 -1
    outer loop
      vertex -29.299 27.7433 0
      vertex -27.7433 29.299 0
      vertex -27.6151 26.0595 0
    endloop
  endfacet
  facet normal 0 0 -1
    outer loop
      vertex -30.1779 28.6222 0
      vertex -28.6222 30.1779 0
      vertex -29.299 27.7433 0
    endloop
  endfacet
  facet normal -0 0 -1
    outer loop
      vertex -27.7433 29.299 0
      vertex -29.299 27.7433 0
      vertex -28.6222 30.1779 0
    endloop
  endfacet
  facet normal -0 0 -1
    outer loop
      vertex -27.6151 26.0595 0
      vertex -31.8082 21.6855 0
      vertex -29.299 27.7433 0
    endloop
  endfacet
  facet normal 0 0 -1
    outer loop
      vertex -31.9734 15.5376 0
      vertex -31.8082 21.6855 0
      vertex -27.6151 26.0595 0
    endloop
  endfacet
  facet normal 0 0 -1
    outer loop
      vertex -32.6266 13.5144 0
      vertex -31.9734 15.5376 0
      vertex -32.021 15.2987 0
    endloop
  endfacet
  facet normal 0 0 -1
    outer loop
      vertex -33.5954 11.6218 0
      vertex -31.9734 15.5376 0
      vertex -32.6266 13.5144 0
    endloop
  endfacet
  facet normal 0 0 -1
    outer loop
      vertex -38.4813 30.3362 0
      vertex -31.9734 15.5376 0
      vertex -33.5954 11.6218 0
    endloop
  endfacet
  facet normal 0 0 -1
    outer loop
      vertex -31.8082 21.6855 0
      vertex -33.0059 25.3087 0
      vertex -32.021 22.7553 0
    endloop
  endfacet
  facet normal 0 0 -1
    outer loop
      vertex -32.021 22.7553 0
      vertex -33.0059 25.3087 0
      vertex -32.6267 24.5396 0
    endloop
  endfacet
  facet normal 0 0 -1
    outer loop
      vertex -33.5954 11.6218 0
      vertex -32.6266 13.5144 0
      vertex -33.4601 11.8244 0
    endloop
  endfacet
  facet normal 0 0 -1
    outer loop
      vertex -31.9734 15.5376 0
      vertex -38.4813 30.3362 0
      vertex -31.8082 21.6855 0
    endloop
  endfacet
  facet normal 0 0 -1
    outer loop
      vertex -39.0058 18.1148 0
      vertex -33.5954 11.6218 0
      vertex -37.8258 7.15779 0
    endloop
  endfacet
  facet normal 0 0 -1
    outer loop
      vertex -28.6222 30.1779 0
      vertex -34.6489 34.6489 0
      vertex -33.2619 35.9825 0
    endloop
  endfacet
  facet normal 0 0 -1
    outer loop
      vertex -30.1779 28.6222 0
      vertex -35.9825 33.2619 0
      vertex -34.6489 34.6489 0
    endloop
  endfacet
  facet normal 0 0 -1
    outer loop
      vertex -31.6326 27.0166 0
      vertex -37.2606 31.8236 0
      vertex -35.9825 33.2619 0
    endloop
  endfacet
  facet normal 0 0 -1
    outer loop
      vertex -31.8082 21.6855 0
      vertex -38.4813 30.3362 0
      vertex -33.0059 25.3087 0
    endloop
  endfacet
  facet normal 0 0 -1
    outer loop
      vertex -37.9537 1.09999 0
      vertex -37.8258 7.15779 0
      vertex -33.5954 11.6218 0
    endloop
  endfacet
  facet normal 0 0 -1
    outer loop
      vertex -40.335 1.09999 0
      vertex -37.9537 1.09999 0
      vertex -40.335 -1.09999 0
    endloop
  endfacet
  facet normal 0 0 -1
    outer loop
      vertex -37.9537 1.09999 0
      vertex -40.335 1.09999 0
      vertex -37.8258 7.15779 0
    endloop
  endfacet
  facet normal 0 0 -1
    outer loop
      vertex -41.5779 -1.09999 0
      vertex -40.335 1.09999 0
      vertex -40.335 -1.09999 0
    endloop
  endfacet
  facet normal -0 0 -1
    outer loop
      vertex -40.335 1.09999 0
      vertex -41.5779 -1.09999 0
      vertex -41.5779 1.09999 0
    endloop
  endfacet
  facet normal 0 0 -1
    outer loop
      vertex -18.5925 20.1481 0
      vertex -1.09999 29.775 0
      vertex -1.09999 27.3937 0
    endloop
  endfacet
  facet normal 0 0 -1
    outer loop
      vertex -18.5925 20.1481 0
      vertex -20.2763 21.8319 0
      vertex -1.09999 29.775 0
    endloop
  endfacet
  facet normal 0 0 -1
    outer loop
      vertex -20.1481 18.5925 0
      vertex -20.2763 21.8319 0
      vertex -18.5925 20.1481 0
    endloop
  endfacet
  facet normal 0 0 -1
    outer loop
      vertex -20.1481 18.5925 0
      vertex -21.8319 20.2763 0
      vertex -20.2763 21.8319 0
    endloop
  endfacet
  facet normal 0 0 -1
    outer loop
      vertex -27.3937 1.09999 0
      vertex -21.8319 20.2763 0
      vertex -20.1481 18.5925 0
    endloop
  endfacet
  facet normal 0 0 -1
    outer loop
      vertex -29.775 1.09999 0
      vertex -27.3937 1.09999 0
      vertex -29.775 -1.09999 0
    endloop
  endfacet
  facet normal 0 0 -1
    outer loop
      vertex -27.3937 1.09999 0
      vertex -29.775 1.09999 0
      vertex -21.8319 20.2763 0
    endloop
  endfacet
  facet normal 0 0 -1
    outer loop
      vertex -37.9537 -1.09999 0
      vertex -29.775 1.09999 0
      vertex -29.775 -1.09999 0
    endloop
  endfacet
  facet normal -0 0 -1
    outer loop
      vertex -29.775 1.09999 0
      vertex -37.9537 -1.09999 0
      vertex -37.9537 1.09999 0
    endloop
  endfacet
  facet normal 0 0 -1
    outer loop
      vertex -10.5032 12.0588 0
      vertex -1.09999 18.335 0
      vertex -1.09999 15.9537 0
    endloop
  endfacet
  facet normal 0 0 -1
    outer loop
      vertex -10.5032 12.0588 0
      vertex -12.187 13.7426 0
      vertex -1.09999 18.335 0
    endloop
  endfacet
  facet normal 0 0 -1
    outer loop
      vertex -12.0588 10.5032 0
      vertex -12.187 13.7426 0
      vertex -10.5032 12.0588 0
    endloop
  endfacet
  facet normal 0 0 -1
    outer loop
      vertex -12.0588 10.5032 0
      vertex -13.7426 12.187 0
      vertex -12.187 13.7426 0
    endloop
  endfacet
  facet normal 0 0 -1
    outer loop
      vertex -15.9537 1.09999 0
      vertex -13.7426 12.187 0
      vertex -12.0588 10.5032 0
    endloop
  endfacet
  facet normal 0 0 -1
    outer loop
      vertex -18.335 1.09999 0
      vertex -15.9537 1.09999 0
      vertex -18.335 -1.09999 0
    endloop
  endfacet
  facet normal 0 0 -1
    outer loop
      vertex -15.9537 1.09999 0
      vertex -18.335 1.09999 0
      vertex -13.7426 12.187 0
    endloop
  endfacet
  facet normal 0 0 -1
    outer loop
      vertex -27.3937 -1.09999 0
      vertex -18.335 1.09999 0
      vertex -18.335 -1.09999 0
    endloop
  endfacet
  facet normal -0 0 -1
    outer loop
      vertex -18.335 1.09999 0
      vertex -27.3937 -1.09999 0
      vertex -27.3937 1.09999 0
    endloop
  endfacet
  facet normal 0 0 -1
    outer loop
      vertex -1.09999 -2.65562 0
      vertex -2.65562 -1.09999 0
      vertex -1.09999 2.65562 0
    endloop
  endfacet
  facet normal 0 0 -1
    outer loop
      vertex -10.5032 -12.0588 0
      vertex -2.65562 -1.09999 0
      vertex -1.09999 -2.65562 0
    endloop
  endfacet
  facet normal 0 0 -1
    outer loop
      vertex -2.65562 -1.09999 0
      vertex -10.5032 -12.0588 0
      vertex -12.0588 -10.5032 0
    endloop
  endfacet
  facet normal 0 0 -1
    outer loop
      vertex -1.09999 -18.335 0
      vertex -10.5032 -12.0588 0
      vertex -1.09999 -15.9537 0
    endloop
  endfacet
  facet normal 0 0 -1
    outer loop
      vertex -12.187 -13.7426 0
      vertex -10.5032 -12.0588 0
      vertex -1.09999 -18.335 0
    endloop
  endfacet
  facet normal 0 0 -1
    outer loop
      vertex -12.187 -13.7426 0
      vertex -12.0588 -10.5032 0
      vertex -10.5032 -12.0588 0
    endloop
  endfacet
  facet normal 0 0 -1
    outer loop
      vertex -13.7426 -12.187 0
      vertex -12.0588 -10.5032 0
      vertex -12.187 -13.7426 0
    endloop
  endfacet
  facet normal 0 0 -1
    outer loop
      vertex -13.7426 -12.187 0
      vertex -15.9537 -1.09999 0
      vertex -12.0588 -10.5032 0
    endloop
  endfacet
  facet normal 0 0 -1
    outer loop
      vertex -15.9537 -1.09999 0
      vertex -18.335 -1.09999 0
      vertex -15.9537 1.09999 0
    endloop
  endfacet
  facet normal 0 0 -1
    outer loop
      vertex -18.335 -1.09999 0
      vertex -15.9537 -1.09999 0
      vertex -13.7426 -12.187 0
    endloop
  endfacet
  facet normal 0 0 -1
    outer loop
      vertex -1.09999 -29.775 0
      vertex -18.5925 -20.1481 0
      vertex -1.09999 -27.3937 0
    endloop
  endfacet
  facet normal 0 0 -1
    outer loop
      vertex -20.2763 -21.8319 0
      vertex -18.5925 -20.1481 0
      vertex -1.09999 -29.775 0
    endloop
  endfacet
  facet normal 0 0 -1
    outer loop
      vertex -20.2763 -21.8319 0
      vertex -20.1481 -18.5925 0
      vertex -18.5925 -20.1481 0
    endloop
  endfacet
  facet normal 0 0 -1
    outer loop
      vertex -21.8319 -20.2763 0
      vertex -20.1481 -18.5925 0
      vertex -20.2763 -21.8319 0
    endloop
  endfacet
  facet normal 0 0 -1
    outer loop
      vertex -21.8319 -20.2763 0
      vertex -27.3937 -1.09999 0
      vertex -20.1481 -18.5925 0
    endloop
  endfacet
  facet normal 0 0 -1
    outer loop
      vertex -27.3937 -1.09999 0
      vertex -29.775 -1.09999 0
      vertex -27.3937 1.09999 0
    endloop
  endfacet
  facet normal 0 0 -1
    outer loop
      vertex -29.775 -1.09999 0
      vertex -27.3937 -1.09999 0
      vertex -21.8319 -20.2763 0
    endloop
  endfacet
  facet normal 0 0 -1
    outer loop
      vertex -7.15779 -37.8258 0
      vertex -1.09999 -37.9537 0
      vertex -1.09999 -40.335 0
    endloop
  endfacet
  facet normal -0 0 -1
    outer loop
      vertex -5.44276 -41.2347 0
      vertex -12.5698 -43.2606 0
      vertex -5.7184 -40.4227 0
    endloop
  endfacet
  facet normal 0 0 -1
    outer loop
      vertex -7.15779 -37.8258 0
      vertex -11.6218 -33.5954 0
      vertex -1.09999 -37.9537 0
    endloop
  endfacet
  facet normal -0 0 -1
    outer loop
      vertex -5.7184 -40.4227 0
      vertex -12.5698 -43.2606 0
      vertex -6.55179 -38.7327 0
    endloop
  endfacet
  facet normal 0 0 -1
    outer loop
      vertex -12.9741 -42.4407 0
      vertex -6.55179 -38.7327 0
      vertex -12.5698 -43.2606 0
    endloop
  endfacet
  facet normal -0 0 -1
    outer loop
      vertex -6.55179 -38.7327 0
      vertex -12.9741 -42.4407 0
      vertex -7.15779 -37.8258 0
    endloop
  endfacet
  facet normal 0 0 -1
    outer loop
      vertex -13.4821 -41.6805 0
      vertex -7.15779 -37.8258 0
      vertex -12.9741 -42.4407 0
    endloop
  endfacet
  facet normal 0 0 -1
    outer loop
      vertex -14.0849 -40.9931 0
      vertex -7.15779 -37.8258 0
      vertex -13.4821 -41.6805 0
    endloop
  endfacet
  facet normal -0 0 -1
    outer loop
      vertex -7.15779 -37.8258 0
      vertex -14.0849 -40.9931 0
      vertex -11.6218 -33.5954 0
    endloop
  endfacet
  facet normal 0 0 -1
    outer loop
      vertex -14.7722 -40.3903 0
      vertex -11.6218 -33.5954 0
      vertex -14.0849 -40.9931 0
    endloop
  endfacet
  facet normal 0 0 -1
    outer loop
      vertex -15.5323 -39.8824 0
      vertex -11.6218 -33.5954 0
      vertex -14.7722 -40.3903 0
    endloop
  endfacet
  facet normal -0 0 -1
    outer loop
      vertex -11.6218 -33.5954 0
      vertex -15.5323 -39.8824 0
      vertex -11.8244 -33.4601 0
    endloop
  endfacet
  facet normal -0 0 -1
    outer loop
      vertex -11.8244 -33.4601 0
      vertex -15.5323 -39.8824 0
      vertex -13.5144 -32.6266 0
    endloop
  endfacet
  facet normal 0 0 -1
    outer loop
      vertex -16.3523 -39.4781 0
      vertex -13.5144 -32.6266 0
      vertex -15.5323 -39.8824 0
    endloop
  endfacet
  facet normal -0 0 -1
    outer loop
      vertex -13.5144 -32.6266 0
      vertex -16.3523 -39.4781 0
      vertex -15.2987 -32.021 0
    endloop
  endfacet
  facet normal 0 0 -1
    outer loop
      vertex -17.2181 -39.1842 0
      vertex -15.2987 -32.021 0
      vertex -16.3523 -39.4781 0
    endloop
  endfacet
  facet normal -0 0 -1
    outer loop
      vertex -15.2987 -32.021 0
      vertex -17.2181 -39.1842 0
      vertex -15.5376 -31.9734 0
    endloop
  endfacet
  facet normal 0 0 -1
    outer loop
      vertex -18.1148 -39.0058 0
      vertex -15.5376 -31.9734 0
      vertex -17.2181 -39.1842 0
    endloop
  endfacet
  facet normal 0 0 -1
    outer loop
      vertex -19.027 -38.946 0
      vertex -15.5376 -31.9734 0
      vertex -18.1148 -39.0058 0
    endloop
  endfacet
  facet normal 0 0 -1
    outer loop
      vertex -21.6855 -31.8082 0
      vertex -19.027 -38.946 0
      vertex -19.9392 -39.0058 0
    endloop
  endfacet
  facet normal 0 0 -1
    outer loop
      vertex -21.6855 -31.8082 0
      vertex -19.9392 -39.0058 0
      vertex -20.836 -39.1842 0
    endloop
  endfacet
  facet normal 0 0 -1
    outer loop
      vertex -19.027 -38.946 0
      vertex -21.6855 -31.8082 0
      vertex -15.5376 -31.9734 0
    endloop
  endfacet
  facet normal 0 0 -1
    outer loop
      vertex -21.6855 -31.8082 0
      vertex -26.0595 -27.6151 0
      vertex -15.5376 -31.9734 0
    endloop
  endfacet
  facet normal 0 0 -1
    outer loop
      vertex -27.7433 -29.299 0
      vertex -26.0595 -27.6151 0
      vertex -21.6855 -31.8082 0
    endloop
  endfacet
  facet normal 0 0 -1
    outer loop
      vertex -27.7433 -29.299 0
      vertex -27.6151 -26.0595 0
      vertex -26.0595 -27.6151 0
    endloop
  endfacet
  facet normal 0 0 -1
    outer loop
      vertex -29.299 -27.7433 0
      vertex -27.7433 -29.299 0
      vertex -28.6222 -30.1779 0
    endloop
  endfacet
  facet normal -0 0 -1
    outer loop
      vertex -27.0166 -31.6326 0
      vertex -31.8236 -37.2606 0
      vertex -28.2379 -30.5473 0
    endloop
  endfacet
  facet normal 0 0 -1
    outer loop
      vertex -27.7433 -29.299 0
      vertex -29.299 -27.7433 0
      vertex -27.6151 -26.0595 0
    endloop
  endfacet
  facet normal 0 0 -1
    outer loop
      vertex -31.8082 -21.6855 0
      vertex -27.6151 -26.0595 0
      vertex -29.299 -27.7433 0
    endloop
  endfacet
  facet normal 0 0 -1
    outer loop
      vertex -31.8082 -21.6855 0
      vertex -31.9734 -15.5376 0
      vertex -27.6151 -26.0595 0
    endloop
  endfacet
  facet normal 0 0 -1
    outer loop
      vertex -32.6267 -24.5396 0
      vertex -39.1842 -20.836 0
      vertex -32.021 -22.7553 0
    endloop
  endfacet
  facet normal 0 0 -1
    outer loop
      vertex -39.1842 -20.836 0
      vertex -33.0059 -25.3087 0
      vertex -38.4813 -30.3362 0
    endloop
  endfacet
  facet normal 0 -0 -1
    outer loop
      vertex -38.946 -19.027 0
      vertex -31.8082 -21.6855 0
      vertex -39.0058 -19.9392 0
    endloop
  endfacet
  facet normal 0 0 -1
    outer loop
      vertex -39.1842 -20.836 0
      vertex -32.6267 -24.5396 0
      vertex -33.0059 -25.3087 0
    endloop
  endfacet
  facet normal 0 0 -1
    outer loop
      vertex -32.021 -22.7553 0
      vertex -39.1842 -20.836 0
      vertex -31.8082 -21.6855 0
    endloop
  endfacet
  facet normal 0 0 -1
    outer loop
      vertex -31.8082 -21.6855 0
      vertex -38.946 -19.027 0
      vertex -31.9734 -15.5376 0
    endloop
  endfacet
  facet normal 0 0 -1
    outer loop
      vertex -37.2606 -31.8236 0
      vertex -31.6326 -27.0166 0
      vertex -35.9825 -33.2619 0
    endloop
  endfacet
  facet normal -0 0 -1
    outer loop
      vertex -31.6326 -27.0166 0
      vertex -37.2606 -31.8236 0
      vertex -32.6687 -25.7542 0
    endloop
  endfacet
  facet normal 0 0 -1
    outer loop
      vertex -38.4813 -30.3362 0
      vertex -32.6687 -25.7542 0
      vertex -37.2606 -31.8236 0
    endloop
  endfacet
  facet normal -0 0 -1
    outer loop
      vertex -32.6687 -25.7542 0
      vertex -38.4813 -30.3362 0
      vertex -33.0059 -25.3087 0
    endloop
  endfacet
  facet normal 0 0 -1
    outer loop
      vertex -39.0058 -18.1148 0
      vertex -31.9734 -15.5376 0
      vertex -38.946 -19.027 0
    endloop
  endfacet
  facet normal 0 -0 -1
    outer loop
      vertex -39.0058 -19.9392 0
      vertex -31.8082 -21.6855 0
      vertex -39.1842 -20.836 0
    endloop
  endfacet
  facet normal 0 0 -1
    outer loop
      vertex -37.8258 -7.15779 0
      vertex -37.9537 -1.09999 0
      vertex -33.5954 -11.6218 0
    endloop
  endfacet
  facet normal 0 0 -1
    outer loop
      vertex -37.9537 -1.09999 0
      vertex -40.335 -1.09999 0
      vertex -37.9537 1.09999 0
    endloop
  endfacet
  facet normal 0 0 -1
    outer loop
      vertex -40.335 -1.09999 0
      vertex -37.9537 -1.09999 0
      vertex -37.8258 -7.15779 0
    endloop
  endfacet
  facet normal 0 0 -1
    outer loop
      vertex -1.09999 -15.9537 0
      vertex 1.09999 -15.9537 0
      vertex -1.09999 -18.335 0
    endloop
  endfacet
  facet normal 0 0 -1
    outer loop
      vertex 1.09999 -15.9537 0
      vertex -1.09999 -15.9537 0
      vertex 1.09999 -2.65562 0
    endloop
  endfacet
  facet normal 0 0 -1
    outer loop
      vertex -1.09999 -2.65562 0
      vertex 1.09999 -2.65562 0
      vertex -1.09999 -15.9537 0
    endloop
  endfacet
  facet normal 0 0 -1
    outer loop
      vertex 1.09999 -2.65562 0
      vertex -1.09999 -2.65562 0
      vertex 1.09999 2.65562 0
    endloop
  endfacet
  facet normal 0 0 -1
    outer loop
      vertex -1.09999 2.65562 0
      vertex 1.09999 2.65562 0
      vertex -1.09999 -2.65562 0
    endloop
  endfacet
  facet normal 0 0 -1
    outer loop
      vertex 1.09999 2.65562 0
      vertex -1.09999 2.65562 0
      vertex 1.09999 15.9537 0
    endloop
  endfacet
  facet normal 0 0 -1
    outer loop
      vertex -1.09999 15.9537 0
      vertex 1.09999 15.9537 0
      vertex -1.09999 2.65562 0
    endloop
  endfacet
  facet normal 0 0 -1
    outer loop
      vertex 1.09999 15.9537 0
      vertex -1.09999 15.9537 0
      vertex 1.09999 18.335 0
    endloop
  endfacet
  facet normal 0 0 -1
    outer loop
      vertex -1.09999 18.335 0
      vertex 1.09999 18.335 0
      vertex -1.09999 15.9537 0
    endloop
  endfacet
  facet normal 0 0 -1
    outer loop
      vertex -1.09999 27.3937 0
      vertex 1.09999 18.335 0
      vertex -1.09999 18.335 0
    endloop
  endfacet
  facet normal 0 0 -1
    outer loop
      vertex -1.09999 29.775 0
      vertex 1.09999 18.335 0
      vertex -1.09999 27.3937 0
    endloop
  endfacet
  facet normal 0 0 -1
    outer loop
      vertex -1.09999 37.9537 0
      vertex 1.09999 18.335 0
      vertex -1.09999 29.775 0
    endloop
  endfacet
  facet normal 0 0 -1
    outer loop
      vertex 1.09999 18.335 0
      vertex -1.09999 37.9537 0
      vertex 0 49.001 0
    endloop
  endfacet
  facet normal 0 0 -1
    outer loop
      vertex -1.09999 40.335 0
      vertex 0 49.001 0
      vertex -1.09999 37.9537 0
    endloop
  endfacet
  facet normal 0 0 -1
    outer loop
      vertex -1.09999 41.5779 0
      vertex 0 49.001 0
      vertex -1.09999 40.335 0
    endloop
  endfacet
  facet normal 0 0 -1
    outer loop
      vertex -1.92377 48.9632 0
      vertex -1.09999 41.5779 0
      vertex -1.63298 41.5675 0
    endloop
  endfacet
  facet normal 0 0 -1
    outer loop
      vertex -1.09999 41.5779 0
      vertex -1.92377 48.9632 0
      vertex 0 49.001 0
    endloop
  endfacet
  facet normal 0 0 -1
    outer loop
      vertex -3.26407 41.4713 0
      vertex -1.92377 48.9632 0
      vertex -1.63298 41.5675 0
    endloop
  endfacet
  facet normal 0 0 -1
    outer loop
      vertex -3.26407 41.4713 0
      vertex -3.84456 48.8499 0
      vertex -1.92377 48.9632 0
    endloop
  endfacet
  facet normal 0 0 -1
    outer loop
      vertex -4.8895 41.3112 0
      vertex -3.84456 48.8499 0
      vertex -3.26407 41.4713 0
    endloop
  endfacet
  facet normal 0 0 -1
    outer loop
      vertex -5.75941 48.6613 0
      vertex -4.8895 41.3112 0
      vertex -5.44276 41.2347 0
    endloop
  endfacet
  facet normal 0 0 -1
    outer loop
      vertex -11.5648 47.7013 0
      vertex -5.44276 41.2347 0
      vertex -5.7184 40.4227 0
    endloop
  endfacet
  facet normal 0 0 -1
    outer loop
      vertex -4.8895 41.3112 0
      vertex -5.75941 48.6613 0
      vertex -3.84456 48.8499 0
    endloop
  endfacet
  facet normal 0 0 -1
    outer loop
      vertex -11.5648 47.7013 0
      vertex -5.7184 40.4227 0
      vertex -6.55179 38.7327 0
    endloop
  endfacet
  facet normal 0 0 -1
    outer loop
      vertex -12.9741 42.4407 0
      vertex -6.55179 38.7327 0
      vertex -7.15779 37.8258 0
    endloop
  endfacet
  facet normal 0 0 -1
    outer loop
      vertex -5.44276 41.2347 0
      vertex -7.66542 48.3977 0
      vertex -5.75941 48.6613 0
    endloop
  endfacet
  facet normal 0 0 -1
    outer loop
      vertex -2.65562 1.09999 0
      vertex -1.09999 2.65562 0
      vertex -2.65562 -1.09999 0
    endloop
  endfacet
  facet normal 0 0 -1
    outer loop
      vertex -2.65562 1.09999 0
      vertex -10.5032 12.0588 0
      vertex -1.09999 2.65562 0
    endloop
  endfacet
  facet normal 0 -0 -1
    outer loop
      vertex -10.5032 12.0588 0
      vertex -2.65562 1.09999 0
      vertex -12.0588 10.5032 0
    endloop
  endfacet
  facet normal 0 0 -1
    outer loop
      vertex 12.9741 -42.4407 0
      vertex 6.55179 -38.7327 0
      vertex 7.15779 -37.8258 0
    endloop
  endfacet
  facet normal 0 0 -1
    outer loop
      vertex 5.44276 -41.2347 0
      vertex 7.66542 -48.3977 0
      vertex 5.75941 -48.6613 0
    endloop
  endfacet
  facet normal 0 0 -1
    outer loop
      vertex 12.5698 -43.2606 0
      vertex 5.7184 -40.4227 0
      vertex 6.55179 -38.7327 0
    endloop
  endfacet
  facet normal 0 0 -1
    outer loop
      vertex 12.5698 -43.2606 0
      vertex 5.44276 -41.2347 0
      vertex 5.7184 -40.4227 0
    endloop
  endfacet
  facet normal 0 0 -1
    outer loop
      vertex 5.75941 -48.6613 0
      vertex 4.8895 -41.3112 0
      vertex 5.44276 -41.2347 0
    endloop
  endfacet
  facet normal 0 0 -1
    outer loop
      vertex 3.84456 -48.8499 0
      vertex 4.8895 -41.3112 0
      vertex 5.75941 -48.6613 0
    endloop
  endfacet
  facet normal 0 0 -1
    outer loop
      vertex 3.84456 -48.8499 0
      vertex 3.26407 -41.4713 0
      vertex 4.8895 -41.3112 0
    endloop
  endfacet
  facet normal 0 0 -1
    outer loop
      vertex 1.92377 -48.9632 0
      vertex 3.26407 -41.4713 0
      vertex 3.84456 -48.8499 0
    endloop
  endfacet
  facet normal 0 0 -1
    outer loop
      vertex 1.92377 -48.9632 0
      vertex 1.63298 -41.5675 0
      vertex 3.26407 -41.4713 0
    endloop
  endfacet
  facet normal 0 0 -1
    outer loop
      vertex 1.92377 -48.9632 0
      vertex 1.09999 -41.5779 0
      vertex 1.63298 -41.5675 0
    endloop
  endfacet
  facet normal 0 0 -1
    outer loop
      vertex -1.09999 -41.5779 0
      vertex 1.09999 -40.335 0
      vertex 1.09999 -41.5779 0
    endloop
  endfacet
  facet normal 0 0 -1
    outer loop
      vertex -1.09999 -40.335 0
      vertex 1.09999 -40.335 0
      vertex -1.09999 -41.5779 0
    endloop
  endfacet
  facet normal 0 0 -1
    outer loop
      vertex 1.09999 -40.335 0
      vertex -1.09999 -40.335 0
      vertex 1.09999 -37.9537 0
    endloop
  endfacet
  facet normal 0 0 -1
    outer loop
      vertex -1.09999 -37.9537 0
      vertex 1.09999 -37.9537 0
      vertex -1.09999 -40.335 0
    endloop
  endfacet
  facet normal 0 0 -1
    outer loop
      vertex 1.09999 -37.9537 0
      vertex -1.09999 -37.9537 0
      vertex 1.09999 -29.775 0
    endloop
  endfacet
  facet normal 0 0 -1
    outer loop
      vertex -1.09999 -29.775 0
      vertex 1.09999 -29.775 0
      vertex -1.09999 -37.9537 0
    endloop
  endfacet
  facet normal 0 0 -1
    outer loop
      vertex 1.09999 -29.775 0
      vertex -1.09999 -29.775 0
      vertex 1.09999 -27.3937 0
    endloop
  endfacet
  facet normal 0 0 -1
    outer loop
      vertex -1.09999 -27.3937 0
      vertex 1.09999 -27.3937 0
      vertex -1.09999 -29.775 0
    endloop
  endfacet
  facet normal 0 0 -1
    outer loop
      vertex 1.09999 -27.3937 0
      vertex -1.09999 -27.3937 0
      vertex 1.09999 -18.335 0
    endloop
  endfacet
  facet normal 0 0 -1
    outer loop
      vertex -1.09999 -18.335 0
      vertex 1.09999 -18.335 0
      vertex -1.09999 -27.3937 0
    endloop
  endfacet
  facet normal 0 0 -1
    outer loop
      vertex 1.09999 -18.335 0
      vertex -1.09999 -18.335 0
      vertex 1.09999 -15.9537 0
    endloop
  endfacet
  facet normal 0 0 -1
    outer loop
      vertex 1.09999 18.335 0
      vertex 0 49.001 0
      vertex 1.09999 27.3937 0
    endloop
  endfacet
  facet normal 0 0 -1
    outer loop
      vertex 1.09999 27.3937 0
      vertex 0 49.001 0
      vertex 1.09999 29.775 0
    endloop
  endfacet
  facet normal 0 0 -1
    outer loop
      vertex 1.09999 29.775 0
      vertex 0 49.001 0
      vertex 1.09999 37.9537 0
    endloop
  endfacet
  facet normal 0 0 -1
    outer loop
      vertex -1.09999 -41.5779 0
      vertex 1.09999 -41.5779 0
      vertex 0 -49.001 0
    endloop
  endfacet
  facet normal 0 0 -1
    outer loop
      vertex 0 -49.001 0
      vertex 1.09999 -41.5779 0
      vertex 1.92377 -48.9632 0
    endloop
  endfacet
  facet normal 0 0 -1
    outer loop
      vertex 2.65562 1.09999 0
      vertex 10.5032 12.0588 0
      vertex 12.0588 10.5032 0
    endloop
  endfacet
  facet normal 0 0 -1
    outer loop
      vertex 2.65562 1.09999 0
      vertex 1.09999 2.65562 0
      vertex 10.5032 12.0588 0
    endloop
  endfacet
  facet normal 0 0 -1
    outer loop
      vertex 1.09999 2.65562 0
      vertex 2.65562 1.09999 0
      vertex 1.09999 -2.65562 0
    endloop
  endfacet
  facet normal 0 0 -1
    outer loop
      vertex 10.5032 -12.0588 0
      vertex 2.65562 -1.09999 0
      vertex 12.0588 -10.5032 0
    endloop
  endfacet
  facet normal -0 0 -1
    outer loop
      vertex 2.65562 -1.09999 0
      vertex 1.09999 -2.65562 0
      vertex 2.65562 1.09999 0
    endloop
  endfacet
  facet normal 0 0 -1
    outer loop
      vertex 1.09999 -2.65562 0
      vertex 2.65562 -1.09999 0
      vertex 10.5032 -12.0588 0
    endloop
  endfacet
  facet normal 0 0 -1
    outer loop
      vertex 5.44276 41.2347 0
      vertex 12.5698 43.2606 0
      vertex 5.7184 40.4227 0
    endloop
  endfacet
  facet normal -0 0 -1
    outer loop
      vertex 12.5698 43.2606 0
      vertex 5.44276 41.2347 0
      vertex 12.2759 44.1263 0
    endloop
  endfacet
  facet normal -0 0 -1
    outer loop
      vertex 12.2759 44.1263 0
      vertex 5.44276 41.2347 0
      vertex 7.66542 48.3977 0
    endloop
  endfacet
  facet normal -0 0 -1
    outer loop
      vertex 7.66542 48.3977 0
      vertex 5.44276 41.2347 0
      vertex 5.75941 48.6613 0
    endloop
  endfacet
  facet normal 0 0 -1
    outer loop
      vertex 4.8895 41.3112 0
      vertex 5.75941 48.6613 0
      vertex 5.44276 41.2347 0
    endloop
  endfacet
  facet normal 0 0 -1
    outer loop
      vertex 4.8895 41.3112 0
      vertex 3.84456 48.8499 0
      vertex 5.75941 48.6613 0
    endloop
  endfacet
  facet normal 0 0 -1
    outer loop
      vertex 3.26407 41.4713 0
      vertex 3.84456 48.8499 0
      vertex 4.8895 41.3112 0
    endloop
  endfacet
  facet normal 0 0 -1
    outer loop
      vertex 3.26407 41.4713 0
      vertex 1.92377 48.9632 0
      vertex 3.84456 48.8499 0
    endloop
  endfacet
  facet normal 0 0 -1
    outer loop
      vertex 1.63298 41.5675 0
      vertex 1.92377 48.9632 0
      vertex 3.26407 41.4713 0
    endloop
  endfacet
  facet normal 0 0 -1
    outer loop
      vertex 1.09999 41.5779 0
      vertex 1.92377 48.9632 0
      vertex 1.63298 41.5675 0
    endloop
  endfacet
  facet normal 0 0 -1
    outer loop
      vertex 1.09999 41.5779 0
      vertex 0 49.001 0
      vertex 1.92377 48.9632 0
    endloop
  endfacet
  facet normal 0 0 -1
    outer loop
      vertex 1.09999 37.9537 0
      vertex 0 49.001 0
      vertex 1.09999 40.335 0
    endloop
  endfacet
  facet normal 0 0 -1
    outer loop
      vertex 1.09999 40.335 0
      vertex 0 49.001 0
      vertex 1.09999 41.5779 0
    endloop
  endfacet
  facet normal 0 0 -1
    outer loop
      vertex -1.92377 -48.9632 0
      vertex -1.09999 -41.5779 0
      vertex 0 -49.001 0
    endloop
  endfacet
  facet normal -0 0 -1
    outer loop
      vertex -1.09999 -41.5779 0
      vertex -1.92377 -48.9632 0
      vertex -1.63298 -41.5675 0
    endloop
  endfacet
  facet normal 0 0 -1
    outer loop
      vertex -1.92377 -48.9632 0
      vertex -3.26407 -41.4713 0
      vertex -1.63298 -41.5675 0
    endloop
  endfacet
  facet normal 0 0 -1
    outer loop
      vertex -3.84456 -48.8499 0
      vertex -3.26407 -41.4713 0
      vertex -1.92377 -48.9632 0
    endloop
  endfacet
  facet normal 0 0 -1
    outer loop
      vertex -3.84456 -48.8499 0
      vertex -4.8895 -41.3112 0
      vertex -3.26407 -41.4713 0
    endloop
  endfacet
  facet normal 0 0 -1
    outer loop
      vertex -5.75941 -48.6613 0
      vertex -4.8895 -41.3112 0
      vertex -3.84456 -48.8499 0
    endloop
  endfacet
  facet normal -0 0 -1
    outer loop
      vertex -4.8895 -41.3112 0
      vertex -5.75941 -48.6613 0
      vertex -5.44276 -41.2347 0
    endloop
  endfacet
  facet normal 0 0 -1
    outer loop
      vertex -7.66542 -48.3977 0
      vertex -5.44276 -41.2347 0
      vertex -5.75941 -48.6613 0
    endloop
  endfacet
  facet normal 0 0 -1
    outer loop
      vertex -12.2759 -44.1263 0
      vertex -7.66542 -48.3977 0
      vertex -11.5648 -47.7013 0
    endloop
  endfacet
  facet normal 0 0 -1
    outer loop
      vertex -7.66542 -48.3977 0
      vertex -12.2759 -44.1263 0
      vertex -5.44276 -41.2347 0
    endloop
  endfacet
  facet normal 0 0 -1
    outer loop
      vertex -12.5698 -43.2606 0
      vertex -5.44276 -41.2347 0
      vertex -12.2759 -44.1263 0
    endloop
  endfacet
  facet normal 0 0 -1
    outer loop
      vertex 2.65562 -1.09999 0
      vertex 15.9537 1.09999 0
      vertex 15.9537 -1.09999 0
    endloop
  endfacet
  facet normal -0 0 -1
    outer loop
      vertex 15.9537 1.09999 0
      vertex 2.65562 -1.09999 0
      vertex 2.65562 1.09999 0
    endloop
  endfacet
  facet normal 0 0 -1
    outer loop
      vertex 13.7426 12.187 0
      vertex 18.5925 20.1481 0
      vertex 20.1481 18.5925 0
    endloop
  endfacet
  facet normal 0 0 -1
    outer loop
      vertex 18.5925 20.1481 0
      vertex 13.7426 12.187 0
      vertex 12.187 13.7426 0
    endloop
  endfacet
  facet normal 0 0 -1
    outer loop
      vertex 18.5925 -20.1481 0
      vertex 13.7426 -12.187 0
      vertex 20.1481 -18.5925 0
    endloop
  endfacet
  facet normal 0 -0 -1
    outer loop
      vertex 13.7426 -12.187 0
      vertex 18.5925 -20.1481 0
      vertex 12.187 -13.7426 0
    endloop
  endfacet
  facet normal 0 0 -1
    outer loop
      vertex 15.9537 1.09999 0
      vertex 18.335 1.09999 0
      vertex 15.9537 -1.09999 0
    endloop
  endfacet
  facet normal 0 0 -1
    outer loop
      vertex 15.9537 1.09999 0
      vertex 13.7426 12.187 0
      vertex 18.335 1.09999 0
    endloop
  endfacet
  facet normal 0 0 -1
    outer loop
      vertex 12.0588 10.5032 0
      vertex 13.7426 12.187 0
      vertex 15.9537 1.09999 0
    endloop
  endfacet
  facet normal -0 0 -1
    outer loop
      vertex 13.7426 12.187 0
      vertex 12.0588 10.5032 0
      vertex 12.187 13.7426 0
    endloop
  endfacet
  facet normal 0 0 -1
    outer loop
      vertex 10.5032 12.0588 0
      vertex 12.187 13.7426 0
      vertex 12.0588 10.5032 0
    endloop
  endfacet
  facet normal 0 0 -1
    outer loop
      vertex 1.09999 15.9537 0
      vertex 12.187 13.7426 0
      vertex 10.5032 12.0588 0
    endloop
  endfacet
  facet normal 0 0 -1
    outer loop
      vertex 12.187 13.7426 0
      vertex 1.09999 15.9537 0
      vertex 1.09999 18.335 0
    endloop
  endfacet
  facet normal 0 0 -1
    outer loop
      vertex 21.8319 20.2763 0
      vertex 26.0595 27.6151 0
      vertex 27.6151 26.0595 0
    endloop
  endfacet
  facet normal 0 0 -1
    outer loop
      vertex 26.0595 27.6151 0
      vertex 21.8319 20.2763 0
      vertex 20.2763 21.8319 0
    endloop
  endfacet
  facet normal 0 0 -1
    outer loop
      vertex 18.335 -1.09999 0
      vertex 27.3937 1.09999 0
      vertex 27.3937 -1.09999 0
    endloop
  endfacet
  facet normal 0 0 -1
    outer loop
      vertex 18.335 -1.09999 0
      vertex 18.335 1.09999 0
      vertex 27.3937 1.09999 0
    endloop
  endfacet
  facet normal 0 0 -1
    outer loop
      vertex 18.335 -1.09999 0
      vertex 15.9537 -1.09999 0
      vertex 18.335 1.09999 0
    endloop
  endfacet
  facet normal 0 0 -1
    outer loop
      vertex 13.7426 -12.187 0
      vertex 15.9537 -1.09999 0
      vertex 18.335 -1.09999 0
    endloop
  endfacet
  facet normal 0 0 -1
    outer loop
      vertex 12.0588 -10.5032 0
      vertex 13.7426 -12.187 0
      vertex 12.187 -13.7426 0
    endloop
  endfacet
  facet normal 0 0 -1
    outer loop
      vertex 13.7426 -12.187 0
      vertex 12.0588 -10.5032 0
      vertex 15.9537 -1.09999 0
    endloop
  endfacet
  facet normal 0 0 -1
    outer loop
      vertex 12.187 -13.7426 0
      vertex 10.5032 -12.0588 0
      vertex 12.0588 -10.5032 0
    endloop
  endfacet
  facet normal 0 0 -1
    outer loop
      vertex 1.09999 -18.335 0
      vertex 10.5032 -12.0588 0
      vertex 12.187 -13.7426 0
    endloop
  endfacet
  facet normal 0 0 -1
    outer loop
      vertex 10.5032 -12.0588 0
      vertex 1.09999 -18.335 0
      vertex 1.09999 -15.9537 0
    endloop
  endfacet
  facet normal 0 0 -1
    outer loop
      vertex 28.802 -39.6426 0
      vertex 28.2379 -30.5473 0
      vertex 28.6222 -30.1779 0
    endloop
  endfacet
  facet normal 0 0 -1
    outer loop
      vertex 28.802 -39.6426 0
      vertex 27.0166 -31.6326 0
      vertex 28.2379 -30.5473 0
    endloop
  endfacet
  facet normal 0 0 -1
    outer loop
      vertex 28.802 -39.6426 0
      vertex 25.7542 -32.6687 0
      vertex 27.0166 -31.6326 0
    endloop
  endfacet
  facet normal 0 0 -1
    outer loop
      vertex 22.5216 -39.8824 0
      vertex 28.802 -39.6426 0
      vertex 25.5524 -41.9075 0
    endloop
  endfacet
  facet normal 0 0 -1
    outer loop
      vertex 28.802 -39.6426 0
      vertex 25.3087 -33.0059 0
      vertex 25.7542 -32.6687 0
    endloop
  endfacet
  facet normal -0 0 -1
    outer loop
      vertex 28.802 -39.6426 0
      vertex 22.5216 -39.8824 0
      vertex 25.3087 -33.0059 0
    endloop
  endfacet
  facet normal 0 0 -1
    outer loop
      vertex 21.7018 -39.4781 0
      vertex 25.3087 -33.0059 0
      vertex 22.5216 -39.8824 0
    endloop
  endfacet
  facet normal -0 0 -1
    outer loop
      vertex 25.3087 -33.0059 0
      vertex 21.7018 -39.4781 0
      vertex 24.5396 -32.6267 0
    endloop
  endfacet
  facet normal -0 0 -1
    outer loop
      vertex 24.5396 -32.6267 0
      vertex 21.7018 -39.4781 0
      vertex 22.7553 -32.021 0
    endloop
  endfacet
  facet normal 0 0 -1
    outer loop
      vertex 20.836 -39.1842 0
      vertex 22.7553 -32.021 0
      vertex 21.7018 -39.4781 0
    endloop
  endfacet
  facet normal -0 0 -1
    outer loop
      vertex 22.7553 -32.021 0
      vertex 20.836 -39.1842 0
      vertex 21.6855 -31.8082 0
    endloop
  endfacet
  facet normal -0 0 -1
    outer loop
      vertex 31.8236 37.2606 0
      vertex 27.0166 31.6326 0
      vertex 30.3362 38.4813 0
    endloop
  endfacet
  facet normal 0 0 -1
    outer loop
      vertex 25.7542 32.6687 0
      vertex 30.3362 38.4813 0
      vertex 27.0166 31.6326 0
    endloop
  endfacet
  facet normal 0 0 -1
    outer loop
      vertex 25.3087 33.0059 0
      vertex 30.3362 38.4813 0
      vertex 25.7542 32.6687 0
    endloop
  endfacet
  facet normal -0 0 -1
    outer loop
      vertex 30.3362 38.4813 0
      vertex 25.3087 33.0059 0
      vertex 28.802 39.6426 0
    endloop
  endfacet
  facet normal 0 0 -1
    outer loop
      vertex 22.5216 39.8824 0
      vertex 28.802 39.6426 0
      vertex 25.3087 33.0059 0
    endloop
  endfacet
  facet normal 0 0 -1
    outer loop
      vertex 21.7018 39.4781 0
      vertex 25.3087 33.0059 0
      vertex 24.5396 32.6267 0
    endloop
  endfacet
  facet normal 0 0 -1
    outer loop
      vertex 21.7018 39.4781 0
      vertex 24.5396 32.6267 0
      vertex 22.7553 32.021 0
    endloop
  endfacet
  facet normal 0 0 -1
    outer loop
      vertex 28.802 39.6426 0
      vertex 22.5216 39.8824 0
      vertex 25.5524 41.9075 0
    endloop
  endfacet
  facet normal 0 0 -1
    outer loop
      vertex 25.3087 33.0059 0
      vertex 21.7018 39.4781 0
      vertex 22.5216 39.8824 0
    endloop
  endfacet
  facet normal 0 0 -1
    outer loop
      vertex 20.836 39.1842 0
      vertex 22.7553 32.021 0
      vertex 21.6855 31.8082 0
    endloop
  endfacet
  facet normal 0 0 -1
    outer loop
      vertex 22.7553 32.021 0
      vertex 20.836 39.1842 0
      vertex 21.7018 39.4781 0
    endloop
  endfacet
  facet normal 0 0 -1
    outer loop
      vertex 27.3937 1.09999 0
      vertex 29.775 1.09999 0
      vertex 27.3937 -1.09999 0
    endloop
  endfacet
  facet normal 0 0 -1
    outer loop
      vertex 27.3937 1.09999 0
      vertex 21.8319 20.2763 0
      vertex 29.775 1.09999 0
    endloop
  endfacet
  facet normal 0 0 -1
    outer loop
      vertex 20.1481 18.5925 0
      vertex 21.8319 20.2763 0
      vertex 27.3937 1.09999 0
    endloop
  endfacet
  facet normal -0 0 -1
    outer loop
      vertex 21.8319 20.2763 0
      vertex 20.1481 18.5925 0
      vertex 20.2763 21.8319 0
    endloop
  endfacet
  facet normal 0 0 -1
    outer loop
      vertex 18.5925 20.1481 0
      vertex 20.2763 21.8319 0
      vertex 20.1481 18.5925 0
    endloop
  endfacet
  facet normal 0 0 -1
    outer loop
      vertex 1.09999 27.3937 0
      vertex 20.2763 21.8319 0
      vertex 18.5925 20.1481 0
    endloop
  endfacet
  facet normal 0 0 -1
    outer loop
      vertex 20.2763 21.8319 0
      vertex 1.09999 27.3937 0
      vertex 1.09999 29.775 0
    endloop
  endfacet
  facet normal 0 0 -1
    outer loop
      vertex 26.0595 -27.6151 0
      vertex 21.8319 -20.2763 0
      vertex 27.6151 -26.0595 0
    endloop
  endfacet
  facet normal 0 -0 -1
    outer loop
      vertex 21.8319 -20.2763 0
      vertex 26.0595 -27.6151 0
      vertex 20.2763 -21.8319 0
    endloop
  endfacet
  facet normal 0 0 -1
    outer loop
      vertex 38.4813 -30.3362 0
      vertex 32.6687 -25.7542 0
      vertex 33.0059 -25.3087 0
    endloop
  endfacet
  facet normal 0 0 -1
    outer loop
      vertex 28.6222 -30.1779 0
      vertex 33.2619 -35.9825 0
      vertex 31.8236 -37.2606 0
    endloop
  endfacet
  facet normal 0 0 -1
    outer loop
      vertex 37.2606 -31.8236 0
      vertex 31.6326 -27.0166 0
      vertex 32.6687 -25.7542 0
    endloop
  endfacet
  facet normal 0 0 -1
    outer loop
      vertex 35.9825 -33.2619 0
      vertex 30.5473 -28.2379 0
      vertex 31.6326 -27.0166 0
    endloop
  endfacet
  facet normal 0 0 -1
    outer loop
      vertex 28.6222 -30.1779 0
      vertex 31.8236 -37.2606 0
      vertex 30.3362 -38.4813 0
    endloop
  endfacet
  facet normal 0 0 -1
    outer loop
      vertex 35.9825 -33.2619 0
      vertex 30.1779 -28.6222 0
      vertex 30.5473 -28.2379 0
    endloop
  endfacet
  facet normal 0 0 -1
    outer loop
      vertex 28.6222 -30.1779 0
      vertex 30.3362 -38.4813 0
      vertex 28.802 -39.6426 0
    endloop
  endfacet
  facet normal 0 0 -1
    outer loop
      vertex 34.6489 -34.6489 0
      vertex 28.6222 -30.1779 0
      vertex 30.1779 -28.6222 0
    endloop
  endfacet
  facet normal 0 0 -1
    outer loop
      vertex 30.5473 28.2379 0
      vertex 35.9825 33.2619 0
      vertex 31.6326 27.0166 0
    endloop
  endfacet
  facet normal 0 0 -1
    outer loop
      vertex 30.1779 28.6222 0
      vertex 35.9825 33.2619 0
      vertex 30.5473 28.2379 0
    endloop
  endfacet
  facet normal -0 0 -1
    outer loop
      vertex 35.9825 33.2619 0
      vertex 30.1779 28.6222 0
      vertex 34.6489 34.6489 0
    endloop
  endfacet
  facet normal 0 0 -1
    outer loop
      vertex 28.6222 30.1779 0
      vertex 34.6489 34.6489 0
      vertex 30.1779 28.6222 0
    endloop
  endfacet
  facet normal -0 0 -1
    outer loop
      vertex 34.6489 34.6489 0
      vertex 28.6222 30.1779 0
      vertex 33.2619 35.9825 0
    endloop
  endfacet
  facet normal 0 0 -1
    outer loop
      vertex 28.2379 30.5473 0
      vertex 33.2619 35.9825 0
      vertex 28.6222 30.1779 0
    endloop
  endfacet
  facet normal 0 0 -1
    outer loop
      vertex 28.6222 30.1779 0
      vertex 30.1779 28.6222 0
      vertex 29.299 27.7433 0
    endloop
  endfacet
  facet normal -0 0 -1
    outer loop
      vertex 33.2619 35.9825 0
      vertex 28.2379 30.5473 0
      vertex 31.8236 37.2606 0
    endloop
  endfacet
  facet normal 0 0 -1
    outer loop
      vertex 29.775 -1.09999 0
      vertex 37.9537 1.09999 0
      vertex 37.9537 -1.09999 0
    endloop
  endfacet
  facet normal 0 0 -1
    outer loop
      vertex 29.775 -1.09999 0
      vertex 29.775 1.09999 0
      vertex 37.9537 1.09999 0
    endloop
  endfacet
  facet normal 0 0 -1
    outer loop
      vertex 29.775 -1.09999 0
      vertex 27.3937 -1.09999 0
      vertex 29.775 1.09999 0
    endloop
  endfacet
  facet normal 0 0 -1
    outer loop
      vertex 21.8319 -20.2763 0
      vertex 27.3937 -1.09999 0
      vertex 29.775 -1.09999 0
    endloop
  endfacet
  facet normal 0 0 -1
    outer loop
      vertex 20.1481 -18.5925 0
      vertex 21.8319 -20.2763 0
      vertex 20.2763 -21.8319 0
    endloop
  endfacet
  facet normal 0 0 -1
    outer loop
      vertex 21.8319 -20.2763 0
      vertex 20.1481 -18.5925 0
      vertex 27.3937 -1.09999 0
    endloop
  endfacet
  facet normal 0 0 -1
    outer loop
      vertex 20.2763 -21.8319 0
      vertex 18.5925 -20.1481 0
      vertex 20.1481 -18.5925 0
    endloop
  endfacet
  facet normal 0 0 -1
    outer loop
      vertex 1.09999 -29.775 0
      vertex 18.5925 -20.1481 0
      vertex 20.2763 -21.8319 0
    endloop
  endfacet
  facet normal 0 0 -1
    outer loop
      vertex 18.5925 -20.1481 0
      vertex 1.09999 -29.775 0
      vertex 1.09999 -27.3937 0
    endloop
  endfacet
  facet normal 0 0 -1
    outer loop
      vertex 37.9537 1.09999 0
      vertex 40.335 1.09999 0
      vertex 37.9537 -1.09999 0
    endloop
  endfacet
  facet normal 0 0 -1
    outer loop
      vertex 37.9537 1.09999 0
      vertex 37.8258 7.15779 0
      vertex 40.335 1.09999 0
    endloop
  endfacet
  facet normal 0 0 -1
    outer loop
      vertex 33.5954 11.6218 0
      vertex 37.8258 7.15779 0
      vertex 37.9537 1.09999 0
    endloop
  endfacet
  facet normal 0 0 -1
    outer loop
      vertex 31.8082 21.6855 0
      vertex 38.946 19.027 0
      vertex 31.9734 15.5376 0
    endloop
  endfacet
  facet normal 0 0 -1
    outer loop
      vertex 32.6687 25.7542 0
      vertex 38.4813 30.3362 0
      vertex 33.0059 25.3087 0
    endloop
  endfacet
  facet normal -0 0 -1
    outer loop
      vertex 38.4813 30.3362 0
      vertex 32.6687 25.7542 0
      vertex 37.2606 31.8236 0
    endloop
  endfacet
  facet normal 0 0 -1
    outer loop
      vertex 31.9734 15.5376 0
      vertex 39.1842 17.2181 0
      vertex 32.021 15.2987 0
    endloop
  endfacet
  facet normal 0 0 -1
    outer loop
      vertex 31.6326 27.0166 0
      vertex 37.2606 31.8236 0
      vertex 32.6687 25.7542 0
    endloop
  endfacet
  facet normal -0 0 -1
    outer loop
      vertex 37.2606 31.8236 0
      vertex 31.6326 27.0166 0
      vertex 35.9825 33.2619 0
    endloop
  endfacet
  facet normal -0 0 -1
    outer loop
      vertex 39.1842 17.2181 0
      vertex 31.9734 15.5376 0
      vertex 39.0058 18.1148 0
    endloop
  endfacet
  facet normal 0 0 -1
    outer loop
      vertex 39.1842 20.836 0
      vertex 31.8082 21.6855 0
      vertex 32.021 22.7553 0
    endloop
  endfacet
  facet normal -0 0 -1
    outer loop
      vertex 39.0058 18.1148 0
      vertex 31.9734 15.5376 0
      vertex 38.946 19.027 0
    endloop
  endfacet
  facet normal -0 0 -1
    outer loop
      vertex 39.6426 28.802 0
      vertex 33.0059 25.3087 0
      vertex 38.4813 30.3362 0
    endloop
  endfacet
  facet normal 0 0 -1
    outer loop
      vertex 39.4781 21.7018 0
      vertex 32.6267 24.5396 0
      vertex 33.0059 25.3087 0
    endloop
  endfacet
  facet normal 0 0 -1
    outer loop
      vertex 39.1842 20.836 0
      vertex 32.021 22.7553 0
      vertex 32.6267 24.5396 0
    endloop
  endfacet
  facet normal 0 0 -1
    outer loop
      vertex 27.6151 26.0595 0
      vertex 31.8082 21.6855 0
      vertex 31.9734 15.5376 0
    endloop
  endfacet
  facet normal 0 0 -1
    outer loop
      vertex 27.0166 31.6326 0
      vertex 31.8236 37.2606 0
      vertex 28.2379 30.5473 0
    endloop
  endfacet
  facet normal 0 0 -1
    outer loop
      vertex 31.8082 21.6855 0
      vertex 27.6151 26.0595 0
      vertex 29.299 27.7433 0
    endloop
  endfacet
  facet normal 0 -0 -1
    outer loop
      vertex 27.7433 29.299 0
      vertex 29.299 27.7433 0
      vertex 27.6151 26.0595 0
    endloop
  endfacet
  facet normal 0 0 -1
    outer loop
      vertex 29.299 27.7433 0
      vertex 27.7433 29.299 0
      vertex 28.6222 30.1779 0
    endloop
  endfacet
  facet normal 0 0 -1
    outer loop
      vertex 26.0595 27.6151 0
      vertex 27.7433 29.299 0
      vertex 27.6151 26.0595 0
    endloop
  endfacet
  facet normal 0 0 -1
    outer loop
      vertex 26.0595 27.6151 0
      vertex 21.6855 31.8082 0
      vertex 27.7433 29.299 0
    endloop
  endfacet
  facet normal 0 0 -1
    outer loop
      vertex 21.6855 31.8082 0
      vertex 19.9392 39.0058 0
      vertex 20.836 39.1842 0
    endloop
  endfacet
  facet normal 0 0 -1
    outer loop
      vertex 21.6855 31.8082 0
      vertex 19.027 38.946 0
      vertex 19.9392 39.0058 0
    endloop
  endfacet
  facet normal 0 0 -1
    outer loop
      vertex 15.5376 31.9734 0
      vertex 19.027 38.946 0
      vertex 21.6855 31.8082 0
    endloop
  endfacet
  facet normal -0 0 -1
    outer loop
      vertex 19.027 38.946 0
      vertex 15.5376 31.9734 0
      vertex 18.1148 39.0058 0
    endloop
  endfacet
  facet normal -0 0 -1
    outer loop
      vertex 18.1148 39.0058 0
      vertex 15.5376 31.9734 0
      vertex 17.2181 39.1842 0
    endloop
  endfacet
  facet normal 0 0 -1
    outer loop
      vertex 15.5376 31.9734 0
      vertex 21.6855 31.8082 0
      vertex 26.0595 27.6151 0
    endloop
  endfacet
  facet normal 0 0 -1
    outer loop
      vertex 15.2987 32.021 0
      vertex 17.2181 39.1842 0
      vertex 15.5376 31.9734 0
    endloop
  endfacet
  facet normal -0 0 -1
    outer loop
      vertex 17.2181 39.1842 0
      vertex 15.2987 32.021 0
      vertex 16.3523 39.4781 0
    endloop
  endfacet
  facet normal 0 0 -1
    outer loop
      vertex 13.5144 32.6266 0
      vertex 16.3523 39.4781 0
      vertex 15.2987 32.021 0
    endloop
  endfacet
  facet normal -0 0 -1
    outer loop
      vertex 16.3523 39.4781 0
      vertex 13.5144 32.6266 0
      vertex 15.5323 39.8824 0
    endloop
  endfacet
  facet normal 0 0 -1
    outer loop
      vertex 11.8244 33.4601 0
      vertex 15.5323 39.8824 0
      vertex 13.5144 32.6266 0
    endloop
  endfacet
  facet normal 0 0 -1
    outer loop
      vertex 11.6218 33.5954 0
      vertex 15.5323 39.8824 0
      vertex 11.8244 33.4601 0
    endloop
  endfacet
  facet normal -0 0 -1
    outer loop
      vertex 15.5323 39.8824 0
      vertex 11.6218 33.5954 0
      vertex 14.7722 40.3903 0
    endloop
  endfacet
  facet normal -0 0 -1
    outer loop
      vertex 14.7722 40.3903 0
      vertex 11.6218 33.5954 0
      vertex 14.0849 40.9931 0
    endloop
  endfacet
  facet normal 0 0 -1
    outer loop
      vertex 7.15779 37.8258 0
      vertex 14.0849 40.9931 0
      vertex 11.6218 33.5954 0
    endloop
  endfacet
  facet normal -0 0 -1
    outer loop
      vertex 14.0849 40.9931 0
      vertex 7.15779 37.8258 0
      vertex 13.4821 41.6805 0
    endloop
  endfacet
  facet normal -0 0 -1
    outer loop
      vertex 13.4821 41.6805 0
      vertex 7.15779 37.8258 0
      vertex 12.9741 42.4407 0
    endloop
  endfacet
  facet normal 0 0 -1
    outer loop
      vertex 6.55179 38.7327 0
      vertex 12.9741 42.4407 0
      vertex 7.15779 37.8258 0
    endloop
  endfacet
  facet normal -0 0 -1
    outer loop
      vertex 12.9741 42.4407 0
      vertex 6.55179 38.7327 0
      vertex 12.5698 43.2606 0
    endloop
  endfacet
  facet normal 0 0 -1
    outer loop
      vertex 5.7184 40.4227 0
      vertex 12.5698 43.2606 0
      vertex 6.55179 38.7327 0
    endloop
  endfacet
  facet normal 0 0 -1
    outer loop
      vertex 12.2759 44.1263 0
      vertex 7.66542 48.3977 0
      vertex 11.5648 47.7013 0
    endloop
  endfacet
  facet normal 0 0 -1
    outer loop
      vertex 1.09999 37.9537 0
      vertex 7.15779 37.8258 0
      vertex 11.6218 33.5954 0
    endloop
  endfacet
  facet normal 0 0 -1
    outer loop
      vertex 7.15779 37.8258 0
      vertex 1.09999 37.9537 0
      vertex 1.09999 40.335 0
    endloop
  endfacet
  facet normal 0 0 1
    outer loop
      vertex 35.5967 25.8625 18
      vertex 35.543 25.027 18
      vertex 35.8543 25.493 18
    endloop
  endfacet
  facet normal -0 0 1
    outer loop
      vertex 33.0059 25.3087 18
      vertex 35.543 25.027 18
      vertex 35.5967 25.8625 18
    endloop
  endfacet
  facet normal 0 0 1
    outer loop
      vertex 33.0059 25.3087 18
      vertex 35.5967 25.8625 18
      vertex 34.5539 27.2401 18
    endloop
  endfacet
  facet normal 0 0 1
    outer loop
      vertex 35.543 25.027 18
      vertex 33.0059 25.3087 18
      vertex 34.8487 23.6192 18
    endloop
  endfacet
  facet normal -0 0 1
    outer loop
      vertex 32.6267 24.5396 18
      vertex 34.8487 23.6192 18
      vertex 33.0059 25.3087 18
    endloop
  endfacet
  facet normal 0 0 1
    outer loop
      vertex 31.5301 19.027 18
      vertex 33.9353 19.027 18
      vertex 34.0379 20.5933 18
    endloop
  endfacet
  facet normal 0 0 1
    outer loop
      vertex 32.6687 25.7542 18
      vertex 34.5539 27.2401 18
      vertex 33.4579 28.5757 18
    endloop
  endfacet
  facet normal 0 0 1
    outer loop
      vertex 34.8487 23.6192 18
      vertex 32.6267 24.5396 18
      vertex 34.3442 22.1328 18
    endloop
  endfacet
  facet normal -0 0 1
    outer loop
      vertex 32.021 22.7553 18
      vertex 34.3442 22.1328 18
      vertex 32.6267 24.5396 18
    endloop
  endfacet
  facet normal 0 0 1
    outer loop
      vertex 34.3442 22.1328 18
      vertex 32.021 22.7553 18
      vertex 34.0379 20.5933 18
    endloop
  endfacet
  facet normal 0 0 1
    outer loop
      vertex 33.9353 19.027 18
      vertex 32.6266 13.5144 18
      vertex 33.4601 11.8244 18
    endloop
  endfacet
  facet normal -0 0 1
    outer loop
      vertex 31.6534 20.9073 18
      vertex 34.0379 20.5933 18
      vertex 32.021 22.7553 18
    endloop
  endfacet
  facet normal 0 0 1
    outer loop
      vertex 33.9353 19.027 18
      vertex 32.021 15.2987 18
      vertex 32.6266 13.5144 18
    endloop
  endfacet
  facet normal 0 0 1
    outer loop
      vertex 31.5301 19.027 18
      vertex 34.0379 20.5933 18
      vertex 31.6534 20.9073 18
    endloop
  endfacet
  facet normal 0 0 1
    outer loop
      vertex 33.9353 19.027 18
      vertex 31.6534 17.1468 18
      vertex 32.021 15.2987 18
    endloop
  endfacet
  facet normal 0 0 1
    outer loop
      vertex 33.9353 19.027 18
      vertex 31.5301 19.027 18
      vertex 31.6534 17.1468 18
    endloop
  endfacet
  facet normal 0 0 1
    outer loop
      vertex 41.5995 0 18
      vertex 44 0 18
      vertex 43.9661 1.72742 18
    endloop
  endfacet
  facet normal 0 0 1
    outer loop
      vertex 41.5675 1.63298 18
      vertex 43.9661 1.72742 18
      vertex 43.8643 3.45219 18
    endloop
  endfacet
  facet normal 0 0 1
    outer loop
      vertex 44 0 18
      vertex 41.5995 0 18
      vertex 43.9661 -1.72742 18
    endloop
  endfacet
  facet normal 0 0 1
    outer loop
      vertex 41.4713 3.26407 18
      vertex 43.8643 3.45219 18
      vertex 43.695 5.17163 18
    endloop
  endfacet
  facet normal -0 0 1
    outer loop
      vertex 41.5675 -1.63298 18
      vertex 43.9661 -1.72742 18
      vertex 41.5995 0 18
    endloop
  endfacet
  facet normal -0 0 1
    outer loop
      vertex 41.2347 5.44276 18
      vertex 43.695 5.17163 18
      vertex 43.4583 6.8831 18
    endloop
  endfacet
  facet normal 0 0 1
    outer loop
      vertex 43.9661 -1.72742 18
      vertex 41.5675 -1.63298 18
      vertex 43.8643 -3.45219 18
    endloop
  endfacet
  facet normal 0 0 1
    outer loop
      vertex 42.8295 7.4359 18
      vertex 43.4583 6.8831 18
      vertex 43.3791 7.32657 18
    endloop
  endfacet
  facet normal -0 0 1
    outer loop
      vertex 41.4713 -3.26407 18
      vertex 43.8643 -3.45219 18
      vertex 41.5675 -1.63298 18
    endloop
  endfacet
  facet normal 0 0 1
    outer loop
      vertex 43.4583 6.8831 18
      vertex 42.8295 7.4359 18
      vertex 41.2347 5.44276 18
    endloop
  endfacet
  facet normal 0 0 1
    outer loop
      vertex 43.8643 -3.45219 18
      vertex 41.4713 -3.26407 18
      vertex 43.695 -5.17163 18
    endloop
  endfacet
  facet normal -0 0 1
    outer loop
      vertex 41.3112 -4.8895 18
      vertex 43.695 -5.17163 18
      vertex 41.4713 -3.26407 18
    endloop
  endfacet
  facet normal 0 0 1
    outer loop
      vertex 43.9661 1.72742 18
      vertex 41.5675 1.63298 18
      vertex 41.5995 0 18
    endloop
  endfacet
  facet normal 0 0 1
    outer loop
      vertex 43.8643 3.45219 18
      vertex 41.4713 3.26407 18
      vertex 41.5675 1.63298 18
    endloop
  endfacet
  facet normal 0 0 1
    outer loop
      vertex 41.2347 5.44276 18
      vertex 42.8295 7.4359 18
      vertex 41.3431 7.94046 18
    endloop
  endfacet
  facet normal 0 0 1
    outer loop
      vertex 43.695 5.17163 18
      vertex 41.3112 4.8895 18
      vertex 41.4713 3.26407 18
    endloop
  endfacet
  facet normal 0 0 1
    outer loop
      vertex 43.695 5.17163 18
      vertex 41.2347 5.44276 18
      vertex 41.3112 4.8895 18
    endloop
  endfacet
  facet normal 0 0 1
    outer loop
      vertex 41.3431 7.94046 18
      vertex 40.4227 5.7184 18
      vertex 41.2347 5.44276 18
    endloop
  endfacet
  facet normal 0 0 1
    outer loop
      vertex 39.9353 8.6347 18
      vertex 40.4227 5.7184 18
      vertex 41.3431 7.94046 18
    endloop
  endfacet
  facet normal 0 0 1
    outer loop
      vertex 39.9353 8.6347 18
      vertex 38.7327 6.55179 18
      vertex 40.4227 5.7184 18
    endloop
  endfacet
  facet normal 0 0 1
    outer loop
      vertex 38.6301 9.50677 18
      vertex 38.7327 6.55179 18
      vertex 39.9353 8.6347 18
    endloop
  endfacet
  facet normal 0 0 1
    outer loop
      vertex 37.166 7.59865 18
      vertex 38.6301 9.50677 18
      vertex 37.45 10.5417 18
    endloop
  endfacet
  facet normal 0 0 1
    outer loop
      vertex 38.6301 9.50677 18
      vertex 37.166 7.59865 18
      vertex 38.7327 6.55179 18
    endloop
  endfacet
  facet normal 0 0 1
    outer loop
      vertex 35.7493 8.84103 18
      vertex 37.45 10.5417 18
      vertex 36.415 11.7219 18
    endloop
  endfacet
  facet normal 0 0 1
    outer loop
      vertex 37.45 10.5417 18
      vertex 35.7493 8.84103 18
      vertex 37.166 7.59865 18
    endloop
  endfacet
  facet normal 0 0 1
    outer loop
      vertex 34.5069 10.2577 18
      vertex 36.415 11.7219 18
      vertex 35.543 13.027 18
    endloop
  endfacet
  facet normal 0 0 1
    outer loop
      vertex 33.4601 11.8244 18
      vertex 35.543 13.027 18
      vertex 34.8487 14.4348 18
    endloop
  endfacet
  facet normal 0 0 1
    outer loop
      vertex 36.415 11.7219 18
      vertex 34.5069 10.2577 18
      vertex 35.7493 8.84103 18
    endloop
  endfacet
  facet normal 0 0 1
    outer loop
      vertex 33.4601 11.8244 18
      vertex 34.8487 14.4348 18
      vertex 34.3442 15.9212 18
    endloop
  endfacet
  facet normal 0 0 1
    outer loop
      vertex 33.4601 11.8244 18
      vertex 34.3442 15.9212 18
      vertex 34.0379 17.4607 18
    endloop
  endfacet
  facet normal 0 0 1
    outer loop
      vertex 33.4601 11.8244 18
      vertex 34.0379 17.4607 18
      vertex 33.9353 19.027 18
    endloop
  endfacet
  facet normal 0 0 1
    outer loop
      vertex 35.543 13.027 18
      vertex 33.4601 11.8244 18
      vertex 34.5069 10.2577 18
    endloop
  endfacet
  facet normal 0 0 1
    outer loop
      vertex 41.2347 -5.44276 18
      vertex 43.695 -5.17163 18
      vertex 41.3112 -4.8895 18
    endloop
  endfacet
  facet normal 0 0 1
    outer loop
      vertex 43.695 -5.17163 18
      vertex 41.2347 -5.44276 18
      vertex 43.4583 -6.8831 18
    endloop
  endfacet
  facet normal 0 -0 1
    outer loop
      vertex 42.8295 -7.4359 18
      vertex 43.4583 -6.8831 18
      vertex 41.2347 -5.44276 18
    endloop
  endfacet
  facet normal 0 0 1
    outer loop
      vertex 43.4583 -6.8831 18
      vertex 42.8295 -7.4359 18
      vertex 43.3791 -7.32657 18
    endloop
  endfacet
  facet normal 0 0 1
    outer loop
      vertex 42.8295 -7.4359 18
      vertex 41.2347 -5.44276 18
      vertex 41.3431 -7.94046 18
    endloop
  endfacet
  facet normal -0 0 1
    outer loop
      vertex 40.4227 -5.7184 18
      vertex 41.3431 -7.94046 18
      vertex 41.2347 -5.44276 18
    endloop
  endfacet
  facet normal 0 0 1
    outer loop
      vertex 40.4227 -5.7184 18
      vertex 39.9353 -8.6347 18
      vertex 41.3431 -7.94046 18
    endloop
  endfacet
  facet normal -0 0 1
    outer loop
      vertex 38.7327 -6.55179 18
      vertex 39.9353 -8.6347 18
      vertex 40.4227 -5.7184 18
    endloop
  endfacet
  facet normal 0 0 1
    outer loop
      vertex 38.7327 -6.55179 18
      vertex 38.6301 -9.50677 18
      vertex 39.9353 -8.6347 18
    endloop
  endfacet
  facet normal -0 0 1
    outer loop
      vertex 37.166 -7.59865 18
      vertex 38.6301 -9.50677 18
      vertex 38.7327 -6.55179 18
    endloop
  endfacet
  facet normal 0 0 1
    outer loop
      vertex 38.6301 -9.50677 18
      vertex 37.166 -7.59865 18
      vertex 37.45 -10.5417 18
    endloop
  endfacet
  facet normal -0 0 1
    outer loop
      vertex 35.7493 -8.84103 18
      vertex 37.45 -10.5417 18
      vertex 37.166 -7.59865 18
    endloop
  endfacet
  facet normal 0 0 1
    outer loop
      vertex 37.45 -10.5417 18
      vertex 35.7493 -8.84103 18
      vertex 36.415 -11.7219 18
    endloop
  endfacet
  facet normal -0 0 1
    outer loop
      vertex 34.5069 -10.2577 18
      vertex 36.415 -11.7219 18
      vertex 35.7493 -8.84103 18
    endloop
  endfacet
  facet normal 0 0 1
    outer loop
      vertex 36.415 -11.7219 18
      vertex 34.5069 -10.2577 18
      vertex 35.543 -13.027 18
    endloop
  endfacet
  facet normal -0 0 1
    outer loop
      vertex 33.4601 -11.8244 18
      vertex 35.543 -13.027 18
      vertex 34.5069 -10.2577 18
    endloop
  endfacet
  facet normal 0 0 1
    outer loop
      vertex 35.543 -13.027 18
      vertex 33.4601 -11.8244 18
      vertex 34.8487 -14.4348 18
    endloop
  endfacet
  facet normal -0 0 1
    outer loop
      vertex 32.6266 -13.5144 18
      vertex 34.8487 -14.4348 18
      vertex 33.4601 -11.8244 18
    endloop
  endfacet
  facet normal 0 0 1
    outer loop
      vertex 34.8487 -14.4348 18
      vertex 32.6266 -13.5144 18
      vertex 34.3442 -15.9212 18
    endloop
  endfacet
  facet normal -0 0 1
    outer loop
      vertex 32.021 -15.2987 18
      vertex 34.3442 -15.9212 18
      vertex 32.6266 -13.5144 18
    endloop
  endfacet
  facet normal 0 0 1
    outer loop
      vertex 35.543 -25.027 18
      vertex 35.5967 -25.8625 18
      vertex 35.8543 -25.493 18
    endloop
  endfacet
  facet normal 0 0 1
    outer loop
      vertex 33.0059 -25.3087 18
      vertex 35.543 -25.027 18
      vertex 34.8487 -23.6192 18
    endloop
  endfacet
  facet normal 0 0 1
    outer loop
      vertex 35.543 -25.027 18
      vertex 33.0059 -25.3087 18
      vertex 35.5967 -25.8625 18
    endloop
  endfacet
  facet normal 0 0 1
    outer loop
      vertex 32.6267 -24.5396 18
      vertex 34.8487 -23.6192 18
      vertex 34.3442 -22.1328 18
    endloop
  endfacet
  facet normal 0 0 1
    outer loop
      vertex 32.021 -22.7553 18
      vertex 34.3442 -22.1328 18
      vertex 34.0379 -20.5933 18
    endloop
  endfacet
  facet normal 0 0 1
    outer loop
      vertex 34.3442 -15.9212 18
      vertex 32.021 -15.2987 18
      vertex 34.0379 -17.4607 18
    endloop
  endfacet
  facet normal 0 0 1
    outer loop
      vertex 35.5967 -25.8625 18
      vertex 33.0059 -25.3087 18
      vertex 34.5539 -27.2401 18
    endloop
  endfacet
  facet normal -0 0 1
    outer loop
      vertex 31.6534 -17.1468 18
      vertex 34.0379 -17.4607 18
      vertex 32.021 -15.2987 18
    endloop
  endfacet
  facet normal -0 0 1
    outer loop
      vertex 32.6687 -25.7542 18
      vertex 34.5539 -27.2401 18
      vertex 33.0059 -25.3087 18
    endloop
  endfacet
  facet normal 0 0 1
    outer loop
      vertex 34.0379 -17.4607 18
      vertex 31.6534 -17.1468 18
      vertex 33.9353 -19.027 18
    endloop
  endfacet
  facet normal 0 0 1
    outer loop
      vertex 31.5301 -19.027 18
      vertex 33.9353 -19.027 18
      vertex 31.6534 -17.1468 18
    endloop
  endfacet
  facet normal 0 0 1
    outer loop
      vertex 34.3442 -22.1328 18
      vertex 32.021 -22.7553 18
      vertex 32.6267 -24.5396 18
    endloop
  endfacet
  facet normal 0 0 1
    outer loop
      vertex 34.8487 -23.6192 18
      vertex 32.6267 -24.5396 18
      vertex 33.0059 -25.3087 18
    endloop
  endfacet
  facet normal 0 0 1
    outer loop
      vertex 33.9353 -19.027 18
      vertex 31.5301 -19.027 18
      vertex 34.0379 -20.5933 18
    endloop
  endfacet
  facet normal 0 0 1
    outer loop
      vertex 34.0379 -20.5933 18
      vertex 31.6534 -20.9073 18
      vertex 32.021 -22.7553 18
    endloop
  endfacet
  facet normal 0 0 1
    outer loop
      vertex 34.0379 -20.5933 18
      vertex 31.5301 -19.027 18
      vertex 31.6534 -20.9073 18
    endloop
  endfacet
  facet normal 0 0 1
    outer loop
      vertex 34.5539 27.2401 18
      vertex 32.6687 25.7542 18
      vertex 33.0059 25.3087 18
    endloop
  endfacet
  facet normal 0 0 1
    outer loop
      vertex 31.6326 27.0166 18
      vertex 33.4579 28.5757 18
      vertex 32.3102 29.8672 18
    endloop
  endfacet
  facet normal 0 0 1
    outer loop
      vertex 33.4579 28.5757 18
      vertex 31.6326 27.0166 18
      vertex 32.6687 25.7542 18
    endloop
  endfacet
  facet normal 0 0 1
    outer loop
      vertex 30.5473 28.2379 18
      vertex 32.3102 29.8672 18
      vertex 31.1127 31.1127 18
    endloop
  endfacet
  facet normal 0 0 1
    outer loop
      vertex 32.3102 29.8672 18
      vertex 30.5473 28.2379 18
      vertex 31.6326 27.0166 18
    endloop
  endfacet
  facet normal 0 0 1
    outer loop
      vertex 29.4153 29.4153 18
      vertex 31.1127 31.1127 18
      vertex 29.8672 32.3102 18
    endloop
  endfacet
  facet normal 0 0 1
    outer loop
      vertex 31.1127 31.1127 18
      vertex 29.4153 29.4153 18
      vertex 30.5473 28.2379 18
    endloop
  endfacet
  facet normal 0 0 1
    outer loop
      vertex 28.2379 30.5473 18
      vertex 29.8672 32.3102 18
      vertex 28.5757 33.4579 18
    endloop
  endfacet
  facet normal 0 0 1
    outer loop
      vertex 29.8672 32.3102 18
      vertex 28.2379 30.5473 18
      vertex 29.4153 29.4153 18
    endloop
  endfacet
  facet normal 0 0 1
    outer loop
      vertex 27.0166 31.6326 18
      vertex 28.5757 33.4579 18
      vertex 27.2401 34.5539 18
    endloop
  endfacet
  facet normal 0 0 1
    outer loop
      vertex 28.5757 33.4579 18
      vertex 27.0166 31.6326 18
      vertex 28.2379 30.5473 18
    endloop
  endfacet
  facet normal 0 0 1
    outer loop
      vertex 25.3087 33.0059 18
      vertex 27.2401 34.5539 18
      vertex 25.8625 35.5967 18
    endloop
  endfacet
  facet normal 0 0 1
    outer loop
      vertex 27.2401 34.5539 18
      vertex 25.7542 32.6687 18
      vertex 27.0166 31.6326 18
    endloop
  endfacet
  facet normal 0 0 1
    outer loop
      vertex 25.027 35.543 18
      vertex 25.8625 35.5967 18
      vertex 25.493 35.8543 18
    endloop
  endfacet
  facet normal 0 0 1
    outer loop
      vertex 27.2401 34.5539 18
      vertex 25.3087 33.0059 18
      vertex 25.7542 32.6687 18
    endloop
  endfacet
  facet normal 0 0 1
    outer loop
      vertex 25.8625 35.5967 18
      vertex 25.027 35.543 18
      vertex 25.3087 33.0059 18
    endloop
  endfacet
  facet normal -0 0 1
    outer loop
      vertex 23.6192 34.8487 18
      vertex 25.3087 33.0059 18
      vertex 25.027 35.543 18
    endloop
  endfacet
  facet normal 0 0 1
    outer loop
      vertex 25.3087 33.0059 18
      vertex 23.6192 34.8487 18
      vertex 24.5396 32.6267 18
    endloop
  endfacet
  facet normal 0 0 1
    outer loop
      vertex 23.6192 34.8487 18
      vertex 22.7553 32.021 18
      vertex 24.5396 32.6267 18
    endloop
  endfacet
  facet normal -0 0 1
    outer loop
      vertex 22.1328 34.3442 18
      vertex 22.7553 32.021 18
      vertex 23.6192 34.8487 18
    endloop
  endfacet
  facet normal 0 0 1
    outer loop
      vertex 22.1328 34.3442 18
      vertex 20.9073 31.6534 18
      vertex 22.7553 32.021 18
    endloop
  endfacet
  facet normal -0 0 1
    outer loop
      vertex 20.5933 34.0379 18
      vertex 20.9073 31.6534 18
      vertex 22.1328 34.3442 18
    endloop
  endfacet
  facet normal -0 0 1
    outer loop
      vertex 19.027 33.9353 18
      vertex 20.9073 31.6534 18
      vertex 20.5933 34.0379 18
    endloop
  endfacet
  facet normal 0 0 1
    outer loop
      vertex 19.027 33.9353 18
      vertex 19.027 31.5301 18
      vertex 20.9073 31.6534 18
    endloop
  endfacet
  facet normal 0 0 1
    outer loop
      vertex 17.4607 34.0379 18
      vertex 19.027 31.5301 18
      vertex 19.027 33.9353 18
    endloop
  endfacet
  facet normal 0 0 1
    outer loop
      vertex 17.4607 34.0379 18
      vertex 17.1468 31.6534 18
      vertex 19.027 31.5301 18
    endloop
  endfacet
  facet normal 0 0 1
    outer loop
      vertex 15.9212 34.3442 18
      vertex 17.1468 31.6534 18
      vertex 17.4607 34.0379 18
    endloop
  endfacet
  facet normal 0 0 1
    outer loop
      vertex 15.9212 34.3442 18
      vertex 15.2987 32.021 18
      vertex 17.1468 31.6534 18
    endloop
  endfacet
  facet normal 0 0 1
    outer loop
      vertex 14.4348 34.8487 18
      vertex 15.2987 32.021 18
      vertex 15.9212 34.3442 18
    endloop
  endfacet
  facet normal 0 0 1
    outer loop
      vertex 14.4348 34.8487 18
      vertex 13.5144 32.6266 18
      vertex 15.2987 32.021 18
    endloop
  endfacet
  facet normal 0 0 1
    outer loop
      vertex 13.027 35.543 18
      vertex 13.5144 32.6266 18
      vertex 14.4348 34.8487 18
    endloop
  endfacet
  facet normal 0 0 1
    outer loop
      vertex 13.027 35.543 18
      vertex 11.8244 33.4601 18
      vertex 13.5144 32.6266 18
    endloop
  endfacet
  facet normal 0 0 1
    outer loop
      vertex 11.7219 36.415 18
      vertex 11.8244 33.4601 18
      vertex 13.027 35.543 18
    endloop
  endfacet
  facet normal 0 0 1
    outer loop
      vertex 10.2577 34.5069 18
      vertex 11.7219 36.415 18
      vertex 10.5417 37.45 18
    endloop
  endfacet
  facet normal 0 0 1
    outer loop
      vertex 11.7219 36.415 18
      vertex 10.2577 34.5069 18
      vertex 11.8244 33.4601 18
    endloop
  endfacet
  facet normal 0 0 1
    outer loop
      vertex 8.84103 35.7493 18
      vertex 10.5417 37.45 18
      vertex 9.50677 38.6301 18
    endloop
  endfacet
  facet normal 0 0 1
    outer loop
      vertex 10.5417 37.45 18
      vertex 8.84103 35.7493 18
      vertex 10.2577 34.5069 18
    endloop
  endfacet
  facet normal 0 0 1
    outer loop
      vertex 7.59865 37.166 18
      vertex 9.50677 38.6301 18
      vertex 8.6347 39.9353 18
    endloop
  endfacet
  facet normal 0 0 1
    outer loop
      vertex 6.55179 38.7327 18
      vertex 8.6347 39.9353 18
      vertex 7.94046 41.3431 18
    endloop
  endfacet
  facet normal 0 0 1
    outer loop
      vertex 9.50677 38.6301 18
      vertex 7.59865 37.166 18
      vertex 8.84103 35.7493 18
    endloop
  endfacet
  facet normal 0 0 1
    outer loop
      vertex 5.44276 41.2347 18
      vertex 7.94046 41.3431 18
      vertex 7.4359 42.8295 18
    endloop
  endfacet
  facet normal 0 0 1
    outer loop
      vertex 6.8831 43.4583 18
      vertex 7.4359 42.8295 18
      vertex 7.32657 43.3791 18
    endloop
  endfacet
  facet normal 0 0 1
    outer loop
      vertex 7.4359 42.8295 18
      vertex 6.8831 43.4583 18
      vertex 5.44276 41.2347 18
    endloop
  endfacet
  facet normal 0 0 1
    outer loop
      vertex 8.6347 39.9353 18
      vertex 6.55179 38.7327 18
      vertex 7.59865 37.166 18
    endloop
  endfacet
  facet normal 0 0 1
    outer loop
      vertex 7.94046 41.3431 18
      vertex 5.7184 40.4227 18
      vertex 6.55179 38.7327 18
    endloop
  endfacet
  facet normal 0 0 1
    outer loop
      vertex 7.94046 41.3431 18
      vertex 5.44276 41.2347 18
      vertex 5.7184 40.4227 18
    endloop
  endfacet
  facet normal 0 0 1
    outer loop
      vertex 5.17163 43.695 18
      vertex 5.44276 41.2347 18
      vertex 6.8831 43.4583 18
    endloop
  endfacet
  facet normal 0 0 1
    outer loop
      vertex 5.17163 43.695 18
      vertex 4.8895 41.3112 18
      vertex 5.44276 41.2347 18
    endloop
  endfacet
  facet normal 0 0 1
    outer loop
      vertex 3.45219 43.8643 18
      vertex 4.8895 41.3112 18
      vertex 5.17163 43.695 18
    endloop
  endfacet
  facet normal 0 0 1
    outer loop
      vertex 3.45219 43.8643 18
      vertex 3.26407 41.4713 18
      vertex 4.8895 41.3112 18
    endloop
  endfacet
  facet normal 0 0 1
    outer loop
      vertex 1.72742 43.9661 18
      vertex 3.26407 41.4713 18
      vertex 3.45219 43.8643 18
    endloop
  endfacet
  facet normal 0 0 1
    outer loop
      vertex 1.72742 43.9661 18
      vertex 1.63298 41.5675 18
      vertex 3.26407 41.4713 18
    endloop
  endfacet
  facet normal 0 0 1
    outer loop
      vertex 0 44 18
      vertex 1.63298 41.5675 18
      vertex 1.72742 43.9661 18
    endloop
  endfacet
  facet normal 0 0 1
    outer loop
      vertex 0 44 18
      vertex 0 41.5995 18
      vertex 1.63298 41.5675 18
    endloop
  endfacet
  facet normal 0 0 1
    outer loop
      vertex 0 44 18
      vertex -1.63298 41.5675 18
      vertex 0 41.5995 18
    endloop
  endfacet
  facet normal -0 0 1
    outer loop
      vertex -1.72742 43.9661 18
      vertex -1.63298 41.5675 18
      vertex 0 44 18
    endloop
  endfacet
  facet normal 0 0 1
    outer loop
      vertex -1.72742 43.9661 18
      vertex -3.26407 41.4713 18
      vertex -1.63298 41.5675 18
    endloop
  endfacet
  facet normal -0 0 1
    outer loop
      vertex -3.45219 43.8643 18
      vertex -3.26407 41.4713 18
      vertex -1.72742 43.9661 18
    endloop
  endfacet
  facet normal 0 0 1
    outer loop
      vertex -3.45219 43.8643 18
      vertex -4.8895 41.3112 18
      vertex -3.26407 41.4713 18
    endloop
  endfacet
  facet normal -0 0 1
    outer loop
      vertex -5.17163 43.695 18
      vertex -4.8895 41.3112 18
      vertex -3.45219 43.8643 18
    endloop
  endfacet
  facet normal 0 0 1
    outer loop
      vertex -5.17163 43.695 18
      vertex -5.44276 41.2347 18
      vertex -4.8895 41.3112 18
    endloop
  endfacet
  facet normal -0 0 1
    outer loop
      vertex -6.8831 43.4583 18
      vertex -5.44276 41.2347 18
      vertex -5.17163 43.695 18
    endloop
  endfacet
  facet normal -0 0 1
    outer loop
      vertex -7.4359 42.8295 18
      vertex -5.44276 41.2347 18
      vertex -6.8831 43.4583 18
    endloop
  endfacet
  facet normal -0 0 1
    outer loop
      vertex -7.94046 41.3431 18
      vertex -5.44276 41.2347 18
      vertex -7.4359 42.8295 18
    endloop
  endfacet
  facet normal 0 0 1
    outer loop
      vertex -7.4359 42.8295 18
      vertex -6.8831 43.4583 18
      vertex -7.32657 43.3791 18
    endloop
  endfacet
  facet normal 0 0 1
    outer loop
      vertex -5.44276 41.2347 18
      vertex -7.94046 41.3431 18
      vertex -5.7184 40.4227 18
    endloop
  endfacet
  facet normal 0 0 1
    outer loop
      vertex -5.7184 40.4227 18
      vertex -7.94046 41.3431 18
      vertex -6.55179 38.7327 18
    endloop
  endfacet
  facet normal -0 0 1
    outer loop
      vertex -8.6347 39.9353 18
      vertex -6.55179 38.7327 18
      vertex -7.94046 41.3431 18
    endloop
  endfacet
  facet normal 0 0 1
    outer loop
      vertex -6.55179 38.7327 18
      vertex -8.6347 39.9353 18
      vertex -7.59865 37.166 18
    endloop
  endfacet
  facet normal -0 0 1
    outer loop
      vertex -9.50677 38.6301 18
      vertex -7.59865 37.166 18
      vertex -8.6347 39.9353 18
    endloop
  endfacet
  facet normal 0 0 1
    outer loop
      vertex -7.59865 37.166 18
      vertex -9.50677 38.6301 18
      vertex -8.84103 35.7493 18
    endloop
  endfacet
  facet normal -0 0 1
    outer loop
      vertex -10.5417 37.45 18
      vertex -8.84103 35.7493 18
      vertex -9.50677 38.6301 18
    endloop
  endfacet
  facet normal 0 0 1
    outer loop
      vertex -8.84103 35.7493 18
      vertex -10.5417 37.45 18
      vertex -10.2577 34.5069 18
    endloop
  endfacet
  facet normal -0 0 1
    outer loop
      vertex -11.7219 36.415 18
      vertex -10.2577 34.5069 18
      vertex -10.5417 37.45 18
    endloop
  endfacet
  facet normal 0 0 1
    outer loop
      vertex -11.7219 36.415 18
      vertex -11.8244 33.4601 18
      vertex -10.2577 34.5069 18
    endloop
  endfacet
  facet normal -0 0 1
    outer loop
      vertex -13.027 35.543 18
      vertex -11.8244 33.4601 18
      vertex -11.7219 36.415 18
    endloop
  endfacet
  facet normal 0 0 1
    outer loop
      vertex -13.027 35.543 18
      vertex -13.5144 32.6266 18
      vertex -11.8244 33.4601 18
    endloop
  endfacet
  facet normal -0 0 1
    outer loop
      vertex -14.4348 34.8487 18
      vertex -13.5144 32.6266 18
      vertex -13.027 35.543 18
    endloop
  endfacet
  facet normal 0 0 1
    outer loop
      vertex -14.4348 34.8487 18
      vertex -15.2987 32.021 18
      vertex -13.5144 32.6266 18
    endloop
  endfacet
  facet normal -0 0 1
    outer loop
      vertex -15.9212 34.3442 18
      vertex -15.2987 32.021 18
      vertex -14.4348 34.8487 18
    endloop
  endfacet
  facet normal 0 0 1
    outer loop
      vertex -15.9212 34.3442 18
      vertex -17.1468 31.6534 18
      vertex -15.2987 32.021 18
    endloop
  endfacet
  facet normal -0 0 1
    outer loop
      vertex -17.4607 34.0379 18
      vertex -17.1468 31.6534 18
      vertex -15.9212 34.3442 18
    endloop
  endfacet
  facet normal -0 0 1
    outer loop
      vertex -19.027 33.9353 18
      vertex -17.1468 31.6534 18
      vertex -17.4607 34.0379 18
    endloop
  endfacet
  facet normal 0 0 1
    outer loop
      vertex -19.027 33.9353 18
      vertex -19.027 31.5301 18
      vertex -17.1468 31.6534 18
    endloop
  endfacet
  facet normal 0 0 1
    outer loop
      vertex -20.5933 34.0379 18
      vertex -19.027 31.5301 18
      vertex -19.027 33.9353 18
    endloop
  endfacet
  facet normal 0 0 1
    outer loop
      vertex -20.5933 34.0379 18
      vertex -20.9073 31.6534 18
      vertex -19.027 31.5301 18
    endloop
  endfacet
  facet normal 0 0 1
    outer loop
      vertex -22.1328 34.3442 18
      vertex -20.9073 31.6534 18
      vertex -20.5933 34.0379 18
    endloop
  endfacet
  facet normal 0 0 1
    outer loop
      vertex -22.1328 34.3442 18
      vertex -22.7553 32.021 18
      vertex -20.9073 31.6534 18
    endloop
  endfacet
  facet normal 0 0 1
    outer loop
      vertex -23.6192 34.8487 18
      vertex -22.7553 32.021 18
      vertex -22.1328 34.3442 18
    endloop
  endfacet
  facet normal 0 0 1
    outer loop
      vertex -23.6192 34.8487 18
      vertex -24.5396 32.6267 18
      vertex -22.7553 32.021 18
    endloop
  endfacet
  facet normal 0 0 1
    outer loop
      vertex -25.3087 33.0059 18
      vertex -23.6192 34.8487 18
      vertex -25.027 35.543 18
    endloop
  endfacet
  facet normal 0 0 1
    outer loop
      vertex -23.6192 34.8487 18
      vertex -25.3087 33.0059 18
      vertex -24.5396 32.6267 18
    endloop
  endfacet
  facet normal -0 0 1
    outer loop
      vertex -25.8625 35.5967 18
      vertex -25.027 35.543 18
      vertex -25.493 35.8543 18
    endloop
  endfacet
  facet normal 0 0 1
    outer loop
      vertex -25.027 35.543 18
      vertex -25.8625 35.5967 18
      vertex -25.3087 33.0059 18
    endloop
  endfacet
  facet normal -0 0 1
    outer loop
      vertex -27.2401 34.5539 18
      vertex -25.3087 33.0059 18
      vertex -25.8625 35.5967 18
    endloop
  endfacet
  facet normal 0 0 1
    outer loop
      vertex -25.3087 33.0059 18
      vertex -27.2401 34.5539 18
      vertex -25.7542 32.6687 18
    endloop
  endfacet
  facet normal 0 0 1
    outer loop
      vertex -25.7542 32.6687 18
      vertex -27.2401 34.5539 18
      vertex -27.0166 31.6326 18
    endloop
  endfacet
  facet normal -0 0 1
    outer loop
      vertex -28.5757 33.4579 18
      vertex -27.0166 31.6326 18
      vertex -27.2401 34.5539 18
    endloop
  endfacet
  facet normal 0 0 1
    outer loop
      vertex -27.0166 31.6326 18
      vertex -28.5757 33.4579 18
      vertex -28.2379 30.5473 18
    endloop
  endfacet
  facet normal -0 0 1
    outer loop
      vertex -29.8672 32.3102 18
      vertex -28.2379 30.5473 18
      vertex -28.5757 33.4579 18
    endloop
  endfacet
  facet normal 0 0 1
    outer loop
      vertex -28.2379 30.5473 18
      vertex -29.8672 32.3102 18
      vertex -29.4153 29.4153 18
    endloop
  endfacet
  facet normal -0 0 1
    outer loop
      vertex -31.1127 31.1127 18
      vertex -29.4153 29.4153 18
      vertex -29.8672 32.3102 18
    endloop
  endfacet
  facet normal 0 0 1
    outer loop
      vertex -29.4153 29.4153 18
      vertex -31.1127 31.1127 18
      vertex -30.5473 28.2379 18
    endloop
  endfacet
  facet normal -0 0 1
    outer loop
      vertex -32.3102 29.8672 18
      vertex -30.5473 28.2379 18
      vertex -31.1127 31.1127 18
    endloop
  endfacet
  facet normal 0 0 1
    outer loop
      vertex -30.5473 28.2379 18
      vertex -32.3102 29.8672 18
      vertex -31.6326 27.0166 18
    endloop
  endfacet
  facet normal -0 0 1
    outer loop
      vertex -33.4579 28.5757 18
      vertex -31.6326 27.0166 18
      vertex -32.3102 29.8672 18
    endloop
  endfacet
  facet normal 0 0 1
    outer loop
      vertex -31.6326 27.0166 18
      vertex -33.4579 28.5757 18
      vertex -32.6687 25.7542 18
    endloop
  endfacet
  facet normal -0 0 1
    outer loop
      vertex -34.5539 27.2401 18
      vertex -32.6687 25.7542 18
      vertex -33.4579 28.5757 18
    endloop
  endfacet
  facet normal 0 0 1
    outer loop
      vertex 34.5539 -27.2401 18
      vertex 32.6687 -25.7542 18
      vertex 33.4579 -28.5757 18
    endloop
  endfacet
  facet normal -0 0 1
    outer loop
      vertex 31.6326 -27.0166 18
      vertex 33.4579 -28.5757 18
      vertex 32.6687 -25.7542 18
    endloop
  endfacet
  facet normal 0 0 1
    outer loop
      vertex 33.4579 -28.5757 18
      vertex 31.6326 -27.0166 18
      vertex 32.3102 -29.8672 18
    endloop
  endfacet
  facet normal -0 0 1
    outer loop
      vertex 30.5473 -28.2379 18
      vertex 32.3102 -29.8672 18
      vertex 31.6326 -27.0166 18
    endloop
  endfacet
  facet normal 0 0 1
    outer loop
      vertex 32.3102 -29.8672 18
      vertex 30.5473 -28.2379 18
      vertex 31.1127 -31.1127 18
    endloop
  endfacet
  facet normal -0 0 1
    outer loop
      vertex 29.4153 -29.4153 18
      vertex 31.1127 -31.1127 18
      vertex 30.5473 -28.2379 18
    endloop
  endfacet
  facet normal 0 0 1
    outer loop
      vertex 31.1127 -31.1127 18
      vertex 29.4153 -29.4153 18
      vertex 29.8672 -32.3102 18
    endloop
  endfacet
  facet normal -0 0 1
    outer loop
      vertex 28.2379 -30.5473 18
      vertex 29.8672 -32.3102 18
      vertex 29.4153 -29.4153 18
    endloop
  endfacet
  facet normal 0 0 1
    outer loop
      vertex 29.8672 -32.3102 18
      vertex 28.2379 -30.5473 18
      vertex 28.5757 -33.4579 18
    endloop
  endfacet
  facet normal -0 0 1
    outer loop
      vertex 27.0166 -31.6326 18
      vertex 28.5757 -33.4579 18
      vertex 28.2379 -30.5473 18
    endloop
  endfacet
  facet normal 0 0 1
    outer loop
      vertex 28.5757 -33.4579 18
      vertex 27.0166 -31.6326 18
      vertex 27.2401 -34.5539 18
    endloop
  endfacet
  facet normal -0 0 1
    outer loop
      vertex 25.7542 -32.6687 18
      vertex 27.2401 -34.5539 18
      vertex 27.0166 -31.6326 18
    endloop
  endfacet
  facet normal -0 0 1
    outer loop
      vertex 25.3087 -33.0059 18
      vertex 27.2401 -34.5539 18
      vertex 25.7542 -32.6687 18
    endloop
  endfacet
  facet normal 0 0 1
    outer loop
      vertex 27.2401 -34.5539 18
      vertex 25.3087 -33.0059 18
      vertex 25.8625 -35.5967 18
    endloop
  endfacet
  facet normal -0 0 1
    outer loop
      vertex 25.027 -35.543 18
      vertex 25.8625 -35.5967 18
      vertex 25.3087 -33.0059 18
    endloop
  endfacet
  facet normal 0 0 1
    outer loop
      vertex 25.8625 -35.5967 18
      vertex 25.027 -35.543 18
      vertex 25.493 -35.8543 18
    endloop
  endfacet
  facet normal 0 0 1
    outer loop
      vertex 23.6192 -34.8487 18
      vertex 25.3087 -33.0059 18
      vertex 24.5396 -32.6267 18
    endloop
  endfacet
  facet normal 0 0 1
    outer loop
      vertex 25.3087 -33.0059 18
      vertex 23.6192 -34.8487 18
      vertex 25.027 -35.543 18
    endloop
  endfacet
  facet normal 0 0 1
    outer loop
      vertex 22.7553 -32.021 18
      vertex 23.6192 -34.8487 18
      vertex 24.5396 -32.6267 18
    endloop
  endfacet
  facet normal 0 0 1
    outer loop
      vertex 22.7553 -32.021 18
      vertex 22.1328 -34.3442 18
      vertex 23.6192 -34.8487 18
    endloop
  endfacet
  facet normal 0 0 1
    outer loop
      vertex 20.9073 -31.6534 18
      vertex 22.1328 -34.3442 18
      vertex 22.7553 -32.021 18
    endloop
  endfacet
  facet normal 0 0 1
    outer loop
      vertex 20.9073 -31.6534 18
      vertex 20.5933 -34.0379 18
      vertex 22.1328 -34.3442 18
    endloop
  endfacet
  facet normal 0 0 1
    outer loop
      vertex 19.027 -31.5301 18
      vertex 20.5933 -34.0379 18
      vertex 20.9073 -31.6534 18
    endloop
  endfacet
  facet normal 0 0 1
    outer loop
      vertex 19.027 -31.5301 18
      vertex 19.027 -33.9353 18
      vertex 20.5933 -34.0379 18
    endloop
  endfacet
  facet normal 0 0 1
    outer loop
      vertex 19.027 -31.5301 18
      vertex 17.4607 -34.0379 18
      vertex 19.027 -33.9353 18
    endloop
  endfacet
  facet normal -0 0 1
    outer loop
      vertex 17.1468 -31.6534 18
      vertex 17.4607 -34.0379 18
      vertex 19.027 -31.5301 18
    endloop
  endfacet
  facet normal 0 0 1
    outer loop
      vertex 17.1468 -31.6534 18
      vertex 15.9212 -34.3442 18
      vertex 17.4607 -34.0379 18
    endloop
  endfacet
  facet normal -0 0 1
    outer loop
      vertex 15.2987 -32.021 18
      vertex 15.9212 -34.3442 18
      vertex 17.1468 -31.6534 18
    endloop
  endfacet
  facet normal 0 0 1
    outer loop
      vertex 15.2987 -32.021 18
      vertex 14.4348 -34.8487 18
      vertex 15.9212 -34.3442 18
    endloop
  endfacet
  facet normal -0 0 1
    outer loop
      vertex 13.5144 -32.6266 18
      vertex 14.4348 -34.8487 18
      vertex 15.2987 -32.021 18
    endloop
  endfacet
  facet normal 0 0 1
    outer loop
      vertex 13.5144 -32.6266 18
      vertex 13.027 -35.543 18
      vertex 14.4348 -34.8487 18
    endloop
  endfacet
  facet normal -0 0 1
    outer loop
      vertex 11.8244 -33.4601 18
      vertex 13.027 -35.543 18
      vertex 13.5144 -32.6266 18
    endloop
  endfacet
  facet normal 0 0 1
    outer loop
      vertex 11.8244 -33.4601 18
      vertex 11.7219 -36.415 18
      vertex 13.027 -35.543 18
    endloop
  endfacet
  facet normal -0 0 1
    outer loop
      vertex 10.2577 -34.5069 18
      vertex 11.7219 -36.415 18
      vertex 11.8244 -33.4601 18
    endloop
  endfacet
  facet normal 0 0 1
    outer loop
      vertex 11.7219 -36.415 18
      vertex 10.2577 -34.5069 18
      vertex 10.5417 -37.45 18
    endloop
  endfacet
  facet normal -0 0 1
    outer loop
      vertex 8.84103 -35.7493 18
      vertex 10.5417 -37.45 18
      vertex 10.2577 -34.5069 18
    endloop
  endfacet
  facet normal 0 0 1
    outer loop
      vertex 10.5417 -37.45 18
      vertex 8.84103 -35.7493 18
      vertex 9.50677 -38.6301 18
    endloop
  endfacet
  facet normal -0 0 1
    outer loop
      vertex 7.59865 -37.166 18
      vertex 9.50677 -38.6301 18
      vertex 8.84103 -35.7493 18
    endloop
  endfacet
  facet normal 0 0 1
    outer loop
      vertex 9.50677 -38.6301 18
      vertex 7.59865 -37.166 18
      vertex 8.6347 -39.9353 18
    endloop
  endfacet
  facet normal -0 0 1
    outer loop
      vertex 6.55179 -38.7327 18
      vertex 8.6347 -39.9353 18
      vertex 7.59865 -37.166 18
    endloop
  endfacet
  facet normal 0 0 1
    outer loop
      vertex 8.6347 -39.9353 18
      vertex 6.55179 -38.7327 18
      vertex 7.94046 -41.3431 18
    endloop
  endfacet
  facet normal -0 0 1
    outer loop
      vertex 5.7184 -40.4227 18
      vertex 7.94046 -41.3431 18
      vertex 6.55179 -38.7327 18
    endloop
  endfacet
  facet normal -0 0 1
    outer loop
      vertex 5.44276 -41.2347 18
      vertex 7.94046 -41.3431 18
      vertex 5.7184 -40.4227 18
    endloop
  endfacet
  facet normal 0 0 1
    outer loop
      vertex 7.94046 -41.3431 18
      vertex 5.44276 -41.2347 18
      vertex 7.4359 -42.8295 18
    endloop
  endfacet
  facet normal 0 -0 1
    outer loop
      vertex 6.8831 -43.4583 18
      vertex 7.4359 -42.8295 18
      vertex 5.44276 -41.2347 18
    endloop
  endfacet
  facet normal 0 0 1
    outer loop
      vertex 7.4359 -42.8295 18
      vertex 6.8831 -43.4583 18
      vertex 7.32657 -43.3791 18
    endloop
  endfacet
  facet normal 0 0 1
    outer loop
      vertex 5.44276 -41.2347 18
      vertex 5.17163 -43.695 18
      vertex 6.8831 -43.4583 18
    endloop
  endfacet
  facet normal -0 0 1
    outer loop
      vertex 4.8895 -41.3112 18
      vertex 5.17163 -43.695 18
      vertex 5.44276 -41.2347 18
    endloop
  endfacet
  facet normal 0 0 1
    outer loop
      vertex 4.8895 -41.3112 18
      vertex 3.45219 -43.8643 18
      vertex 5.17163 -43.695 18
    endloop
  endfacet
  facet normal -0 0 1
    outer loop
      vertex 3.26407 -41.4713 18
      vertex 3.45219 -43.8643 18
      vertex 4.8895 -41.3112 18
    endloop
  endfacet
  facet normal 0 0 1
    outer loop
      vertex 3.26407 -41.4713 18
      vertex 1.72742 -43.9661 18
      vertex 3.45219 -43.8643 18
    endloop
  endfacet
  facet normal -0 0 1
    outer loop
      vertex 1.63298 -41.5675 18
      vertex 1.72742 -43.9661 18
      vertex 3.26407 -41.4713 18
    endloop
  endfacet
  facet normal -0 0 1
    outer loop
      vertex 0 -41.5995 18
      vertex 1.72742 -43.9661 18
      vertex 1.63298 -41.5675 18
    endloop
  endfacet
  facet normal 0 0 1
    outer loop
      vertex 0 -41.5995 18
      vertex 0 -44 18
      vertex 1.72742 -43.9661 18
    endloop
  endfacet
  facet normal 0 0 1
    outer loop
      vertex -1.63298 -41.5675 18
      vertex 0 -44 18
      vertex 0 -41.5995 18
    endloop
  endfacet
  facet normal 0 0 1
    outer loop
      vertex -1.63298 -41.5675 18
      vertex -1.72742 -43.9661 18
      vertex 0 -44 18
    endloop
  endfacet
  facet normal 0 0 1
    outer loop
      vertex -3.26407 -41.4713 18
      vertex -1.72742 -43.9661 18
      vertex -1.63298 -41.5675 18
    endloop
  endfacet
  facet normal 0 0 1
    outer loop
      vertex -3.26407 -41.4713 18
      vertex -3.45219 -43.8643 18
      vertex -1.72742 -43.9661 18
    endloop
  endfacet
  facet normal 0 0 1
    outer loop
      vertex -4.8895 -41.3112 18
      vertex -3.45219 -43.8643 18
      vertex -3.26407 -41.4713 18
    endloop
  endfacet
  facet normal 0 0 1
    outer loop
      vertex -4.8895 -41.3112 18
      vertex -5.17163 -43.695 18
      vertex -3.45219 -43.8643 18
    endloop
  endfacet
  facet normal 0 0 1
    outer loop
      vertex -5.44276 -41.2347 18
      vertex -5.17163 -43.695 18
      vertex -4.8895 -41.3112 18
    endloop
  endfacet
  facet normal 0 0 1
    outer loop
      vertex -7.94046 -41.3431 18
      vertex -5.44276 -41.2347 18
      vertex -5.7184 -40.4227 18
    endloop
  endfacet
  facet normal 0 0 1
    outer loop
      vertex -7.94046 -41.3431 18
      vertex -5.7184 -40.4227 18
      vertex -6.55179 -38.7327 18
    endloop
  endfacet
  facet normal 0 0 1
    outer loop
      vertex -5.44276 -41.2347 18
      vertex -7.94046 -41.3431 18
      vertex -7.4359 -42.8295 18
    endloop
  endfacet
  facet normal 0 0 1
    outer loop
      vertex -5.44276 -41.2347 18
      vertex -6.8831 -43.4583 18
      vertex -5.17163 -43.695 18
    endloop
  endfacet
  facet normal 0 0 1
    outer loop
      vertex -6.8831 -43.4583 18
      vertex -7.4359 -42.8295 18
      vertex -7.32657 -43.3791 18
    endloop
  endfacet
  facet normal 0 0 1
    outer loop
      vertex -8.6347 -39.9353 18
      vertex -6.55179 -38.7327 18
      vertex -7.59865 -37.166 18
    endloop
  endfacet
  facet normal 0 0 1
    outer loop
      vertex -5.44276 -41.2347 18
      vertex -7.4359 -42.8295 18
      vertex -6.8831 -43.4583 18
    endloop
  endfacet
  facet normal 0 0 1
    outer loop
      vertex -6.55179 -38.7327 18
      vertex -8.6347 -39.9353 18
      vertex -7.94046 -41.3431 18
    endloop
  endfacet
  facet normal 0 0 1
    outer loop
      vertex -9.50677 -38.6301 18
      vertex -7.59865 -37.166 18
      vertex -8.84103 -35.7493 18
    endloop
  endfacet
  facet normal 0 0 1
    outer loop
      vertex -7.59865 -37.166 18
      vertex -9.50677 -38.6301 18
      vertex -8.6347 -39.9353 18
    endloop
  endfacet
  facet normal 0 0 1
    outer loop
      vertex -10.5417 -37.45 18
      vertex -8.84103 -35.7493 18
      vertex -10.2577 -34.5069 18
    endloop
  endfacet
  facet normal 0 0 1
    outer loop
      vertex -8.84103 -35.7493 18
      vertex -10.5417 -37.45 18
      vertex -9.50677 -38.6301 18
    endloop
  endfacet
  facet normal 0 0 1
    outer loop
      vertex -10.2577 -34.5069 18
      vertex -11.7219 -36.415 18
      vertex -10.5417 -37.45 18
    endloop
  endfacet
  facet normal 0 0 1
    outer loop
      vertex -11.8244 -33.4601 18
      vertex -11.7219 -36.415 18
      vertex -10.2577 -34.5069 18
    endloop
  endfacet
  facet normal 0 0 1
    outer loop
      vertex -11.8244 -33.4601 18
      vertex -13.027 -35.543 18
      vertex -11.7219 -36.415 18
    endloop
  endfacet
  facet normal 0 0 1
    outer loop
      vertex -13.5144 -32.6266 18
      vertex -13.027 -35.543 18
      vertex -11.8244 -33.4601 18
    endloop
  endfacet
  facet normal 0 0 1
    outer loop
      vertex -13.5144 -32.6266 18
      vertex -14.4348 -34.8487 18
      vertex -13.027 -35.543 18
    endloop
  endfacet
  facet normal 0 0 1
    outer loop
      vertex -15.2987 -32.021 18
      vertex -14.4348 -34.8487 18
      vertex -13.5144 -32.6266 18
    endloop
  endfacet
  facet normal 0 0 1
    outer loop
      vertex -15.2987 -32.021 18
      vertex -15.9212 -34.3442 18
      vertex -14.4348 -34.8487 18
    endloop
  endfacet
  facet normal 0 0 1
    outer loop
      vertex -17.1468 -31.6534 18
      vertex -15.9212 -34.3442 18
      vertex -15.2987 -32.021 18
    endloop
  endfacet
  facet normal 0 0 1
    outer loop
      vertex -17.1468 -31.6534 18
      vertex -17.4607 -34.0379 18
      vertex -15.9212 -34.3442 18
    endloop
  endfacet
  facet normal 0 0 1
    outer loop
      vertex -19.027 -31.5301 18
      vertex -17.4607 -34.0379 18
      vertex -17.1468 -31.6534 18
    endloop
  endfacet
  facet normal 0 0 1
    outer loop
      vertex -19.027 -31.5301 18
      vertex -19.027 -33.9353 18
      vertex -17.4607 -34.0379 18
    endloop
  endfacet
  facet normal 0 0 1
    outer loop
      vertex -19.027 -31.5301 18
      vertex -20.5933 -34.0379 18
      vertex -19.027 -33.9353 18
    endloop
  endfacet
  facet normal -0 0 1
    outer loop
      vertex -20.9073 -31.6534 18
      vertex -20.5933 -34.0379 18
      vertex -19.027 -31.5301 18
    endloop
  endfacet
  facet normal 0 0 1
    outer loop
      vertex -20.9073 -31.6534 18
      vertex -22.1328 -34.3442 18
      vertex -20.5933 -34.0379 18
    endloop
  endfacet
  facet normal -0 0 1
    outer loop
      vertex -22.7553 -32.021 18
      vertex -22.1328 -34.3442 18
      vertex -20.9073 -31.6534 18
    endloop
  endfacet
  facet normal 0 0 1
    outer loop
      vertex -22.7553 -32.021 18
      vertex -23.6192 -34.8487 18
      vertex -22.1328 -34.3442 18
    endloop
  endfacet
  facet normal -0 0 1
    outer loop
      vertex -24.5396 -32.6267 18
      vertex -23.6192 -34.8487 18
      vertex -22.7553 -32.021 18
    endloop
  endfacet
  facet normal -0 0 1
    outer loop
      vertex -25.3087 -33.0059 18
      vertex -23.6192 -34.8487 18
      vertex -24.5396 -32.6267 18
    endloop
  endfacet
  facet normal 0 0 1
    outer loop
      vertex -23.6192 -34.8487 18
      vertex -25.3087 -33.0059 18
      vertex -25.027 -35.543 18
    endloop
  endfacet
  facet normal 0 0 1
    outer loop
      vertex -25.8625 -35.5967 18
      vertex -25.027 -35.543 18
      vertex -25.3087 -33.0059 18
    endloop
  endfacet
  facet normal 0 0 1
    outer loop
      vertex -27.2401 -34.5539 18
      vertex -25.3087 -33.0059 18
      vertex -25.7542 -32.6687 18
    endloop
  endfacet
  facet normal 0 0 1
    outer loop
      vertex -25.027 -35.543 18
      vertex -25.8625 -35.5967 18
      vertex -25.493 -35.8543 18
    endloop
  endfacet
  facet normal 0 0 1
    outer loop
      vertex -27.2401 -34.5539 18
      vertex -25.7542 -32.6687 18
      vertex -27.0166 -31.6326 18
    endloop
  endfacet
  facet normal 0 0 1
    outer loop
      vertex -25.3087 -33.0059 18
      vertex -27.2401 -34.5539 18
      vertex -25.8625 -35.5967 18
    endloop
  endfacet
  facet normal 0 0 1
    outer loop
      vertex -28.5757 -33.4579 18
      vertex -27.0166 -31.6326 18
      vertex -28.2379 -30.5473 18
    endloop
  endfacet
  facet normal 0 0 1
    outer loop
      vertex -27.0166 -31.6326 18
      vertex -28.5757 -33.4579 18
      vertex -27.2401 -34.5539 18
    endloop
  endfacet
  facet normal 0 0 1
    outer loop
      vertex -29.8672 -32.3102 18
      vertex -28.2379 -30.5473 18
      vertex -29.4153 -29.4153 18
    endloop
  endfacet
  facet normal 0 0 1
    outer loop
      vertex -28.2379 -30.5473 18
      vertex -29.8672 -32.3102 18
      vertex -28.5757 -33.4579 18
    endloop
  endfacet
  facet normal 0 0 1
    outer loop
      vertex -31.1127 -31.1127 18
      vertex -29.4153 -29.4153 18
      vertex -30.5473 -28.2379 18
    endloop
  endfacet
  facet normal 0 0 1
    outer loop
      vertex -29.4153 -29.4153 18
      vertex -31.1127 -31.1127 18
      vertex -29.8672 -32.3102 18
    endloop
  endfacet
  facet normal 0 0 1
    outer loop
      vertex -32.3102 -29.8672 18
      vertex -30.5473 -28.2379 18
      vertex -31.6326 -27.0166 18
    endloop
  endfacet
  facet normal 0 0 1
    outer loop
      vertex -30.5473 -28.2379 18
      vertex -32.3102 -29.8672 18
      vertex -31.1127 -31.1127 18
    endloop
  endfacet
  facet normal 0 0 1
    outer loop
      vertex -33.4579 -28.5757 18
      vertex -31.6326 -27.0166 18
      vertex -32.6687 -25.7542 18
    endloop
  endfacet
  facet normal 0 0 1
    outer loop
      vertex -34.5539 -27.2401 18
      vertex -32.6687 -25.7542 18
      vertex -33.0059 -25.3087 18
    endloop
  endfacet
  facet normal 0 0 1
    outer loop
      vertex -31.6326 -27.0166 18
      vertex -33.4579 -28.5757 18
      vertex -32.3102 -29.8672 18
    endloop
  endfacet
  facet normal 0 0 1
    outer loop
      vertex -33.9353 19.027 18
      vertex -31.5301 19.027 18
      vertex -31.6534 20.9073 18
    endloop
  endfacet
  facet normal 0 0 1
    outer loop
      vertex -34.0379 20.5933 18
      vertex -31.6534 20.9073 18
      vertex -32.021 22.7553 18
    endloop
  endfacet
  facet normal 0 0 1
    outer loop
      vertex -31.5301 19.027 18
      vertex -33.9353 19.027 18
      vertex -31.6534 17.1468 18
    endloop
  endfacet
  facet normal -0 0 1
    outer loop
      vertex -34.0379 17.4607 18
      vertex -31.6534 17.1468 18
      vertex -33.9353 19.027 18
    endloop
  endfacet
  facet normal 0 0 1
    outer loop
      vertex -34.3442 22.1328 18
      vertex -32.021 22.7553 18
      vertex -32.6267 24.5396 18
    endloop
  endfacet
  facet normal 0 0 1
    outer loop
      vertex -34.8487 23.6192 18
      vertex -32.6267 24.5396 18
      vertex -33.0059 25.3087 18
    endloop
  endfacet
  facet normal 0 0 1
    outer loop
      vertex -32.6687 25.7542 18
      vertex -34.5539 27.2401 18
      vertex -33.0059 25.3087 18
    endloop
  endfacet
  facet normal 0 0 1
    outer loop
      vertex -31.6534 20.9073 18
      vertex -34.0379 20.5933 18
      vertex -33.9353 19.027 18
    endloop
  endfacet
  facet normal -0 0 1
    outer loop
      vertex -34.3442 15.9212 18
      vertex -32.021 15.2987 18
      vertex -34.0379 17.4607 18
    endloop
  endfacet
  facet normal 0 0 1
    outer loop
      vertex -31.6534 17.1468 18
      vertex -34.0379 17.4607 18
      vertex -32.021 15.2987 18
    endloop
  endfacet
  facet normal 0 0 1
    outer loop
      vertex -32.021 22.7553 18
      vertex -34.3442 22.1328 18
      vertex -34.0379 20.5933 18
    endloop
  endfacet
  facet normal -0 0 1
    outer loop
      vertex -35.5967 25.8625 18
      vertex -33.0059 25.3087 18
      vertex -34.5539 27.2401 18
    endloop
  endfacet
  facet normal 0 0 1
    outer loop
      vertex -32.6267 24.5396 18
      vertex -34.8487 23.6192 18
      vertex -34.3442 22.1328 18
    endloop
  endfacet
  facet normal 0 0 1
    outer loop
      vertex -33.0059 25.3087 18
      vertex -35.543 25.027 18
      vertex -34.8487 23.6192 18
    endloop
  endfacet
  facet normal 0 0 1
    outer loop
      vertex -33.0059 25.3087 18
      vertex -35.5967 25.8625 18
      vertex -35.543 25.027 18
    endloop
  endfacet
  facet normal 0 0 1
    outer loop
      vertex -35.543 25.027 18
      vertex -35.5967 25.8625 18
      vertex -35.8543 25.493 18
    endloop
  endfacet
  facet normal 0 0 1
    outer loop
      vertex -31.6534 -17.1468 18
      vertex -34.0379 -17.4607 18
      vertex -33.9353 -19.027 18
    endloop
  endfacet
  facet normal 0 0 1
    outer loop
      vertex -32.6266 -13.5144 18
      vertex -34.3442 -15.9212 18
      vertex -34.0379 -17.4607 18
    endloop
  endfacet
  facet normal 0 0 1
    outer loop
      vertex -35.543 -13.027 18
      vertex -33.4601 -11.8244 18
      vertex -34.5069 -10.2577 18
    endloop
  endfacet
  facet normal 0 0 1
    outer loop
      vertex -32.6266 -13.5144 18
      vertex -34.8487 -14.4348 18
      vertex -34.3442 -15.9212 18
    endloop
  endfacet
  facet normal 0 0 1
    outer loop
      vertex -33.4601 -11.8244 18
      vertex -35.543 -13.027 18
      vertex -34.8487 -14.4348 18
    endloop
  endfacet
  facet normal 0 0 1
    outer loop
      vertex -36.415 -11.7219 18
      vertex -34.5069 -10.2577 18
      vertex -35.7493 -8.84103 18
    endloop
  endfacet
  facet normal 0 0 1
    outer loop
      vertex -34.5069 -10.2577 18
      vertex -36.415 -11.7219 18
      vertex -35.543 -13.027 18
    endloop
  endfacet
  facet normal 0 0 1
    outer loop
      vertex -37.45 -10.5417 18
      vertex -35.7493 -8.84103 18
      vertex -37.166 -7.59865 18
    endloop
  endfacet
  facet normal 0 0 1
    outer loop
      vertex -35.7493 -8.84103 18
      vertex -37.45 -10.5417 18
      vertex -36.415 -11.7219 18
    endloop
  endfacet
  facet normal 0 0 1
    outer loop
      vertex -37.166 -7.59865 18
      vertex -38.6301 -9.50677 18
      vertex -37.45 -10.5417 18
    endloop
  endfacet
  facet normal 0 0 1
    outer loop
      vertex -38.7327 -6.55179 18
      vertex -38.6301 -9.50677 18
      vertex -37.166 -7.59865 18
    endloop
  endfacet
  facet normal 0 0 1
    outer loop
      vertex -38.7327 -6.55179 18
      vertex -39.9353 -8.6347 18
      vertex -38.6301 -9.50677 18
    endloop
  endfacet
  facet normal 0 0 1
    outer loop
      vertex -40.4227 -5.7184 18
      vertex -39.9353 -8.6347 18
      vertex -38.7327 -6.55179 18
    endloop
  endfacet
  facet normal 0 0 1
    outer loop
      vertex -41.3431 -7.94046 18
      vertex -40.4227 -5.7184 18
      vertex -41.2347 -5.44276 18
    endloop
  endfacet
  facet normal 0 0 1
    outer loop
      vertex -40.4227 -5.7184 18
      vertex -41.3431 -7.94046 18
      vertex -39.9353 -8.6347 18
    endloop
  endfacet
  facet normal -0 0 1
    outer loop
      vertex -43.695 -5.17163 18
      vertex -41.2347 -5.44276 18
      vertex -41.3112 -4.8895 18
    endloop
  endfacet
  facet normal 0 0 1
    outer loop
      vertex -43.695 -5.17163 18
      vertex -41.3112 -4.8895 18
      vertex -41.4713 -3.26407 18
    endloop
  endfacet
  facet normal 0 0 1
    outer loop
      vertex -43.8643 -3.45219 18
      vertex -41.4713 -3.26407 18
      vertex -41.5675 -1.63298 18
    endloop
  endfacet
  facet normal 0 0 1
    outer loop
      vertex -41.4713 3.26407 18
      vertex -43.8643 3.45219 18
      vertex -41.5675 1.63298 18
    endloop
  endfacet
  facet normal -0 0 1
    outer loop
      vertex -43.9661 1.72742 18
      vertex -41.5675 1.63298 18
      vertex -43.8643 3.45219 18
    endloop
  endfacet
  facet normal 0 0 1
    outer loop
      vertex -41.5995 0 18
      vertex -44 0 18
      vertex -41.5675 -1.63298 18
    endloop
  endfacet
  facet normal 0 0 1
    outer loop
      vertex -43.4583 6.8831 18
      vertex -42.8295 7.4359 18
      vertex -43.3791 7.32657 18
    endloop
  endfacet
  facet normal 0 0 1
    outer loop
      vertex -41.5675 1.63298 18
      vertex -43.9661 1.72742 18
      vertex -41.5995 0 18
    endloop
  endfacet
  facet normal 0 0 1
    outer loop
      vertex -42.8295 7.4359 18
      vertex -43.4583 6.8831 18
      vertex -43.695 5.17163 18
    endloop
  endfacet
  facet normal 0 0 1
    outer loop
      vertex -44 0 18
      vertex -41.5995 0 18
      vertex -43.9661 1.72742 18
    endloop
  endfacet
  facet normal 0 0 1
    outer loop
      vertex -41.2347 -5.44276 18
      vertex -43.4583 -6.8831 18
      vertex -42.8295 -7.4359 18
    endloop
  endfacet
  facet normal 0 0 1
    outer loop
      vertex -42.8295 -7.4359 18
      vertex -43.4583 -6.8831 18
      vertex -43.3791 -7.32657 18
    endloop
  endfacet
  facet normal 0 -0 1
    outer loop
      vertex -43.9661 -1.72742 18
      vertex -41.5675 -1.63298 18
      vertex -44 0 18
    endloop
  endfacet
  facet normal 0 0 1
    outer loop
      vertex -41.2347 -5.44276 18
      vertex -42.8295 -7.4359 18
      vertex -41.3431 -7.94046 18
    endloop
  endfacet
  facet normal 0 -0 1
    outer loop
      vertex -43.8643 -3.45219 18
      vertex -41.5675 -1.63298 18
      vertex -43.9661 -1.72742 18
    endloop
  endfacet
  facet normal 0 0 1
    outer loop
      vertex -41.2347 -5.44276 18
      vertex -43.695 -5.17163 18
      vertex -43.4583 -6.8831 18
    endloop
  endfacet
  facet normal 0 0 1
    outer loop
      vertex -41.4713 -3.26407 18
      vertex -43.8643 -3.45219 18
      vertex -43.695 -5.17163 18
    endloop
  endfacet
  facet normal 0 0 1
    outer loop
      vertex -33.9353 -19.027 18
      vertex -31.5301 -19.027 18
      vertex -31.6534 -17.1468 18
    endloop
  endfacet
  facet normal 0 0 1
    outer loop
      vertex -34.0379 -17.4607 18
      vertex -31.6534 -17.1468 18
      vertex -32.021 -15.2987 18
    endloop
  endfacet
  facet normal 0 0 1
    outer loop
      vertex -31.5301 -19.027 18
      vertex -33.9353 -19.027 18
      vertex -31.6534 -20.9073 18
    endloop
  endfacet
  facet normal 0 0 1
    outer loop
      vertex -34.0379 -17.4607 18
      vertex -32.021 -15.2987 18
      vertex -32.6266 -13.5144 18
    endloop
  endfacet
  facet normal -0 0 1
    outer loop
      vertex -34.0379 -20.5933 18
      vertex -31.6534 -20.9073 18
      vertex -33.9353 -19.027 18
    endloop
  endfacet
  facet normal 0 0 1
    outer loop
      vertex -31.6534 -20.9073 18
      vertex -34.0379 -20.5933 18
      vertex -32.021 -22.7553 18
    endloop
  endfacet
  facet normal -0 0 1
    outer loop
      vertex -34.3442 -22.1328 18
      vertex -32.021 -22.7553 18
      vertex -34.0379 -20.5933 18
    endloop
  endfacet
  facet normal 0 0 1
    outer loop
      vertex -34.8487 -14.4348 18
      vertex -32.6266 -13.5144 18
      vertex -33.4601 -11.8244 18
    endloop
  endfacet
  facet normal 0 0 1
    outer loop
      vertex -32.021 -22.7553 18
      vertex -34.3442 -22.1328 18
      vertex -32.6267 -24.5396 18
    endloop
  endfacet
  facet normal -0 0 1
    outer loop
      vertex -34.8487 -23.6192 18
      vertex -32.6267 -24.5396 18
      vertex -34.3442 -22.1328 18
    endloop
  endfacet
  facet normal 0 0 1
    outer loop
      vertex -32.6267 -24.5396 18
      vertex -34.8487 -23.6192 18
      vertex -33.0059 -25.3087 18
    endloop
  endfacet
  facet normal -0 0 1
    outer loop
      vertex -35.543 -25.027 18
      vertex -33.0059 -25.3087 18
      vertex -34.8487 -23.6192 18
    endloop
  endfacet
  facet normal 0 0 1
    outer loop
      vertex -32.6687 -25.7542 18
      vertex -34.5539 -27.2401 18
      vertex -33.4579 -28.5757 18
    endloop
  endfacet
  facet normal 0 0 1
    outer loop
      vertex -35.5967 -25.8625 18
      vertex -33.0059 -25.3087 18
      vertex -35.543 -25.027 18
    endloop
  endfacet
  facet normal 0 0 1
    outer loop
      vertex -33.0059 -25.3087 18
      vertex -35.5967 -25.8625 18
      vertex -34.5539 -27.2401 18
    endloop
  endfacet
  facet normal 0 -0 1
    outer loop
      vertex -35.5967 -25.8625 18
      vertex -35.543 -25.027 18
      vertex -35.8543 -25.493 18
    endloop
  endfacet
  facet normal 0 0 1
    outer loop
      vertex -32.021 15.2987 18
      vertex -34.3442 15.9212 18
      vertex -32.6266 13.5144 18
    endloop
  endfacet
  facet normal -0 0 1
    outer loop
      vertex -34.8487 14.4348 18
      vertex -32.6266 13.5144 18
      vertex -34.3442 15.9212 18
    endloop
  endfacet
  facet normal 0 0 1
    outer loop
      vertex -32.6266 13.5144 18
      vertex -34.8487 14.4348 18
      vertex -33.4601 11.8244 18
    endloop
  endfacet
  facet normal -0 0 1
    outer loop
      vertex -35.543 13.027 18
      vertex -33.4601 11.8244 18
      vertex -34.8487 14.4348 18
    endloop
  endfacet
  facet normal 0 0 1
    outer loop
      vertex -33.4601 11.8244 18
      vertex -35.543 13.027 18
      vertex -34.5069 10.2577 18
    endloop
  endfacet
  facet normal -0 0 1
    outer loop
      vertex -36.415 11.7219 18
      vertex -34.5069 10.2577 18
      vertex -35.543 13.027 18
    endloop
  endfacet
  facet normal 0 0 1
    outer loop
      vertex -34.5069 10.2577 18
      vertex -36.415 11.7219 18
      vertex -35.7493 8.84103 18
    endloop
  endfacet
  facet normal -0 0 1
    outer loop
      vertex -37.45 10.5417 18
      vertex -35.7493 8.84103 18
      vertex -36.415 11.7219 18
    endloop
  endfacet
  facet normal 0 0 1
    outer loop
      vertex -35.7493 8.84103 18
      vertex -37.45 10.5417 18
      vertex -37.166 7.59865 18
    endloop
  endfacet
  facet normal -0 0 1
    outer loop
      vertex -38.6301 9.50677 18
      vertex -37.166 7.59865 18
      vertex -37.45 10.5417 18
    endloop
  endfacet
  facet normal 0 0 1
    outer loop
      vertex -38.6301 9.50677 18
      vertex -38.7327 6.55179 18
      vertex -37.166 7.59865 18
    endloop
  endfacet
  facet normal -0 0 1
    outer loop
      vertex -39.9353 8.6347 18
      vertex -38.7327 6.55179 18
      vertex -38.6301 9.50677 18
    endloop
  endfacet
  facet normal 0 0 1
    outer loop
      vertex -39.9353 8.6347 18
      vertex -40.4227 5.7184 18
      vertex -38.7327 6.55179 18
    endloop
  endfacet
  facet normal -0 0 1
    outer loop
      vertex -41.3431 7.94046 18
      vertex -40.4227 5.7184 18
      vertex -39.9353 8.6347 18
    endloop
  endfacet
  facet normal 0 0 1
    outer loop
      vertex -40.4227 5.7184 18
      vertex -41.3431 7.94046 18
      vertex -41.2347 5.44276 18
    endloop
  endfacet
  facet normal -0 0 1
    outer loop
      vertex -42.8295 7.4359 18
      vertex -41.2347 5.44276 18
      vertex -41.3431 7.94046 18
    endloop
  endfacet
  facet normal 0 0 1
    outer loop
      vertex -43.695 5.17163 18
      vertex -41.2347 5.44276 18
      vertex -42.8295 7.4359 18
    endloop
  endfacet
  facet normal 0 0 1
    outer loop
      vertex -41.2347 5.44276 18
      vertex -43.695 5.17163 18
      vertex -41.3112 4.8895 18
    endloop
  endfacet
  facet normal -0 0 1
    outer loop
      vertex -43.8643 3.45219 18
      vertex -41.4713 3.26407 18
      vertex -43.695 5.17163 18
    endloop
  endfacet
  facet normal 0 0 1
    outer loop
      vertex -41.3112 4.8895 18
      vertex -43.695 5.17163 18
      vertex -41.4713 3.26407 18
    endloop
  endfacet
  facet normal 0.0589198 -0.998263 0
    outer loop
      vertex 1.72742 -43.9661 4
      vertex 3.45219 -43.8643 18
      vertex 1.72742 -43.9661 18
    endloop
  endfacet
  facet normal 0.0589198 -0.998263 0
    outer loop
      vertex 3.45219 -43.8643 18
      vertex 1.72742 -43.9661 4
      vertex 3.45219 -43.8643 4
    endloop
  endfacet
  facet normal 0.0979884 -0.995188 0
    outer loop
      vertex 3.45219 -43.8643 4
      vertex 5.17163 -43.695 18
      vertex 3.45219 -43.8643 18
    endloop
  endfacet
  facet normal 0.0979884 -0.995188 0
    outer loop
      vertex 5.17163 -43.695 18
      vertex 3.45219 -43.8643 4
      vertex 5.17163 -43.695 4
    endloop
  endfacet
  facet normal 0.136998 -0.990571 0
    outer loop
      vertex 5.17163 -43.695 4
      vertex 6.8831 -43.4583 18
      vertex 5.17163 -43.695 18
    endloop
  endfacet
  facet normal 0.136998 -0.990571 0
    outer loop
      vertex 6.8831 -43.4583 18
      vertex 5.17163 -43.695 4
      vertex 6.8831 -43.4583 4
    endloop
  endfacet
  facet normal 0.17581 -0.984424 0
    outer loop
      vertex 6.8831 -43.4583 4
      vertex 7.32657 -43.3791 18
      vertex 6.8831 -43.4583 18
    endloop
  endfacet
  facet normal 0.17581 -0.984424 0
    outer loop
      vertex 7.32657 -43.3791 18
      vertex 6.8831 -43.4583 4
      vertex 7.32657 -43.3791 4
    endloop
  endfacet
  facet normal 0.980783 -0.195104 1.60963e-19
    outer loop
      vertex 7.32657 -43.3791 18
      vertex 7.4359 -42.8295 4
      vertex 7.4359 -42.8295 18
    endloop
  endfacet
  facet normal 0.980783 -0.195104 1.60963e-19
    outer loop
      vertex 7.4359 -42.8295 4
      vertex 7.32657 -43.3791 18
      vertex 7.32657 -43.3791 4
    endloop
  endfacet
  facet normal 0.946931 -0.321437 7.9256e-19
    outer loop
      vertex 7.4359 -42.8295 18
      vertex 7.94046 -41.3431 4
      vertex 7.94046 -41.3431 18
    endloop
  endfacet
  facet normal 0.946931 -0.321437 7.9256e-19
    outer loop
      vertex 7.94046 -41.3431 4
      vertex 7.4359 -42.8295 18
      vertex 7.4359 -42.8295 4
    endloop
  endfacet
  facet normal 0.896875 -0.442283 1.98152e-18
    outer loop
      vertex 7.94046 -41.3431 18
      vertex 8.6347 -39.9353 4
      vertex 8.6347 -39.9353 18
    endloop
  endfacet
  facet normal 0.896875 -0.442283 1.98152e-18
    outer loop
      vertex 8.6347 -39.9353 4
      vertex 7.94046 -41.3431 18
      vertex 7.94046 -41.3431 4
    endloop
  endfacet
  facet normal 0.83148 -0.555554 3.73743e-18
    outer loop
      vertex 8.6347 -39.9353 18
      vertex 9.50677 -38.6301 4
      vertex 9.50677 -38.6301 18
    endloop
  endfacet
  facet normal 0.83148 -0.555554 3.73743e-18
    outer loop
      vertex 9.50677 -38.6301 4
      vertex 8.6347 -39.9353 18
      vertex 8.6347 -39.9353 4
    endloop
  endfacet
  facet normal 0.751837 -0.659349 -1.5627e-18
    outer loop
      vertex 9.50677 -38.6301 18
      vertex 10.5417 -37.45 4
      vertex 10.5417 -37.45 18
    endloop
  endfacet
  facet normal 0.751837 -0.659349 -1.5627e-18
    outer loop
      vertex 10.5417 -37.45 4
      vertex 9.50677 -38.6301 18
      vertex 9.50677 -38.6301 4
    endloop
  endfacet
  facet normal 0.659343 -0.751842 0
    outer loop
      vertex 10.5417 -37.45 4
      vertex 11.7219 -36.415 18
      vertex 10.5417 -37.45 18
    endloop
  endfacet
  facet normal 0.659343 -0.751842 0
    outer loop
      vertex 11.7219 -36.415 18
      vertex 10.5417 -37.45 4
      vertex 11.7219 -36.415 4
    endloop
  endfacet
  facet normal 0.555553 -0.831481 0
    outer loop
      vertex 11.7219 -36.415 4
      vertex 13.027 -35.543 18
      vertex 11.7219 -36.415 18
    endloop
  endfacet
  facet normal 0.555553 -0.831481 0
    outer loop
      vertex 13.027 -35.543 18
      vertex 11.7219 -36.415 4
      vertex 13.027 -35.543 4
    endloop
  endfacet
  facet normal 0.442314 -0.89686 0
    outer loop
      vertex 13.027 -35.543 4
      vertex 14.4348 -34.8487 18
      vertex 13.027 -35.543 18
    endloop
  endfacet
  facet normal 0.442314 -0.89686 0
    outer loop
      vertex 14.4348 -34.8487 18
      vertex 13.027 -35.543 4
      vertex 14.4348 -34.8487 4
    endloop
  endfacet
  facet normal 0.321402 -0.946943 0
    outer loop
      vertex 14.4348 -34.8487 4
      vertex 15.9212 -34.3442 18
      vertex 14.4348 -34.8487 18
    endloop
  endfacet
  facet normal 0.321402 -0.946943 0
    outer loop
      vertex 15.9212 -34.3442 18
      vertex 14.4348 -34.8487 4
      vertex 15.9212 -34.3442 4
    endloop
  endfacet
  facet normal 0.195136 -0.980776 0
    outer loop
      vertex 15.9212 -34.3442 4
      vertex 17.4607 -34.0379 18
      vertex 15.9212 -34.3442 18
    endloop
  endfacet
  facet normal 0.195136 -0.980776 0
    outer loop
      vertex 17.4607 -34.0379 18
      vertex 15.9212 -34.3442 4
      vertex 17.4607 -34.0379 4
    endloop
  endfacet
  facet normal 0.0653646 -0.997861 0
    outer loop
      vertex 17.4607 -34.0379 4
      vertex 19.027 -33.9353 18
      vertex 17.4607 -34.0379 18
    endloop
  endfacet
  facet normal 0.0653646 -0.997861 0
    outer loop
      vertex 19.027 -33.9353 18
      vertex 17.4607 -34.0379 4
      vertex 19.027 -33.9353 4
    endloop
  endfacet
  facet normal -0.0653646 -0.997861 0
    outer loop
      vertex 19.027 -33.9353 4
      vertex 20.5933 -34.0379 18
      vertex 19.027 -33.9353 18
    endloop
  endfacet
  facet normal -0.0653646 -0.997861 -0
    outer loop
      vertex 20.5933 -34.0379 18
      vertex 19.027 -33.9353 4
      vertex 20.5933 -34.0379 4
    endloop
  endfacet
  facet normal -0.195136 -0.980776 0
    outer loop
      vertex 20.5933 -34.0379 4
      vertex 22.1328 -34.3442 18
      vertex 20.5933 -34.0379 18
    endloop
  endfacet
  facet normal -0.195136 -0.980776 -0
    outer loop
      vertex 22.1328 -34.3442 18
      vertex 20.5933 -34.0379 4
      vertex 22.1328 -34.3442 4
    endloop
  endfacet
  facet normal -0.321402 -0.946943 0
    outer loop
      vertex 22.1328 -34.3442 4
      vertex 23.6192 -34.8487 18
      vertex 22.1328 -34.3442 18
    endloop
  endfacet
  facet normal -0.321402 -0.946943 -0
    outer loop
      vertex 23.6192 -34.8487 18
      vertex 22.1328 -34.3442 4
      vertex 23.6192 -34.8487 4
    endloop
  endfacet
  facet normal -0.442314 -0.89686 0
    outer loop
      vertex 23.6192 -34.8487 4
      vertex 25.027 -35.543 18
      vertex 23.6192 -34.8487 18
    endloop
  endfacet
  facet normal -0.442314 -0.89686 -0
    outer loop
      vertex 25.027 -35.543 18
      vertex 23.6192 -34.8487 4
      vertex 25.027 -35.543 4
    endloop
  endfacet
  facet normal -0.555482 -0.831528 0
    outer loop
      vertex 25.027 -35.543 4
      vertex 25.493 -35.8543 18
      vertex 25.027 -35.543 18
    endloop
  endfacet
  facet normal -0.555482 -0.831528 -0
    outer loop
      vertex 25.493 -35.8543 18
      vertex 25.027 -35.543 4
      vertex 25.493 -35.8543 4
    endloop
  endfacet
  facet normal 0.571897 -0.820326 0
    outer loop
      vertex 25.493 -35.8543 4
      vertex 25.8625 -35.5967 18
      vertex 25.493 -35.8543 18
    endloop
  endfacet
  facet normal 0.571897 -0.820326 0
    outer loop
      vertex 25.8625 -35.5967 18
      vertex 25.493 -35.8543 4
      vertex 25.8625 -35.5967 4
    endloop
  endfacet
  facet normal 0.60355 -0.797325 0
    outer loop
      vertex 25.8625 -35.5967 4
      vertex 27.2401 -34.5539 18
      vertex 25.8625 -35.5967 18
    endloop
  endfacet
  facet normal 0.60355 -0.797325 0
    outer loop
      vertex 27.2401 -34.5539 18
      vertex 25.8625 -35.5967 4
      vertex 27.2401 -34.5539 4
    endloop
  endfacet
  facet normal 0.634359 -0.773038 0
    outer loop
      vertex 27.2401 -34.5539 4
      vertex 28.5757 -33.4579 18
      vertex 27.2401 -34.5539 18
    endloop
  endfacet
  facet normal 0.634359 -0.773038 0
    outer loop
      vertex 28.5757 -33.4579 18
      vertex 27.2401 -34.5539 4
      vertex 28.5757 -33.4579 4
    endloop
  endfacet
  facet normal 0.664267 -0.747496 0
    outer loop
      vertex 28.5757 -33.4579 4
      vertex 29.8672 -32.3102 18
      vertex 28.5757 -33.4579 18
    endloop
  endfacet
  facet normal 0.664267 -0.747496 0
    outer loop
      vertex 29.8672 -32.3102 18
      vertex 28.5757 -33.4579 4
      vertex 29.8672 -32.3102 4
    endloop
  endfacet
  facet normal 0.69308 -0.720861 0
    outer loop
      vertex 29.8672 -32.3102 4
      vertex 31.1127 -31.1127 18
      vertex 29.8672 -32.3102 18
    endloop
  endfacet
  facet normal 0.69308 -0.720861 0
    outer loop
      vertex 31.1127 -31.1127 18
      vertex 29.8672 -32.3102 4
      vertex 31.1127 -31.1127 4
    endloop
  endfacet
  facet normal 0.720861 -0.69308 2.64664e-18
    outer loop
      vertex 31.1127 -31.1127 18
      vertex 32.3102 -29.8672 4
      vertex 32.3102 -29.8672 18
    endloop
  endfacet
  facet normal 0.720861 -0.69308 2.64664e-18
    outer loop
      vertex 32.3102 -29.8672 4
      vertex 31.1127 -31.1127 18
      vertex 31.1127 -31.1127 4
    endloop
  endfacet
  facet normal 0.747496 -0.664267 3.36566e-18
    outer loop
      vertex 32.3102 -29.8672 18
      vertex 33.4579 -28.5757 4
      vertex 33.4579 -28.5757 18
    endloop
  endfacet
  facet normal 0.747496 -0.664267 3.36566e-18
    outer loop
      vertex 33.4579 -28.5757 4
      vertex 32.3102 -29.8672 18
      vertex 32.3102 -29.8672 4
    endloop
  endfacet
  facet normal 0.773038 -0.634359 1.97616e-18
    outer loop
      vertex 33.4579 -28.5757 18
      vertex 34.5539 -27.2401 4
      vertex 34.5539 -27.2401 18
    endloop
  endfacet
  facet normal 0.773038 -0.634359 1.97616e-18
    outer loop
      vertex 34.5539 -27.2401 4
      vertex 33.4579 -28.5757 18
      vertex 33.4579 -28.5757 4
    endloop
  endfacet
  facet normal 0.797325 -0.60355 -1.17452e-19
    outer loop
      vertex 34.5539 -27.2401 18
      vertex 35.5967 -25.8625 4
      vertex 35.5967 -25.8625 18
    endloop
  endfacet
  facet normal 0.797325 -0.60355 -1.17452e-19
    outer loop
      vertex 35.5967 -25.8625 4
      vertex 34.5539 -27.2401 18
      vertex 34.5539 -27.2401 4
    endloop
  endfacet
  facet normal 0.820326 -0.571897 8.07497e-19
    outer loop
      vertex 35.5967 -25.8625 18
      vertex 35.8543 -25.493 4
      vertex 35.8543 -25.493 18
    endloop
  endfacet
  facet normal 0.820326 -0.571897 8.07497e-19
    outer loop
      vertex 35.8543 -25.493 4
      vertex 35.5967 -25.8625 18
      vertex 35.5967 -25.8625 4
    endloop
  endfacet
  facet normal 0.831528 0.555482 -1.45364e-18
    outer loop
      vertex 35.8543 -25.493 18
      vertex 35.543 -25.027 4
      vertex 35.543 -25.027 18
    endloop
  endfacet
  facet normal 0.831528 0.555482 -1.45364e-18
    outer loop
      vertex 35.543 -25.027 4
      vertex 35.8543 -25.493 18
      vertex 35.8543 -25.493 4
    endloop
  endfacet
  facet normal 0.89686 0.442314 -2.64445e-19
    outer loop
      vertex 35.543 -25.027 18
      vertex 34.8487 -23.6192 4
      vertex 34.8487 -23.6192 18
    endloop
  endfacet
  facet normal 0.89686 0.442314 -2.64445e-19
    outer loop
      vertex 34.8487 -23.6192 4
      vertex 35.543 -25.027 18
      vertex 35.543 -25.027 4
    endloop
  endfacet
  facet normal 0.946943 0.321402 9.13869e-19
    outer loop
      vertex 34.8487 -23.6192 18
      vertex 34.3442 -22.1328 4
      vertex 34.3442 -22.1328 18
    endloop
  endfacet
  facet normal 0.946943 0.321402 9.13869e-19
    outer loop
      vertex 34.3442 -22.1328 4
      vertex 34.8487 -23.6192 18
      vertex 34.8487 -23.6192 4
    endloop
  endfacet
  facet normal 0.980776 0.195136 7.37203e-21
    outer loop
      vertex 34.3442 -22.1328 18
      vertex 34.0379 -20.5933 4
      vertex 34.0379 -20.5933 18
    endloop
  endfacet
  facet normal 0.980776 0.195136 7.37203e-21
    outer loop
      vertex 34.0379 -20.5933 4
      vertex 34.3442 -22.1328 18
      vertex 34.3442 -22.1328 4
    endloop
  endfacet
  facet normal 0.997861 0.0653646 5.83833e-19
    outer loop
      vertex 34.0379 -20.5933 18
      vertex 33.9353 -19.027 4
      vertex 33.9353 -19.027 18
    endloop
  endfacet
  facet normal 0.997861 0.0653646 5.83833e-19
    outer loop
      vertex 33.9353 -19.027 4
      vertex 34.0379 -20.5933 18
      vertex 34.0379 -20.5933 4
    endloop
  endfacet
  facet normal 0.997861 -0.0653646 -4.16101e-19
    outer loop
      vertex 33.9353 -19.027 18
      vertex 34.0379 -17.4607 4
      vertex 34.0379 -17.4607 18
    endloop
  endfacet
  facet normal 0.997861 -0.0653646 -4.16101e-19
    outer loop
      vertex 34.0379 -17.4607 4
      vertex 33.9353 -19.027 18
      vertex 33.9353 -19.027 4
    endloop
  endfacet
  facet normal 0.980776 -0.195136 4.93797e-19
    outer loop
      vertex 34.0379 -17.4607 18
      vertex 34.3442 -15.9212 4
      vertex 34.3442 -15.9212 18
    endloop
  endfacet
  facet normal 0.980776 -0.195136 4.93797e-19
    outer loop
      vertex 34.3442 -15.9212 4
      vertex 34.0379 -17.4607 18
      vertex 34.0379 -17.4607 4
    endloop
  endfacet
  facet normal 0.946943 -0.321402 -5.50119e-19
    outer loop
      vertex 34.3442 -15.9212 18
      vertex 34.8487 -14.4348 4
      vertex 34.8487 -14.4348 18
    endloop
  endfacet
  facet normal 0.946943 -0.321402 -5.50119e-19
    outer loop
      vertex 34.8487 -14.4348 4
      vertex 34.3442 -15.9212 18
      vertex 34.3442 -15.9212 4
    endloop
  endfacet
  facet normal 0.89686 -0.442314 -2.85216e-19
    outer loop
      vertex 34.8487 -14.4348 18
      vertex 35.543 -13.027 4
      vertex 35.543 -13.027 18
    endloop
  endfacet
  facet normal 0.89686 -0.442314 -2.85216e-19
    outer loop
      vertex 35.543 -13.027 4
      vertex 34.8487 -14.4348 18
      vertex 34.8487 -14.4348 4
    endloop
  endfacet
  facet normal 0.831481 -0.555553 -3.68022e-18
    outer loop
      vertex 35.543 -13.027 18
      vertex 36.415 -11.7219 4
      vertex 36.415 -11.7219 18
    endloop
  endfacet
  facet normal 0.831481 -0.555553 -3.68022e-18
    outer loop
      vertex 36.415 -11.7219 4
      vertex 35.543 -13.027 18
      vertex 35.543 -13.027 4
    endloop
  endfacet
  facet normal 0.751842 -0.659343 -4.05638e-18
    outer loop
      vertex 36.415 -11.7219 18
      vertex 37.45 -10.5417 4
      vertex 37.45 -10.5417 18
    endloop
  endfacet
  facet normal 0.751842 -0.659343 -4.05638e-18
    outer loop
      vertex 37.45 -10.5417 4
      vertex 36.415 -11.7219 18
      vertex 36.415 -11.7219 4
    endloop
  endfacet
  facet normal 0.659349 -0.751837 0
    outer loop
      vertex 37.45 -10.5417 4
      vertex 38.6301 -9.50677 18
      vertex 37.45 -10.5417 18
    endloop
  endfacet
  facet normal 0.659349 -0.751837 0
    outer loop
      vertex 38.6301 -9.50677 18
      vertex 37.45 -10.5417 4
      vertex 38.6301 -9.50677 4
    endloop
  endfacet
  facet normal 0.555554 -0.83148 0
    outer loop
      vertex 38.6301 -9.50677 4
      vertex 39.9353 -8.6347 18
      vertex 38.6301 -9.50677 18
    endloop
  endfacet
  facet normal 0.555554 -0.83148 0
    outer loop
      vertex 39.9353 -8.6347 18
      vertex 38.6301 -9.50677 4
      vertex 39.9353 -8.6347 4
    endloop
  endfacet
  facet normal 0.442283 -0.896875 0
    outer loop
      vertex 39.9353 -8.6347 4
      vertex 41.3431 -7.94046 18
      vertex 39.9353 -8.6347 18
    endloop
  endfacet
  facet normal 0.442283 -0.896875 0
    outer loop
      vertex 41.3431 -7.94046 18
      vertex 39.9353 -8.6347 4
      vertex 41.3431 -7.94046 4
    endloop
  endfacet
  facet normal 0.321437 -0.946931 0
    outer loop
      vertex 41.3431 -7.94046 4
      vertex 42.8295 -7.4359 18
      vertex 41.3431 -7.94046 18
    endloop
  endfacet
  facet normal 0.321437 -0.946931 0
    outer loop
      vertex 42.8295 -7.4359 18
      vertex 41.3431 -7.94046 4
      vertex 42.8295 -7.4359 4
    endloop
  endfacet
  facet normal 0.195104 -0.980783 0
    outer loop
      vertex 42.8295 -7.4359 4
      vertex 43.3791 -7.32657 18
      vertex 42.8295 -7.4359 18
    endloop
  endfacet
  facet normal 0.195104 -0.980783 0
    outer loop
      vertex 43.3791 -7.32657 18
      vertex 42.8295 -7.4359 4
      vertex 43.3791 -7.32657 4
    endloop
  endfacet
  facet normal 0.984424 -0.17581 3.79989e-20
    outer loop
      vertex 43.3791 -7.32657 18
      vertex 43.4583 -6.8831 4
      vertex 43.4583 -6.8831 18
    endloop
  endfacet
  facet normal 0.984424 -0.17581 3.79989e-20
    outer loop
      vertex 43.4583 -6.8831 4
      vertex 43.3791 -7.32657 18
      vertex 43.3791 -7.32657 4
    endloop
  endfacet
  facet normal 0.990571 -0.136998 8.26681e-19
    outer loop
      vertex 43.4583 -6.8831 18
      vertex 43.695 -5.17163 4
      vertex 43.695 -5.17163 18
    endloop
  endfacet
  facet normal 0.990571 -0.136998 8.26681e-19
    outer loop
      vertex 43.695 -5.17163 4
      vertex 43.4583 -6.8831 18
      vertex 43.4583 -6.8831 4
    endloop
  endfacet
  facet normal 0.995188 -0.0979884 -5.71633e-19
    outer loop
      vertex 43.695 -5.17163 18
      vertex 43.8643 -3.45219 4
      vertex 43.8643 -3.45219 18
    endloop
  endfacet
  facet normal 0.995188 -0.0979884 -5.71633e-19
    outer loop
      vertex 43.8643 -3.45219 4
      vertex 43.695 -5.17163 18
      vertex 43.695 -5.17163 4
    endloop
  endfacet
  facet normal 0.998263 -0.0589198 -1.30412e-19
    outer loop
      vertex 43.8643 -3.45219 18
      vertex 43.9661 -1.72742 4
      vertex 43.9661 -1.72742 18
    endloop
  endfacet
  facet normal 0.998263 -0.0589198 -1.30412e-19
    outer loop
      vertex 43.9661 -1.72742 4
      vertex 43.8643 -3.45219 18
      vertex 43.8643 -3.45219 4
    endloop
  endfacet
  facet normal 0.999807 -0.0196209 5.46117e-20
    outer loop
      vertex 43.9661 -1.72742 18
      vertex 44 0 4
      vertex 44 0 18
    endloop
  endfacet
  facet normal 0.999807 -0.0196209 5.46117e-20
    outer loop
      vertex 44 0 4
      vertex 43.9661 -1.72742 18
      vertex 43.9661 -1.72742 4
    endloop
  endfacet
  facet normal 0.999807 0.0196209 -5.46117e-20
    outer loop
      vertex 44 0 18
      vertex 43.9661 1.72742 4
      vertex 43.9661 1.72742 18
    endloop
  endfacet
  facet normal 0.999807 0.0196209 -5.46117e-20
    outer loop
      vertex 43.9661 1.72742 4
      vertex 44 0 18
      vertex 44 0 4
    endloop
  endfacet
  facet normal 0.998263 0.0589198 1.30412e-19
    outer loop
      vertex 43.9661 1.72742 18
      vertex 43.8643 3.45219 4
      vertex 43.8643 3.45219 18
    endloop
  endfacet
  facet normal 0.998263 0.0589198 1.30412e-19
    outer loop
      vertex 43.8643 3.45219 4
      vertex 43.9661 1.72742 18
      vertex 43.9661 1.72742 4
    endloop
  endfacet
  facet normal 0.995188 0.0979884 5.71633e-19
    outer loop
      vertex 43.8643 3.45219 18
      vertex 43.695 5.17163 4
      vertex 43.695 5.17163 18
    endloop
  endfacet
  facet normal 0.995188 0.0979884 5.71633e-19
    outer loop
      vertex 43.695 5.17163 4
      vertex 43.8643 3.45219 18
      vertex 43.8643 3.45219 4
    endloop
  endfacet
  facet normal 0.990571 0.136998 -8.26681e-19
    outer loop
      vertex 43.695 5.17163 18
      vertex 43.4583 6.8831 4
      vertex 43.4583 6.8831 18
    endloop
  endfacet
  facet normal 0.990571 0.136998 -8.26681e-19
    outer loop
      vertex 43.4583 6.8831 4
      vertex 43.695 5.17163 18
      vertex 43.695 5.17163 4
    endloop
  endfacet
  facet normal 0.984424 0.17581 -3.79989e-20
    outer loop
      vertex 43.4583 6.8831 18
      vertex 43.3791 7.32657 4
      vertex 43.3791 7.32657 18
    endloop
  endfacet
  facet normal 0.984424 0.17581 -3.79989e-20
    outer loop
      vertex 43.3791 7.32657 4
      vertex 43.4583 6.8831 18
      vertex 43.4583 6.8831 4
    endloop
  endfacet
  facet normal 0.195104 0.980783 -0
    outer loop
      vertex 43.3791 7.32657 4
      vertex 42.8295 7.4359 18
      vertex 43.3791 7.32657 18
    endloop
  endfacet
  facet normal 0.195104 0.980783 0
    outer loop
      vertex 42.8295 7.4359 18
      vertex 43.3791 7.32657 4
      vertex 42.8295 7.4359 4
    endloop
  endfacet
  facet normal 0.321437 0.946931 -0
    outer loop
      vertex 42.8295 7.4359 4
      vertex 41.3431 7.94046 18
      vertex 42.8295 7.4359 18
    endloop
  endfacet
  facet normal 0.321437 0.946931 0
    outer loop
      vertex 41.3431 7.94046 18
      vertex 42.8295 7.4359 4
      vertex 41.3431 7.94046 4
    endloop
  endfacet
  facet normal 0.442283 0.896875 -0
    outer loop
      vertex 41.3431 7.94046 4
      vertex 39.9353 8.6347 18
      vertex 41.3431 7.94046 18
    endloop
  endfacet
  facet normal 0.442283 0.896875 0
    outer loop
      vertex 39.9353 8.6347 18
      vertex 41.3431 7.94046 4
      vertex 39.9353 8.6347 4
    endloop
  endfacet
  facet normal 0.555554 0.83148 -0
    outer loop
      vertex 39.9353 8.6347 4
      vertex 38.6301 9.50677 18
      vertex 39.9353 8.6347 18
    endloop
  endfacet
  facet normal 0.555554 0.83148 0
    outer loop
      vertex 38.6301 9.50677 18
      vertex 39.9353 8.6347 4
      vertex 38.6301 9.50677 4
    endloop
  endfacet
  facet normal 0.659349 0.751837 -0
    outer loop
      vertex 38.6301 9.50677 4
      vertex 37.45 10.5417 18
      vertex 38.6301 9.50677 18
    endloop
  endfacet
  facet normal 0.659349 0.751837 0
    outer loop
      vertex 37.45 10.5417 18
      vertex 38.6301 9.50677 4
      vertex 37.45 10.5417 4
    endloop
  endfacet
  facet normal 0.751842 0.659343 4.05638e-18
    outer loop
      vertex 37.45 10.5417 18
      vertex 36.415 11.7219 4
      vertex 36.415 11.7219 18
    endloop
  endfacet
  facet normal 0.751842 0.659343 4.05638e-18
    outer loop
      vertex 36.415 11.7219 4
      vertex 37.45 10.5417 18
      vertex 37.45 10.5417 4
    endloop
  endfacet
  facet normal 0.831481 0.555553 3.68022e-18
    outer loop
      vertex 36.415 11.7219 18
      vertex 35.543 13.027 4
      vertex 35.543 13.027 18
    endloop
  endfacet
  facet normal 0.831481 0.555553 3.68022e-18
    outer loop
      vertex 35.543 13.027 4
      vertex 36.415 11.7219 18
      vertex 36.415 11.7219 4
    endloop
  endfacet
  facet normal 0.89686 0.442314 2.85216e-19
    outer loop
      vertex 35.543 13.027 18
      vertex 34.8487 14.4348 4
      vertex 34.8487 14.4348 18
    endloop
  endfacet
  facet normal 0.89686 0.442314 2.85216e-19
    outer loop
      vertex 34.8487 14.4348 4
      vertex 35.543 13.027 18
      vertex 35.543 13.027 4
    endloop
  endfacet
  facet normal 0.946943 0.321402 5.50119e-19
    outer loop
      vertex 34.8487 14.4348 18
      vertex 34.3442 15.9212 4
      vertex 34.3442 15.9212 18
    endloop
  endfacet
  facet normal 0.946943 0.321402 5.50119e-19
    outer loop
      vertex 34.3442 15.9212 4
      vertex 34.8487 14.4348 18
      vertex 34.8487 14.4348 4
    endloop
  endfacet
  facet normal 0.980776 0.195136 -4.93797e-19
    outer loop
      vertex 34.3442 15.9212 18
      vertex 34.0379 17.4607 4
      vertex 34.0379 17.4607 18
    endloop
  endfacet
  facet normal 0.980776 0.195136 -4.93797e-19
    outer loop
      vertex 34.0379 17.4607 4
      vertex 34.3442 15.9212 18
      vertex 34.3442 15.9212 4
    endloop
  endfacet
  facet normal 0.997861 0.0653646 4.16101e-19
    outer loop
      vertex 34.0379 17.4607 18
      vertex 33.9353 19.027 4
      vertex 33.9353 19.027 18
    endloop
  endfacet
  facet normal 0.997861 0.0653646 4.16101e-19
    outer loop
      vertex 33.9353 19.027 4
      vertex 34.0379 17.4607 18
      vertex 34.0379 17.4607 4
    endloop
  endfacet
  facet normal 0.997861 -0.0653646 -5.83833e-19
    outer loop
      vertex 33.9353 19.027 18
      vertex 34.0379 20.5933 4
      vertex 34.0379 20.5933 18
    endloop
  endfacet
  facet normal 0.997861 -0.0653646 -5.83833e-19
    outer loop
      vertex 34.0379 20.5933 4
      vertex 33.9353 19.027 18
      vertex 33.9353 19.027 4
    endloop
  endfacet
  facet normal 0.980776 -0.195136 -7.37203e-21
    outer loop
      vertex 34.0379 20.5933 18
      vertex 34.3442 22.1328 4
      vertex 34.3442 22.1328 18
    endloop
  endfacet
  facet normal 0.980776 -0.195136 -7.37203e-21
    outer loop
      vertex 34.3442 22.1328 4
      vertex 34.0379 20.5933 18
      vertex 34.0379 20.5933 4
    endloop
  endfacet
  facet normal 0.946943 -0.321402 -9.13869e-19
    outer loop
      vertex 34.3442 22.1328 18
      vertex 34.8487 23.6192 4
      vertex 34.8487 23.6192 18
    endloop
  endfacet
  facet normal 0.946943 -0.321402 -9.13869e-19
    outer loop
      vertex 34.8487 23.6192 4
      vertex 34.3442 22.1328 18
      vertex 34.3442 22.1328 4
    endloop
  endfacet
  facet normal 0.89686 -0.442314 2.64445e-19
    outer loop
      vertex 34.8487 23.6192 18
      vertex 35.543 25.027 4
      vertex 35.543 25.027 18
    endloop
  endfacet
  facet normal 0.89686 -0.442314 2.64445e-19
    outer loop
      vertex 35.543 25.027 4
      vertex 34.8487 23.6192 18
      vertex 34.8487 23.6192 4
    endloop
  endfacet
  facet normal 0.831528 -0.555482 1.45364e-18
    outer loop
      vertex 35.543 25.027 18
      vertex 35.8543 25.493 4
      vertex 35.8543 25.493 18
    endloop
  endfacet
  facet normal 0.831528 -0.555482 1.45364e-18
    outer loop
      vertex 35.8543 25.493 4
      vertex 35.543 25.027 18
      vertex 35.543 25.027 4
    endloop
  endfacet
  facet normal 0.820326 0.571897 -8.07497e-19
    outer loop
      vertex 35.8543 25.493 18
      vertex 35.5967 25.8625 4
      vertex 35.5967 25.8625 18
    endloop
  endfacet
  facet normal 0.820326 0.571897 -8.07497e-19
    outer loop
      vertex 35.5967 25.8625 4
      vertex 35.8543 25.493 18
      vertex 35.8543 25.493 4
    endloop
  endfacet
  facet normal 0.797325 0.60355 1.17452e-19
    outer loop
      vertex 35.5967 25.8625 18
      vertex 34.5539 27.2401 4
      vertex 34.5539 27.2401 18
    endloop
  endfacet
  facet normal 0.797325 0.60355 1.17452e-19
    outer loop
      vertex 34.5539 27.2401 4
      vertex 35.5967 25.8625 18
      vertex 35.5967 25.8625 4
    endloop
  endfacet
  facet normal 0.773038 0.634359 -1.97616e-18
    outer loop
      vertex 34.5539 27.2401 18
      vertex 33.4579 28.5757 4
      vertex 33.4579 28.5757 18
    endloop
  endfacet
  facet normal 0.773038 0.634359 -1.97616e-18
    outer loop
      vertex 33.4579 28.5757 4
      vertex 34.5539 27.2401 18
      vertex 34.5539 27.2401 4
    endloop
  endfacet
  facet normal 0.747496 0.664267 -3.36566e-18
    outer loop
      vertex 33.4579 28.5757 18
      vertex 32.3102 29.8672 4
      vertex 32.3102 29.8672 18
    endloop
  endfacet
  facet normal 0.747496 0.664267 -3.36566e-18
    outer loop
      vertex 32.3102 29.8672 4
      vertex 33.4579 28.5757 18
      vertex 33.4579 28.5757 4
    endloop
  endfacet
  facet normal 0.720861 0.69308 -2.64664e-18
    outer loop
      vertex 32.3102 29.8672 18
      vertex 31.1127 31.1127 4
      vertex 31.1127 31.1127 18
    endloop
  endfacet
  facet normal 0.720861 0.69308 -2.64664e-18
    outer loop
      vertex 31.1127 31.1127 4
      vertex 32.3102 29.8672 18
      vertex 32.3102 29.8672 4
    endloop
  endfacet
  facet normal 0.69308 0.720861 -0
    outer loop
      vertex 31.1127 31.1127 4
      vertex 29.8672 32.3102 18
      vertex 31.1127 31.1127 18
    endloop
  endfacet
  facet normal 0.69308 0.720861 0
    outer loop
      vertex 29.8672 32.3102 18
      vertex 31.1127 31.1127 4
      vertex 29.8672 32.3102 4
    endloop
  endfacet
  facet normal 0.664267 0.747496 -0
    outer loop
      vertex 29.8672 32.3102 4
      vertex 28.5757 33.4579 18
      vertex 29.8672 32.3102 18
    endloop
  endfacet
  facet normal 0.664267 0.747496 0
    outer loop
      vertex 28.5757 33.4579 18
      vertex 29.8672 32.3102 4
      vertex 28.5757 33.4579 4
    endloop
  endfacet
  facet normal 0.634359 0.773038 -0
    outer loop
      vertex 28.5757 33.4579 4
      vertex 27.2401 34.5539 18
      vertex 28.5757 33.4579 18
    endloop
  endfacet
  facet normal 0.634359 0.773038 0
    outer loop
      vertex 27.2401 34.5539 18
      vertex 28.5757 33.4579 4
      vertex 27.2401 34.5539 4
    endloop
  endfacet
  facet normal 0.60355 0.797325 -0
    outer loop
      vertex 27.2401 34.5539 4
      vertex 25.8625 35.5967 18
      vertex 27.2401 34.5539 18
    endloop
  endfacet
  facet normal 0.60355 0.797325 0
    outer loop
      vertex 25.8625 35.5967 18
      vertex 27.2401 34.5539 4
      vertex 25.8625 35.5967 4
    endloop
  endfacet
  facet normal 0.571897 0.820326 -0
    outer loop
      vertex 25.8625 35.5967 4
      vertex 25.493 35.8543 18
      vertex 25.8625 35.5967 18
    endloop
  endfacet
  facet normal 0.571897 0.820326 0
    outer loop
      vertex 25.493 35.8543 18
      vertex 25.8625 35.5967 4
      vertex 25.493 35.8543 4
    endloop
  endfacet
  facet normal -0.555482 0.831528 0
    outer loop
      vertex 25.493 35.8543 4
      vertex 25.027 35.543 18
      vertex 25.493 35.8543 18
    endloop
  endfacet
  facet normal -0.555482 0.831528 0
    outer loop
      vertex 25.027 35.543 18
      vertex 25.493 35.8543 4
      vertex 25.027 35.543 4
    endloop
  endfacet
  facet normal -0.442314 0.89686 0
    outer loop
      vertex 25.027 35.543 4
      vertex 23.6192 34.8487 18
      vertex 25.027 35.543 18
    endloop
  endfacet
  facet normal -0.442314 0.89686 0
    outer loop
      vertex 23.6192 34.8487 18
      vertex 25.027 35.543 4
      vertex 23.6192 34.8487 4
    endloop
  endfacet
  facet normal -0.321402 0.946943 0
    outer loop
      vertex 23.6192 34.8487 4
      vertex 22.1328 34.3442 18
      vertex 23.6192 34.8487 18
    endloop
  endfacet
  facet normal -0.321402 0.946943 0
    outer loop
      vertex 22.1328 34.3442 18
      vertex 23.6192 34.8487 4
      vertex 22.1328 34.3442 4
    endloop
  endfacet
  facet normal -0.195136 0.980776 0
    outer loop
      vertex 22.1328 34.3442 4
      vertex 20.5933 34.0379 18
      vertex 22.1328 34.3442 18
    endloop
  endfacet
  facet normal -0.195136 0.980776 0
    outer loop
      vertex 20.5933 34.0379 18
      vertex 22.1328 34.3442 4
      vertex 20.5933 34.0379 4
    endloop
  endfacet
  facet normal -0.0653646 0.997861 0
    outer loop
      vertex 20.5933 34.0379 4
      vertex 19.027 33.9353 18
      vertex 20.5933 34.0379 18
    endloop
  endfacet
  facet normal -0.0653646 0.997861 0
    outer loop
      vertex 19.027 33.9353 18
      vertex 20.5933 34.0379 4
      vertex 19.027 33.9353 4
    endloop
  endfacet
  facet normal 0.0653646 0.997861 -0
    outer loop
      vertex 19.027 33.9353 4
      vertex 17.4607 34.0379 18
      vertex 19.027 33.9353 18
    endloop
  endfacet
  facet normal 0.0653646 0.997861 0
    outer loop
      vertex 17.4607 34.0379 18
      vertex 19.027 33.9353 4
      vertex 17.4607 34.0379 4
    endloop
  endfacet
  facet normal 0.195136 0.980776 -0
    outer loop
      vertex 17.4607 34.0379 4
      vertex 15.9212 34.3442 18
      vertex 17.4607 34.0379 18
    endloop
  endfacet
  facet normal 0.195136 0.980776 0
    outer loop
      vertex 15.9212 34.3442 18
      vertex 17.4607 34.0379 4
      vertex 15.9212 34.3442 4
    endloop
  endfacet
  facet normal 0.321402 0.946943 -0
    outer loop
      vertex 15.9212 34.3442 4
      vertex 14.4348 34.8487 18
      vertex 15.9212 34.3442 18
    endloop
  endfacet
  facet normal 0.321402 0.946943 0
    outer loop
      vertex 14.4348 34.8487 18
      vertex 15.9212 34.3442 4
      vertex 14.4348 34.8487 4
    endloop
  endfacet
  facet normal 0.442314 0.89686 -0
    outer loop
      vertex 14.4348 34.8487 4
      vertex 13.027 35.543 18
      vertex 14.4348 34.8487 18
    endloop
  endfacet
  facet normal 0.442314 0.89686 0
    outer loop
      vertex 13.027 35.543 18
      vertex 14.4348 34.8487 4
      vertex 13.027 35.543 4
    endloop
  endfacet
  facet normal 0.555553 0.831481 -0
    outer loop
      vertex 13.027 35.543 4
      vertex 11.7219 36.415 18
      vertex 13.027 35.543 18
    endloop
  endfacet
  facet normal 0.555553 0.831481 0
    outer loop
      vertex 11.7219 36.415 18
      vertex 13.027 35.543 4
      vertex 11.7219 36.415 4
    endloop
  endfacet
  facet normal 0.659343 0.751842 -0
    outer loop
      vertex 11.7219 36.415 4
      vertex 10.5417 37.45 18
      vertex 11.7219 36.415 18
    endloop
  endfacet
  facet normal 0.659343 0.751842 0
    outer loop
      vertex 10.5417 37.45 18
      vertex 11.7219 36.415 4
      vertex 10.5417 37.45 4
    endloop
  endfacet
  facet normal 0.751837 0.659349 1.5627e-18
    outer loop
      vertex 10.5417 37.45 18
      vertex 9.50677 38.6301 4
      vertex 9.50677 38.6301 18
    endloop
  endfacet
  facet normal 0.751837 0.659349 1.5627e-18
    outer loop
      vertex 9.50677 38.6301 4
      vertex 10.5417 37.45 18
      vertex 10.5417 37.45 4
    endloop
  endfacet
  facet normal 0.83148 0.555554 -3.73743e-18
    outer loop
      vertex 9.50677 38.6301 18
      vertex 8.6347 39.9353 4
      vertex 8.6347 39.9353 18
    endloop
  endfacet
  facet normal 0.83148 0.555554 -3.73743e-18
    outer loop
      vertex 8.6347 39.9353 4
      vertex 9.50677 38.6301 18
      vertex 9.50677 38.6301 4
    endloop
  endfacet
  facet normal 0.896875 0.442283 -1.98152e-18
    outer loop
      vertex 8.6347 39.9353 18
      vertex 7.94046 41.3431 4
      vertex 7.94046 41.3431 18
    endloop
  endfacet
  facet normal 0.896875 0.442283 -1.98152e-18
    outer loop
      vertex 7.94046 41.3431 4
      vertex 8.6347 39.9353 18
      vertex 8.6347 39.9353 4
    endloop
  endfacet
  facet normal 0.946931 0.321437 -7.9256e-19
    outer loop
      vertex 7.94046 41.3431 18
      vertex 7.4359 42.8295 4
      vertex 7.4359 42.8295 18
    endloop
  endfacet
  facet normal 0.946931 0.321437 -7.9256e-19
    outer loop
      vertex 7.4359 42.8295 4
      vertex 7.94046 41.3431 18
      vertex 7.94046 41.3431 4
    endloop
  endfacet
  facet normal 0.980783 0.195104 -1.60963e-19
    outer loop
      vertex 7.4359 42.8295 18
      vertex 7.32657 43.3791 4
      vertex 7.32657 43.3791 18
    endloop
  endfacet
  facet normal 0.980783 0.195104 -1.60963e-19
    outer loop
      vertex 7.32657 43.3791 4
      vertex 7.4359 42.8295 18
      vertex 7.4359 42.8295 4
    endloop
  endfacet
  facet normal 0.17581 0.984424 -0
    outer loop
      vertex 7.32657 43.3791 4
      vertex 6.8831 43.4583 18
      vertex 7.32657 43.3791 18
    endloop
  endfacet
  facet normal 0.17581 0.984424 0
    outer loop
      vertex 6.8831 43.4583 18
      vertex 7.32657 43.3791 4
      vertex 6.8831 43.4583 4
    endloop
  endfacet
  facet normal 0.136998 0.990571 -0
    outer loop
      vertex 6.8831 43.4583 4
      vertex 5.17163 43.695 18
      vertex 6.8831 43.4583 18
    endloop
  endfacet
  facet normal 0.136998 0.990571 0
    outer loop
      vertex 5.17163 43.695 18
      vertex 6.8831 43.4583 4
      vertex 5.17163 43.695 4
    endloop
  endfacet
  facet normal 0.0979884 0.995188 -0
    outer loop
      vertex 5.17163 43.695 4
      vertex 3.45219 43.8643 18
      vertex 5.17163 43.695 18
    endloop
  endfacet
  facet normal 0.0979884 0.995188 0
    outer loop
      vertex 3.45219 43.8643 18
      vertex 5.17163 43.695 4
      vertex 3.45219 43.8643 4
    endloop
  endfacet
  facet normal 0.0589198 0.998263 -0
    outer loop
      vertex 3.45219 43.8643 4
      vertex 1.72742 43.9661 18
      vertex 3.45219 43.8643 18
    endloop
  endfacet
  facet normal 0.0589198 0.998263 0
    outer loop
      vertex 1.72742 43.9661 18
      vertex 3.45219 43.8643 4
      vertex 1.72742 43.9661 4
    endloop
  endfacet
  facet normal 0.0196209 0.999807 -0
    outer loop
      vertex 1.72742 43.9661 4
      vertex 0 44 18
      vertex 1.72742 43.9661 18
    endloop
  endfacet
  facet normal 0.0196209 0.999807 0
    outer loop
      vertex 0 44 18
      vertex 1.72742 43.9661 4
      vertex 0 44 4
    endloop
  endfacet
  facet normal -0.0196209 0.999807 0
    outer loop
      vertex 0 44 4
      vertex -1.72742 43.9661 18
      vertex 0 44 18
    endloop
  endfacet
  facet normal -0.0196209 0.999807 0
    outer loop
      vertex -1.72742 43.9661 18
      vertex 0 44 4
      vertex -1.72742 43.9661 4
    endloop
  endfacet
  facet normal -0.0589198 0.998263 0
    outer loop
      vertex -1.72742 43.9661 4
      vertex -3.45219 43.8643 18
      vertex -1.72742 43.9661 18
    endloop
  endfacet
  facet normal -0.0589198 0.998263 0
    outer loop
      vertex -3.45219 43.8643 18
      vertex -1.72742 43.9661 4
      vertex -3.45219 43.8643 4
    endloop
  endfacet
  facet normal -0.0979884 0.995188 0
    outer loop
      vertex -3.45219 43.8643 4
      vertex -5.17163 43.695 18
      vertex -3.45219 43.8643 18
    endloop
  endfacet
  facet normal -0.0979884 0.995188 0
    outer loop
      vertex -5.17163 43.695 18
      vertex -3.45219 43.8643 4
      vertex -5.17163 43.695 4
    endloop
  endfacet
  facet normal -0.136998 0.990571 0
    outer loop
      vertex -5.17163 43.695 4
      vertex -6.8831 43.4583 18
      vertex -5.17163 43.695 18
    endloop
  endfacet
  facet normal -0.136998 0.990571 0
    outer loop
      vertex -6.8831 43.4583 18
      vertex -5.17163 43.695 4
      vertex -6.8831 43.4583 4
    endloop
  endfacet
  facet normal -0.17581 0.984424 0
    outer loop
      vertex -6.8831 43.4583 4
      vertex -7.32657 43.3791 18
      vertex -6.8831 43.4583 18
    endloop
  endfacet
  facet normal -0.17581 0.984424 0
    outer loop
      vertex -7.32657 43.3791 18
      vertex -6.8831 43.4583 4
      vertex -7.32657 43.3791 4
    endloop
  endfacet
  facet normal -0.980783 0.195104 1.60963e-19
    outer loop
      vertex -7.4359 42.8295 4
      vertex -7.32657 43.3791 18
      vertex -7.32657 43.3791 4
    endloop
  endfacet
  facet normal -0.980783 0.195104 1.60963e-19
    outer loop
      vertex -7.32657 43.3791 18
      vertex -7.4359 42.8295 4
      vertex -7.4359 42.8295 18
    endloop
  endfacet
  facet normal -0.946931 0.321437 7.9256e-19
    outer loop
      vertex -7.94046 41.3431 4
      vertex -7.4359 42.8295 18
      vertex -7.4359 42.8295 4
    endloop
  endfacet
  facet normal -0.946931 0.321437 7.9256e-19
    outer loop
      vertex -7.4359 42.8295 18
      vertex -7.94046 41.3431 4
      vertex -7.94046 41.3431 18
    endloop
  endfacet
  facet normal -0.896875 0.442283 1.98152e-18
    outer loop
      vertex -8.6347 39.9353 4
      vertex -7.94046 41.3431 18
      vertex -7.94046 41.3431 4
    endloop
  endfacet
  facet normal -0.896875 0.442283 1.98152e-18
    outer loop
      vertex -7.94046 41.3431 18
      vertex -8.6347 39.9353 4
      vertex -8.6347 39.9353 18
    endloop
  endfacet
  facet normal -0.83148 0.555554 3.73743e-18
    outer loop
      vertex -9.50677 38.6301 4
      vertex -8.6347 39.9353 18
      vertex -8.6347 39.9353 4
    endloop
  endfacet
  facet normal -0.83148 0.555554 3.73743e-18
    outer loop
      vertex -8.6347 39.9353 18
      vertex -9.50677 38.6301 4
      vertex -9.50677 38.6301 18
    endloop
  endfacet
  facet normal -0.751837 0.659349 -1.5627e-18
    outer loop
      vertex -10.5417 37.45 4
      vertex -9.50677 38.6301 18
      vertex -9.50677 38.6301 4
    endloop
  endfacet
  facet normal -0.751837 0.659349 -1.5627e-18
    outer loop
      vertex -9.50677 38.6301 18
      vertex -10.5417 37.45 4
      vertex -10.5417 37.45 18
    endloop
  endfacet
  facet normal -0.659343 0.751842 0
    outer loop
      vertex -10.5417 37.45 4
      vertex -11.7219 36.415 18
      vertex -10.5417 37.45 18
    endloop
  endfacet
  facet normal -0.659343 0.751842 0
    outer loop
      vertex -11.7219 36.415 18
      vertex -10.5417 37.45 4
      vertex -11.7219 36.415 4
    endloop
  endfacet
  facet normal -0.555553 0.831481 0
    outer loop
      vertex -11.7219 36.415 4
      vertex -13.027 35.543 18
      vertex -11.7219 36.415 18
    endloop
  endfacet
  facet normal -0.555553 0.831481 0
    outer loop
      vertex -13.027 35.543 18
      vertex -11.7219 36.415 4
      vertex -13.027 35.543 4
    endloop
  endfacet
  facet normal -0.442314 0.89686 0
    outer loop
      vertex -13.027 35.543 4
      vertex -14.4348 34.8487 18
      vertex -13.027 35.543 18
    endloop
  endfacet
  facet normal -0.442314 0.89686 0
    outer loop
      vertex -14.4348 34.8487 18
      vertex -13.027 35.543 4
      vertex -14.4348 34.8487 4
    endloop
  endfacet
  facet normal -0.321402 0.946943 0
    outer loop
      vertex -14.4348 34.8487 4
      vertex -15.9212 34.3442 18
      vertex -14.4348 34.8487 18
    endloop
  endfacet
  facet normal -0.321402 0.946943 0
    outer loop
      vertex -15.9212 34.3442 18
      vertex -14.4348 34.8487 4
      vertex -15.9212 34.3442 4
    endloop
  endfacet
  facet normal -0.195136 0.980776 0
    outer loop
      vertex -15.9212 34.3442 4
      vertex -17.4607 34.0379 18
      vertex -15.9212 34.3442 18
    endloop
  endfacet
  facet normal -0.195136 0.980776 0
    outer loop
      vertex -17.4607 34.0379 18
      vertex -15.9212 34.3442 4
      vertex -17.4607 34.0379 4
    endloop
  endfacet
  facet normal -0.0653646 0.997861 0
    outer loop
      vertex -17.4607 34.0379 4
      vertex -19.027 33.9353 18
      vertex -17.4607 34.0379 18
    endloop
  endfacet
  facet normal -0.0653646 0.997861 0
    outer loop
      vertex -19.027 33.9353 18
      vertex -17.4607 34.0379 4
      vertex -19.027 33.9353 4
    endloop
  endfacet
  facet normal 0.0653646 0.997861 -0
    outer loop
      vertex -19.027 33.9353 4
      vertex -20.5933 34.0379 18
      vertex -19.027 33.9353 18
    endloop
  endfacet
  facet normal 0.0653646 0.997861 0
    outer loop
      vertex -20.5933 34.0379 18
      vertex -19.027 33.9353 4
      vertex -20.5933 34.0379 4
    endloop
  endfacet
  facet normal 0.195136 0.980776 -0
    outer loop
      vertex -20.5933 34.0379 4
      vertex -22.1328 34.3442 18
      vertex -20.5933 34.0379 18
    endloop
  endfacet
  facet normal 0.195136 0.980776 0
    outer loop
      vertex -22.1328 34.3442 18
      vertex -20.5933 34.0379 4
      vertex -22.1328 34.3442 4
    endloop
  endfacet
  facet normal 0.321402 0.946943 -0
    outer loop
      vertex -22.1328 34.3442 4
      vertex -23.6192 34.8487 18
      vertex -22.1328 34.3442 18
    endloop
  endfacet
  facet normal 0.321402 0.946943 0
    outer loop
      vertex -23.6192 34.8487 18
      vertex -22.1328 34.3442 4
      vertex -23.6192 34.8487 4
    endloop
  endfacet
  facet normal 0.442314 0.89686 -0
    outer loop
      vertex -23.6192 34.8487 4
      vertex -25.027 35.543 18
      vertex -23.6192 34.8487 18
    endloop
  endfacet
  facet normal 0.442314 0.89686 0
    outer loop
      vertex -25.027 35.543 18
      vertex -23.6192 34.8487 4
      vertex -25.027 35.543 4
    endloop
  endfacet
  facet normal 0.555482 0.831528 -0
    outer loop
      vertex -25.027 35.543 4
      vertex -25.493 35.8543 18
      vertex -25.027 35.543 18
    endloop
  endfacet
  facet normal 0.555482 0.831528 0
    outer loop
      vertex -25.493 35.8543 18
      vertex -25.027 35.543 4
      vertex -25.493 35.8543 4
    endloop
  endfacet
  facet normal -0.571897 0.820326 0
    outer loop
      vertex -25.493 35.8543 4
      vertex -25.8625 35.5967 18
      vertex -25.493 35.8543 18
    endloop
  endfacet
  facet normal -0.571897 0.820326 0
    outer loop
      vertex -25.8625 35.5967 18
      vertex -25.493 35.8543 4
      vertex -25.8625 35.5967 4
    endloop
  endfacet
  facet normal -0.60355 0.797325 0
    outer loop
      vertex -25.8625 35.5967 4
      vertex -27.2401 34.5539 18
      vertex -25.8625 35.5967 18
    endloop
  endfacet
  facet normal -0.60355 0.797325 0
    outer loop
      vertex -27.2401 34.5539 18
      vertex -25.8625 35.5967 4
      vertex -27.2401 34.5539 4
    endloop
  endfacet
  facet normal -0.634359 0.773038 0
    outer loop
      vertex -27.2401 34.5539 4
      vertex -28.5757 33.4579 18
      vertex -27.2401 34.5539 18
    endloop
  endfacet
  facet normal -0.634359 0.773038 0
    outer loop
      vertex -28.5757 33.4579 18
      vertex -27.2401 34.5539 4
      vertex -28.5757 33.4579 4
    endloop
  endfacet
  facet normal -0.664267 0.747496 0
    outer loop
      vertex -28.5757 33.4579 4
      vertex -29.8672 32.3102 18
      vertex -28.5757 33.4579 18
    endloop
  endfacet
  facet normal -0.664267 0.747496 0
    outer loop
      vertex -29.8672 32.3102 18
      vertex -28.5757 33.4579 4
      vertex -29.8672 32.3102 4
    endloop
  endfacet
  facet normal -0.69308 0.720861 0
    outer loop
      vertex -29.8672 32.3102 4
      vertex -31.1127 31.1127 18
      vertex -29.8672 32.3102 18
    endloop
  endfacet
  facet normal -0.69308 0.720861 0
    outer loop
      vertex -31.1127 31.1127 18
      vertex -29.8672 32.3102 4
      vertex -31.1127 31.1127 4
    endloop
  endfacet
  facet normal -0.720861 0.69308 2.64664e-18
    outer loop
      vertex -32.3102 29.8672 4
      vertex -31.1127 31.1127 18
      vertex -31.1127 31.1127 4
    endloop
  endfacet
  facet normal -0.720861 0.69308 2.64664e-18
    outer loop
      vertex -31.1127 31.1127 18
      vertex -32.3102 29.8672 4
      vertex -32.3102 29.8672 18
    endloop
  endfacet
  facet normal -0.747496 0.664267 3.36566e-18
    outer loop
      vertex -33.4579 28.5757 4
      vertex -32.3102 29.8672 18
      vertex -32.3102 29.8672 4
    endloop
  endfacet
  facet normal -0.747496 0.664267 3.36566e-18
    outer loop
      vertex -32.3102 29.8672 18
      vertex -33.4579 28.5757 4
      vertex -33.4579 28.5757 18
    endloop
  endfacet
  facet normal -0.773038 0.634359 1.97616e-18
    outer loop
      vertex -34.5539 27.2401 4
      vertex -33.4579 28.5757 18
      vertex -33.4579 28.5757 4
    endloop
  endfacet
  facet normal -0.773038 0.634359 1.97616e-18
    outer loop
      vertex -33.4579 28.5757 18
      vertex -34.5539 27.2401 4
      vertex -34.5539 27.2401 18
    endloop
  endfacet
  facet normal -0.797325 0.60355 -1.17452e-19
    outer loop
      vertex -35.5967 25.8625 4
      vertex -34.5539 27.2401 18
      vertex -34.5539 27.2401 4
    endloop
  endfacet
  facet normal -0.797325 0.60355 -1.17452e-19
    outer loop
      vertex -34.5539 27.2401 18
      vertex -35.5967 25.8625 4
      vertex -35.5967 25.8625 18
    endloop
  endfacet
  facet normal -0.820326 0.571897 8.07497e-19
    outer loop
      vertex -35.8543 25.493 4
      vertex -35.5967 25.8625 18
      vertex -35.5967 25.8625 4
    endloop
  endfacet
  facet normal -0.820326 0.571897 8.07497e-19
    outer loop
      vertex -35.5967 25.8625 18
      vertex -35.8543 25.493 4
      vertex -35.8543 25.493 18
    endloop
  endfacet
  facet normal -0.831528 -0.555482 -1.45364e-18
    outer loop
      vertex -35.543 25.027 4
      vertex -35.8543 25.493 18
      vertex -35.8543 25.493 4
    endloop
  endfacet
  facet normal -0.831528 -0.555482 -1.45364e-18
    outer loop
      vertex -35.8543 25.493 18
      vertex -35.543 25.027 4
      vertex -35.543 25.027 18
    endloop
  endfacet
  facet normal -0.89686 -0.442314 -2.64445e-19
    outer loop
      vertex -34.8487 23.6192 4
      vertex -35.543 25.027 18
      vertex -35.543 25.027 4
    endloop
  endfacet
  facet normal -0.89686 -0.442314 -2.64445e-19
    outer loop
      vertex -35.543 25.027 18
      vertex -34.8487 23.6192 4
      vertex -34.8487 23.6192 18
    endloop
  endfacet
  facet normal -0.946943 -0.321402 9.13869e-19
    outer loop
      vertex -34.3442 22.1328 4
      vertex -34.8487 23.6192 18
      vertex -34.8487 23.6192 4
    endloop
  endfacet
  facet normal -0.946943 -0.321402 9.13869e-19
    outer loop
      vertex -34.8487 23.6192 18
      vertex -34.3442 22.1328 4
      vertex -34.3442 22.1328 18
    endloop
  endfacet
  facet normal -0.980776 -0.195136 7.37203e-21
    outer loop
      vertex -34.0379 20.5933 4
      vertex -34.3442 22.1328 18
      vertex -34.3442 22.1328 4
    endloop
  endfacet
  facet normal -0.980776 -0.195136 7.37203e-21
    outer loop
      vertex -34.3442 22.1328 18
      vertex -34.0379 20.5933 4
      vertex -34.0379 20.5933 18
    endloop
  endfacet
  facet normal -0.997861 -0.0653646 5.83833e-19
    outer loop
      vertex -33.9353 19.027 4
      vertex -34.0379 20.5933 18
      vertex -34.0379 20.5933 4
    endloop
  endfacet
  facet normal -0.997861 -0.0653646 5.83833e-19
    outer loop
      vertex -34.0379 20.5933 18
      vertex -33.9353 19.027 4
      vertex -33.9353 19.027 18
    endloop
  endfacet
  facet normal -0.997861 0.0653646 -4.16101e-19
    outer loop
      vertex -34.0379 17.4607 4
      vertex -33.9353 19.027 18
      vertex -33.9353 19.027 4
    endloop
  endfacet
  facet normal -0.997861 0.0653646 -4.16101e-19
    outer loop
      vertex -33.9353 19.027 18
      vertex -34.0379 17.4607 4
      vertex -34.0379 17.4607 18
    endloop
  endfacet
  facet normal -0.980776 0.195136 4.93797e-19
    outer loop
      vertex -34.3442 15.9212 4
      vertex -34.0379 17.4607 18
      vertex -34.0379 17.4607 4
    endloop
  endfacet
  facet normal -0.980776 0.195136 4.93797e-19
    outer loop
      vertex -34.0379 17.4607 18
      vertex -34.3442 15.9212 4
      vertex -34.3442 15.9212 18
    endloop
  endfacet
  facet normal -0.946943 0.321402 -5.50119e-19
    outer loop
      vertex -34.8487 14.4348 4
      vertex -34.3442 15.9212 18
      vertex -34.3442 15.9212 4
    endloop
  endfacet
  facet normal -0.946943 0.321402 -5.50119e-19
    outer loop
      vertex -34.3442 15.9212 18
      vertex -34.8487 14.4348 4
      vertex -34.8487 14.4348 18
    endloop
  endfacet
  facet normal -0.89686 0.442314 -2.85216e-19
    outer loop
      vertex -35.543 13.027 4
      vertex -34.8487 14.4348 18
      vertex -34.8487 14.4348 4
    endloop
  endfacet
  facet normal -0.89686 0.442314 -2.85216e-19
    outer loop
      vertex -34.8487 14.4348 18
      vertex -35.543 13.027 4
      vertex -35.543 13.027 18
    endloop
  endfacet
  facet normal -0.831481 0.555553 -3.68022e-18
    outer loop
      vertex -36.415 11.7219 4
      vertex -35.543 13.027 18
      vertex -35.543 13.027 4
    endloop
  endfacet
  facet normal -0.831481 0.555553 -3.68022e-18
    outer loop
      vertex -35.543 13.027 18
      vertex -36.415 11.7219 4
      vertex -36.415 11.7219 18
    endloop
  endfacet
  facet normal -0.751842 0.659343 -4.05638e-18
    outer loop
      vertex -37.45 10.5417 4
      vertex -36.415 11.7219 18
      vertex -36.415 11.7219 4
    endloop
  endfacet
  facet normal -0.751842 0.659343 -4.05638e-18
    outer loop
      vertex -36.415 11.7219 18
      vertex -37.45 10.5417 4
      vertex -37.45 10.5417 18
    endloop
  endfacet
  facet normal -0.659349 0.751837 0
    outer loop
      vertex -37.45 10.5417 4
      vertex -38.6301 9.50677 18
      vertex -37.45 10.5417 18
    endloop
  endfacet
  facet normal -0.659349 0.751837 0
    outer loop
      vertex -38.6301 9.50677 18
      vertex -37.45 10.5417 4
      vertex -38.6301 9.50677 4
    endloop
  endfacet
  facet normal -0.555554 0.83148 0
    outer loop
      vertex -38.6301 9.50677 4
      vertex -39.9353 8.6347 18
      vertex -38.6301 9.50677 18
    endloop
  endfacet
  facet normal -0.555554 0.83148 0
    outer loop
      vertex -39.9353 8.6347 18
      vertex -38.6301 9.50677 4
      vertex -39.9353 8.6347 4
    endloop
  endfacet
  facet normal -0.442283 0.896875 0
    outer loop
      vertex -39.9353 8.6347 4
      vertex -41.3431 7.94046 18
      vertex -39.9353 8.6347 18
    endloop
  endfacet
  facet normal -0.442283 0.896875 0
    outer loop
      vertex -41.3431 7.94046 18
      vertex -39.9353 8.6347 4
      vertex -41.3431 7.94046 4
    endloop
  endfacet
  facet normal -0.321437 0.946931 0
    outer loop
      vertex -41.3431 7.94046 4
      vertex -42.8295 7.4359 18
      vertex -41.3431 7.94046 18
    endloop
  endfacet
  facet normal -0.321437 0.946931 0
    outer loop
      vertex -42.8295 7.4359 18
      vertex -41.3431 7.94046 4
      vertex -42.8295 7.4359 4
    endloop
  endfacet
  facet normal -0.195104 0.980783 0
    outer loop
      vertex -42.8295 7.4359 4
      vertex -43.3791 7.32657 18
      vertex -42.8295 7.4359 18
    endloop
  endfacet
  facet normal -0.195104 0.980783 0
    outer loop
      vertex -43.3791 7.32657 18
      vertex -42.8295 7.4359 4
      vertex -43.3791 7.32657 4
    endloop
  endfacet
  facet normal -0.984424 0.17581 3.79989e-20
    outer loop
      vertex -43.4583 6.8831 4
      vertex -43.3791 7.32657 18
      vertex -43.3791 7.32657 4
    endloop
  endfacet
  facet normal -0.984424 0.17581 3.79989e-20
    outer loop
      vertex -43.3791 7.32657 18
      vertex -43.4583 6.8831 4
      vertex -43.4583 6.8831 18
    endloop
  endfacet
  facet normal -0.990571 0.136998 8.26681e-19
    outer loop
      vertex -43.695 5.17163 4
      vertex -43.4583 6.8831 18
      vertex -43.4583 6.8831 4
    endloop
  endfacet
  facet normal -0.990571 0.136998 8.26681e-19
    outer loop
      vertex -43.4583 6.8831 18
      vertex -43.695 5.17163 4
      vertex -43.695 5.17163 18
    endloop
  endfacet
  facet normal -0.995188 0.0979884 -5.71633e-19
    outer loop
      vertex -43.8643 3.45219 4
      vertex -43.695 5.17163 18
      vertex -43.695 5.17163 4
    endloop
  endfacet
  facet normal -0.995188 0.0979884 -5.71633e-19
    outer loop
      vertex -43.695 5.17163 18
      vertex -43.8643 3.45219 4
      vertex -43.8643 3.45219 18
    endloop
  endfacet
  facet normal -0.998263 0.0589198 -1.30412e-19
    outer loop
      vertex -43.9661 1.72742 4
      vertex -43.8643 3.45219 18
      vertex -43.8643 3.45219 4
    endloop
  endfacet
  facet normal -0.998263 0.0589198 -1.30412e-19
    outer loop
      vertex -43.8643 3.45219 18
      vertex -43.9661 1.72742 4
      vertex -43.9661 1.72742 18
    endloop
  endfacet
  facet normal -0.999807 0.0196209 5.46117e-20
    outer loop
      vertex -44 0 4
      vertex -43.9661 1.72742 18
      vertex -43.9661 1.72742 4
    endloop
  endfacet
  facet normal -0.999807 0.0196209 5.46117e-20
    outer loop
      vertex -43.9661 1.72742 18
      vertex -44 0 4
      vertex -44 0 18
    endloop
  endfacet
  facet normal -0.999807 -0.0196209 -5.46117e-20
    outer loop
      vertex -43.9661 -1.72742 4
      vertex -44 0 18
      vertex -44 0 4
    endloop
  endfacet
  facet normal -0.999807 -0.0196209 -5.46117e-20
    outer loop
      vertex -44 0 18
      vertex -43.9661 -1.72742 4
      vertex -43.9661 -1.72742 18
    endloop
  endfacet
  facet normal -0.998263 -0.0589198 1.30412e-19
    outer loop
      vertex -43.8643 -3.45219 4
      vertex -43.9661 -1.72742 18
      vertex -43.9661 -1.72742 4
    endloop
  endfacet
  facet normal -0.998263 -0.0589198 1.30412e-19
    outer loop
      vertex -43.9661 -1.72742 18
      vertex -43.8643 -3.45219 4
      vertex -43.8643 -3.45219 18
    endloop
  endfacet
  facet normal -0.995188 -0.0979884 5.71633e-19
    outer loop
      vertex -43.695 -5.17163 4
      vertex -43.8643 -3.45219 18
      vertex -43.8643 -3.45219 4
    endloop
  endfacet
  facet normal -0.995188 -0.0979884 5.71633e-19
    outer loop
      vertex -43.8643 -3.45219 18
      vertex -43.695 -5.17163 4
      vertex -43.695 -5.17163 18
    endloop
  endfacet
  facet normal -0.990571 -0.136998 -8.26681e-19
    outer loop
      vertex -43.4583 -6.8831 4
      vertex -43.695 -5.17163 18
      vertex -43.695 -5.17163 4
    endloop
  endfacet
  facet normal -0.990571 -0.136998 -8.26681e-19
    outer loop
      vertex -43.695 -5.17163 18
      vertex -43.4583 -6.8831 4
      vertex -43.4583 -6.8831 18
    endloop
  endfacet
  facet normal -0.984424 -0.17581 -3.79989e-20
    outer loop
      vertex -43.3791 -7.32657 4
      vertex -43.4583 -6.8831 18
      vertex -43.4583 -6.8831 4
    endloop
  endfacet
  facet normal -0.984424 -0.17581 -3.79989e-20
    outer loop
      vertex -43.4583 -6.8831 18
      vertex -43.3791 -7.32657 4
      vertex -43.3791 -7.32657 18
    endloop
  endfacet
  facet normal -0.195104 -0.980783 0
    outer loop
      vertex -43.3791 -7.32657 4
      vertex -42.8295 -7.4359 18
      vertex -43.3791 -7.32657 18
    endloop
  endfacet
  facet normal -0.195104 -0.980783 -0
    outer loop
      vertex -42.8295 -7.4359 18
      vertex -43.3791 -7.32657 4
      vertex -42.8295 -7.4359 4
    endloop
  endfacet
  facet normal -0.321437 -0.946931 0
    outer loop
      vertex -42.8295 -7.4359 4
      vertex -41.3431 -7.94046 18
      vertex -42.8295 -7.4359 18
    endloop
  endfacet
  facet normal -0.321437 -0.946931 -0
    outer loop
      vertex -41.3431 -7.94046 18
      vertex -42.8295 -7.4359 4
      vertex -41.3431 -7.94046 4
    endloop
  endfacet
  facet normal -0.442283 -0.896875 0
    outer loop
      vertex -41.3431 -7.94046 4
      vertex -39.9353 -8.6347 18
      vertex -41.3431 -7.94046 18
    endloop
  endfacet
  facet normal -0.442283 -0.896875 -0
    outer loop
      vertex -39.9353 -8.6347 18
      vertex -41.3431 -7.94046 4
      vertex -39.9353 -8.6347 4
    endloop
  endfacet
  facet normal -0.555554 -0.83148 0
    outer loop
      vertex -39.9353 -8.6347 4
      vertex -38.6301 -9.50677 18
      vertex -39.9353 -8.6347 18
    endloop
  endfacet
  facet normal -0.555554 -0.83148 -0
    outer loop
      vertex -38.6301 -9.50677 18
      vertex -39.9353 -8.6347 4
      vertex -38.6301 -9.50677 4
    endloop
  endfacet
  facet normal -0.659349 -0.751837 0
    outer loop
      vertex -38.6301 -9.50677 4
      vertex -37.45 -10.5417 18
      vertex -38.6301 -9.50677 18
    endloop
  endfacet
  facet normal -0.659349 -0.751837 -0
    outer loop
      vertex -37.45 -10.5417 18
      vertex -38.6301 -9.50677 4
      vertex -37.45 -10.5417 4
    endloop
  endfacet
  facet normal -0.751842 -0.659343 4.05638e-18
    outer loop
      vertex -36.415 -11.7219 4
      vertex -37.45 -10.5417 18
      vertex -37.45 -10.5417 4
    endloop
  endfacet
  facet normal -0.751842 -0.659343 4.05638e-18
    outer loop
      vertex -37.45 -10.5417 18
      vertex -36.415 -11.7219 4
      vertex -36.415 -11.7219 18
    endloop
  endfacet
  facet normal -0.831481 -0.555553 3.68022e-18
    outer loop
      vertex -35.543 -13.027 4
      vertex -36.415 -11.7219 18
      vertex -36.415 -11.7219 4
    endloop
  endfacet
  facet normal -0.831481 -0.555553 3.68022e-18
    outer loop
      vertex -36.415 -11.7219 18
      vertex -35.543 -13.027 4
      vertex -35.543 -13.027 18
    endloop
  endfacet
  facet normal -0.89686 -0.442314 2.85216e-19
    outer loop
      vertex -34.8487 -14.4348 4
      vertex -35.543 -13.027 18
      vertex -35.543 -13.027 4
    endloop
  endfacet
  facet normal -0.89686 -0.442314 2.85216e-19
    outer loop
      vertex -35.543 -13.027 18
      vertex -34.8487 -14.4348 4
      vertex -34.8487 -14.4348 18
    endloop
  endfacet
  facet normal -0.946943 -0.321402 5.50119e-19
    outer loop
      vertex -34.3442 -15.9212 4
      vertex -34.8487 -14.4348 18
      vertex -34.8487 -14.4348 4
    endloop
  endfacet
  facet normal -0.946943 -0.321402 5.50119e-19
    outer loop
      vertex -34.8487 -14.4348 18
      vertex -34.3442 -15.9212 4
      vertex -34.3442 -15.9212 18
    endloop
  endfacet
  facet normal -0.980776 -0.195136 -4.93797e-19
    outer loop
      vertex -34.0379 -17.4607 4
      vertex -34.3442 -15.9212 18
      vertex -34.3442 -15.9212 4
    endloop
  endfacet
  facet normal -0.980776 -0.195136 -4.93797e-19
    outer loop
      vertex -34.3442 -15.9212 18
      vertex -34.0379 -17.4607 4
      vertex -34.0379 -17.4607 18
    endloop
  endfacet
  facet normal -0.997861 -0.0653646 4.16101e-19
    outer loop
      vertex -33.9353 -19.027 4
      vertex -34.0379 -17.4607 18
      vertex -34.0379 -17.4607 4
    endloop
  endfacet
  facet normal -0.997861 -0.0653646 4.16101e-19
    outer loop
      vertex -34.0379 -17.4607 18
      vertex -33.9353 -19.027 4
      vertex -33.9353 -19.027 18
    endloop
  endfacet
  facet normal -0.997861 0.0653646 -5.83833e-19
    outer loop
      vertex -34.0379 -20.5933 4
      vertex -33.9353 -19.027 18
      vertex -33.9353 -19.027 4
    endloop
  endfacet
  facet normal -0.997861 0.0653646 -5.83833e-19
    outer loop
      vertex -33.9353 -19.027 18
      vertex -34.0379 -20.5933 4
      vertex -34.0379 -20.5933 18
    endloop
  endfacet
  facet normal -0.980776 0.195136 -7.37203e-21
    outer loop
      vertex -34.3442 -22.1328 4
      vertex -34.0379 -20.5933 18
      vertex -34.0379 -20.5933 4
    endloop
  endfacet
  facet normal -0.980776 0.195136 -7.37203e-21
    outer loop
      vertex -34.0379 -20.5933 18
      vertex -34.3442 -22.1328 4
      vertex -34.3442 -22.1328 18
    endloop
  endfacet
  facet normal -0.946943 0.321402 -9.13869e-19
    outer loop
      vertex -34.8487 -23.6192 4
      vertex -34.3442 -22.1328 18
      vertex -34.3442 -22.1328 4
    endloop
  endfacet
  facet normal -0.946943 0.321402 -9.13869e-19
    outer loop
      vertex -34.3442 -22.1328 18
      vertex -34.8487 -23.6192 4
      vertex -34.8487 -23.6192 18
    endloop
  endfacet
  facet normal -0.89686 0.442314 2.64445e-19
    outer loop
      vertex -35.543 -25.027 4
      vertex -34.8487 -23.6192 18
      vertex -34.8487 -23.6192 4
    endloop
  endfacet
  facet normal -0.89686 0.442314 2.64445e-19
    outer loop
      vertex -34.8487 -23.6192 18
      vertex -35.543 -25.027 4
      vertex -35.543 -25.027 18
    endloop
  endfacet
  facet normal -0.831528 0.555482 1.45364e-18
    outer loop
      vertex -35.8543 -25.493 4
      vertex -35.543 -25.027 18
      vertex -35.543 -25.027 4
    endloop
  endfacet
  facet normal -0.831528 0.555482 1.45364e-18
    outer loop
      vertex -35.543 -25.027 18
      vertex -35.8543 -25.493 4
      vertex -35.8543 -25.493 18
    endloop
  endfacet
  facet normal -0.820326 -0.571897 -8.07497e-19
    outer loop
      vertex -35.5967 -25.8625 4
      vertex -35.8543 -25.493 18
      vertex -35.8543 -25.493 4
    endloop
  endfacet
  facet normal -0.820326 -0.571897 -8.07497e-19
    outer loop
      vertex -35.8543 -25.493 18
      vertex -35.5967 -25.8625 4
      vertex -35.5967 -25.8625 18
    endloop
  endfacet
  facet normal -0.797325 -0.60355 1.17452e-19
    outer loop
      vertex -34.5539 -27.2401 4
      vertex -35.5967 -25.8625 18
      vertex -35.5967 -25.8625 4
    endloop
  endfacet
  facet normal -0.797325 -0.60355 1.17452e-19
    outer loop
      vertex -35.5967 -25.8625 18
      vertex -34.5539 -27.2401 4
      vertex -34.5539 -27.2401 18
    endloop
  endfacet
  facet normal -0.773038 -0.634359 -1.97616e-18
    outer loop
      vertex -33.4579 -28.5757 4
      vertex -34.5539 -27.2401 18
      vertex -34.5539 -27.2401 4
    endloop
  endfacet
  facet normal -0.773038 -0.634359 -1.97616e-18
    outer loop
      vertex -34.5539 -27.2401 18
      vertex -33.4579 -28.5757 4
      vertex -33.4579 -28.5757 18
    endloop
  endfacet
  facet normal -0.747496 -0.664267 -3.36566e-18
    outer loop
      vertex -32.3102 -29.8672 4
      vertex -33.4579 -28.5757 18
      vertex -33.4579 -28.5757 4
    endloop
  endfacet
  facet normal -0.747496 -0.664267 -3.36566e-18
    outer loop
      vertex -33.4579 -28.5757 18
      vertex -32.3102 -29.8672 4
      vertex -32.3102 -29.8672 18
    endloop
  endfacet
  facet normal -0.720861 -0.69308 -2.64664e-18
    outer loop
      vertex -31.1127 -31.1127 4
      vertex -32.3102 -29.8672 18
      vertex -32.3102 -29.8672 4
    endloop
  endfacet
  facet normal -0.720861 -0.69308 -2.64664e-18
    outer loop
      vertex -32.3102 -29.8672 18
      vertex -31.1127 -31.1127 4
      vertex -31.1127 -31.1127 18
    endloop
  endfacet
  facet normal -0.69308 -0.720861 0
    outer loop
      vertex -31.1127 -31.1127 4
      vertex -29.8672 -32.3102 18
      vertex -31.1127 -31.1127 18
    endloop
  endfacet
  facet normal -0.69308 -0.720861 -0
    outer loop
      vertex -29.8672 -32.3102 18
      vertex -31.1127 -31.1127 4
      vertex -29.8672 -32.3102 4
    endloop
  endfacet
  facet normal -0.664267 -0.747496 0
    outer loop
      vertex -29.8672 -32.3102 4
      vertex -28.5757 -33.4579 18
      vertex -29.8672 -32.3102 18
    endloop
  endfacet
  facet normal -0.664267 -0.747496 -0
    outer loop
      vertex -28.5757 -33.4579 18
      vertex -29.8672 -32.3102 4
      vertex -28.5757 -33.4579 4
    endloop
  endfacet
  facet normal -0.634359 -0.773038 0
    outer loop
      vertex -28.5757 -33.4579 4
      vertex -27.2401 -34.5539 18
      vertex -28.5757 -33.4579 18
    endloop
  endfacet
  facet normal -0.634359 -0.773038 -0
    outer loop
      vertex -27.2401 -34.5539 18
      vertex -28.5757 -33.4579 4
      vertex -27.2401 -34.5539 4
    endloop
  endfacet
  facet normal -0.60355 -0.797325 0
    outer loop
      vertex -27.2401 -34.5539 4
      vertex -25.8625 -35.5967 18
      vertex -27.2401 -34.5539 18
    endloop
  endfacet
  facet normal -0.60355 -0.797325 -0
    outer loop
      vertex -25.8625 -35.5967 18
      vertex -27.2401 -34.5539 4
      vertex -25.8625 -35.5967 4
    endloop
  endfacet
  facet normal -0.571897 -0.820326 0
    outer loop
      vertex -25.8625 -35.5967 4
      vertex -25.493 -35.8543 18
      vertex -25.8625 -35.5967 18
    endloop
  endfacet
  facet normal -0.571897 -0.820326 -0
    outer loop
      vertex -25.493 -35.8543 18
      vertex -25.8625 -35.5967 4
      vertex -25.493 -35.8543 4
    endloop
  endfacet
  facet normal 0.555482 -0.831528 0
    outer loop
      vertex -25.493 -35.8543 4
      vertex -25.027 -35.543 18
      vertex -25.493 -35.8543 18
    endloop
  endfacet
  facet normal 0.555482 -0.831528 0
    outer loop
      vertex -25.027 -35.543 18
      vertex -25.493 -35.8543 4
      vertex -25.027 -35.543 4
    endloop
  endfacet
  facet normal 0.442314 -0.89686 0
    outer loop
      vertex -25.027 -35.543 4
      vertex -23.6192 -34.8487 18
      vertex -25.027 -35.543 18
    endloop
  endfacet
  facet normal 0.442314 -0.89686 0
    outer loop
      vertex -23.6192 -34.8487 18
      vertex -25.027 -35.543 4
      vertex -23.6192 -34.8487 4
    endloop
  endfacet
  facet normal 0.321402 -0.946943 0
    outer loop
      vertex -23.6192 -34.8487 4
      vertex -22.1328 -34.3442 18
      vertex -23.6192 -34.8487 18
    endloop
  endfacet
  facet normal 0.321402 -0.946943 0
    outer loop
      vertex -22.1328 -34.3442 18
      vertex -23.6192 -34.8487 4
      vertex -22.1328 -34.3442 4
    endloop
  endfacet
  facet normal 0.195136 -0.980776 0
    outer loop
      vertex -22.1328 -34.3442 4
      vertex -20.5933 -34.0379 18
      vertex -22.1328 -34.3442 18
    endloop
  endfacet
  facet normal 0.195136 -0.980776 0
    outer loop
      vertex -20.5933 -34.0379 18
      vertex -22.1328 -34.3442 4
      vertex -20.5933 -34.0379 4
    endloop
  endfacet
  facet normal 0.0653646 -0.997861 0
    outer loop
      vertex -20.5933 -34.0379 4
      vertex -19.027 -33.9353 18
      vertex -20.5933 -34.0379 18
    endloop
  endfacet
  facet normal 0.0653646 -0.997861 0
    outer loop
      vertex -19.027 -33.9353 18
      vertex -20.5933 -34.0379 4
      vertex -19.027 -33.9353 4
    endloop
  endfacet
  facet normal -0.0653646 -0.997861 0
    outer loop
      vertex -19.027 -33.9353 4
      vertex -17.4607 -34.0379 18
      vertex -19.027 -33.9353 18
    endloop
  endfacet
  facet normal -0.0653646 -0.997861 -0
    outer loop
      vertex -17.4607 -34.0379 18
      vertex -19.027 -33.9353 4
      vertex -17.4607 -34.0379 4
    endloop
  endfacet
  facet normal -0.195136 -0.980776 0
    outer loop
      vertex -17.4607 -34.0379 4
      vertex -15.9212 -34.3442 18
      vertex -17.4607 -34.0379 18
    endloop
  endfacet
  facet normal -0.195136 -0.980776 -0
    outer loop
      vertex -15.9212 -34.3442 18
      vertex -17.4607 -34.0379 4
      vertex -15.9212 -34.3442 4
    endloop
  endfacet
  facet normal -0.321402 -0.946943 0
    outer loop
      vertex -15.9212 -34.3442 4
      vertex -14.4348 -34.8487 18
      vertex -15.9212 -34.3442 18
    endloop
  endfacet
  facet normal -0.321402 -0.946943 -0
    outer loop
      vertex -14.4348 -34.8487 18
      vertex -15.9212 -34.3442 4
      vertex -14.4348 -34.8487 4
    endloop
  endfacet
  facet normal -0.442314 -0.89686 0
    outer loop
      vertex -14.4348 -34.8487 4
      vertex -13.027 -35.543 18
      vertex -14.4348 -34.8487 18
    endloop
  endfacet
  facet normal -0.442314 -0.89686 -0
    outer loop
      vertex -13.027 -35.543 18
      vertex -14.4348 -34.8487 4
      vertex -13.027 -35.543 4
    endloop
  endfacet
  facet normal -0.555553 -0.831481 0
    outer loop
      vertex -13.027 -35.543 4
      vertex -11.7219 -36.415 18
      vertex -13.027 -35.543 18
    endloop
  endfacet
  facet normal -0.555553 -0.831481 -0
    outer loop
      vertex -11.7219 -36.415 18
      vertex -13.027 -35.543 4
      vertex -11.7219 -36.415 4
    endloop
  endfacet
  facet normal -0.659343 -0.751842 0
    outer loop
      vertex -11.7219 -36.415 4
      vertex -10.5417 -37.45 18
      vertex -11.7219 -36.415 18
    endloop
  endfacet
  facet normal -0.659343 -0.751842 -0
    outer loop
      vertex -10.5417 -37.45 18
      vertex -11.7219 -36.415 4
      vertex -10.5417 -37.45 4
    endloop
  endfacet
  facet normal -0.751837 -0.659349 1.5627e-18
    outer loop
      vertex -9.50677 -38.6301 4
      vertex -10.5417 -37.45 18
      vertex -10.5417 -37.45 4
    endloop
  endfacet
  facet normal -0.751837 -0.659349 1.5627e-18
    outer loop
      vertex -10.5417 -37.45 18
      vertex -9.50677 -38.6301 4
      vertex -9.50677 -38.6301 18
    endloop
  endfacet
  facet normal -0.83148 -0.555554 -3.73743e-18
    outer loop
      vertex -8.6347 -39.9353 4
      vertex -9.50677 -38.6301 18
      vertex -9.50677 -38.6301 4
    endloop
  endfacet
  facet normal -0.83148 -0.555554 -3.73743e-18
    outer loop
      vertex -9.50677 -38.6301 18
      vertex -8.6347 -39.9353 4
      vertex -8.6347 -39.9353 18
    endloop
  endfacet
  facet normal -0.896875 -0.442283 -1.98152e-18
    outer loop
      vertex -7.94046 -41.3431 4
      vertex -8.6347 -39.9353 18
      vertex -8.6347 -39.9353 4
    endloop
  endfacet
  facet normal -0.896875 -0.442283 -1.98152e-18
    outer loop
      vertex -8.6347 -39.9353 18
      vertex -7.94046 -41.3431 4
      vertex -7.94046 -41.3431 18
    endloop
  endfacet
  facet normal -0.946931 -0.321437 -7.9256e-19
    outer loop
      vertex -7.4359 -42.8295 4
      vertex -7.94046 -41.3431 18
      vertex -7.94046 -41.3431 4
    endloop
  endfacet
  facet normal -0.946931 -0.321437 -7.9256e-19
    outer loop
      vertex -7.94046 -41.3431 18
      vertex -7.4359 -42.8295 4
      vertex -7.4359 -42.8295 18
    endloop
  endfacet
  facet normal -0.980783 -0.195104 -1.60963e-19
    outer loop
      vertex -7.32657 -43.3791 4
      vertex -7.4359 -42.8295 18
      vertex -7.4359 -42.8295 4
    endloop
  endfacet
  facet normal -0.980783 -0.195104 -1.60963e-19
    outer loop
      vertex -7.4359 -42.8295 18
      vertex -7.32657 -43.3791 4
      vertex -7.32657 -43.3791 18
    endloop
  endfacet
  facet normal -0.17581 -0.984424 0
    outer loop
      vertex -7.32657 -43.3791 4
      vertex -6.8831 -43.4583 18
      vertex -7.32657 -43.3791 18
    endloop
  endfacet
  facet normal -0.17581 -0.984424 -0
    outer loop
      vertex -6.8831 -43.4583 18
      vertex -7.32657 -43.3791 4
      vertex -6.8831 -43.4583 4
    endloop
  endfacet
  facet normal -0.136998 -0.990571 0
    outer loop
      vertex -6.8831 -43.4583 4
      vertex -5.17163 -43.695 18
      vertex -6.8831 -43.4583 18
    endloop
  endfacet
  facet normal -0.136998 -0.990571 -0
    outer loop
      vertex -5.17163 -43.695 18
      vertex -6.8831 -43.4583 4
      vertex -5.17163 -43.695 4
    endloop
  endfacet
  facet normal -0.0979884 -0.995188 0
    outer loop
      vertex -5.17163 -43.695 4
      vertex -3.45219 -43.8643 18
      vertex -5.17163 -43.695 18
    endloop
  endfacet
  facet normal -0.0979884 -0.995188 -0
    outer loop
      vertex -3.45219 -43.8643 18
      vertex -5.17163 -43.695 4
      vertex -3.45219 -43.8643 4
    endloop
  endfacet
  facet normal -0.0589198 -0.998263 0
    outer loop
      vertex -3.45219 -43.8643 4
      vertex -1.72742 -43.9661 18
      vertex -3.45219 -43.8643 18
    endloop
  endfacet
  facet normal -0.0589198 -0.998263 -0
    outer loop
      vertex -1.72742 -43.9661 18
      vertex -3.45219 -43.8643 4
      vertex -1.72742 -43.9661 4
    endloop
  endfacet
  facet normal -0.0196209 -0.999807 0
    outer loop
      vertex -1.72742 -43.9661 4
      vertex 0 -44 18
      vertex -1.72742 -43.9661 18
    endloop
  endfacet
  facet normal -0.0196209 -0.999807 -0
    outer loop
      vertex 0 -44 18
      vertex -1.72742 -43.9661 4
      vertex 0 -44 4
    endloop
  endfacet
  facet normal 0.0196209 -0.999807 0
    outer loop
      vertex 0 -44 4
      vertex 1.72742 -43.9661 18
      vertex 0 -44 18
    endloop
  endfacet
  facet normal 0.0196209 -0.999807 0
    outer loop
      vertex 1.72742 -43.9661 18
      vertex 0 -44 4
      vertex 1.72742 -43.9661 4
    endloop
  endfacet
  facet normal -0.0588767 0.998265 0
    outer loop
      vertex 3.26407 -41.4713 0
      vertex 1.63298 -41.5675 18
      vertex 3.26407 -41.4713 18
    endloop
  endfacet
  facet normal -0.0588767 0.998265 0
    outer loop
      vertex 1.63298 -41.5675 18
      vertex 3.26407 -41.4713 0
      vertex 1.63298 -41.5675 0
    endloop
  endfacet
  facet normal -0.0980227 0.995184 0
    outer loop
      vertex 4.8895 -41.3112 0
      vertex 3.26407 -41.4713 18
      vertex 4.8895 -41.3112 18
    endloop
  endfacet
  facet normal -0.0980227 0.995184 0
    outer loop
      vertex 3.26407 -41.4713 18
      vertex 4.8895 -41.3112 0
      vertex 3.26407 -41.4713 0
    endloop
  endfacet
  facet normal -0.136968 0.990575 0
    outer loop
      vertex 5.44276 -41.2347 0
      vertex 4.8895 -41.3112 18
      vertex 5.44276 -41.2347 18
    endloop
  endfacet
  facet normal -0.136968 0.990575 0
    outer loop
      vertex 4.8895 -41.3112 18
      vertex 5.44276 -41.2347 0
      vertex 4.8895 -41.3112 0
    endloop
  endfacet
  facet normal -0.946929 0.321443 -5.85226e-19
    outer loop
      vertex 5.44276 -41.2347 0
      vertex 5.7184 -40.4227 18
      vertex 5.7184 -40.4227 0
    endloop
  endfacet
  facet normal -0.946929 0.321443 -5.85226e-19
    outer loop
      vertex 5.7184 -40.4227 18
      vertex 5.44276 -41.2347 0
      vertex 5.44276 -41.2347 18
    endloop
  endfacet
  facet normal -0.896878 0.442278 -1.92413e-18
    outer loop
      vertex 5.7184 -40.4227 0
      vertex 6.55179 -38.7327 18
      vertex 6.55179 -38.7327 0
    endloop
  endfacet
  facet normal -0.896878 0.442278 -1.92413e-18
    outer loop
      vertex 6.55179 -38.7327 18
      vertex 5.7184 -40.4227 0
      vertex 5.7184 -40.4227 18
    endloop
  endfacet
  facet normal -0.831457 0.555588 0
    outer loop
      vertex 7.15779 -37.8258 0
      vertex 6.55179 -38.7327 0
      vertex 7.15779 -37.8258 12
    endloop
  endfacet
  facet normal -0.831472 0.555567 -1.85782e-18
    outer loop
      vertex 7.15779 -37.8258 12
      vertex 7.59865 -37.166 18
      vertex 7.59865 -37.166 12
    endloop
  endfacet
  facet normal -0.831464 0.555579 -2.02254e-06
    outer loop
      vertex 7.15779 -37.8258 12
      vertex 6.55179 -38.7327 18
      vertex 7.59865 -37.166 18
    endloop
  endfacet
  facet normal -0.831457 0.555588 0
    outer loop
      vertex 6.55179 -38.7327 18
      vertex 7.15779 -37.8258 12
      vertex 6.55179 -38.7327 0
    endloop
  endfacet
  facet normal -0.751848 0.659336 4.81297e-19
    outer loop
      vertex 7.59865 -37.166 12
      vertex 8.84103 -35.7493 18
      vertex 8.84103 -35.7493 12
    endloop
  endfacet
  facet normal -0.751848 0.659336 4.81297e-19
    outer loop
      vertex 8.84103 -35.7493 18
      vertex 7.59865 -37.166 12
      vertex 7.59865 -37.166 18
    endloop
  endfacet
  facet normal -0.65935 0.751836 0
    outer loop
      vertex 10.2577 -34.5069 12
      vertex 8.84103 -35.7493 18
      vertex 10.2577 -34.5069 18
    endloop
  endfacet
  facet normal -0.65935 0.751836 0
    outer loop
      vertex 8.84103 -35.7493 18
      vertex 10.2577 -34.5069 12
      vertex 8.84103 -35.7493 12
    endloop
  endfacet
  facet normal -0.555557 0.831478 9.47954e-06
    outer loop
      vertex 11.8244 -33.4601 18
      vertex 11.6218 -33.5954 12
      vertex 10.2577 -34.5069 18
    endloop
  endfacet
  facet normal -0.555363 0.831608 0
    outer loop
      vertex 11.8244 -33.4601 0
      vertex 11.6218 -33.5954 12
      vertex 11.8244 -33.4601 18
    endloop
  endfacet
  facet normal -0.555363 0.831608 0
    outer loop
      vertex 11.6218 -33.5954 12
      vertex 11.8244 -33.4601 0
      vertex 11.6218 -33.5954 0
    endloop
  endfacet
  facet normal -0.555586 0.831459 0
    outer loop
      vertex 10.2577 -34.5069 18
      vertex 11.6218 -33.5954 12
      vertex 10.2577 -34.5069 12
    endloop
  endfacet
  facet normal -0.442325 0.896855 0
    outer loop
      vertex 13.5144 -32.6266 0
      vertex 11.8244 -33.4601 18
      vertex 13.5144 -32.6266 18
    endloop
  endfacet
  facet normal -0.442325 0.896855 0
    outer loop
      vertex 11.8244 -33.4601 18
      vertex 13.5144 -32.6266 0
      vertex 11.8244 -33.4601 0
    endloop
  endfacet
  facet normal -0.321397 0.946944 0
    outer loop
      vertex 15.2987 -32.021 0
      vertex 13.5144 -32.6266 18
      vertex 15.2987 -32.021 18
    endloop
  endfacet
  facet normal -0.321397 0.946944 0
    outer loop
      vertex 13.5144 -32.6266 18
      vertex 15.2987 -32.021 0
      vertex 13.5144 -32.6266 0
    endloop
  endfacet
  facet normal -0.195038 0.980796 1.34829e-18
    outer loop
      vertex 15.5376 -31.9734 12
      vertex 17.1468 -31.6534 18
      vertex 17.1468 -31.6534 12
    endloop
  endfacet
  facet normal -0.195085 0.980786 1.32604e-05
    outer loop
      vertex 17.1468 -31.6534 18
      vertex 15.5376 -31.9734 12
      vertex 15.2987 -32.021 18
    endloop
  endfacet
  facet normal -0.195406 0.980723 2.20742e-21
    outer loop
      vertex 15.2987 -32.021 0
      vertex 15.5376 -31.9734 12
      vertex 15.5376 -31.9734 0
    endloop
  endfacet
  facet normal -0.195406 0.980723 1.47161e-21
    outer loop
      vertex 15.5376 -31.9734 12
      vertex 15.2987 -32.021 0
      vertex 15.2987 -32.021 18
    endloop
  endfacet
  facet normal -0.0654376 0.997857 0
    outer loop
      vertex 19.027 -31.5301 12
      vertex 17.1468 -31.6534 18
      vertex 19.027 -31.5301 18
    endloop
  endfacet
  facet normal -0.0654376 0.997857 0
    outer loop
      vertex 17.1468 -31.6534 18
      vertex 19.027 -31.5301 12
      vertex 17.1468 -31.6534 12
    endloop
  endfacet
  facet normal 0.0654341 0.997857 -0
    outer loop
      vertex 20.9073 -31.6534 12
      vertex 19.027 -31.5301 18
      vertex 20.9073 -31.6534 18
    endloop
  endfacet
  facet normal 0.0654341 0.997857 0
    outer loop
      vertex 19.027 -31.5301 18
      vertex 20.9073 -31.6534 12
      vertex 19.027 -31.5301 12
    endloop
  endfacet
  facet normal 0.195095 0.980784 -3.60895e-07
    outer loop
      vertex 22.7553 -32.021 18
      vertex 21.6855 -31.8082 12
      vertex 20.9073 -31.6534 18
    endloop
  endfacet
  facet normal 0.195093 0.980785 -0
    outer loop
      vertex 22.7553 -32.021 0
      vertex 21.6855 -31.8082 12
      vertex 22.7553 -32.021 18
    endloop
  endfacet
  facet normal 0.195093 0.980785 0
    outer loop
      vertex 21.6855 -31.8082 12
      vertex 22.7553 -32.021 0
      vertex 21.6855 -31.8082 0
    endloop
  endfacet
  facet normal 0.195098 0.980784 0
    outer loop
      vertex 20.9073 -31.6534 18
      vertex 21.6855 -31.8082 12
      vertex 20.9073 -31.6534 12
    endloop
  endfacet
  facet normal 0.321445 0.946928 -0
    outer loop
      vertex 24.5396 -32.6267 0
      vertex 22.7553 -32.021 18
      vertex 24.5396 -32.6267 18
    endloop
  endfacet
  facet normal 0.321445 0.946928 0
    outer loop
      vertex 22.7553 -32.021 18
      vertex 24.5396 -32.6267 0
      vertex 22.7553 -32.021 0
    endloop
  endfacet
  facet normal 0.442215 0.896909 -0
    outer loop
      vertex 25.3087 -33.0059 0
      vertex 24.5396 -32.6267 18
      vertex 25.3087 -33.0059 18
    endloop
  endfacet
  facet normal 0.442215 0.896909 0
    outer loop
      vertex 24.5396 -32.6267 18
      vertex 25.3087 -33.0059 0
      vertex 24.5396 -32.6267 0
    endloop
  endfacet
  facet normal -0.603516 0.797351 0
    outer loop
      vertex 25.7542 -32.6687 0
      vertex 25.3087 -33.0059 18
      vertex 25.7542 -32.6687 18
    endloop
  endfacet
  facet normal -0.603516 0.797351 0
    outer loop
      vertex 25.3087 -33.0059 18
      vertex 25.7542 -32.6687 0
      vertex 25.3087 -33.0059 0
    endloop
  endfacet
  facet normal -0.634421 0.772988 0
    outer loop
      vertex 27.0166 -31.6326 0
      vertex 25.7542 -32.6687 18
      vertex 27.0166 -31.6326 18
    endloop
  endfacet
  facet normal -0.634421 0.772988 0
    outer loop
      vertex 25.7542 -32.6687 18
      vertex 27.0166 -31.6326 0
      vertex 25.7542 -32.6687 0
    endloop
  endfacet
  facet normal -0.664261 0.7475 0
    outer loop
      vertex 28.2379 -30.5473 0
      vertex 27.0166 -31.6326 18
      vertex 28.2379 -30.5473 18
    endloop
  endfacet
  facet normal -0.664261 0.7475 0
    outer loop
      vertex 27.0166 -31.6326 18
      vertex 28.2379 -30.5473 0
      vertex 27.0166 -31.6326 0
    endloop
  endfacet
  facet normal -0.693111 0.720831 -7.64051e-18
    outer loop
      vertex 28.6222 -30.1779 12
      vertex 29.4153 -29.4153 18
      vertex 29.4153 -29.4153 12
    endloop
  endfacet
  facet normal -0.693072 0.720868 -9.80015e-06
    outer loop
      vertex 29.4153 -29.4153 18
      vertex 28.6222 -30.1779 12
      vertex 28.2379 -30.5473 18
    endloop
  endfacet
  facet normal -0.692992 0.720945 1.74664e-19
    outer loop
      vertex 28.2379 -30.5473 0
      vertex 28.6222 -30.1779 12
      vertex 28.6222 -30.1779 0
    endloop
  endfacet
  facet normal -0.692992 0.720945 1.16443e-19
    outer loop
      vertex 28.6222 -30.1779 12
      vertex 28.2379 -30.5473 0
      vertex 28.2379 -30.5473 18
    endloop
  endfacet
  facet normal -0.720945 0.692992 0
    outer loop
      vertex 30.1779 -28.6222 12
      vertex 30.5473 -28.2379 0
      vertex 30.1779 -28.6222 0
    endloop
  endfacet
  facet normal -0.720945 0.692992 0
    outer loop
      vertex 30.5473 -28.2379 0
      vertex 30.1779 -28.6222 12
      vertex 30.5473 -28.2379 18
    endloop
  endfacet
  facet normal -0.720831 0.693111 0
    outer loop
      vertex 29.4153 -29.4153 18
      vertex 30.1779 -28.6222 12
      vertex 29.4153 -29.4153 12
    endloop
  endfacet
  facet normal -0.720868 0.693072 -9.80015e-06
    outer loop
      vertex 30.1779 -28.6222 12
      vertex 29.4153 -29.4153 18
      vertex 30.5473 -28.2379 18
    endloop
  endfacet
  facet normal -0.7475 0.664261 -1.81685e-18
    outer loop
      vertex 30.5473 -28.2379 0
      vertex 31.6326 -27.0166 18
      vertex 31.6326 -27.0166 0
    endloop
  endfacet
  facet normal -0.7475 0.664261 -1.81685e-18
    outer loop
      vertex 31.6326 -27.0166 18
      vertex 30.5473 -28.2379 0
      vertex 30.5473 -28.2379 18
    endloop
  endfacet
  facet normal -0.772988 0.634421 8.63888e-19
    outer loop
      vertex 31.6326 -27.0166 0
      vertex 32.6687 -25.7542 18
      vertex 32.6687 -25.7542 0
    endloop
  endfacet
  facet normal -0.772988 0.634421 8.63888e-19
    outer loop
      vertex 32.6687 -25.7542 18
      vertex 31.6326 -27.0166 0
      vertex 31.6326 -27.0166 18
    endloop
  endfacet
  facet normal -0.797351 0.603516 7.28378e-19
    outer loop
      vertex 32.6687 -25.7542 0
      vertex 33.0059 -25.3087 18
      vertex 33.0059 -25.3087 0
    endloop
  endfacet
  facet normal -0.797351 0.603516 7.28378e-19
    outer loop
      vertex 33.0059 -25.3087 18
      vertex 32.6687 -25.7542 0
      vertex 32.6687 -25.7542 18
    endloop
  endfacet
  facet normal -0.896909 -0.442215 5.46503e-19
    outer loop
      vertex 33.0059 -25.3087 0
      vertex 32.6267 -24.5396 18
      vertex 32.6267 -24.5396 0
    endloop
  endfacet
  facet normal -0.896909 -0.442215 5.46503e-19
    outer loop
      vertex 32.6267 -24.5396 18
      vertex 33.0059 -25.3087 0
      vertex 33.0059 -25.3087 18
    endloop
  endfacet
  facet normal -0.946928 -0.321445 2.19281e-18
    outer loop
      vertex 32.6267 -24.5396 0
      vertex 32.021 -22.7553 18
      vertex 32.021 -22.7553 0
    endloop
  endfacet
  facet normal -0.946928 -0.321445 2.19281e-18
    outer loop
      vertex 32.021 -22.7553 18
      vertex 32.6267 -24.5396 0
      vertex 32.6267 -24.5396 18
    endloop
  endfacet
  facet normal -0.980785 -0.195093 0
    outer loop
      vertex 31.8082 -21.6855 0
      vertex 32.021 -22.7553 0
      vertex 31.8082 -21.6855 12
    endloop
  endfacet
  facet normal -0.980784 -0.195098 6.14994e-20
    outer loop
      vertex 31.8082 -21.6855 12
      vertex 31.6534 -20.9073 18
      vertex 31.6534 -20.9073 12
    endloop
  endfacet
  facet normal -0.980784 -0.195095 -3.60895e-07
    outer loop
      vertex 31.8082 -21.6855 12
      vertex 32.021 -22.7553 18
      vertex 31.6534 -20.9073 18
    endloop
  endfacet
  facet normal -0.980785 -0.195093 -0
    outer loop
      vertex 32.021 -22.7553 18
      vertex 31.8082 -21.6855 12
      vertex 32.021 -22.7553 0
    endloop
  endfacet
  facet normal -0.997857 -0.0654341 -7.77114e-19
    outer loop
      vertex 31.6534 -20.9073 12
      vertex 31.5301 -19.027 18
      vertex 31.5301 -19.027 12
    endloop
  endfacet
  facet normal -0.997857 -0.0654341 -7.77114e-19
    outer loop
      vertex 31.5301 -19.027 18
      vertex 31.6534 -20.9073 12
      vertex 31.6534 -20.9073 18
    endloop
  endfacet
  facet normal -0.997857 0.0654376 7.53894e-19
    outer loop
      vertex 31.5301 -19.027 12
      vertex 31.6534 -17.1468 18
      vertex 31.6534 -17.1468 12
    endloop
  endfacet
  facet normal -0.997857 0.0654376 7.53894e-19
    outer loop
      vertex 31.6534 -17.1468 18
      vertex 31.5301 -19.027 12
      vertex 31.5301 -19.027 18
    endloop
  endfacet
  facet normal -0.980723 0.195406 0
    outer loop
      vertex 31.9734 -15.5376 12
      vertex 32.021 -15.2987 0
      vertex 31.9734 -15.5376 0
    endloop
  endfacet
  facet normal -0.980723 0.195406 0
    outer loop
      vertex 32.021 -15.2987 0
      vertex 31.9734 -15.5376 12
      vertex 32.021 -15.2987 18
    endloop
  endfacet
  facet normal -0.980796 0.195038 0
    outer loop
      vertex 31.6534 -17.1468 18
      vertex 31.9734 -15.5376 12
      vertex 31.6534 -17.1468 12
    endloop
  endfacet
  facet normal -0.980786 0.195085 1.32604e-05
    outer loop
      vertex 31.9734 -15.5376 12
      vertex 31.6534 -17.1468 18
      vertex 32.021 -15.2987 18
    endloop
  endfacet
  facet normal -0.946944 0.321397 -3.11985e-18
    outer loop
      vertex 32.021 -15.2987 0
      vertex 32.6266 -13.5144 18
      vertex 32.6266 -13.5144 0
    endloop
  endfacet
  facet normal -0.946944 0.321397 -3.11985e-18
    outer loop
      vertex 32.6266 -13.5144 18
      vertex 32.021 -15.2987 0
      vertex 32.021 -15.2987 18
    endloop
  endfacet
  facet normal -0.896855 0.442325 2.17969e-18
    outer loop
      vertex 32.6266 -13.5144 0
      vertex 33.4601 -11.8244 18
      vertex 33.4601 -11.8244 0
    endloop
  endfacet
  facet normal -0.896855 0.442325 2.17969e-18
    outer loop
      vertex 33.4601 -11.8244 18
      vertex 32.6266 -13.5144 0
      vertex 32.6266 -13.5144 18
    endloop
  endfacet
  facet normal -0.831608 0.555363 0
    outer loop
      vertex 33.5954 -11.6218 0
      vertex 33.4601 -11.8244 0
      vertex 33.5954 -11.6218 12
    endloop
  endfacet
  facet normal -0.831459 0.555586 -1.01093e-17
    outer loop
      vertex 33.5954 -11.6218 12
      vertex 34.5069 -10.2577 18
      vertex 34.5069 -10.2577 12
    endloop
  endfacet
  facet normal -0.831478 0.555557 9.47954e-06
    outer loop
      vertex 33.5954 -11.6218 12
      vertex 33.4601 -11.8244 18
      vertex 34.5069 -10.2577 18
    endloop
  endfacet
  facet normal -0.831608 0.555363 0
    outer loop
      vertex 33.4601 -11.8244 18
      vertex 33.5954 -11.6218 12
      vertex 33.4601 -11.8244 0
    endloop
  endfacet
  facet normal -0.751836 0.65935 2.17768e-18
    outer loop
      vertex 34.5069 -10.2577 12
      vertex 35.7493 -8.84103 18
      vertex 35.7493 -8.84103 12
    endloop
  endfacet
  facet normal -0.751836 0.65935 2.17768e-18
    outer loop
      vertex 35.7493 -8.84103 18
      vertex 34.5069 -10.2577 12
      vertex 34.5069 -10.2577 18
    endloop
  endfacet
  facet normal -0.659336 0.751848 0
    outer loop
      vertex 37.166 -7.59865 12
      vertex 35.7493 -8.84103 18
      vertex 37.166 -7.59865 18
    endloop
  endfacet
  facet normal -0.659336 0.751848 0
    outer loop
      vertex 35.7493 -8.84103 18
      vertex 37.166 -7.59865 12
      vertex 35.7493 -8.84103 12
    endloop
  endfacet
  facet normal -0.555579 0.831464 -2.02254e-06
    outer loop
      vertex 38.7327 -6.55179 18
      vertex 37.8258 -7.15779 12
      vertex 37.166 -7.59865 18
    endloop
  endfacet
  facet normal -0.555588 0.831457 0
    outer loop
      vertex 38.7327 -6.55179 0
      vertex 37.8258 -7.15779 12
      vertex 38.7327 -6.55179 18
    endloop
  endfacet
  facet normal -0.555588 0.831457 0
    outer loop
      vertex 37.8258 -7.15779 12
      vertex 38.7327 -6.55179 0
      vertex 37.8258 -7.15779 0
    endloop
  endfacet
  facet normal -0.555567 0.831472 0
    outer loop
      vertex 37.166 -7.59865 18
      vertex 37.8258 -7.15779 12
      vertex 37.166 -7.59865 12
    endloop
  endfacet
  facet normal -0.442278 0.896878 0
    outer loop
      vertex 40.4227 -5.7184 0
      vertex 38.7327 -6.55179 18
      vertex 40.4227 -5.7184 18
    endloop
  endfacet
  facet normal -0.442278 0.896878 0
    outer loop
      vertex 38.7327 -6.55179 18
      vertex 40.4227 -5.7184 0
      vertex 38.7327 -6.55179 0
    endloop
  endfacet
  facet normal -0.321443 0.946929 0
    outer loop
      vertex 41.2347 -5.44276 0
      vertex 40.4227 -5.7184 18
      vertex 41.2347 -5.44276 18
    endloop
  endfacet
  facet normal -0.321443 0.946929 0
    outer loop
      vertex 40.4227 -5.7184 18
      vertex 41.2347 -5.44276 0
      vertex 40.4227 -5.7184 0
    endloop
  endfacet
  facet normal -0.990575 0.136968 1.01875e-19
    outer loop
      vertex 41.2347 -5.44276 0
      vertex 41.3112 -4.8895 18
      vertex 41.3112 -4.8895 0
    endloop
  endfacet
  facet normal -0.990575 0.136968 1.01875e-19
    outer loop
      vertex 41.3112 -4.8895 18
      vertex 41.2347 -5.44276 0
      vertex 41.2347 -5.44276 18
    endloop
  endfacet
  facet normal -0.995184 0.0980227 -5.52678e-19
    outer loop
      vertex 41.3112 -4.8895 0
      vertex 41.4713 -3.26407 18
      vertex 41.4713 -3.26407 0
    endloop
  endfacet
  facet normal -0.995184 0.0980227 -5.52678e-19
    outer loop
      vertex 41.4713 -3.26407 18
      vertex 41.3112 -4.8895 0
      vertex 41.3112 -4.8895 18
    endloop
  endfacet
  facet normal -0.998265 0.0588767 -1.20839e-19
    outer loop
      vertex 41.4713 -3.26407 0
      vertex 41.5675 -1.63298 18
      vertex 41.5675 -1.63298 0
    endloop
  endfacet
  facet normal -0.998265 0.0588767 -1.20839e-19
    outer loop
      vertex 41.5675 -1.63298 18
      vertex 41.4713 -3.26407 0
      vertex 41.4713 -3.26407 18
    endloop
  endfacet
  facet normal -0.99981 0.0195088 0
    outer loop
      vertex 41.5779 -1.09999 0
      vertex 41.5675 -1.63298 0
      vertex 41.5779 -1.09999 12
    endloop
  endfacet
  facet normal -0.999807 0.0196328 1.98193e-19
    outer loop
      vertex 41.5779 -1.09999 12
      vertex 41.5995 0 18
      vertex 41.5995 0 12
    endloop
  endfacet
  facet normal -0.999808 0.0195923 7.41732e-06
    outer loop
      vertex 41.5779 -1.09999 12
      vertex 41.5675 -1.63298 18
      vertex 41.5995 0 18
    endloop
  endfacet
  facet normal -0.99981 0.0195088 0
    outer loop
      vertex 41.5675 -1.63298 18
      vertex 41.5779 -1.09999 12
      vertex 41.5675 -1.63298 0
    endloop
  endfacet
  facet normal -0.99981 -0.0195088 -0
    outer loop
      vertex 41.5779 1.09999 12
      vertex 41.5675 1.63298 0
      vertex 41.5779 1.09999 0
    endloop
  endfacet
  facet normal -0.99981 -0.0195088 0
    outer loop
      vertex 41.5675 1.63298 0
      vertex 41.5779 1.09999 12
      vertex 41.5675 1.63298 18
    endloop
  endfacet
  facet normal -0.999807 -0.0196328 -0
    outer loop
      vertex 41.5995 0 18
      vertex 41.5779 1.09999 12
      vertex 41.5995 0 12
    endloop
  endfacet
  facet normal -0.999808 -0.0195923 7.41732e-06
    outer loop
      vertex 41.5779 1.09999 12
      vertex 41.5995 0 18
      vertex 41.5675 1.63298 18
    endloop
  endfacet
  facet normal -0.998265 -0.0588767 1.20839e-19
    outer loop
      vertex 41.5675 1.63298 0
      vertex 41.4713 3.26407 18
      vertex 41.4713 3.26407 0
    endloop
  endfacet
  facet normal -0.998265 -0.0588767 1.20839e-19
    outer loop
      vertex 41.4713 3.26407 18
      vertex 41.5675 1.63298 0
      vertex 41.5675 1.63298 18
    endloop
  endfacet
  facet normal -0.995184 -0.0980227 5.52678e-19
    outer loop
      vertex 41.4713 3.26407 0
      vertex 41.3112 4.8895 18
      vertex 41.3112 4.8895 0
    endloop
  endfacet
  facet normal -0.995184 -0.0980227 5.52678e-19
    outer loop
      vertex 41.3112 4.8895 18
      vertex 41.4713 3.26407 0
      vertex 41.4713 3.26407 18
    endloop
  endfacet
  facet normal -0.990575 -0.136968 -1.01875e-19
    outer loop
      vertex 41.3112 4.8895 0
      vertex 41.2347 5.44276 18
      vertex 41.2347 5.44276 0
    endloop
  endfacet
  facet normal -0.990575 -0.136968 -1.01875e-19
    outer loop
      vertex 41.2347 5.44276 18
      vertex 41.3112 4.8895 0
      vertex 41.3112 4.8895 18
    endloop
  endfacet
  facet normal -0.321443 -0.946929 0
    outer loop
      vertex 40.4227 5.7184 0
      vertex 41.2347 5.44276 18
      vertex 40.4227 5.7184 18
    endloop
  endfacet
  facet normal -0.321443 -0.946929 -0
    outer loop
      vertex 41.2347 5.44276 18
      vertex 40.4227 5.7184 0
      vertex 41.2347 5.44276 0
    endloop
  endfacet
  facet normal -0.442278 -0.896878 0
    outer loop
      vertex 38.7327 6.55179 0
      vertex 40.4227 5.7184 18
      vertex 38.7327 6.55179 18
    endloop
  endfacet
  facet normal -0.442278 -0.896878 -0
    outer loop
      vertex 40.4227 5.7184 18
      vertex 38.7327 6.55179 0
      vertex 40.4227 5.7184 0
    endloop
  endfacet
  facet normal -0.555567 -0.831472 1.85782e-18
    outer loop
      vertex 37.8258 7.15779 12
      vertex 37.166 7.59865 18
      vertex 37.166 7.59865 12
    endloop
  endfacet
  facet normal -0.555579 -0.831464 -2.02254e-06
    outer loop
      vertex 37.166 7.59865 18
      vertex 37.8258 7.15779 12
      vertex 38.7327 6.55179 18
    endloop
  endfacet
  facet normal -0.555588 -0.831457 2.89709e-18
    outer loop
      vertex 38.7327 6.55179 0
      vertex 37.8258 7.15779 12
      vertex 37.8258 7.15779 0
    endloop
  endfacet
  facet normal -0.555588 -0.831457 1.93139e-18
    outer loop
      vertex 37.8258 7.15779 12
      vertex 38.7327 6.55179 0
      vertex 38.7327 6.55179 18
    endloop
  endfacet
  facet normal -0.659336 -0.751848 0
    outer loop
      vertex 35.7493 8.84103 12
      vertex 37.166 7.59865 18
      vertex 35.7493 8.84103 18
    endloop
  endfacet
  facet normal -0.659336 -0.751848 -0
    outer loop
      vertex 37.166 7.59865 18
      vertex 35.7493 8.84103 12
      vertex 37.166 7.59865 12
    endloop
  endfacet
  facet normal -0.751836 -0.65935 -2.17768e-18
    outer loop
      vertex 35.7493 8.84103 12
      vertex 34.5069 10.2577 18
      vertex 34.5069 10.2577 12
    endloop
  endfacet
  facet normal -0.751836 -0.65935 -2.17768e-18
    outer loop
      vertex 34.5069 10.2577 18
      vertex 35.7493 8.84103 12
      vertex 35.7493 8.84103 18
    endloop
  endfacet
  facet normal -0.831608 -0.555363 -0
    outer loop
      vertex 33.5954 11.6218 12
      vertex 33.4601 11.8244 0
      vertex 33.5954 11.6218 0
    endloop
  endfacet
  facet normal -0.831608 -0.555363 0
    outer loop
      vertex 33.4601 11.8244 0
      vertex 33.5954 11.6218 12
      vertex 33.4601 11.8244 18
    endloop
  endfacet
  facet normal -0.831459 -0.555586 -0
    outer loop
      vertex 34.5069 10.2577 18
      vertex 33.5954 11.6218 12
      vertex 34.5069 10.2577 12
    endloop
  endfacet
  facet normal -0.831478 -0.555557 9.47954e-06
    outer loop
      vertex 33.5954 11.6218 12
      vertex 34.5069 10.2577 18
      vertex 33.4601 11.8244 18
    endloop
  endfacet
  facet normal -0.896855 -0.442325 -2.17969e-18
    outer loop
      vertex 33.4601 11.8244 0
      vertex 32.6266 13.5144 18
      vertex 32.6266 13.5144 0
    endloop
  endfacet
  facet normal -0.896855 -0.442325 -2.17969e-18
    outer loop
      vertex 32.6266 13.5144 18
      vertex 33.4601 11.8244 0
      vertex 33.4601 11.8244 18
    endloop
  endfacet
  facet normal -0.946944 -0.321397 3.11985e-18
    outer loop
      vertex 32.6266 13.5144 0
      vertex 32.021 15.2987 18
      vertex 32.021 15.2987 0
    endloop
  endfacet
  facet normal -0.946944 -0.321397 3.11985e-18
    outer loop
      vertex 32.021 15.2987 18
      vertex 32.6266 13.5144 0
      vertex 32.6266 13.5144 18
    endloop
  endfacet
  facet normal -0.980723 -0.195406 0
    outer loop
      vertex 31.9734 15.5376 0
      vertex 32.021 15.2987 0
      vertex 31.9734 15.5376 12
    endloop
  endfacet
  facet normal -0.980796 -0.195038 -1.34829e-18
    outer loop
      vertex 31.9734 15.5376 12
      vertex 31.6534 17.1468 18
      vertex 31.6534 17.1468 12
    endloop
  endfacet
  facet normal -0.980786 -0.195085 1.32604e-05
    outer loop
      vertex 31.9734 15.5376 12
      vertex 32.021 15.2987 18
      vertex 31.6534 17.1468 18
    endloop
  endfacet
  facet normal -0.980723 -0.195406 -0
    outer loop
      vertex 32.021 15.2987 18
      vertex 31.9734 15.5376 12
      vertex 32.021 15.2987 0
    endloop
  endfacet
  facet normal -0.997857 -0.0654376 -7.53894e-19
    outer loop
      vertex 31.6534 17.1468 12
      vertex 31.5301 19.027 18
      vertex 31.5301 19.027 12
    endloop
  endfacet
  facet normal -0.997857 -0.0654376 -7.53894e-19
    outer loop
      vertex 31.5301 19.027 18
      vertex 31.6534 17.1468 12
      vertex 31.6534 17.1468 18
    endloop
  endfacet
  facet normal -0.997857 0.0654341 7.77114e-19
    outer loop
      vertex 31.5301 19.027 12
      vertex 31.6534 20.9073 18
      vertex 31.6534 20.9073 12
    endloop
  endfacet
  facet normal -0.997857 0.0654341 7.77114e-19
    outer loop
      vertex 31.6534 20.9073 18
      vertex 31.5301 19.027 12
      vertex 31.5301 19.027 18
    endloop
  endfacet
  facet normal -0.980785 0.195093 0
    outer loop
      vertex 31.8082 21.6855 12
      vertex 32.021 22.7553 0
      vertex 31.8082 21.6855 0
    endloop
  endfacet
  facet normal -0.980785 0.195093 0
    outer loop
      vertex 32.021 22.7553 0
      vertex 31.8082 21.6855 12
      vertex 32.021 22.7553 18
    endloop
  endfacet
  facet normal -0.980784 0.195098 0
    outer loop
      vertex 31.6534 20.9073 18
      vertex 31.8082 21.6855 12
      vertex 31.6534 20.9073 12
    endloop
  endfacet
  facet normal -0.980784 0.195095 -3.60895e-07
    outer loop
      vertex 31.8082 21.6855 12
      vertex 31.6534 20.9073 18
      vertex 32.021 22.7553 18
    endloop
  endfacet
  facet normal -0.946928 0.321445 -2.19281e-18
    outer loop
      vertex 32.021 22.7553 0
      vertex 32.6267 24.5396 18
      vertex 32.6267 24.5396 0
    endloop
  endfacet
  facet normal -0.946928 0.321445 -2.19281e-18
    outer loop
      vertex 32.6267 24.5396 18
      vertex 32.021 22.7553 0
      vertex 32.021 22.7553 18
    endloop
  endfacet
  facet normal -0.896909 0.442215 -5.46503e-19
    outer loop
      vertex 32.6267 24.5396 0
      vertex 33.0059 25.3087 18
      vertex 33.0059 25.3087 0
    endloop
  endfacet
  facet normal -0.896909 0.442215 -5.46503e-19
    outer loop
      vertex 33.0059 25.3087 18
      vertex 32.6267 24.5396 0
      vertex 32.6267 24.5396 18
    endloop
  endfacet
  facet normal -0.797351 -0.603516 -7.28378e-19
    outer loop
      vertex 33.0059 25.3087 0
      vertex 32.6687 25.7542 18
      vertex 32.6687 25.7542 0
    endloop
  endfacet
  facet normal -0.797351 -0.603516 -7.28378e-19
    outer loop
      vertex 32.6687 25.7542 18
      vertex 33.0059 25.3087 0
      vertex 33.0059 25.3087 18
    endloop
  endfacet
  facet normal -0.772988 -0.634421 -8.63888e-19
    outer loop
      vertex 32.6687 25.7542 0
      vertex 31.6326 27.0166 18
      vertex 31.6326 27.0166 0
    endloop
  endfacet
  facet normal -0.772988 -0.634421 -8.63888e-19
    outer loop
      vertex 31.6326 27.0166 18
      vertex 32.6687 25.7542 0
      vertex 32.6687 25.7542 18
    endloop
  endfacet
  facet normal -0.7475 -0.664261 1.81685e-18
    outer loop
      vertex 31.6326 27.0166 0
      vertex 30.5473 28.2379 18
      vertex 30.5473 28.2379 0
    endloop
  endfacet
  facet normal -0.7475 -0.664261 1.81685e-18
    outer loop
      vertex 30.5473 28.2379 18
      vertex 31.6326 27.0166 0
      vertex 31.6326 27.0166 18
    endloop
  endfacet
  facet normal -0.720945 -0.692992 0
    outer loop
      vertex 30.1779 28.6222 0
      vertex 30.5473 28.2379 0
      vertex 30.1779 28.6222 12
    endloop
  endfacet
  facet normal -0.720831 -0.693111 7.64051e-18
    outer loop
      vertex 30.1779 28.6222 12
      vertex 29.4153 29.4153 18
      vertex 29.4153 29.4153 12
    endloop
  endfacet
  facet normal -0.720868 -0.693072 -9.80015e-06
    outer loop
      vertex 30.1779 28.6222 12
      vertex 30.5473 28.2379 18
      vertex 29.4153 29.4153 18
    endloop
  endfacet
  facet normal -0.720945 -0.692992 -0
    outer loop
      vertex 30.5473 28.2379 18
      vertex 30.1779 28.6222 12
      vertex 30.5473 28.2379 0
    endloop
  endfacet
  facet normal -0.693072 -0.720868 -9.80015e-06
    outer loop
      vertex 28.2379 30.5473 18
      vertex 28.6222 30.1779 12
      vertex 29.4153 29.4153 18
    endloop
  endfacet
  facet normal -0.692992 -0.720945 0
    outer loop
      vertex 28.2379 30.5473 0
      vertex 28.6222 30.1779 12
      vertex 28.2379 30.5473 18
    endloop
  endfacet
  facet normal -0.692992 -0.720945 -0
    outer loop
      vertex 28.6222 30.1779 12
      vertex 28.2379 30.5473 0
      vertex 28.6222 30.1779 0
    endloop
  endfacet
  facet normal -0.693111 -0.720831 -0
    outer loop
      vertex 29.4153 29.4153 18
      vertex 28.6222 30.1779 12
      vertex 29.4153 29.4153 12
    endloop
  endfacet
  facet normal -0.664261 -0.7475 0
    outer loop
      vertex 27.0166 31.6326 0
      vertex 28.2379 30.5473 18
      vertex 27.0166 31.6326 18
    endloop
  endfacet
  facet normal -0.664261 -0.7475 -0
    outer loop
      vertex 28.2379 30.5473 18
      vertex 27.0166 31.6326 0
      vertex 28.2379 30.5473 0
    endloop
  endfacet
  facet normal -0.634421 -0.772988 0
    outer loop
      vertex 25.7542 32.6687 0
      vertex 27.0166 31.6326 18
      vertex 25.7542 32.6687 18
    endloop
  endfacet
  facet normal -0.634421 -0.772988 -0
    outer loop
      vertex 27.0166 31.6326 18
      vertex 25.7542 32.6687 0
      vertex 27.0166 31.6326 0
    endloop
  endfacet
  facet normal -0.603516 -0.797351 0
    outer loop
      vertex 25.3087 33.0059 0
      vertex 25.7542 32.6687 18
      vertex 25.3087 33.0059 18
    endloop
  endfacet
  facet normal -0.603516 -0.797351 -0
    outer loop
      vertex 25.7542 32.6687 18
      vertex 25.3087 33.0059 0
      vertex 25.7542 32.6687 0
    endloop
  endfacet
  facet normal 0.442215 -0.896909 0
    outer loop
      vertex 24.5396 32.6267 0
      vertex 25.3087 33.0059 18
      vertex 24.5396 32.6267 18
    endloop
  endfacet
  facet normal 0.442215 -0.896909 0
    outer loop
      vertex 25.3087 33.0059 18
      vertex 24.5396 32.6267 0
      vertex 25.3087 33.0059 0
    endloop
  endfacet
  facet normal 0.321445 -0.946928 0
    outer loop
      vertex 22.7553 32.021 0
      vertex 24.5396 32.6267 18
      vertex 22.7553 32.021 18
    endloop
  endfacet
  facet normal 0.321445 -0.946928 0
    outer loop
      vertex 24.5396 32.6267 18
      vertex 22.7553 32.021 0
      vertex 24.5396 32.6267 0
    endloop
  endfacet
  facet normal 0.195098 -0.980784 -6.14994e-20
    outer loop
      vertex 21.6855 31.8082 12
      vertex 20.9073 31.6534 18
      vertex 20.9073 31.6534 12
    endloop
  endfacet
  facet normal 0.195095 -0.980784 -3.60895e-07
    outer loop
      vertex 20.9073 31.6534 18
      vertex 21.6855 31.8082 12
      vertex 22.7553 32.021 18
    endloop
  endfacet
  facet normal 0.195093 -0.980785 5.88547e-19
    outer loop
      vertex 22.7553 32.021 0
      vertex 21.6855 31.8082 12
      vertex 21.6855 31.8082 0
    endloop
  endfacet
  facet normal 0.195093 -0.980785 3.92365e-19
    outer loop
      vertex 21.6855 31.8082 12
      vertex 22.7553 32.021 0
      vertex 22.7553 32.021 18
    endloop
  endfacet
  facet normal 0.0654341 -0.997857 0
    outer loop
      vertex 19.027 31.5301 12
      vertex 20.9073 31.6534 18
      vertex 19.027 31.5301 18
    endloop
  endfacet
  facet normal 0.0654341 -0.997857 0
    outer loop
      vertex 20.9073 31.6534 18
      vertex 19.027 31.5301 12
      vertex 20.9073 31.6534 12
    endloop
  endfacet
  facet normal -0.0654376 -0.997857 0
    outer loop
      vertex 17.1468 31.6534 12
      vertex 19.027 31.5301 18
      vertex 17.1468 31.6534 18
    endloop
  endfacet
  facet normal -0.0654376 -0.997857 -0
    outer loop
      vertex 19.027 31.5301 18
      vertex 17.1468 31.6534 12
      vertex 19.027 31.5301 12
    endloop
  endfacet
  facet normal -0.195085 -0.980786 1.32604e-05
    outer loop
      vertex 15.2987 32.021 18
      vertex 15.5376 31.9734 12
      vertex 17.1468 31.6534 18
    endloop
  endfacet
  facet normal -0.195406 -0.980723 0
    outer loop
      vertex 15.2987 32.021 0
      vertex 15.5376 31.9734 12
      vertex 15.2987 32.021 18
    endloop
  endfacet
  facet normal -0.195406 -0.980723 -0
    outer loop
      vertex 15.5376 31.9734 12
      vertex 15.2987 32.021 0
      vertex 15.5376 31.9734 0
    endloop
  endfacet
  facet normal -0.195038 -0.980796 -0
    outer loop
      vertex 17.1468 31.6534 18
      vertex 15.5376 31.9734 12
      vertex 17.1468 31.6534 12
    endloop
  endfacet
  facet normal -0.321397 -0.946944 0
    outer loop
      vertex 13.5144 32.6266 0
      vertex 15.2987 32.021 18
      vertex 13.5144 32.6266 18
    endloop
  endfacet
  facet normal -0.321397 -0.946944 -0
    outer loop
      vertex 15.2987 32.021 18
      vertex 13.5144 32.6266 0
      vertex 15.2987 32.021 0
    endloop
  endfacet
  facet normal -0.442325 -0.896855 0
    outer loop
      vertex 11.8244 33.4601 0
      vertex 13.5144 32.6266 18
      vertex 11.8244 33.4601 18
    endloop
  endfacet
  facet normal -0.442325 -0.896855 -0
    outer loop
      vertex 13.5144 32.6266 18
      vertex 11.8244 33.4601 0
      vertex 13.5144 32.6266 0
    endloop
  endfacet
  facet normal -0.555586 -0.831459 1.01093e-17
    outer loop
      vertex 11.6218 33.5954 12
      vertex 10.2577 34.5069 18
      vertex 10.2577 34.5069 12
    endloop
  endfacet
  facet normal -0.555557 -0.831478 9.47954e-06
    outer loop
      vertex 10.2577 34.5069 18
      vertex 11.6218 33.5954 12
      vertex 11.8244 33.4601 18
    endloop
  endfacet
  facet normal -0.555363 -0.831608 -5.73977e-19
    outer loop
      vertex 11.8244 33.4601 0
      vertex 11.6218 33.5954 12
      vertex 11.6218 33.5954 0
    endloop
  endfacet
  facet normal -0.555363 -0.831608 -3.82651e-19
    outer loop
      vertex 11.6218 33.5954 12
      vertex 11.8244 33.4601 0
      vertex 11.8244 33.4601 18
    endloop
  endfacet
  facet normal -0.65935 -0.751836 0
    outer loop
      vertex 8.84103 35.7493 12
      vertex 10.2577 34.5069 18
      vertex 8.84103 35.7493 18
    endloop
  endfacet
  facet normal -0.65935 -0.751836 -0
    outer loop
      vertex 10.2577 34.5069 18
      vertex 8.84103 35.7493 12
      vertex 10.2577 34.5069 12
    endloop
  endfacet
  facet normal -0.751848 -0.659336 -4.81297e-19
    outer loop
      vertex 8.84103 35.7493 12
      vertex 7.59865 37.166 18
      vertex 7.59865 37.166 12
    endloop
  endfacet
  facet normal -0.751848 -0.659336 -4.81297e-19
    outer loop
      vertex 7.59865 37.166 18
      vertex 8.84103 35.7493 12
      vertex 8.84103 35.7493 18
    endloop
  endfacet
  facet normal -0.831457 -0.555588 -0
    outer loop
      vertex 7.15779 37.8258 12
      vertex 6.55179 38.7327 0
      vertex 7.15779 37.8258 0
    endloop
  endfacet
  facet normal -0.831457 -0.555588 0
    outer loop
      vertex 6.55179 38.7327 0
      vertex 7.15779 37.8258 12
      vertex 6.55179 38.7327 18
    endloop
  endfacet
  facet normal -0.831472 -0.555567 -0
    outer loop
      vertex 7.59865 37.166 18
      vertex 7.15779 37.8258 12
      vertex 7.59865 37.166 12
    endloop
  endfacet
  facet normal -0.831464 -0.555579 -2.02254e-06
    outer loop
      vertex 7.15779 37.8258 12
      vertex 7.59865 37.166 18
      vertex 6.55179 38.7327 18
    endloop
  endfacet
  facet normal -0.896878 -0.442278 1.92413e-18
    outer loop
      vertex 6.55179 38.7327 0
      vertex 5.7184 40.4227 18
      vertex 5.7184 40.4227 0
    endloop
  endfacet
  facet normal -0.896878 -0.442278 1.92413e-18
    outer loop
      vertex 5.7184 40.4227 18
      vertex 6.55179 38.7327 0
      vertex 6.55179 38.7327 18
    endloop
  endfacet
  facet normal -0.946929 -0.321443 5.85226e-19
    outer loop
      vertex 5.7184 40.4227 0
      vertex 5.44276 41.2347 18
      vertex 5.44276 41.2347 0
    endloop
  endfacet
  facet normal -0.946929 -0.321443 5.85226e-19
    outer loop
      vertex 5.44276 41.2347 18
      vertex 5.7184 40.4227 0
      vertex 5.7184 40.4227 18
    endloop
  endfacet
  facet normal -0.136968 -0.990575 0
    outer loop
      vertex 4.8895 41.3112 0
      vertex 5.44276 41.2347 18
      vertex 4.8895 41.3112 18
    endloop
  endfacet
  facet normal -0.136968 -0.990575 -0
    outer loop
      vertex 5.44276 41.2347 18
      vertex 4.8895 41.3112 0
      vertex 5.44276 41.2347 0
    endloop
  endfacet
  facet normal -0.0980227 -0.995184 0
    outer loop
      vertex 3.26407 41.4713 0
      vertex 4.8895 41.3112 18
      vertex 3.26407 41.4713 18
    endloop
  endfacet
  facet normal -0.0980227 -0.995184 -0
    outer loop
      vertex 4.8895 41.3112 18
      vertex 3.26407 41.4713 0
      vertex 4.8895 41.3112 0
    endloop
  endfacet
  facet normal -0.0588767 -0.998265 0
    outer loop
      vertex 1.63298 41.5675 0
      vertex 3.26407 41.4713 18
      vertex 1.63298 41.5675 18
    endloop
  endfacet
  facet normal -0.0588767 -0.998265 -0
    outer loop
      vertex 3.26407 41.4713 18
      vertex 1.63298 41.5675 0
      vertex 3.26407 41.4713 0
    endloop
  endfacet
  facet normal -0.0196328 -0.999807 -1.98193e-19
    outer loop
      vertex 1.09999 41.5779 12
      vertex 0 41.5995 18
      vertex 0 41.5995 12
    endloop
  endfacet
  facet normal -0.0195923 -0.999808 7.41732e-06
    outer loop
      vertex 0 41.5995 18
      vertex 1.09999 41.5779 12
      vertex 1.63298 41.5675 18
    endloop
  endfacet
  facet normal -0.0195088 -0.99981 6.25431e-20
    outer loop
      vertex 1.63298 41.5675 0
      vertex 1.09999 41.5779 12
      vertex 1.09999 41.5779 0
    endloop
  endfacet
  facet normal -0.0195088 -0.99981 4.16954e-20
    outer loop
      vertex 1.09999 41.5779 12
      vertex 1.63298 41.5675 0
      vertex 1.63298 41.5675 18
    endloop
  endfacet
  facet normal 0.0195923 -0.999808 7.41732e-06
    outer loop
      vertex -1.63298 41.5675 18
      vertex -1.09999 41.5779 12
      vertex 0 41.5995 18
    endloop
  endfacet
  facet normal 0.0195088 -0.99981 0
    outer loop
      vertex -1.63298 41.5675 0
      vertex -1.09999 41.5779 12
      vertex -1.63298 41.5675 18
    endloop
  endfacet
  facet normal 0.0195088 -0.99981 0
    outer loop
      vertex -1.09999 41.5779 12
      vertex -1.63298 41.5675 0
      vertex -1.09999 41.5779 0
    endloop
  endfacet
  facet normal 0.0196328 -0.999807 0
    outer loop
      vertex 0 41.5995 18
      vertex -1.09999 41.5779 12
      vertex 0 41.5995 12
    endloop
  endfacet
  facet normal 0.0588767 -0.998265 0
    outer loop
      vertex -3.26407 41.4713 0
      vertex -1.63298 41.5675 18
      vertex -3.26407 41.4713 18
    endloop
  endfacet
  facet normal 0.0588767 -0.998265 0
    outer loop
      vertex -1.63298 41.5675 18
      vertex -3.26407 41.4713 0
      vertex -1.63298 41.5675 0
    endloop
  endfacet
  facet normal 0.0980227 -0.995184 0
    outer loop
      vertex -4.8895 41.3112 0
      vertex -3.26407 41.4713 18
      vertex -4.8895 41.3112 18
    endloop
  endfacet
  facet normal 0.0980227 -0.995184 0
    outer loop
      vertex -3.26407 41.4713 18
      vertex -4.8895 41.3112 0
      vertex -3.26407 41.4713 0
    endloop
  endfacet
  facet normal 0.136968 -0.990575 0
    outer loop
      vertex -5.44276 41.2347 0
      vertex -4.8895 41.3112 18
      vertex -5.44276 41.2347 18
    endloop
  endfacet
  facet normal 0.136968 -0.990575 0
    outer loop
      vertex -4.8895 41.3112 18
      vertex -5.44276 41.2347 0
      vertex -4.8895 41.3112 0
    endloop
  endfacet
  facet normal 0.946929 -0.321443 -5.85226e-19
    outer loop
      vertex -5.7184 40.4227 18
      vertex -5.44276 41.2347 0
      vertex -5.44276 41.2347 18
    endloop
  endfacet
  facet normal 0.946929 -0.321443 -5.85226e-19
    outer loop
      vertex -5.44276 41.2347 0
      vertex -5.7184 40.4227 18
      vertex -5.7184 40.4227 0
    endloop
  endfacet
  facet normal 0.896878 -0.442278 -1.92413e-18
    outer loop
      vertex -6.55179 38.7327 18
      vertex -5.7184 40.4227 0
      vertex -5.7184 40.4227 18
    endloop
  endfacet
  facet normal 0.896878 -0.442278 -1.92413e-18
    outer loop
      vertex -5.7184 40.4227 0
      vertex -6.55179 38.7327 18
      vertex -6.55179 38.7327 0
    endloop
  endfacet
  facet normal 0.831457 -0.555588 0
    outer loop
      vertex -6.55179 38.7327 18
      vertex -7.15779 37.8258 12
      vertex -6.55179 38.7327 0
    endloop
  endfacet
  facet normal 0.831464 -0.555579 -2.02254e-06
    outer loop
      vertex -7.59865 37.166 18
      vertex -7.15779 37.8258 12
      vertex -6.55179 38.7327 18
    endloop
  endfacet
  facet normal 0.831472 -0.555567 -1.85782e-18
    outer loop
      vertex -7.15779 37.8258 12
      vertex -7.59865 37.166 18
      vertex -7.59865 37.166 12
    endloop
  endfacet
  facet normal 0.831457 -0.555588 -2.89709e-18
    outer loop
      vertex -6.55179 38.7327 0
      vertex -7.15779 37.8258 12
      vertex -7.15779 37.8258 0
    endloop
  endfacet
  facet normal 0.751848 -0.659336 4.81297e-19
    outer loop
      vertex -8.84103 35.7493 18
      vertex -7.59865 37.166 12
      vertex -7.59865 37.166 18
    endloop
  endfacet
  facet normal 0.751848 -0.659336 4.81297e-19
    outer loop
      vertex -7.59865 37.166 12
      vertex -8.84103 35.7493 18
      vertex -8.84103 35.7493 12
    endloop
  endfacet
  facet normal 0.65935 -0.751836 0
    outer loop
      vertex -10.2577 34.5069 12
      vertex -8.84103 35.7493 18
      vertex -10.2577 34.5069 18
    endloop
  endfacet
  facet normal 0.65935 -0.751836 0
    outer loop
      vertex -8.84103 35.7493 18
      vertex -10.2577 34.5069 12
      vertex -8.84103 35.7493 12
    endloop
  endfacet
  facet normal 0.555557 -0.831478 9.47954e-06
    outer loop
      vertex -11.8244 33.4601 18
      vertex -11.6218 33.5954 12
      vertex -10.2577 34.5069 18
    endloop
  endfacet
  facet normal 0.555363 -0.831608 0
    outer loop
      vertex -11.8244 33.4601 0
      vertex -11.6218 33.5954 12
      vertex -11.8244 33.4601 18
    endloop
  endfacet
  facet normal 0.555363 -0.831608 0
    outer loop
      vertex -11.6218 33.5954 12
      vertex -11.8244 33.4601 0
      vertex -11.6218 33.5954 0
    endloop
  endfacet
  facet normal 0.555586 -0.831459 0
    outer loop
      vertex -10.2577 34.5069 18
      vertex -11.6218 33.5954 12
      vertex -10.2577 34.5069 12
    endloop
  endfacet
  facet normal 0.442325 -0.896855 0
    outer loop
      vertex -13.5144 32.6266 0
      vertex -11.8244 33.4601 18
      vertex -13.5144 32.6266 18
    endloop
  endfacet
  facet normal 0.442325 -0.896855 0
    outer loop
      vertex -11.8244 33.4601 18
      vertex -13.5144 32.6266 0
      vertex -11.8244 33.4601 0
    endloop
  endfacet
  facet normal 0.321397 -0.946944 0
    outer loop
      vertex -15.2987 32.021 0
      vertex -13.5144 32.6266 18
      vertex -15.2987 32.021 18
    endloop
  endfacet
  facet normal 0.321397 -0.946944 0
    outer loop
      vertex -13.5144 32.6266 18
      vertex -15.2987 32.021 0
      vertex -13.5144 32.6266 0
    endloop
  endfacet
  facet normal 0.195038 -0.980796 1.34829e-18
    outer loop
      vertex -15.5376 31.9734 12
      vertex -17.1468 31.6534 18
      vertex -17.1468 31.6534 12
    endloop
  endfacet
  facet normal 0.195085 -0.980786 1.32604e-05
    outer loop
      vertex -17.1468 31.6534 18
      vertex -15.5376 31.9734 12
      vertex -15.2987 32.021 18
    endloop
  endfacet
  facet normal 0.195406 -0.980723 2.20742e-21
    outer loop
      vertex -15.2987 32.021 0
      vertex -15.5376 31.9734 12
      vertex -15.5376 31.9734 0
    endloop
  endfacet
  facet normal 0.195406 -0.980723 1.47161e-21
    outer loop
      vertex -15.5376 31.9734 12
      vertex -15.2987 32.021 0
      vertex -15.2987 32.021 18
    endloop
  endfacet
  facet normal 0.0654376 -0.997857 0
    outer loop
      vertex -19.027 31.5301 12
      vertex -17.1468 31.6534 18
      vertex -19.027 31.5301 18
    endloop
  endfacet
  facet normal 0.0654376 -0.997857 0
    outer loop
      vertex -17.1468 31.6534 18
      vertex -19.027 31.5301 12
      vertex -17.1468 31.6534 12
    endloop
  endfacet
  facet normal -0.0654341 -0.997857 0
    outer loop
      vertex -20.9073 31.6534 12
      vertex -19.027 31.5301 18
      vertex -20.9073 31.6534 18
    endloop
  endfacet
  facet normal -0.0654341 -0.997857 -0
    outer loop
      vertex -19.027 31.5301 18
      vertex -20.9073 31.6534 12
      vertex -19.027 31.5301 12
    endloop
  endfacet
  facet normal -0.195095 -0.980784 -3.60895e-07
    outer loop
      vertex -22.7553 32.021 18
      vertex -21.6855 31.8082 12
      vertex -20.9073 31.6534 18
    endloop
  endfacet
  facet normal -0.195093 -0.980785 0
    outer loop
      vertex -22.7553 32.021 0
      vertex -21.6855 31.8082 12
      vertex -22.7553 32.021 18
    endloop
  endfacet
  facet normal -0.195093 -0.980785 -0
    outer loop
      vertex -21.6855 31.8082 12
      vertex -22.7553 32.021 0
      vertex -21.6855 31.8082 0
    endloop
  endfacet
  facet normal -0.195098 -0.980784 -0
    outer loop
      vertex -20.9073 31.6534 18
      vertex -21.6855 31.8082 12
      vertex -20.9073 31.6534 12
    endloop
  endfacet
  facet normal -0.321445 -0.946928 0
    outer loop
      vertex -24.5396 32.6267 0
      vertex -22.7553 32.021 18
      vertex -24.5396 32.6267 18
    endloop
  endfacet
  facet normal -0.321445 -0.946928 -0
    outer loop
      vertex -22.7553 32.021 18
      vertex -24.5396 32.6267 0
      vertex -22.7553 32.021 0
    endloop
  endfacet
  facet normal -0.442215 -0.896909 0
    outer loop
      vertex -25.3087 33.0059 0
      vertex -24.5396 32.6267 18
      vertex -25.3087 33.0059 18
    endloop
  endfacet
  facet normal -0.442215 -0.896909 -0
    outer loop
      vertex -24.5396 32.6267 18
      vertex -25.3087 33.0059 0
      vertex -24.5396 32.6267 0
    endloop
  endfacet
  facet normal 0.603516 -0.797351 0
    outer loop
      vertex -25.7542 32.6687 0
      vertex -25.3087 33.0059 18
      vertex -25.7542 32.6687 18
    endloop
  endfacet
  facet normal 0.603516 -0.797351 0
    outer loop
      vertex -25.3087 33.0059 18
      vertex -25.7542 32.6687 0
      vertex -25.3087 33.0059 0
    endloop
  endfacet
  facet normal 0.634421 -0.772988 0
    outer loop
      vertex -27.0166 31.6326 0
      vertex -25.7542 32.6687 18
      vertex -27.0166 31.6326 18
    endloop
  endfacet
  facet normal 0.634421 -0.772988 0
    outer loop
      vertex -25.7542 32.6687 18
      vertex -27.0166 31.6326 0
      vertex -25.7542 32.6687 0
    endloop
  endfacet
  facet normal 0.664261 -0.7475 0
    outer loop
      vertex -28.2379 30.5473 0
      vertex -27.0166 31.6326 18
      vertex -28.2379 30.5473 18
    endloop
  endfacet
  facet normal 0.664261 -0.7475 0
    outer loop
      vertex -27.0166 31.6326 18
      vertex -28.2379 30.5473 0
      vertex -27.0166 31.6326 0
    endloop
  endfacet
  facet normal 0.693111 -0.720831 -7.64051e-18
    outer loop
      vertex -28.6222 30.1779 12
      vertex -29.4153 29.4153 18
      vertex -29.4153 29.4153 12
    endloop
  endfacet
  facet normal 0.693072 -0.720868 -9.80015e-06
    outer loop
      vertex -29.4153 29.4153 18
      vertex -28.6222 30.1779 12
      vertex -28.2379 30.5473 18
    endloop
  endfacet
  facet normal 0.692992 -0.720945 1.74664e-19
    outer loop
      vertex -28.2379 30.5473 0
      vertex -28.6222 30.1779 12
      vertex -28.6222 30.1779 0
    endloop
  endfacet
  facet normal 0.692992 -0.720945 1.16443e-19
    outer loop
      vertex -28.6222 30.1779 12
      vertex -28.2379 30.5473 0
      vertex -28.2379 30.5473 18
    endloop
  endfacet
  facet normal 0.720831 -0.693111 0
    outer loop
      vertex -29.4153 29.4153 18
      vertex -30.1779 28.6222 12
      vertex -29.4153 29.4153 12
    endloop
  endfacet
  facet normal 0.720868 -0.693072 -9.80015e-06
    outer loop
      vertex -30.5473 28.2379 18
      vertex -30.1779 28.6222 12
      vertex -29.4153 29.4153 18
    endloop
  endfacet
  facet normal 0.720945 -0.692992 0
    outer loop
      vertex -30.5473 28.2379 0
      vertex -30.1779 28.6222 12
      vertex -30.5473 28.2379 18
    endloop
  endfacet
  facet normal 0.720945 -0.692992 0
    outer loop
      vertex -30.1779 28.6222 12
      vertex -30.5473 28.2379 0
      vertex -30.1779 28.6222 0
    endloop
  endfacet
  facet normal 0.7475 -0.664261 -1.81685e-18
    outer loop
      vertex -31.6326 27.0166 18
      vertex -30.5473 28.2379 0
      vertex -30.5473 28.2379 18
    endloop
  endfacet
  facet normal 0.7475 -0.664261 -1.81685e-18
    outer loop
      vertex -30.5473 28.2379 0
      vertex -31.6326 27.0166 18
      vertex -31.6326 27.0166 0
    endloop
  endfacet
  facet normal 0.772988 -0.634421 8.63888e-19
    outer loop
      vertex -32.6687 25.7542 18
      vertex -31.6326 27.0166 0
      vertex -31.6326 27.0166 18
    endloop
  endfacet
  facet normal 0.772988 -0.634421 8.63888e-19
    outer loop
      vertex -31.6326 27.0166 0
      vertex -32.6687 25.7542 18
      vertex -32.6687 25.7542 0
    endloop
  endfacet
  facet normal 0.797351 -0.603516 7.28378e-19
    outer loop
      vertex -33.0059 25.3087 18
      vertex -32.6687 25.7542 0
      vertex -32.6687 25.7542 18
    endloop
  endfacet
  facet normal 0.797351 -0.603516 7.28378e-19
    outer loop
      vertex -32.6687 25.7542 0
      vertex -33.0059 25.3087 18
      vertex -33.0059 25.3087 0
    endloop
  endfacet
  facet normal 0.896909 0.442215 5.46503e-19
    outer loop
      vertex -32.6267 24.5396 18
      vertex -33.0059 25.3087 0
      vertex -33.0059 25.3087 18
    endloop
  endfacet
  facet normal 0.896909 0.442215 5.46503e-19
    outer loop
      vertex -33.0059 25.3087 0
      vertex -32.6267 24.5396 18
      vertex -32.6267 24.5396 0
    endloop
  endfacet
  facet normal 0.946928 0.321445 2.19281e-18
    outer loop
      vertex -32.021 22.7553 18
      vertex -32.6267 24.5396 0
      vertex -32.6267 24.5396 18
    endloop
  endfacet
  facet normal 0.946928 0.321445 2.19281e-18
    outer loop
      vertex -32.6267 24.5396 0
      vertex -32.021 22.7553 18
      vertex -32.021 22.7553 0
    endloop
  endfacet
  facet normal 0.980785 0.195093 0
    outer loop
      vertex -32.021 22.7553 18
      vertex -31.8082 21.6855 12
      vertex -32.021 22.7553 0
    endloop
  endfacet
  facet normal 0.980784 0.195095 -3.60895e-07
    outer loop
      vertex -31.6534 20.9073 18
      vertex -31.8082 21.6855 12
      vertex -32.021 22.7553 18
    endloop
  endfacet
  facet normal 0.980784 0.195098 6.14994e-20
    outer loop
      vertex -31.8082 21.6855 12
      vertex -31.6534 20.9073 18
      vertex -31.6534 20.9073 12
    endloop
  endfacet
  facet normal 0.980785 0.195093 -5.88547e-19
    outer loop
      vertex -32.021 22.7553 0
      vertex -31.8082 21.6855 12
      vertex -31.8082 21.6855 0
    endloop
  endfacet
  facet normal 0.997857 0.0654341 -7.77114e-19
    outer loop
      vertex -31.5301 19.027 18
      vertex -31.6534 20.9073 12
      vertex -31.6534 20.9073 18
    endloop
  endfacet
  facet normal 0.997857 0.0654341 -7.77114e-19
    outer loop
      vertex -31.6534 20.9073 12
      vertex -31.5301 19.027 18
      vertex -31.5301 19.027 12
    endloop
  endfacet
  facet normal 0.997857 -0.0654376 7.53894e-19
    outer loop
      vertex -31.6534 17.1468 18
      vertex -31.5301 19.027 12
      vertex -31.5301 19.027 18
    endloop
  endfacet
  facet normal 0.997857 -0.0654376 7.53894e-19
    outer loop
      vertex -31.5301 19.027 12
      vertex -31.6534 17.1468 18
      vertex -31.6534 17.1468 12
    endloop
  endfacet
  facet normal 0.980796 -0.195038 0
    outer loop
      vertex -31.6534 17.1468 18
      vertex -31.9734 15.5376 12
      vertex -31.6534 17.1468 12
    endloop
  endfacet
  facet normal 0.980786 -0.195085 1.32604e-05
    outer loop
      vertex -32.021 15.2987 18
      vertex -31.9734 15.5376 12
      vertex -31.6534 17.1468 18
    endloop
  endfacet
  facet normal 0.980723 -0.195406 0
    outer loop
      vertex -32.021 15.2987 0
      vertex -31.9734 15.5376 12
      vertex -32.021 15.2987 18
    endloop
  endfacet
  facet normal 0.980723 -0.195406 0
    outer loop
      vertex -31.9734 15.5376 12
      vertex -32.021 15.2987 0
      vertex -31.9734 15.5376 0
    endloop
  endfacet
  facet normal 0.946944 -0.321397 -3.11985e-18
    outer loop
      vertex -32.6266 13.5144 18
      vertex -32.021 15.2987 0
      vertex -32.021 15.2987 18
    endloop
  endfacet
  facet normal 0.946944 -0.321397 -3.11985e-18
    outer loop
      vertex -32.021 15.2987 0
      vertex -32.6266 13.5144 18
      vertex -32.6266 13.5144 0
    endloop
  endfacet
  facet normal 0.896855 -0.442325 2.17969e-18
    outer loop
      vertex -33.4601 11.8244 18
      vertex -32.6266 13.5144 0
      vertex -32.6266 13.5144 18
    endloop
  endfacet
  facet normal 0.896855 -0.442325 2.17969e-18
    outer loop
      vertex -32.6266 13.5144 0
      vertex -33.4601 11.8244 18
      vertex -33.4601 11.8244 0
    endloop
  endfacet
  facet normal 0.831608 -0.555363 0
    outer loop
      vertex -33.4601 11.8244 18
      vertex -33.5954 11.6218 12
      vertex -33.4601 11.8244 0
    endloop
  endfacet
  facet normal 0.831478 -0.555557 9.47954e-06
    outer loop
      vertex -34.5069 10.2577 18
      vertex -33.5954 11.6218 12
      vertex -33.4601 11.8244 18
    endloop
  endfacet
  facet normal 0.831459 -0.555586 -1.01093e-17
    outer loop
      vertex -33.5954 11.6218 12
      vertex -34.5069 10.2577 18
      vertex -34.5069 10.2577 12
    endloop
  endfacet
  facet normal 0.831608 -0.555363 5.73977e-19
    outer loop
      vertex -33.4601 11.8244 0
      vertex -33.5954 11.6218 12
      vertex -33.5954 11.6218 0
    endloop
  endfacet
  facet normal 0.751836 -0.65935 2.17768e-18
    outer loop
      vertex -35.7493 8.84103 18
      vertex -34.5069 10.2577 12
      vertex -34.5069 10.2577 18
    endloop
  endfacet
  facet normal 0.751836 -0.65935 2.17768e-18
    outer loop
      vertex -34.5069 10.2577 12
      vertex -35.7493 8.84103 18
      vertex -35.7493 8.84103 12
    endloop
  endfacet
  facet normal 0.659336 -0.751848 0
    outer loop
      vertex -37.166 7.59865 12
      vertex -35.7493 8.84103 18
      vertex -37.166 7.59865 18
    endloop
  endfacet
  facet normal 0.659336 -0.751848 0
    outer loop
      vertex -35.7493 8.84103 18
      vertex -37.166 7.59865 12
      vertex -35.7493 8.84103 12
    endloop
  endfacet
  facet normal 0.555579 -0.831464 -2.02254e-06
    outer loop
      vertex -38.7327 6.55179 18
      vertex -37.8258 7.15779 12
      vertex -37.166 7.59865 18
    endloop
  endfacet
  facet normal 0.555588 -0.831457 0
    outer loop
      vertex -38.7327 6.55179 0
      vertex -37.8258 7.15779 12
      vertex -38.7327 6.55179 18
    endloop
  endfacet
  facet normal 0.555588 -0.831457 0
    outer loop
      vertex -37.8258 7.15779 12
      vertex -38.7327 6.55179 0
      vertex -37.8258 7.15779 0
    endloop
  endfacet
  facet normal 0.555567 -0.831472 0
    outer loop
      vertex -37.166 7.59865 18
      vertex -37.8258 7.15779 12
      vertex -37.166 7.59865 12
    endloop
  endfacet
  facet normal 0.442278 -0.896878 0
    outer loop
      vertex -40.4227 5.7184 0
      vertex -38.7327 6.55179 18
      vertex -40.4227 5.7184 18
    endloop
  endfacet
  facet normal 0.442278 -0.896878 0
    outer loop
      vertex -38.7327 6.55179 18
      vertex -40.4227 5.7184 0
      vertex -38.7327 6.55179 0
    endloop
  endfacet
  facet normal 0.321443 -0.946929 0
    outer loop
      vertex -41.2347 5.44276 0
      vertex -40.4227 5.7184 18
      vertex -41.2347 5.44276 18
    endloop
  endfacet
  facet normal 0.321443 -0.946929 0
    outer loop
      vertex -40.4227 5.7184 18
      vertex -41.2347 5.44276 0
      vertex -40.4227 5.7184 0
    endloop
  endfacet
  facet normal 0.990575 -0.136968 1.01875e-19
    outer loop
      vertex -41.3112 4.8895 18
      vertex -41.2347 5.44276 0
      vertex -41.2347 5.44276 18
    endloop
  endfacet
  facet normal 0.990575 -0.136968 1.01875e-19
    outer loop
      vertex -41.2347 5.44276 0
      vertex -41.3112 4.8895 18
      vertex -41.3112 4.8895 0
    endloop
  endfacet
  facet normal 0.995184 -0.0980227 -5.52678e-19
    outer loop
      vertex -41.4713 3.26407 18
      vertex -41.3112 4.8895 0
      vertex -41.3112 4.8895 18
    endloop
  endfacet
  facet normal 0.995184 -0.0980227 -5.52678e-19
    outer loop
      vertex -41.3112 4.8895 0
      vertex -41.4713 3.26407 18
      vertex -41.4713 3.26407 0
    endloop
  endfacet
  facet normal 0.998265 -0.0588767 -1.20839e-19
    outer loop
      vertex -41.5675 1.63298 18
      vertex -41.4713 3.26407 0
      vertex -41.4713 3.26407 18
    endloop
  endfacet
  facet normal 0.998265 -0.0588767 -1.20839e-19
    outer loop
      vertex -41.4713 3.26407 0
      vertex -41.5675 1.63298 18
      vertex -41.5675 1.63298 0
    endloop
  endfacet
  facet normal 0.99981 -0.0195088 0
    outer loop
      vertex -41.5675 1.63298 18
      vertex -41.5779 1.09999 12
      vertex -41.5675 1.63298 0
    endloop
  endfacet
  facet normal 0.999808 -0.0195923 7.41732e-06
    outer loop
      vertex -41.5995 0 18
      vertex -41.5779 1.09999 12
      vertex -41.5675 1.63298 18
    endloop
  endfacet
  facet normal 0.999807 -0.0196328 1.98193e-19
    outer loop
      vertex -41.5779 1.09999 12
      vertex -41.5995 0 18
      vertex -41.5995 0 12
    endloop
  endfacet
  facet normal 0.99981 -0.0195088 -6.25431e-20
    outer loop
      vertex -41.5675 1.63298 0
      vertex -41.5779 1.09999 12
      vertex -41.5779 1.09999 0
    endloop
  endfacet
  facet normal 0.999807 0.0196328 0
    outer loop
      vertex -41.5995 0 18
      vertex -41.5779 -1.09999 12
      vertex -41.5995 0 12
    endloop
  endfacet
  facet normal 0.999808 0.0195923 7.41732e-06
    outer loop
      vertex -41.5675 -1.63298 18
      vertex -41.5779 -1.09999 12
      vertex -41.5995 0 18
    endloop
  endfacet
  facet normal 0.99981 0.0195088 -0
    outer loop
      vertex -41.5675 -1.63298 0
      vertex -41.5779 -1.09999 12
      vertex -41.5675 -1.63298 18
    endloop
  endfacet
  facet normal 0.99981 0.0195088 0
    outer loop
      vertex -41.5779 -1.09999 12
      vertex -41.5675 -1.63298 0
      vertex -41.5779 -1.09999 0
    endloop
  endfacet
  facet normal 0.998265 0.0588767 1.20839e-19
    outer loop
      vertex -41.4713 -3.26407 18
      vertex -41.5675 -1.63298 0
      vertex -41.5675 -1.63298 18
    endloop
  endfacet
  facet normal 0.998265 0.0588767 1.20839e-19
    outer loop
      vertex -41.5675 -1.63298 0
      vertex -41.4713 -3.26407 18
      vertex -41.4713 -3.26407 0
    endloop
  endfacet
  facet normal 0.995184 0.0980227 5.52678e-19
    outer loop
      vertex -41.3112 -4.8895 18
      vertex -41.4713 -3.26407 0
      vertex -41.4713 -3.26407 18
    endloop
  endfacet
  facet normal 0.995184 0.0980227 5.52678e-19
    outer loop
      vertex -41.4713 -3.26407 0
      vertex -41.3112 -4.8895 18
      vertex -41.3112 -4.8895 0
    endloop
  endfacet
  facet normal 0.990575 0.136968 -1.01875e-19
    outer loop
      vertex -41.2347 -5.44276 18
      vertex -41.3112 -4.8895 0
      vertex -41.3112 -4.8895 18
    endloop
  endfacet
  facet normal 0.990575 0.136968 -1.01875e-19
    outer loop
      vertex -41.3112 -4.8895 0
      vertex -41.2347 -5.44276 18
      vertex -41.2347 -5.44276 0
    endloop
  endfacet
  facet normal 0.321443 0.946929 -0
    outer loop
      vertex -40.4227 -5.7184 0
      vertex -41.2347 -5.44276 18
      vertex -40.4227 -5.7184 18
    endloop
  endfacet
  facet normal 0.321443 0.946929 0
    outer loop
      vertex -41.2347 -5.44276 18
      vertex -40.4227 -5.7184 0
      vertex -41.2347 -5.44276 0
    endloop
  endfacet
  facet normal 0.442278 0.896878 -0
    outer loop
      vertex -38.7327 -6.55179 0
      vertex -40.4227 -5.7184 18
      vertex -38.7327 -6.55179 18
    endloop
  endfacet
  facet normal 0.442278 0.896878 0
    outer loop
      vertex -40.4227 -5.7184 18
      vertex -38.7327 -6.55179 0
      vertex -40.4227 -5.7184 0
    endloop
  endfacet
  facet normal 0.555567 0.831472 1.85782e-18
    outer loop
      vertex -37.8258 -7.15779 12
      vertex -37.166 -7.59865 18
      vertex -37.166 -7.59865 12
    endloop
  endfacet
  facet normal 0.555579 0.831464 -2.02254e-06
    outer loop
      vertex -37.166 -7.59865 18
      vertex -37.8258 -7.15779 12
      vertex -38.7327 -6.55179 18
    endloop
  endfacet
  facet normal 0.555588 0.831457 2.89709e-18
    outer loop
      vertex -38.7327 -6.55179 0
      vertex -37.8258 -7.15779 12
      vertex -37.8258 -7.15779 0
    endloop
  endfacet
  facet normal 0.555588 0.831457 1.93139e-18
    outer loop
      vertex -37.8258 -7.15779 12
      vertex -38.7327 -6.55179 0
      vertex -38.7327 -6.55179 18
    endloop
  endfacet
  facet normal 0.659336 0.751848 -0
    outer loop
      vertex -35.7493 -8.84103 12
      vertex -37.166 -7.59865 18
      vertex -35.7493 -8.84103 18
    endloop
  endfacet
  facet normal 0.659336 0.751848 0
    outer loop
      vertex -37.166 -7.59865 18
      vertex -35.7493 -8.84103 12
      vertex -37.166 -7.59865 12
    endloop
  endfacet
  facet normal 0.751836 0.65935 -2.17768e-18
    outer loop
      vertex -34.5069 -10.2577 18
      vertex -35.7493 -8.84103 12
      vertex -35.7493 -8.84103 18
    endloop
  endfacet
  facet normal 0.751836 0.65935 -2.17768e-18
    outer loop
      vertex -35.7493 -8.84103 12
      vertex -34.5069 -10.2577 18
      vertex -34.5069 -10.2577 12
    endloop
  endfacet
  facet normal 0.831459 0.555586 0
    outer loop
      vertex -34.5069 -10.2577 18
      vertex -33.5954 -11.6218 12
      vertex -34.5069 -10.2577 12
    endloop
  endfacet
  facet normal 0.831478 0.555557 9.47954e-06
    outer loop
      vertex -33.4601 -11.8244 18
      vertex -33.5954 -11.6218 12
      vertex -34.5069 -10.2577 18
    endloop
  endfacet
  facet normal 0.831608 0.555363 -0
    outer loop
      vertex -33.4601 -11.8244 0
      vertex -33.5954 -11.6218 12
      vertex -33.4601 -11.8244 18
    endloop
  endfacet
  facet normal 0.831608 0.555363 0
    outer loop
      vertex -33.5954 -11.6218 12
      vertex -33.4601 -11.8244 0
      vertex -33.5954 -11.6218 0
    endloop
  endfacet
  facet normal 0.896855 0.442325 -2.17969e-18
    outer loop
      vertex -32.6266 -13.5144 18
      vertex -33.4601 -11.8244 0
      vertex -33.4601 -11.8244 18
    endloop
  endfacet
  facet normal 0.896855 0.442325 -2.17969e-18
    outer loop
      vertex -33.4601 -11.8244 0
      vertex -32.6266 -13.5144 18
      vertex -32.6266 -13.5144 0
    endloop
  endfacet
  facet normal 0.946944 0.321397 3.11985e-18
    outer loop
      vertex -32.021 -15.2987 18
      vertex -32.6266 -13.5144 0
      vertex -32.6266 -13.5144 18
    endloop
  endfacet
  facet normal 0.946944 0.321397 3.11985e-18
    outer loop
      vertex -32.6266 -13.5144 0
      vertex -32.021 -15.2987 18
      vertex -32.021 -15.2987 0
    endloop
  endfacet
  facet normal 0.980723 0.195406 0
    outer loop
      vertex -32.021 -15.2987 18
      vertex -31.9734 -15.5376 12
      vertex -32.021 -15.2987 0
    endloop
  endfacet
  facet normal 0.980786 0.195085 1.32604e-05
    outer loop
      vertex -31.6534 -17.1468 18
      vertex -31.9734 -15.5376 12
      vertex -32.021 -15.2987 18
    endloop
  endfacet
  facet normal 0.980796 0.195038 -1.34829e-18
    outer loop
      vertex -31.9734 -15.5376 12
      vertex -31.6534 -17.1468 18
      vertex -31.6534 -17.1468 12
    endloop
  endfacet
  facet normal 0.980723 0.195406 -2.20742e-21
    outer loop
      vertex -32.021 -15.2987 0
      vertex -31.9734 -15.5376 12
      vertex -31.9734 -15.5376 0
    endloop
  endfacet
  facet normal 0.997857 0.0654376 -7.53894e-19
    outer loop
      vertex -31.5301 -19.027 18
      vertex -31.6534 -17.1468 12
      vertex -31.6534 -17.1468 18
    endloop
  endfacet
  facet normal 0.997857 0.0654376 -7.53894e-19
    outer loop
      vertex -31.6534 -17.1468 12
      vertex -31.5301 -19.027 18
      vertex -31.5301 -19.027 12
    endloop
  endfacet
  facet normal 0.997857 -0.0654341 7.77114e-19
    outer loop
      vertex -31.6534 -20.9073 18
      vertex -31.5301 -19.027 12
      vertex -31.5301 -19.027 18
    endloop
  endfacet
  facet normal 0.997857 -0.0654341 7.77114e-19
    outer loop
      vertex -31.5301 -19.027 12
      vertex -31.6534 -20.9073 18
      vertex -31.6534 -20.9073 12
    endloop
  endfacet
  facet normal 0.980784 -0.195098 0
    outer loop
      vertex -31.6534 -20.9073 18
      vertex -31.8082 -21.6855 12
      vertex -31.6534 -20.9073 12
    endloop
  endfacet
  facet normal 0.980784 -0.195095 -3.60895e-07
    outer loop
      vertex -32.021 -22.7553 18
      vertex -31.8082 -21.6855 12
      vertex -31.6534 -20.9073 18
    endloop
  endfacet
  facet normal 0.980785 -0.195093 0
    outer loop
      vertex -32.021 -22.7553 0
      vertex -31.8082 -21.6855 12
      vertex -32.021 -22.7553 18
    endloop
  endfacet
  facet normal 0.980785 -0.195093 0
    outer loop
      vertex -31.8082 -21.6855 12
      vertex -32.021 -22.7553 0
      vertex -31.8082 -21.6855 0
    endloop
  endfacet
  facet normal 0.946928 -0.321445 -2.19281e-18
    outer loop
      vertex -32.6267 -24.5396 18
      vertex -32.021 -22.7553 0
      vertex -32.021 -22.7553 18
    endloop
  endfacet
  facet normal 0.946928 -0.321445 -2.19281e-18
    outer loop
      vertex -32.021 -22.7553 0
      vertex -32.6267 -24.5396 18
      vertex -32.6267 -24.5396 0
    endloop
  endfacet
  facet normal 0.896909 -0.442215 -5.46503e-19
    outer loop
      vertex -33.0059 -25.3087 18
      vertex -32.6267 -24.5396 0
      vertex -32.6267 -24.5396 18
    endloop
  endfacet
  facet normal 0.896909 -0.442215 -5.46503e-19
    outer loop
      vertex -32.6267 -24.5396 0
      vertex -33.0059 -25.3087 18
      vertex -33.0059 -25.3087 0
    endloop
  endfacet
  facet normal 0.797351 0.603516 -7.28378e-19
    outer loop
      vertex -32.6687 -25.7542 18
      vertex -33.0059 -25.3087 0
      vertex -33.0059 -25.3087 18
    endloop
  endfacet
  facet normal 0.797351 0.603516 -7.28378e-19
    outer loop
      vertex -33.0059 -25.3087 0
      vertex -32.6687 -25.7542 18
      vertex -32.6687 -25.7542 0
    endloop
  endfacet
  facet normal 0.772988 0.634421 -8.63888e-19
    outer loop
      vertex -31.6326 -27.0166 18
      vertex -32.6687 -25.7542 0
      vertex -32.6687 -25.7542 18
    endloop
  endfacet
  facet normal 0.772988 0.634421 -8.63888e-19
    outer loop
      vertex -32.6687 -25.7542 0
      vertex -31.6326 -27.0166 18
      vertex -31.6326 -27.0166 0
    endloop
  endfacet
  facet normal 0.7475 0.664261 1.81685e-18
    outer loop
      vertex -30.5473 -28.2379 18
      vertex -31.6326 -27.0166 0
      vertex -31.6326 -27.0166 18
    endloop
  endfacet
  facet normal 0.7475 0.664261 1.81685e-18
    outer loop
      vertex -31.6326 -27.0166 0
      vertex -30.5473 -28.2379 18
      vertex -30.5473 -28.2379 0
    endloop
  endfacet
  facet normal 0.720945 0.692992 0
    outer loop
      vertex -30.5473 -28.2379 18
      vertex -30.1779 -28.6222 12
      vertex -30.5473 -28.2379 0
    endloop
  endfacet
  facet normal 0.720868 0.693072 -9.80015e-06
    outer loop
      vertex -29.4153 -29.4153 18
      vertex -30.1779 -28.6222 12
      vertex -30.5473 -28.2379 18
    endloop
  endfacet
  facet normal 0.720831 0.693111 7.64051e-18
    outer loop
      vertex -30.1779 -28.6222 12
      vertex -29.4153 -29.4153 18
      vertex -29.4153 -29.4153 12
    endloop
  endfacet
  facet normal 0.720945 0.692992 -1.74664e-19
    outer loop
      vertex -30.5473 -28.2379 0
      vertex -30.1779 -28.6222 12
      vertex -30.1779 -28.6222 0
    endloop
  endfacet
  facet normal 0.693072 0.720868 -9.80015e-06
    outer loop
      vertex -28.2379 -30.5473 18
      vertex -28.6222 -30.1779 12
      vertex -29.4153 -29.4153 18
    endloop
  endfacet
  facet normal 0.692992 0.720945 -0
    outer loop
      vertex -28.2379 -30.5473 0
      vertex -28.6222 -30.1779 12
      vertex -28.2379 -30.5473 18
    endloop
  endfacet
  facet normal 0.692992 0.720945 0
    outer loop
      vertex -28.6222 -30.1779 12
      vertex -28.2379 -30.5473 0
      vertex -28.6222 -30.1779 0
    endloop
  endfacet
  facet normal 0.693111 0.720831 0
    outer loop
      vertex -29.4153 -29.4153 18
      vertex -28.6222 -30.1779 12
      vertex -29.4153 -29.4153 12
    endloop
  endfacet
  facet normal 0.664261 0.7475 -0
    outer loop
      vertex -27.0166 -31.6326 0
      vertex -28.2379 -30.5473 18
      vertex -27.0166 -31.6326 18
    endloop
  endfacet
  facet normal 0.664261 0.7475 0
    outer loop
      vertex -28.2379 -30.5473 18
      vertex -27.0166 -31.6326 0
      vertex -28.2379 -30.5473 0
    endloop
  endfacet
  facet normal 0.634421 0.772988 -0
    outer loop
      vertex -25.7542 -32.6687 0
      vertex -27.0166 -31.6326 18
      vertex -25.7542 -32.6687 18
    endloop
  endfacet
  facet normal 0.634421 0.772988 0
    outer loop
      vertex -27.0166 -31.6326 18
      vertex -25.7542 -32.6687 0
      vertex -27.0166 -31.6326 0
    endloop
  endfacet
  facet normal 0.603516 0.797351 -0
    outer loop
      vertex -25.3087 -33.0059 0
      vertex -25.7542 -32.6687 18
      vertex -25.3087 -33.0059 18
    endloop
  endfacet
  facet normal 0.603516 0.797351 0
    outer loop
      vertex -25.7542 -32.6687 18
      vertex -25.3087 -33.0059 0
      vertex -25.7542 -32.6687 0
    endloop
  endfacet
  facet normal -0.442215 0.896909 0
    outer loop
      vertex -24.5396 -32.6267 0
      vertex -25.3087 -33.0059 18
      vertex -24.5396 -32.6267 18
    endloop
  endfacet
  facet normal -0.442215 0.896909 0
    outer loop
      vertex -25.3087 -33.0059 18
      vertex -24.5396 -32.6267 0
      vertex -25.3087 -33.0059 0
    endloop
  endfacet
  facet normal -0.321445 0.946928 0
    outer loop
      vertex -22.7553 -32.021 0
      vertex -24.5396 -32.6267 18
      vertex -22.7553 -32.021 18
    endloop
  endfacet
  facet normal -0.321445 0.946928 0
    outer loop
      vertex -24.5396 -32.6267 18
      vertex -22.7553 -32.021 0
      vertex -24.5396 -32.6267 0
    endloop
  endfacet
  facet normal -0.195098 0.980784 -6.14994e-20
    outer loop
      vertex -21.6855 -31.8082 12
      vertex -20.9073 -31.6534 18
      vertex -20.9073 -31.6534 12
    endloop
  endfacet
  facet normal -0.195095 0.980784 -3.60895e-07
    outer loop
      vertex -20.9073 -31.6534 18
      vertex -21.6855 -31.8082 12
      vertex -22.7553 -32.021 18
    endloop
  endfacet
  facet normal -0.195093 0.980785 5.88547e-19
    outer loop
      vertex -22.7553 -32.021 0
      vertex -21.6855 -31.8082 12
      vertex -21.6855 -31.8082 0
    endloop
  endfacet
  facet normal -0.195093 0.980785 3.92365e-19
    outer loop
      vertex -21.6855 -31.8082 12
      vertex -22.7553 -32.021 0
      vertex -22.7553 -32.021 18
    endloop
  endfacet
  facet normal -0.0654341 0.997857 0
    outer loop
      vertex -19.027 -31.5301 12
      vertex -20.9073 -31.6534 18
      vertex -19.027 -31.5301 18
    endloop
  endfacet
  facet normal -0.0654341 0.997857 0
    outer loop
      vertex -20.9073 -31.6534 18
      vertex -19.027 -31.5301 12
      vertex -20.9073 -31.6534 12
    endloop
  endfacet
  facet normal 0.0654376 0.997857 -0
    outer loop
      vertex -17.1468 -31.6534 12
      vertex -19.027 -31.5301 18
      vertex -17.1468 -31.6534 18
    endloop
  endfacet
  facet normal 0.0654376 0.997857 0
    outer loop
      vertex -19.027 -31.5301 18
      vertex -17.1468 -31.6534 12
      vertex -19.027 -31.5301 12
    endloop
  endfacet
  facet normal 0.195085 0.980786 1.32604e-05
    outer loop
      vertex -15.2987 -32.021 18
      vertex -15.5376 -31.9734 12
      vertex -17.1468 -31.6534 18
    endloop
  endfacet
  facet normal 0.195406 0.980723 -0
    outer loop
      vertex -15.2987 -32.021 0
      vertex -15.5376 -31.9734 12
      vertex -15.2987 -32.021 18
    endloop
  endfacet
  facet normal 0.195406 0.980723 0
    outer loop
      vertex -15.5376 -31.9734 12
      vertex -15.2987 -32.021 0
      vertex -15.5376 -31.9734 0
    endloop
  endfacet
  facet normal 0.195038 0.980796 0
    outer loop
      vertex -17.1468 -31.6534 18
      vertex -15.5376 -31.9734 12
      vertex -17.1468 -31.6534 12
    endloop
  endfacet
  facet normal 0.321397 0.946944 -0
    outer loop
      vertex -13.5144 -32.6266 0
      vertex -15.2987 -32.021 18
      vertex -13.5144 -32.6266 18
    endloop
  endfacet
  facet normal 0.321397 0.946944 0
    outer loop
      vertex -15.2987 -32.021 18
      vertex -13.5144 -32.6266 0
      vertex -15.2987 -32.021 0
    endloop
  endfacet
  facet normal 0.442325 0.896855 -0
    outer loop
      vertex -11.8244 -33.4601 0
      vertex -13.5144 -32.6266 18
      vertex -11.8244 -33.4601 18
    endloop
  endfacet
  facet normal 0.442325 0.896855 0
    outer loop
      vertex -13.5144 -32.6266 18
      vertex -11.8244 -33.4601 0
      vertex -13.5144 -32.6266 0
    endloop
  endfacet
  facet normal 0.555586 0.831459 1.01093e-17
    outer loop
      vertex -11.6218 -33.5954 12
      vertex -10.2577 -34.5069 18
      vertex -10.2577 -34.5069 12
    endloop
  endfacet
  facet normal 0.555557 0.831478 9.47954e-06
    outer loop
      vertex -10.2577 -34.5069 18
      vertex -11.6218 -33.5954 12
      vertex -11.8244 -33.4601 18
    endloop
  endfacet
  facet normal 0.555363 0.831608 -5.73977e-19
    outer loop
      vertex -11.8244 -33.4601 0
      vertex -11.6218 -33.5954 12
      vertex -11.6218 -33.5954 0
    endloop
  endfacet
  facet normal 0.555363 0.831608 -3.82651e-19
    outer loop
      vertex -11.6218 -33.5954 12
      vertex -11.8244 -33.4601 0
      vertex -11.8244 -33.4601 18
    endloop
  endfacet
  facet normal 0.65935 0.751836 -0
    outer loop
      vertex -8.84103 -35.7493 12
      vertex -10.2577 -34.5069 18
      vertex -8.84103 -35.7493 18
    endloop
  endfacet
  facet normal 0.65935 0.751836 0
    outer loop
      vertex -10.2577 -34.5069 18
      vertex -8.84103 -35.7493 12
      vertex -10.2577 -34.5069 12
    endloop
  endfacet
  facet normal 0.751848 0.659336 -4.81297e-19
    outer loop
      vertex -7.59865 -37.166 18
      vertex -8.84103 -35.7493 12
      vertex -8.84103 -35.7493 18
    endloop
  endfacet
  facet normal 0.751848 0.659336 -4.81297e-19
    outer loop
      vertex -8.84103 -35.7493 12
      vertex -7.59865 -37.166 18
      vertex -7.59865 -37.166 12
    endloop
  endfacet
  facet normal 0.831472 0.555567 0
    outer loop
      vertex -7.59865 -37.166 18
      vertex -7.15779 -37.8258 12
      vertex -7.59865 -37.166 12
    endloop
  endfacet
  facet normal 0.831464 0.555579 -2.02254e-06
    outer loop
      vertex -6.55179 -38.7327 18
      vertex -7.15779 -37.8258 12
      vertex -7.59865 -37.166 18
    endloop
  endfacet
  facet normal 0.831457 0.555588 -0
    outer loop
      vertex -6.55179 -38.7327 0
      vertex -7.15779 -37.8258 12
      vertex -6.55179 -38.7327 18
    endloop
  endfacet
  facet normal 0.831457 0.555588 0
    outer loop
      vertex -7.15779 -37.8258 12
      vertex -6.55179 -38.7327 0
      vertex -7.15779 -37.8258 0
    endloop
  endfacet
  facet normal 0.896878 0.442278 1.92413e-18
    outer loop
      vertex -5.7184 -40.4227 18
      vertex -6.55179 -38.7327 0
      vertex -6.55179 -38.7327 18
    endloop
  endfacet
  facet normal 0.896878 0.442278 1.92413e-18
    outer loop
      vertex -6.55179 -38.7327 0
      vertex -5.7184 -40.4227 18
      vertex -5.7184 -40.4227 0
    endloop
  endfacet
  facet normal 0.946929 0.321443 5.85226e-19
    outer loop
      vertex -5.44276 -41.2347 18
      vertex -5.7184 -40.4227 0
      vertex -5.7184 -40.4227 18
    endloop
  endfacet
  facet normal 0.946929 0.321443 5.85226e-19
    outer loop
      vertex -5.7184 -40.4227 0
      vertex -5.44276 -41.2347 18
      vertex -5.44276 -41.2347 0
    endloop
  endfacet
  facet normal 0.136968 0.990575 -0
    outer loop
      vertex -4.8895 -41.3112 0
      vertex -5.44276 -41.2347 18
      vertex -4.8895 -41.3112 18
    endloop
  endfacet
  facet normal 0.136968 0.990575 0
    outer loop
      vertex -5.44276 -41.2347 18
      vertex -4.8895 -41.3112 0
      vertex -5.44276 -41.2347 0
    endloop
  endfacet
  facet normal 0.0980227 0.995184 -0
    outer loop
      vertex -3.26407 -41.4713 0
      vertex -4.8895 -41.3112 18
      vertex -3.26407 -41.4713 18
    endloop
  endfacet
  facet normal 0.0980227 0.995184 0
    outer loop
      vertex -4.8895 -41.3112 18
      vertex -3.26407 -41.4713 0
      vertex -4.8895 -41.3112 0
    endloop
  endfacet
  facet normal 0.0588767 0.998265 -0
    outer loop
      vertex -1.63298 -41.5675 0
      vertex -3.26407 -41.4713 18
      vertex -1.63298 -41.5675 18
    endloop
  endfacet
  facet normal 0.0588767 0.998265 0
    outer loop
      vertex -3.26407 -41.4713 18
      vertex -1.63298 -41.5675 0
      vertex -3.26407 -41.4713 0
    endloop
  endfacet
  facet normal 0.0196328 0.999807 -1.98193e-19
    outer loop
      vertex -1.09999 -41.5779 12
      vertex 0 -41.5995 18
      vertex 0 -41.5995 12
    endloop
  endfacet
  facet normal 0.0195923 0.999808 7.41732e-06
    outer loop
      vertex 0 -41.5995 18
      vertex -1.09999 -41.5779 12
      vertex -1.63298 -41.5675 18
    endloop
  endfacet
  facet normal 0.0195088 0.99981 6.25431e-20
    outer loop
      vertex -1.63298 -41.5675 0
      vertex -1.09999 -41.5779 12
      vertex -1.09999 -41.5779 0
    endloop
  endfacet
  facet normal 0.0195088 0.99981 4.16954e-20
    outer loop
      vertex -1.09999 -41.5779 12
      vertex -1.63298 -41.5675 0
      vertex -1.63298 -41.5675 18
    endloop
  endfacet
  facet normal -0.0195923 0.999808 7.41732e-06
    outer loop
      vertex 1.63298 -41.5675 18
      vertex 1.09999 -41.5779 12
      vertex 0 -41.5995 18
    endloop
  endfacet
  facet normal -0.0195088 0.99981 0
    outer loop
      vertex 1.63298 -41.5675 0
      vertex 1.09999 -41.5779 12
      vertex 1.63298 -41.5675 18
    endloop
  endfacet
  facet normal -0.0195088 0.99981 0
    outer loop
      vertex 1.09999 -41.5779 12
      vertex 1.63298 -41.5675 0
      vertex 1.09999 -41.5779 0
    endloop
  endfacet
  facet normal -0.0196328 0.999807 0
    outer loop
      vertex 0 -41.5995 18
      vertex 1.09999 -41.5779 12
      vertex 0 -41.5995 12
    endloop
  endfacet
  facet normal 0 0 1
    outer loop
      vertex 35.8543 25.493 4
      vertex 41.9075 25.5524 4
      vertex 39.6426 28.802 4
    endloop
  endfacet
  facet normal 0 0 1
    outer loop
      vertex 41.9075 25.5524 4
      vertex 35.8543 25.493 4
      vertex 39.8824 22.5216 4
    endloop
  endfacet
  facet normal -0 0 1
    outer loop
      vertex 35.543 25.027 4
      vertex 39.8824 22.5216 4
      vertex 35.8543 25.493 4
    endloop
  endfacet
  facet normal 0 0 1
    outer loop
      vertex 39.8824 22.5216 4
      vertex 35.543 25.027 4
      vertex 39.4781 21.7018 4
    endloop
  endfacet
  facet normal 0 0 1
    outer loop
      vertex 35.5967 25.8625 4
      vertex 39.6426 28.802 4
      vertex 38.4813 30.3362 4
    endloop
  endfacet
  facet normal -0 0 1
    outer loop
      vertex 34.8487 23.6192 4
      vertex 39.4781 21.7018 4
      vertex 35.543 25.027 4
    endloop
  endfacet
  facet normal 0 0 1
    outer loop
      vertex 39.4781 21.7018 4
      vertex 34.8487 23.6192 4
      vertex 39.1842 20.836 4
    endloop
  endfacet
  facet normal -0 0 1
    outer loop
      vertex 34.3442 22.1328 4
      vertex 39.1842 20.836 4
      vertex 34.8487 23.6192 4
    endloop
  endfacet
  facet normal 0 0 1
    outer loop
      vertex 34.5539 27.2401 4
      vertex 38.4813 30.3362 4
      vertex 37.2606 31.8236 4
    endloop
  endfacet
  facet normal 0 0 1
    outer loop
      vertex 38.946 19.027 4
      vertex 37.45 10.5417 4
      vertex 38.6301 9.50677 4
    endloop
  endfacet
  facet normal 0 0 1
    outer loop
      vertex 33.4579 28.5757 4
      vertex 37.2606 31.8236 4
      vertex 35.9825 33.2619 4
    endloop
  endfacet
  facet normal 0 0 1
    outer loop
      vertex 38.946 19.027 4
      vertex 36.415 11.7219 4
      vertex 37.45 10.5417 4
    endloop
  endfacet
  facet normal 0 0 1
    outer loop
      vertex 39.1842 20.836 4
      vertex 34.3442 22.1328 4
      vertex 39.0058 19.9392 4
    endloop
  endfacet
  facet normal 0 0 1
    outer loop
      vertex 38.946 19.027 4
      vertex 35.543 13.027 4
      vertex 36.415 11.7219 4
    endloop
  endfacet
  facet normal -0 0 1
    outer loop
      vertex 34.0379 20.5933 4
      vertex 39.0058 19.9392 4
      vertex 34.3442 22.1328 4
    endloop
  endfacet
  facet normal 0 0 1
    outer loop
      vertex 38.946 19.027 4
      vertex 34.8487 14.4348 4
      vertex 35.543 13.027 4
    endloop
  endfacet
  facet normal 0 0 1
    outer loop
      vertex 39.0058 19.9392 4
      vertex 34.0379 20.5933 4
      vertex 38.946 19.027 4
    endloop
  endfacet
  facet normal 0 0 1
    outer loop
      vertex 38.946 19.027 4
      vertex 34.3442 15.9212 4
      vertex 34.8487 14.4348 4
    endloop
  endfacet
  facet normal 0 0 1
    outer loop
      vertex 33.9353 19.027 4
      vertex 38.946 19.027 4
      vertex 34.0379 20.5933 4
    endloop
  endfacet
  facet normal 0 0 1
    outer loop
      vertex 38.946 19.027 4
      vertex 34.0379 17.4607 4
      vertex 34.3442 15.9212 4
    endloop
  endfacet
  facet normal 0 0 1
    outer loop
      vertex 38.946 19.027 4
      vertex 33.9353 19.027 4
      vertex 34.0379 17.4607 4
    endloop
  endfacet
  facet normal 0 0 1
    outer loop
      vertex 44 0 4
      vertex 49.001 0 4
      vertex 48.9632 1.92377 4
    endloop
  endfacet
  facet normal 0 0 1
    outer loop
      vertex 43.9661 1.72742 4
      vertex 48.9632 1.92377 4
      vertex 48.8499 3.84456 4
    endloop
  endfacet
  facet normal 0 0 1
    outer loop
      vertex 49.001 0 4
      vertex 44 0 4
      vertex 48.9632 -1.92377 4
    endloop
  endfacet
  facet normal 0 0 1
    outer loop
      vertex 43.8643 3.45219 4
      vertex 48.8499 3.84456 4
      vertex 48.6613 5.75941 4
    endloop
  endfacet
  facet normal -0 0 1
    outer loop
      vertex 43.9661 -1.72742 4
      vertex 48.9632 -1.92377 4
      vertex 44 0 4
    endloop
  endfacet
  facet normal 0 0 1
    outer loop
      vertex 43.695 5.17163 4
      vertex 48.6613 5.75941 4
      vertex 48.3977 7.66542 4
    endloop
  endfacet
  facet normal 0 0 1
    outer loop
      vertex 48.9632 -1.92377 4
      vertex 43.9661 -1.72742 4
      vertex 48.8499 -3.84456 4
    endloop
  endfacet
  facet normal 0 0 1
    outer loop
      vertex 43.3791 7.32657 4
      vertex 48.3977 7.66542 4
      vertex 47.7013 11.5648 4
    endloop
  endfacet
  facet normal 0 0 1
    outer loop
      vertex 48.9632 1.92377 4
      vertex 43.9661 1.72742 4
      vertex 44 0 4
    endloop
  endfacet
  facet normal 0 0 1
    outer loop
      vertex 43.3791 7.32657 4
      vertex 47.7013 11.5648 4
      vertex 44.1263 12.2759 4
    endloop
  endfacet
  facet normal 0 0 1
    outer loop
      vertex 48.8499 3.84456 4
      vertex 43.8643 3.45219 4
      vertex 43.9661 1.72742 4
    endloop
  endfacet
  facet normal -0 0 1
    outer loop
      vertex 43.695 -5.17163 4
      vertex 48.6613 -5.75941 4
      vertex 43.8643 -3.45219 4
    endloop
  endfacet
  facet normal 0 0 1
    outer loop
      vertex 48.8499 -3.84456 4
      vertex 43.8643 -3.45219 4
      vertex 48.6613 -5.75941 4
    endloop
  endfacet
  facet normal -0 0 1
    outer loop
      vertex 43.8643 -3.45219 4
      vertex 48.8499 -3.84456 4
      vertex 43.9661 -1.72742 4
    endloop
  endfacet
  facet normal 0 0 1
    outer loop
      vertex 48.6613 5.75941 4
      vertex 43.695 5.17163 4
      vertex 43.8643 3.45219 4
    endloop
  endfacet
  facet normal 0 0 1
    outer loop
      vertex 48.3977 7.66542 4
      vertex 43.4583 6.8831 4
      vertex 43.695 5.17163 4
    endloop
  endfacet
  facet normal 0 0 1
    outer loop
      vertex 48.3977 7.66542 4
      vertex 43.3791 7.32657 4
      vertex 43.4583 6.8831 4
    endloop
  endfacet
  facet normal 0 0 1
    outer loop
      vertex 42.8295 7.4359 4
      vertex 44.1263 12.2759 4
      vertex 43.2606 12.5698 4
    endloop
  endfacet
  facet normal 0 0 1
    outer loop
      vertex 44.1263 12.2759 4
      vertex 42.8295 7.4359 4
      vertex 43.3791 7.32657 4
    endloop
  endfacet
  facet normal 0 0 1
    outer loop
      vertex 41.3431 7.94046 4
      vertex 43.2606 12.5698 4
      vertex 42.4407 12.9741 4
    endloop
  endfacet
  facet normal 0 0 1
    outer loop
      vertex 39.9353 8.6347 4
      vertex 42.4407 12.9741 4
      vertex 41.6805 13.4821 4
    endloop
  endfacet
  facet normal 0 0 1
    outer loop
      vertex 43.2606 12.5698 4
      vertex 41.3431 7.94046 4
      vertex 42.8295 7.4359 4
    endloop
  endfacet
  facet normal 0 0 1
    outer loop
      vertex 38.6301 9.50677 4
      vertex 41.6805 13.4821 4
      vertex 40.9931 14.0849 4
    endloop
  endfacet
  facet normal 0 0 1
    outer loop
      vertex 38.6301 9.50677 4
      vertex 40.9931 14.0849 4
      vertex 40.3903 14.7722 4
    endloop
  endfacet
  facet normal 0 0 1
    outer loop
      vertex 42.4407 12.9741 4
      vertex 39.9353 8.6347 4
      vertex 41.3431 7.94046 4
    endloop
  endfacet
  facet normal 0 0 1
    outer loop
      vertex 38.6301 9.50677 4
      vertex 40.3903 14.7722 4
      vertex 39.8824 15.5323 4
    endloop
  endfacet
  facet normal 0 0 1
    outer loop
      vertex 38.6301 9.50677 4
      vertex 39.8824 15.5323 4
      vertex 39.4781 16.3523 4
    endloop
  endfacet
  facet normal 0 0 1
    outer loop
      vertex 38.6301 9.50677 4
      vertex 39.4781 16.3523 4
      vertex 39.1842 17.2181 4
    endloop
  endfacet
  facet normal 0 0 1
    outer loop
      vertex 38.6301 9.50677 4
      vertex 39.1842 17.2181 4
      vertex 39.0058 18.1148 4
    endloop
  endfacet
  facet normal 0 0 1
    outer loop
      vertex 41.6805 13.4821 4
      vertex 38.6301 9.50677 4
      vertex 39.9353 8.6347 4
    endloop
  endfacet
  facet normal 0 0 1
    outer loop
      vertex 38.6301 9.50677 4
      vertex 39.0058 18.1148 4
      vertex 38.946 19.027 4
    endloop
  endfacet
  facet normal 0 0 1
    outer loop
      vertex 48.6613 -5.75941 4
      vertex 43.695 -5.17163 4
      vertex 48.3977 -7.66542 4
    endloop
  endfacet
  facet normal -0 0 1
    outer loop
      vertex 43.4583 -6.8831 4
      vertex 48.3977 -7.66542 4
      vertex 43.695 -5.17163 4
    endloop
  endfacet
  facet normal -0 0 1
    outer loop
      vertex 43.3791 -7.32657 4
      vertex 48.3977 -7.66542 4
      vertex 43.4583 -6.8831 4
    endloop
  endfacet
  facet normal 0 0 1
    outer loop
      vertex 48.3977 -7.66542 4
      vertex 43.3791 -7.32657 4
      vertex 47.7013 -11.5648 4
    endloop
  endfacet
  facet normal 0 0 1
    outer loop
      vertex 47.7013 -11.5648 4
      vertex 43.3791 -7.32657 4
      vertex 44.1263 -12.2759 4
    endloop
  endfacet
  facet normal -0 0 1
    outer loop
      vertex 42.8295 -7.4359 4
      vertex 44.1263 -12.2759 4
      vertex 43.3791 -7.32657 4
    endloop
  endfacet
  facet normal 0 0 1
    outer loop
      vertex 44.1263 -12.2759 4
      vertex 42.8295 -7.4359 4
      vertex 43.2606 -12.5698 4
    endloop
  endfacet
  facet normal -0 0 1
    outer loop
      vertex 41.3431 -7.94046 4
      vertex 43.2606 -12.5698 4
      vertex 42.8295 -7.4359 4
    endloop
  endfacet
  facet normal 0 0 1
    outer loop
      vertex 43.2606 -12.5698 4
      vertex 41.3431 -7.94046 4
      vertex 42.4407 -12.9741 4
    endloop
  endfacet
  facet normal -0 0 1
    outer loop
      vertex 39.9353 -8.6347 4
      vertex 42.4407 -12.9741 4
      vertex 41.3431 -7.94046 4
    endloop
  endfacet
  facet normal 0 0 1
    outer loop
      vertex 42.4407 -12.9741 4
      vertex 39.9353 -8.6347 4
      vertex 41.6805 -13.4821 4
    endloop
  endfacet
  facet normal -0 0 1
    outer loop
      vertex 38.6301 -9.50677 4
      vertex 41.6805 -13.4821 4
      vertex 39.9353 -8.6347 4
    endloop
  endfacet
  facet normal 0 0 1
    outer loop
      vertex 41.6805 -13.4821 4
      vertex 38.6301 -9.50677 4
      vertex 40.9931 -14.0849 4
    endloop
  endfacet
  facet normal -0 0 1
    outer loop
      vertex 37.45 -10.5417 4
      vertex 40.9931 -14.0849 4
      vertex 38.6301 -9.50677 4
    endloop
  endfacet
  facet normal 0 0 1
    outer loop
      vertex 40.9931 -14.0849 4
      vertex 37.45 -10.5417 4
      vertex 40.3903 -14.7722 4
    endloop
  endfacet
  facet normal -0 0 1
    outer loop
      vertex 36.415 -11.7219 4
      vertex 40.3903 -14.7722 4
      vertex 37.45 -10.5417 4
    endloop
  endfacet
  facet normal 0 0 1
    outer loop
      vertex 40.3903 -14.7722 4
      vertex 36.415 -11.7219 4
      vertex 39.8824 -15.5323 4
    endloop
  endfacet
  facet normal 0 0 1
    outer loop
      vertex 39.8824 -15.5323 4
      vertex 35.543 -13.027 4
      vertex 39.4781 -16.3523 4
    endloop
  endfacet
  facet normal -0 0 1
    outer loop
      vertex 35.543 -13.027 4
      vertex 39.8824 -15.5323 4
      vertex 36.415 -11.7219 4
    endloop
  endfacet
  facet normal -0 0 1
    outer loop
      vertex 35.8543 -25.493 4
      vertex 41.9075 -25.5524 4
      vertex 39.8824 -22.5216 4
    endloop
  endfacet
  facet normal 0 0 1
    outer loop
      vertex 35.543 -25.027 4
      vertex 39.8824 -22.5216 4
      vertex 39.4781 -21.7018 4
    endloop
  endfacet
  facet normal 0 0 1
    outer loop
      vertex 34.8487 -23.6192 4
      vertex 39.4781 -21.7018 4
      vertex 39.1842 -20.836 4
    endloop
  endfacet
  facet normal 0 0 1
    outer loop
      vertex 34.3442 -22.1328 4
      vertex 39.1842 -20.836 4
      vertex 39.0058 -19.9392 4
    endloop
  endfacet
  facet normal 0 0 1
    outer loop
      vertex 41.9075 -25.5524 4
      vertex 35.8543 -25.493 4
      vertex 39.6426 -28.802 4
    endloop
  endfacet
  facet normal 0 0 1
    outer loop
      vertex 34.0379 -20.5933 4
      vertex 39.0058 -19.9392 4
      vertex 38.946 -19.027 4
    endloop
  endfacet
  facet normal -0 0 1
    outer loop
      vertex 34.8487 -14.4348 4
      vertex 39.4781 -16.3523 4
      vertex 35.543 -13.027 4
    endloop
  endfacet
  facet normal 0 0 1
    outer loop
      vertex 39.4781 -16.3523 4
      vertex 34.8487 -14.4348 4
      vertex 39.1842 -17.2181 4
    endloop
  endfacet
  facet normal -0 0 1
    outer loop
      vertex 35.5967 -25.8625 4
      vertex 39.6426 -28.802 4
      vertex 35.8543 -25.493 4
    endloop
  endfacet
  facet normal -0 0 1
    outer loop
      vertex 34.3442 -15.9212 4
      vertex 39.1842 -17.2181 4
      vertex 34.8487 -14.4348 4
    endloop
  endfacet
  facet normal 0 0 1
    outer loop
      vertex 39.6426 -28.802 4
      vertex 35.5967 -25.8625 4
      vertex 38.4813 -30.3362 4
    endloop
  endfacet
  facet normal -0 0 1
    outer loop
      vertex 34.5539 -27.2401 4
      vertex 38.4813 -30.3362 4
      vertex 35.5967 -25.8625 4
    endloop
  endfacet
  facet normal 0 0 1
    outer loop
      vertex 39.1842 -17.2181 4
      vertex 34.3442 -15.9212 4
      vertex 39.0058 -18.1148 4
    endloop
  endfacet
  facet normal -0 0 1
    outer loop
      vertex 34.0379 -17.4607 4
      vertex 39.0058 -18.1148 4
      vertex 34.3442 -15.9212 4
    endloop
  endfacet
  facet normal 0 0 1
    outer loop
      vertex 39.4781 -21.7018 4
      vertex 34.8487 -23.6192 4
      vertex 35.543 -25.027 4
    endloop
  endfacet
  facet normal 0 0 1
    outer loop
      vertex 39.8824 -22.5216 4
      vertex 35.543 -25.027 4
      vertex 35.8543 -25.493 4
    endloop
  endfacet
  facet normal 0 0 1
    outer loop
      vertex 39.0058 -18.1148 4
      vertex 34.0379 -17.4607 4
      vertex 38.946 -19.027 4
    endloop
  endfacet
  facet normal 0 0 1
    outer loop
      vertex 39.1842 -20.836 4
      vertex 34.3442 -22.1328 4
      vertex 34.8487 -23.6192 4
    endloop
  endfacet
  facet normal 0 0 1
    outer loop
      vertex 33.9353 -19.027 4
      vertex 38.946 -19.027 4
      vertex 34.0379 -17.4607 4
    endloop
  endfacet
  facet normal 0 0 1
    outer loop
      vertex 39.0058 -19.9392 4
      vertex 34.0379 -20.5933 4
      vertex 34.3442 -22.1328 4
    endloop
  endfacet
  facet normal 0 0 1
    outer loop
      vertex 38.946 -19.027 4
      vertex 33.9353 -19.027 4
      vertex 34.0379 -20.5933 4
    endloop
  endfacet
  facet normal 0 0 1
    outer loop
      vertex 39.6426 28.802 4
      vertex 35.5967 25.8625 4
      vertex 35.8543 25.493 4
    endloop
  endfacet
  facet normal 0 0 1
    outer loop
      vertex 32.3102 29.8672 4
      vertex 35.9825 33.2619 4
      vertex 34.6489 34.6489 4
    endloop
  endfacet
  facet normal 0 0 1
    outer loop
      vertex 38.4813 30.3362 4
      vertex 34.5539 27.2401 4
      vertex 35.5967 25.8625 4
    endloop
  endfacet
  facet normal 0 0 1
    outer loop
      vertex 37.2606 31.8236 4
      vertex 33.4579 28.5757 4
      vertex 34.5539 27.2401 4
    endloop
  endfacet
  facet normal 0 0 1
    outer loop
      vertex 31.1127 31.1127 4
      vertex 34.6489 34.6489 4
      vertex 33.2619 35.9825 4
    endloop
  endfacet
  facet normal 0 0 1
    outer loop
      vertex 35.9825 33.2619 4
      vertex 32.3102 29.8672 4
      vertex 33.4579 28.5757 4
    endloop
  endfacet
  facet normal 0 0 1
    outer loop
      vertex 29.8672 32.3102 4
      vertex 33.2619 35.9825 4
      vertex 31.8236 37.2606 4
    endloop
  endfacet
  facet normal 0 0 1
    outer loop
      vertex 34.6489 34.6489 4
      vertex 31.1127 31.1127 4
      vertex 32.3102 29.8672 4
    endloop
  endfacet
  facet normal 0 0 1
    outer loop
      vertex 28.5757 33.4579 4
      vertex 31.8236 37.2606 4
      vertex 30.3362 38.4813 4
    endloop
  endfacet
  facet normal 0 0 1
    outer loop
      vertex 33.2619 35.9825 4
      vertex 29.8672 32.3102 4
      vertex 31.1127 31.1127 4
    endloop
  endfacet
  facet normal 0 0 1
    outer loop
      vertex 27.2401 34.5539 4
      vertex 30.3362 38.4813 4
      vertex 28.802 39.6426 4
    endloop
  endfacet
  facet normal 0 0 1
    outer loop
      vertex 31.8236 37.2606 4
      vertex 28.5757 33.4579 4
      vertex 29.8672 32.3102 4
    endloop
  endfacet
  facet normal 0 0 1
    outer loop
      vertex 30.3362 38.4813 4
      vertex 27.2401 34.5539 4
      vertex 28.5757 33.4579 4
    endloop
  endfacet
  facet normal 0 0 1
    outer loop
      vertex 28.802 39.6426 4
      vertex 25.8625 35.5967 4
      vertex 27.2401 34.5539 4
    endloop
  endfacet
  facet normal 0 0 1
    outer loop
      vertex 25.493 35.8543 4
      vertex 28.802 39.6426 4
      vertex 25.5524 41.9075 4
    endloop
  endfacet
  facet normal 0 0 1
    outer loop
      vertex 28.802 39.6426 4
      vertex 25.493 35.8543 4
      vertex 25.8625 35.5967 4
    endloop
  endfacet
  facet normal -0 0 1
    outer loop
      vertex 22.5216 39.8824 4
      vertex 25.493 35.8543 4
      vertex 25.5524 41.9075 4
    endloop
  endfacet
  facet normal 0 0 1
    outer loop
      vertex 25.493 35.8543 4
      vertex 22.5216 39.8824 4
      vertex 25.027 35.543 4
    endloop
  endfacet
  facet normal 0 0 1
    outer loop
      vertex 25.027 35.543 4
      vertex 22.5216 39.8824 4
      vertex 23.6192 34.8487 4
    endloop
  endfacet
  facet normal -0 0 1
    outer loop
      vertex 21.7018 39.4781 4
      vertex 23.6192 34.8487 4
      vertex 22.5216 39.8824 4
    endloop
  endfacet
  facet normal 0 0 1
    outer loop
      vertex 23.6192 34.8487 4
      vertex 21.7018 39.4781 4
      vertex 22.1328 34.3442 4
    endloop
  endfacet
  facet normal -0 0 1
    outer loop
      vertex 20.836 39.1842 4
      vertex 22.1328 34.3442 4
      vertex 21.7018 39.4781 4
    endloop
  endfacet
  facet normal 0 0 1
    outer loop
      vertex 20.836 39.1842 4
      vertex 20.5933 34.0379 4
      vertex 22.1328 34.3442 4
    endloop
  endfacet
  facet normal -0 0 1
    outer loop
      vertex 19.9392 39.0058 4
      vertex 20.5933 34.0379 4
      vertex 20.836 39.1842 4
    endloop
  endfacet
  facet normal -0 0 1
    outer loop
      vertex 19.027 38.946 4
      vertex 20.5933 34.0379 4
      vertex 19.9392 39.0058 4
    endloop
  endfacet
  facet normal 0 0 1
    outer loop
      vertex 19.027 38.946 4
      vertex 19.027 33.9353 4
      vertex 20.5933 34.0379 4
    endloop
  endfacet
  facet normal 0 0 1
    outer loop
      vertex 18.1148 39.0058 4
      vertex 19.027 33.9353 4
      vertex 19.027 38.946 4
    endloop
  endfacet
  facet normal 0 0 1
    outer loop
      vertex 18.1148 39.0058 4
      vertex 17.4607 34.0379 4
      vertex 19.027 33.9353 4
    endloop
  endfacet
  facet normal 0 0 1
    outer loop
      vertex 17.2181 39.1842 4
      vertex 17.4607 34.0379 4
      vertex 18.1148 39.0058 4
    endloop
  endfacet
  facet normal 0 0 1
    outer loop
      vertex 15.9212 34.3442 4
      vertex 17.2181 39.1842 4
      vertex 16.3523 39.4781 4
    endloop
  endfacet
  facet normal 0 0 1
    outer loop
      vertex 17.2181 39.1842 4
      vertex 15.9212 34.3442 4
      vertex 17.4607 34.0379 4
    endloop
  endfacet
  facet normal 0 0 1
    outer loop
      vertex 14.4348 34.8487 4
      vertex 16.3523 39.4781 4
      vertex 15.5323 39.8824 4
    endloop
  endfacet
  facet normal 0 0 1
    outer loop
      vertex 13.027 35.543 4
      vertex 15.5323 39.8824 4
      vertex 14.7722 40.3903 4
    endloop
  endfacet
  facet normal 0 0 1
    outer loop
      vertex 16.3523 39.4781 4
      vertex 14.4348 34.8487 4
      vertex 15.9212 34.3442 4
    endloop
  endfacet
  facet normal 0 0 1
    outer loop
      vertex 11.7219 36.415 4
      vertex 14.7722 40.3903 4
      vertex 14.0849 40.9931 4
    endloop
  endfacet
  facet normal 0 0 1
    outer loop
      vertex 10.5417 37.45 4
      vertex 14.0849 40.9931 4
      vertex 13.4821 41.6805 4
    endloop
  endfacet
  facet normal 0 0 1
    outer loop
      vertex 15.5323 39.8824 4
      vertex 13.027 35.543 4
      vertex 14.4348 34.8487 4
    endloop
  endfacet
  facet normal 0 0 1
    outer loop
      vertex 9.50677 38.6301 4
      vertex 13.4821 41.6805 4
      vertex 12.9741 42.4407 4
    endloop
  endfacet
  facet normal 0 0 1
    outer loop
      vertex 8.6347 39.9353 4
      vertex 12.9741 42.4407 4
      vertex 12.5698 43.2606 4
    endloop
  endfacet
  facet normal 0 0 1
    outer loop
      vertex 7.94046 41.3431 4
      vertex 12.5698 43.2606 4
      vertex 12.2759 44.1263 4
    endloop
  endfacet
  facet normal 0 0 1
    outer loop
      vertex 14.7722 40.3903 4
      vertex 11.7219 36.415 4
      vertex 13.027 35.543 4
    endloop
  endfacet
  facet normal 0 0 1
    outer loop
      vertex 7.32657 43.3791 4
      vertex 12.2759 44.1263 4
      vertex 11.5648 47.7013 4
    endloop
  endfacet
  facet normal 0 0 1
    outer loop
      vertex 14.0849 40.9931 4
      vertex 10.5417 37.45 4
      vertex 11.7219 36.415 4
    endloop
  endfacet
  facet normal 0 0 1
    outer loop
      vertex 13.4821 41.6805 4
      vertex 9.50677 38.6301 4
      vertex 10.5417 37.45 4
    endloop
  endfacet
  facet normal 0 0 1
    outer loop
      vertex 12.9741 42.4407 4
      vertex 8.6347 39.9353 4
      vertex 9.50677 38.6301 4
    endloop
  endfacet
  facet normal 0 0 1
    outer loop
      vertex 12.5698 43.2606 4
      vertex 7.94046 41.3431 4
      vertex 8.6347 39.9353 4
    endloop
  endfacet
  facet normal 0 0 1
    outer loop
      vertex 7.32657 43.3791 4
      vertex 11.5648 47.7013 4
      vertex 7.66542 48.3977 4
    endloop
  endfacet
  facet normal 0 0 1
    outer loop
      vertex 12.2759 44.1263 4
      vertex 7.32657 43.3791 4
      vertex 7.4359 42.8295 4
    endloop
  endfacet
  facet normal 0 0 1
    outer loop
      vertex 12.2759 44.1263 4
      vertex 7.4359 42.8295 4
      vertex 7.94046 41.3431 4
    endloop
  endfacet
  facet normal 0 0 1
    outer loop
      vertex 7.66542 48.3977 4
      vertex 6.8831 43.4583 4
      vertex 7.32657 43.3791 4
    endloop
  endfacet
  facet normal 0 0 1
    outer loop
      vertex 5.75941 48.6613 4
      vertex 6.8831 43.4583 4
      vertex 7.66542 48.3977 4
    endloop
  endfacet
  facet normal 0 0 1
    outer loop
      vertex 5.75941 48.6613 4
      vertex 5.17163 43.695 4
      vertex 6.8831 43.4583 4
    endloop
  endfacet
  facet normal 0 0 1
    outer loop
      vertex 3.84456 48.8499 4
      vertex 5.17163 43.695 4
      vertex 5.75941 48.6613 4
    endloop
  endfacet
  facet normal 0 0 1
    outer loop
      vertex 3.84456 48.8499 4
      vertex 3.45219 43.8643 4
      vertex 5.17163 43.695 4
    endloop
  endfacet
  facet normal 0 0 1
    outer loop
      vertex 1.92377 48.9632 4
      vertex 3.45219 43.8643 4
      vertex 3.84456 48.8499 4
    endloop
  endfacet
  facet normal 0 0 1
    outer loop
      vertex 1.92377 48.9632 4
      vertex 1.72742 43.9661 4
      vertex 3.45219 43.8643 4
    endloop
  endfacet
  facet normal 0 0 1
    outer loop
      vertex 0 49.001 4
      vertex 1.72742 43.9661 4
      vertex 1.92377 48.9632 4
    endloop
  endfacet
  facet normal 0 0 1
    outer loop
      vertex 0 49.001 4
      vertex 0 44 4
      vertex 1.72742 43.9661 4
    endloop
  endfacet
  facet normal 0 0 1
    outer loop
      vertex 0 49.001 4
      vertex -1.72742 43.9661 4
      vertex 0 44 4
    endloop
  endfacet
  facet normal -0 0 1
    outer loop
      vertex -1.92377 48.9632 4
      vertex -1.72742 43.9661 4
      vertex 0 49.001 4
    endloop
  endfacet
  facet normal 0 0 1
    outer loop
      vertex -1.92377 48.9632 4
      vertex -3.45219 43.8643 4
      vertex -1.72742 43.9661 4
    endloop
  endfacet
  facet normal -0 0 1
    outer loop
      vertex -3.84456 48.8499 4
      vertex -3.45219 43.8643 4
      vertex -1.92377 48.9632 4
    endloop
  endfacet
  facet normal 0 0 1
    outer loop
      vertex -3.84456 48.8499 4
      vertex -5.17163 43.695 4
      vertex -3.45219 43.8643 4
    endloop
  endfacet
  facet normal -0 0 1
    outer loop
      vertex -5.75941 48.6613 4
      vertex -5.17163 43.695 4
      vertex -3.84456 48.8499 4
    endloop
  endfacet
  facet normal 0 0 1
    outer loop
      vertex -5.75941 48.6613 4
      vertex -6.8831 43.4583 4
      vertex -5.17163 43.695 4
    endloop
  endfacet
  facet normal -0 0 1
    outer loop
      vertex -7.66542 48.3977 4
      vertex -6.8831 43.4583 4
      vertex -5.75941 48.6613 4
    endloop
  endfacet
  facet normal 0 0 1
    outer loop
      vertex -6.8831 43.4583 4
      vertex -7.66542 48.3977 4
      vertex -7.32657 43.3791 4
    endloop
  endfacet
  facet normal -0 0 1
    outer loop
      vertex -11.5648 47.7013 4
      vertex -7.32657 43.3791 4
      vertex -7.66542 48.3977 4
    endloop
  endfacet
  facet normal -0 0 1
    outer loop
      vertex -12.2759 44.1263 4
      vertex -7.32657 43.3791 4
      vertex -11.5648 47.7013 4
    endloop
  endfacet
  facet normal 0 0 1
    outer loop
      vertex -7.4359 42.8295 4
      vertex -12.2759 44.1263 4
      vertex -7.94046 41.3431 4
    endloop
  endfacet
  facet normal -0 0 1
    outer loop
      vertex -12.5698 43.2606 4
      vertex -7.94046 41.3431 4
      vertex -12.2759 44.1263 4
    endloop
  endfacet
  facet normal 0 0 1
    outer loop
      vertex -7.94046 41.3431 4
      vertex -12.5698 43.2606 4
      vertex -8.6347 39.9353 4
    endloop
  endfacet
  facet normal 0 0 1
    outer loop
      vertex -7.32657 43.3791 4
      vertex -12.2759 44.1263 4
      vertex -7.4359 42.8295 4
    endloop
  endfacet
  facet normal -0 0 1
    outer loop
      vertex -12.9741 42.4407 4
      vertex -8.6347 39.9353 4
      vertex -12.5698 43.2606 4
    endloop
  endfacet
  facet normal 0 0 1
    outer loop
      vertex -8.6347 39.9353 4
      vertex -12.9741 42.4407 4
      vertex -9.50677 38.6301 4
    endloop
  endfacet
  facet normal -0 0 1
    outer loop
      vertex -13.4821 41.6805 4
      vertex -9.50677 38.6301 4
      vertex -12.9741 42.4407 4
    endloop
  endfacet
  facet normal 0 0 1
    outer loop
      vertex -9.50677 38.6301 4
      vertex -13.4821 41.6805 4
      vertex -10.5417 37.45 4
    endloop
  endfacet
  facet normal -0 0 1
    outer loop
      vertex -14.0849 40.9931 4
      vertex -10.5417 37.45 4
      vertex -13.4821 41.6805 4
    endloop
  endfacet
  facet normal 0 0 1
    outer loop
      vertex -10.5417 37.45 4
      vertex -14.0849 40.9931 4
      vertex -11.7219 36.415 4
    endloop
  endfacet
  facet normal -0 0 1
    outer loop
      vertex -14.7722 40.3903 4
      vertex -11.7219 36.415 4
      vertex -14.0849 40.9931 4
    endloop
  endfacet
  facet normal 0 0 1
    outer loop
      vertex -11.7219 36.415 4
      vertex -14.7722 40.3903 4
      vertex -13.027 35.543 4
    endloop
  endfacet
  facet normal -0 0 1
    outer loop
      vertex -15.5323 39.8824 4
      vertex -13.027 35.543 4
      vertex -14.7722 40.3903 4
    endloop
  endfacet
  facet normal 0 0 1
    outer loop
      vertex -13.027 35.543 4
      vertex -15.5323 39.8824 4
      vertex -14.4348 34.8487 4
    endloop
  endfacet
  facet normal -0 0 1
    outer loop
      vertex -16.3523 39.4781 4
      vertex -14.4348 34.8487 4
      vertex -15.5323 39.8824 4
    endloop
  endfacet
  facet normal 0 0 1
    outer loop
      vertex -14.4348 34.8487 4
      vertex -16.3523 39.4781 4
      vertex -15.9212 34.3442 4
    endloop
  endfacet
  facet normal -0 0 1
    outer loop
      vertex -17.2181 39.1842 4
      vertex -15.9212 34.3442 4
      vertex -16.3523 39.4781 4
    endloop
  endfacet
  facet normal 0 0 1
    outer loop
      vertex -17.2181 39.1842 4
      vertex -17.4607 34.0379 4
      vertex -15.9212 34.3442 4
    endloop
  endfacet
  facet normal -0 0 1
    outer loop
      vertex -18.1148 39.0058 4
      vertex -17.4607 34.0379 4
      vertex -17.2181 39.1842 4
    endloop
  endfacet
  facet normal -0 0 1
    outer loop
      vertex -19.027 38.946 4
      vertex -17.4607 34.0379 4
      vertex -18.1148 39.0058 4
    endloop
  endfacet
  facet normal 0 0 1
    outer loop
      vertex -19.027 38.946 4
      vertex -19.027 33.9353 4
      vertex -17.4607 34.0379 4
    endloop
  endfacet
  facet normal 0 0 1
    outer loop
      vertex -19.9392 39.0058 4
      vertex -19.027 33.9353 4
      vertex -19.027 38.946 4
    endloop
  endfacet
  facet normal 0 0 1
    outer loop
      vertex -19.9392 39.0058 4
      vertex -20.5933 34.0379 4
      vertex -19.027 33.9353 4
    endloop
  endfacet
  facet normal 0 0 1
    outer loop
      vertex -20.836 39.1842 4
      vertex -20.5933 34.0379 4
      vertex -19.9392 39.0058 4
    endloop
  endfacet
  facet normal 0 0 1
    outer loop
      vertex -22.1328 34.3442 4
      vertex -20.836 39.1842 4
      vertex -21.7018 39.4781 4
    endloop
  endfacet
  facet normal 0 0 1
    outer loop
      vertex -20.836 39.1842 4
      vertex -22.1328 34.3442 4
      vertex -20.5933 34.0379 4
    endloop
  endfacet
  facet normal 0 0 1
    outer loop
      vertex -23.6192 34.8487 4
      vertex -21.7018 39.4781 4
      vertex -22.5216 39.8824 4
    endloop
  endfacet
  facet normal 0 0 1
    outer loop
      vertex -21.7018 39.4781 4
      vertex -23.6192 34.8487 4
      vertex -22.1328 34.3442 4
    endloop
  endfacet
  facet normal 0 0 1
    outer loop
      vertex -22.5216 39.8824 4
      vertex -25.027 35.543 4
      vertex -23.6192 34.8487 4
    endloop
  endfacet
  facet normal 0 0 1
    outer loop
      vertex -22.5216 39.8824 4
      vertex -25.493 35.8543 4
      vertex -25.027 35.543 4
    endloop
  endfacet
  facet normal 0 0 1
    outer loop
      vertex -25.5524 41.9075 4
      vertex -25.493 35.8543 4
      vertex -22.5216 39.8824 4
    endloop
  endfacet
  facet normal -0 0 1
    outer loop
      vertex -28.802 39.6426 4
      vertex -25.493 35.8543 4
      vertex -25.5524 41.9075 4
    endloop
  endfacet
  facet normal 0 0 1
    outer loop
      vertex -25.493 35.8543 4
      vertex -28.802 39.6426 4
      vertex -25.8625 35.5967 4
    endloop
  endfacet
  facet normal 0 0 1
    outer loop
      vertex -25.8625 35.5967 4
      vertex -28.802 39.6426 4
      vertex -27.2401 34.5539 4
    endloop
  endfacet
  facet normal -0 0 1
    outer loop
      vertex -30.3362 38.4813 4
      vertex -27.2401 34.5539 4
      vertex -28.802 39.6426 4
    endloop
  endfacet
  facet normal 0 0 1
    outer loop
      vertex -27.2401 34.5539 4
      vertex -30.3362 38.4813 4
      vertex -28.5757 33.4579 4
    endloop
  endfacet
  facet normal -0 0 1
    outer loop
      vertex -31.8236 37.2606 4
      vertex -28.5757 33.4579 4
      vertex -30.3362 38.4813 4
    endloop
  endfacet
  facet normal 0 0 1
    outer loop
      vertex -28.5757 33.4579 4
      vertex -31.8236 37.2606 4
      vertex -29.8672 32.3102 4
    endloop
  endfacet
  facet normal -0 0 1
    outer loop
      vertex -33.2619 35.9825 4
      vertex -29.8672 32.3102 4
      vertex -31.8236 37.2606 4
    endloop
  endfacet
  facet normal 0 0 1
    outer loop
      vertex -29.8672 32.3102 4
      vertex -33.2619 35.9825 4
      vertex -31.1127 31.1127 4
    endloop
  endfacet
  facet normal -0 0 1
    outer loop
      vertex -34.6489 34.6489 4
      vertex -31.1127 31.1127 4
      vertex -33.2619 35.9825 4
    endloop
  endfacet
  facet normal 0 0 1
    outer loop
      vertex -31.1127 31.1127 4
      vertex -34.6489 34.6489 4
      vertex -32.3102 29.8672 4
    endloop
  endfacet
  facet normal -0 0 1
    outer loop
      vertex -35.9825 33.2619 4
      vertex -32.3102 29.8672 4
      vertex -34.6489 34.6489 4
    endloop
  endfacet
  facet normal 0 0 1
    outer loop
      vertex -32.3102 29.8672 4
      vertex -35.9825 33.2619 4
      vertex -33.4579 28.5757 4
    endloop
  endfacet
  facet normal -0 0 1
    outer loop
      vertex -37.2606 31.8236 4
      vertex -33.4579 28.5757 4
      vertex -35.9825 33.2619 4
    endloop
  endfacet
  facet normal 0 0 1
    outer loop
      vertex -33.4579 28.5757 4
      vertex -37.2606 31.8236 4
      vertex -34.5539 27.2401 4
    endloop
  endfacet
  facet normal -0 0 1
    outer loop
      vertex -38.4813 30.3362 4
      vertex -34.5539 27.2401 4
      vertex -37.2606 31.8236 4
    endloop
  endfacet
  facet normal 0 0 1
    outer loop
      vertex 38.4813 -30.3362 4
      vertex 34.5539 -27.2401 4
      vertex 37.2606 -31.8236 4
    endloop
  endfacet
  facet normal -0 0 1
    outer loop
      vertex 33.4579 -28.5757 4
      vertex 37.2606 -31.8236 4
      vertex 34.5539 -27.2401 4
    endloop
  endfacet
  facet normal 0 0 1
    outer loop
      vertex 37.2606 -31.8236 4
      vertex 33.4579 -28.5757 4
      vertex 35.9825 -33.2619 4
    endloop
  endfacet
  facet normal -0 0 1
    outer loop
      vertex 32.3102 -29.8672 4
      vertex 35.9825 -33.2619 4
      vertex 33.4579 -28.5757 4
    endloop
  endfacet
  facet normal 0 0 1
    outer loop
      vertex 35.9825 -33.2619 4
      vertex 32.3102 -29.8672 4
      vertex 34.6489 -34.6489 4
    endloop
  endfacet
  facet normal -0 0 1
    outer loop
      vertex 31.1127 -31.1127 4
      vertex 34.6489 -34.6489 4
      vertex 32.3102 -29.8672 4
    endloop
  endfacet
  facet normal 0 0 1
    outer loop
      vertex 34.6489 -34.6489 4
      vertex 31.1127 -31.1127 4
      vertex 33.2619 -35.9825 4
    endloop
  endfacet
  facet normal -0 0 1
    outer loop
      vertex 29.8672 -32.3102 4
      vertex 33.2619 -35.9825 4
      vertex 31.1127 -31.1127 4
    endloop
  endfacet
  facet normal 0 0 1
    outer loop
      vertex 33.2619 -35.9825 4
      vertex 29.8672 -32.3102 4
      vertex 31.8236 -37.2606 4
    endloop
  endfacet
  facet normal -0 0 1
    outer loop
      vertex 28.5757 -33.4579 4
      vertex 31.8236 -37.2606 4
      vertex 29.8672 -32.3102 4
    endloop
  endfacet
  facet normal 0 0 1
    outer loop
      vertex 31.8236 -37.2606 4
      vertex 28.5757 -33.4579 4
      vertex 30.3362 -38.4813 4
    endloop
  endfacet
  facet normal -0 0 1
    outer loop
      vertex 27.2401 -34.5539 4
      vertex 30.3362 -38.4813 4
      vertex 28.5757 -33.4579 4
    endloop
  endfacet
  facet normal 0 0 1
    outer loop
      vertex 30.3362 -38.4813 4
      vertex 27.2401 -34.5539 4
      vertex 28.802 -39.6426 4
    endloop
  endfacet
  facet normal -0 0 1
    outer loop
      vertex 25.8625 -35.5967 4
      vertex 28.802 -39.6426 4
      vertex 27.2401 -34.5539 4
    endloop
  endfacet
  facet normal -0 0 1
    outer loop
      vertex 25.493 -35.8543 4
      vertex 28.802 -39.6426 4
      vertex 25.8625 -35.5967 4
    endloop
  endfacet
  facet normal 0 0 1
    outer loop
      vertex 28.802 -39.6426 4
      vertex 25.493 -35.8543 4
      vertex 25.5524 -41.9075 4
    endloop
  endfacet
  facet normal 0 0 1
    outer loop
      vertex 22.5216 -39.8824 4
      vertex 25.493 -35.8543 4
      vertex 25.027 -35.543 4
    endloop
  endfacet
  facet normal 0 0 1
    outer loop
      vertex 22.5216 -39.8824 4
      vertex 25.027 -35.543 4
      vertex 23.6192 -34.8487 4
    endloop
  endfacet
  facet normal 0 0 1
    outer loop
      vertex 25.493 -35.8543 4
      vertex 22.5216 -39.8824 4
      vertex 25.5524 -41.9075 4
    endloop
  endfacet
  facet normal 0 0 1
    outer loop
      vertex 21.7018 -39.4781 4
      vertex 23.6192 -34.8487 4
      vertex 22.1328 -34.3442 4
    endloop
  endfacet
  facet normal 0 0 1
    outer loop
      vertex 23.6192 -34.8487 4
      vertex 21.7018 -39.4781 4
      vertex 22.5216 -39.8824 4
    endloop
  endfacet
  facet normal 0 0 1
    outer loop
      vertex 22.1328 -34.3442 4
      vertex 20.836 -39.1842 4
      vertex 21.7018 -39.4781 4
    endloop
  endfacet
  facet normal 0 0 1
    outer loop
      vertex 20.5933 -34.0379 4
      vertex 20.836 -39.1842 4
      vertex 22.1328 -34.3442 4
    endloop
  endfacet
  facet normal 0 0 1
    outer loop
      vertex 20.5933 -34.0379 4
      vertex 19.9392 -39.0058 4
      vertex 20.836 -39.1842 4
    endloop
  endfacet
  facet normal 0 0 1
    outer loop
      vertex 19.027 -33.9353 4
      vertex 19.9392 -39.0058 4
      vertex 20.5933 -34.0379 4
    endloop
  endfacet
  facet normal 0 0 1
    outer loop
      vertex 19.027 -33.9353 4
      vertex 19.027 -38.946 4
      vertex 19.9392 -39.0058 4
    endloop
  endfacet
  facet normal 0 0 1
    outer loop
      vertex 19.027 -33.9353 4
      vertex 18.1148 -39.0058 4
      vertex 19.027 -38.946 4
    endloop
  endfacet
  facet normal -0 0 1
    outer loop
      vertex 17.4607 -34.0379 4
      vertex 18.1148 -39.0058 4
      vertex 19.027 -33.9353 4
    endloop
  endfacet
  facet normal 0 0 1
    outer loop
      vertex 17.4607 -34.0379 4
      vertex 17.2181 -39.1842 4
      vertex 18.1148 -39.0058 4
    endloop
  endfacet
  facet normal -0 0 1
    outer loop
      vertex 15.9212 -34.3442 4
      vertex 17.2181 -39.1842 4
      vertex 17.4607 -34.0379 4
    endloop
  endfacet
  facet normal 0 0 1
    outer loop
      vertex 17.2181 -39.1842 4
      vertex 15.9212 -34.3442 4
      vertex 16.3523 -39.4781 4
    endloop
  endfacet
  facet normal -0 0 1
    outer loop
      vertex 14.4348 -34.8487 4
      vertex 16.3523 -39.4781 4
      vertex 15.9212 -34.3442 4
    endloop
  endfacet
  facet normal 0 0 1
    outer loop
      vertex 16.3523 -39.4781 4
      vertex 14.4348 -34.8487 4
      vertex 15.5323 -39.8824 4
    endloop
  endfacet
  facet normal -0 0 1
    outer loop
      vertex 13.027 -35.543 4
      vertex 15.5323 -39.8824 4
      vertex 14.4348 -34.8487 4
    endloop
  endfacet
  facet normal 0 0 1
    outer loop
      vertex 15.5323 -39.8824 4
      vertex 13.027 -35.543 4
      vertex 14.7722 -40.3903 4
    endloop
  endfacet
  facet normal -0 0 1
    outer loop
      vertex 11.7219 -36.415 4
      vertex 14.7722 -40.3903 4
      vertex 13.027 -35.543 4
    endloop
  endfacet
  facet normal 0 0 1
    outer loop
      vertex 14.7722 -40.3903 4
      vertex 11.7219 -36.415 4
      vertex 14.0849 -40.9931 4
    endloop
  endfacet
  facet normal -0 0 1
    outer loop
      vertex 10.5417 -37.45 4
      vertex 14.0849 -40.9931 4
      vertex 11.7219 -36.415 4
    endloop
  endfacet
  facet normal 0 0 1
    outer loop
      vertex 14.0849 -40.9931 4
      vertex 10.5417 -37.45 4
      vertex 13.4821 -41.6805 4
    endloop
  endfacet
  facet normal -0 0 1
    outer loop
      vertex 9.50677 -38.6301 4
      vertex 13.4821 -41.6805 4
      vertex 10.5417 -37.45 4
    endloop
  endfacet
  facet normal 0 0 1
    outer loop
      vertex 13.4821 -41.6805 4
      vertex 9.50677 -38.6301 4
      vertex 12.9741 -42.4407 4
    endloop
  endfacet
  facet normal -0 0 1
    outer loop
      vertex 8.6347 -39.9353 4
      vertex 12.9741 -42.4407 4
      vertex 9.50677 -38.6301 4
    endloop
  endfacet
  facet normal 0 0 1
    outer loop
      vertex 12.9741 -42.4407 4
      vertex 8.6347 -39.9353 4
      vertex 12.5698 -43.2606 4
    endloop
  endfacet
  facet normal -0 0 1
    outer loop
      vertex 7.94046 -41.3431 4
      vertex 12.5698 -43.2606 4
      vertex 8.6347 -39.9353 4
    endloop
  endfacet
  facet normal 0 0 1
    outer loop
      vertex 12.5698 -43.2606 4
      vertex 7.94046 -41.3431 4
      vertex 12.2759 -44.1263 4
    endloop
  endfacet
  facet normal -0 0 1
    outer loop
      vertex 7.4359 -42.8295 4
      vertex 12.2759 -44.1263 4
      vertex 7.94046 -41.3431 4
    endloop
  endfacet
  facet normal -0 0 1
    outer loop
      vertex 7.32657 -43.3791 4
      vertex 12.2759 -44.1263 4
      vertex 7.4359 -42.8295 4
    endloop
  endfacet
  facet normal 0 0 1
    outer loop
      vertex 12.2759 -44.1263 4
      vertex 7.32657 -43.3791 4
      vertex 11.5648 -47.7013 4
    endloop
  endfacet
  facet normal 0 0 1
    outer loop
      vertex 11.5648 -47.7013 4
      vertex 7.32657 -43.3791 4
      vertex 7.66542 -48.3977 4
    endloop
  endfacet
  facet normal -0 0 1
    outer loop
      vertex 6.8831 -43.4583 4
      vertex 7.66542 -48.3977 4
      vertex 7.32657 -43.3791 4
    endloop
  endfacet
  facet normal 0 0 1
    outer loop
      vertex 6.8831 -43.4583 4
      vertex 5.75941 -48.6613 4
      vertex 7.66542 -48.3977 4
    endloop
  endfacet
  facet normal -0 0 1
    outer loop
      vertex 5.17163 -43.695 4
      vertex 5.75941 -48.6613 4
      vertex 6.8831 -43.4583 4
    endloop
  endfacet
  facet normal 0 0 1
    outer loop
      vertex 5.17163 -43.695 4
      vertex 3.84456 -48.8499 4
      vertex 5.75941 -48.6613 4
    endloop
  endfacet
  facet normal -0 0 1
    outer loop
      vertex 3.45219 -43.8643 4
      vertex 3.84456 -48.8499 4
      vertex 5.17163 -43.695 4
    endloop
  endfacet
  facet normal 0 0 1
    outer loop
      vertex 3.45219 -43.8643 4
      vertex 1.92377 -48.9632 4
      vertex 3.84456 -48.8499 4
    endloop
  endfacet
  facet normal -0 0 1
    outer loop
      vertex 1.72742 -43.9661 4
      vertex 1.92377 -48.9632 4
      vertex 3.45219 -43.8643 4
    endloop
  endfacet
  facet normal -0 0 1
    outer loop
      vertex 0 -44 4
      vertex 1.92377 -48.9632 4
      vertex 1.72742 -43.9661 4
    endloop
  endfacet
  facet normal 0 0 1
    outer loop
      vertex 0 -44 4
      vertex 0 -49.001 4
      vertex 1.92377 -48.9632 4
    endloop
  endfacet
  facet normal 0 0 1
    outer loop
      vertex -1.72742 -43.9661 4
      vertex 0 -49.001 4
      vertex 0 -44 4
    endloop
  endfacet
  facet normal 0 0 1
    outer loop
      vertex -1.72742 -43.9661 4
      vertex -1.92377 -48.9632 4
      vertex 0 -49.001 4
    endloop
  endfacet
  facet normal 0 0 1
    outer loop
      vertex -3.45219 -43.8643 4
      vertex -1.92377 -48.9632 4
      vertex -1.72742 -43.9661 4
    endloop
  endfacet
  facet normal 0 0 1
    outer loop
      vertex -3.45219 -43.8643 4
      vertex -3.84456 -48.8499 4
      vertex -1.92377 -48.9632 4
    endloop
  endfacet
  facet normal 0 0 1
    outer loop
      vertex -5.17163 -43.695 4
      vertex -3.84456 -48.8499 4
      vertex -3.45219 -43.8643 4
    endloop
  endfacet
  facet normal 0 0 1
    outer loop
      vertex -5.17163 -43.695 4
      vertex -5.75941 -48.6613 4
      vertex -3.84456 -48.8499 4
    endloop
  endfacet
  facet normal 0 0 1
    outer loop
      vertex -6.8831 -43.4583 4
      vertex -5.75941 -48.6613 4
      vertex -5.17163 -43.695 4
    endloop
  endfacet
  facet normal 0 0 1
    outer loop
      vertex -7.66542 -48.3977 4
      vertex -6.8831 -43.4583 4
      vertex -7.32657 -43.3791 4
    endloop
  endfacet
  facet normal 0 0 1
    outer loop
      vertex -6.8831 -43.4583 4
      vertex -7.66542 -48.3977 4
      vertex -5.75941 -48.6613 4
    endloop
  endfacet
  facet normal 0 0 1
    outer loop
      vertex -12.2759 -44.1263 4
      vertex -7.32657 -43.3791 4
      vertex -7.4359 -42.8295 4
    endloop
  endfacet
  facet normal 0 0 1
    outer loop
      vertex -12.2759 -44.1263 4
      vertex -7.4359 -42.8295 4
      vertex -7.94046 -41.3431 4
    endloop
  endfacet
  facet normal 0 0 1
    outer loop
      vertex -12.5698 -43.2606 4
      vertex -7.94046 -41.3431 4
      vertex -8.6347 -39.9353 4
    endloop
  endfacet
  facet normal 0 0 1
    outer loop
      vertex -12.9741 -42.4407 4
      vertex -8.6347 -39.9353 4
      vertex -9.50677 -38.6301 4
    endloop
  endfacet
  facet normal 0 0 1
    outer loop
      vertex -13.4821 -41.6805 4
      vertex -9.50677 -38.6301 4
      vertex -10.5417 -37.45 4
    endloop
  endfacet
  facet normal 0 0 1
    outer loop
      vertex -7.32657 -43.3791 4
      vertex -12.2759 -44.1263 4
      vertex -11.5648 -47.7013 4
    endloop
  endfacet
  facet normal 0 0 1
    outer loop
      vertex -14.0849 -40.9931 4
      vertex -10.5417 -37.45 4
      vertex -11.7219 -36.415 4
    endloop
  endfacet
  facet normal 0 0 1
    outer loop
      vertex -7.32657 -43.3791 4
      vertex -11.5648 -47.7013 4
      vertex -7.66542 -48.3977 4
    endloop
  endfacet
  facet normal 0 0 1
    outer loop
      vertex -7.94046 -41.3431 4
      vertex -12.5698 -43.2606 4
      vertex -12.2759 -44.1263 4
    endloop
  endfacet
  facet normal 0 0 1
    outer loop
      vertex -8.6347 -39.9353 4
      vertex -12.9741 -42.4407 4
      vertex -12.5698 -43.2606 4
    endloop
  endfacet
  facet normal 0 0 1
    outer loop
      vertex -14.7722 -40.3903 4
      vertex -11.7219 -36.415 4
      vertex -13.027 -35.543 4
    endloop
  endfacet
  facet normal 0 0 1
    outer loop
      vertex -9.50677 -38.6301 4
      vertex -13.4821 -41.6805 4
      vertex -12.9741 -42.4407 4
    endloop
  endfacet
  facet normal 0 0 1
    outer loop
      vertex -10.5417 -37.45 4
      vertex -14.0849 -40.9931 4
      vertex -13.4821 -41.6805 4
    endloop
  endfacet
  facet normal 0 0 1
    outer loop
      vertex -15.5323 -39.8824 4
      vertex -13.027 -35.543 4
      vertex -14.4348 -34.8487 4
    endloop
  endfacet
  facet normal 0 0 1
    outer loop
      vertex -11.7219 -36.415 4
      vertex -14.7722 -40.3903 4
      vertex -14.0849 -40.9931 4
    endloop
  endfacet
  facet normal 0 0 1
    outer loop
      vertex -13.027 -35.543 4
      vertex -15.5323 -39.8824 4
      vertex -14.7722 -40.3903 4
    endloop
  endfacet
  facet normal 0 0 1
    outer loop
      vertex -16.3523 -39.4781 4
      vertex -14.4348 -34.8487 4
      vertex -15.9212 -34.3442 4
    endloop
  endfacet
  facet normal 0 0 1
    outer loop
      vertex -14.4348 -34.8487 4
      vertex -16.3523 -39.4781 4
      vertex -15.5323 -39.8824 4
    endloop
  endfacet
  facet normal 0 0 1
    outer loop
      vertex -15.9212 -34.3442 4
      vertex -17.2181 -39.1842 4
      vertex -16.3523 -39.4781 4
    endloop
  endfacet
  facet normal 0 0 1
    outer loop
      vertex -17.4607 -34.0379 4
      vertex -17.2181 -39.1842 4
      vertex -15.9212 -34.3442 4
    endloop
  endfacet
  facet normal 0 0 1
    outer loop
      vertex -17.4607 -34.0379 4
      vertex -18.1148 -39.0058 4
      vertex -17.2181 -39.1842 4
    endloop
  endfacet
  facet normal 0 0 1
    outer loop
      vertex -19.027 -33.9353 4
      vertex -18.1148 -39.0058 4
      vertex -17.4607 -34.0379 4
    endloop
  endfacet
  facet normal 0 0 1
    outer loop
      vertex -19.027 -33.9353 4
      vertex -19.027 -38.946 4
      vertex -18.1148 -39.0058 4
    endloop
  endfacet
  facet normal 0 0 1
    outer loop
      vertex -19.027 -33.9353 4
      vertex -19.9392 -39.0058 4
      vertex -19.027 -38.946 4
    endloop
  endfacet
  facet normal -0 0 1
    outer loop
      vertex -20.5933 -34.0379 4
      vertex -19.9392 -39.0058 4
      vertex -19.027 -33.9353 4
    endloop
  endfacet
  facet normal 0 0 1
    outer loop
      vertex -20.5933 -34.0379 4
      vertex -20.836 -39.1842 4
      vertex -19.9392 -39.0058 4
    endloop
  endfacet
  facet normal -0 0 1
    outer loop
      vertex -22.1328 -34.3442 4
      vertex -20.836 -39.1842 4
      vertex -20.5933 -34.0379 4
    endloop
  endfacet
  facet normal 0 0 1
    outer loop
      vertex -20.836 -39.1842 4
      vertex -22.1328 -34.3442 4
      vertex -21.7018 -39.4781 4
    endloop
  endfacet
  facet normal -0 0 1
    outer loop
      vertex -23.6192 -34.8487 4
      vertex -21.7018 -39.4781 4
      vertex -22.1328 -34.3442 4
    endloop
  endfacet
  facet normal 0 0 1
    outer loop
      vertex -21.7018 -39.4781 4
      vertex -23.6192 -34.8487 4
      vertex -22.5216 -39.8824 4
    endloop
  endfacet
  facet normal -0 0 1
    outer loop
      vertex -25.027 -35.543 4
      vertex -22.5216 -39.8824 4
      vertex -23.6192 -34.8487 4
    endloop
  endfacet
  facet normal -0 0 1
    outer loop
      vertex -25.493 -35.8543 4
      vertex -22.5216 -39.8824 4
      vertex -25.027 -35.543 4
    endloop
  endfacet
  facet normal 0 0 1
    outer loop
      vertex -25.493 -35.8543 4
      vertex -25.5524 -41.9075 4
      vertex -22.5216 -39.8824 4
    endloop
  endfacet
  facet normal 0 0 1
    outer loop
      vertex -28.802 -39.6426 4
      vertex -25.493 -35.8543 4
      vertex -25.8625 -35.5967 4
    endloop
  endfacet
  facet normal 0 0 1
    outer loop
      vertex -28.802 -39.6426 4
      vertex -25.8625 -35.5967 4
      vertex -27.2401 -34.5539 4
    endloop
  endfacet
  facet normal 0 0 1
    outer loop
      vertex -30.3362 -38.4813 4
      vertex -27.2401 -34.5539 4
      vertex -28.5757 -33.4579 4
    endloop
  endfacet
  facet normal 0 0 1
    outer loop
      vertex -25.493 -35.8543 4
      vertex -28.802 -39.6426 4
      vertex -25.5524 -41.9075 4
    endloop
  endfacet
  facet normal 0 0 1
    outer loop
      vertex -31.8236 -37.2606 4
      vertex -28.5757 -33.4579 4
      vertex -29.8672 -32.3102 4
    endloop
  endfacet
  facet normal 0 0 1
    outer loop
      vertex -27.2401 -34.5539 4
      vertex -30.3362 -38.4813 4
      vertex -28.802 -39.6426 4
    endloop
  endfacet
  facet normal 0 0 1
    outer loop
      vertex -33.2619 -35.9825 4
      vertex -29.8672 -32.3102 4
      vertex -31.1127 -31.1127 4
    endloop
  endfacet
  facet normal 0 0 1
    outer loop
      vertex -28.5757 -33.4579 4
      vertex -31.8236 -37.2606 4
      vertex -30.3362 -38.4813 4
    endloop
  endfacet
  facet normal 0 0 1
    outer loop
      vertex -34.6489 -34.6489 4
      vertex -31.1127 -31.1127 4
      vertex -32.3102 -29.8672 4
    endloop
  endfacet
  facet normal 0 0 1
    outer loop
      vertex -29.8672 -32.3102 4
      vertex -33.2619 -35.9825 4
      vertex -31.8236 -37.2606 4
    endloop
  endfacet
  facet normal 0 0 1
    outer loop
      vertex -35.9825 -33.2619 4
      vertex -32.3102 -29.8672 4
      vertex -33.4579 -28.5757 4
    endloop
  endfacet
  facet normal 0 0 1
    outer loop
      vertex -37.2606 -31.8236 4
      vertex -33.4579 -28.5757 4
      vertex -34.5539 -27.2401 4
    endloop
  endfacet
  facet normal 0 0 1
    outer loop
      vertex -31.1127 -31.1127 4
      vertex -34.6489 -34.6489 4
      vertex -33.2619 -35.9825 4
    endloop
  endfacet
  facet normal 0 0 1
    outer loop
      vertex -38.4813 -30.3362 4
      vertex -34.5539 -27.2401 4
      vertex -35.5967 -25.8625 4
    endloop
  endfacet
  facet normal 0 0 1
    outer loop
      vertex -39.6426 -28.802 4
      vertex -35.5967 -25.8625 4
      vertex -35.8543 -25.493 4
    endloop
  endfacet
  facet normal 0 0 1
    outer loop
      vertex -32.3102 -29.8672 4
      vertex -35.9825 -33.2619 4
      vertex -34.6489 -34.6489 4
    endloop
  endfacet
  facet normal 0 0 1
    outer loop
      vertex -38.946 19.027 4
      vertex -33.9353 19.027 4
      vertex -34.0379 20.5933 4
    endloop
  endfacet
  facet normal 0 0 1
    outer loop
      vertex -39.0058 19.9392 4
      vertex -34.0379 20.5933 4
      vertex -34.3442 22.1328 4
    endloop
  endfacet
  facet normal 0 0 1
    outer loop
      vertex -33.9353 19.027 4
      vertex -38.946 19.027 4
      vertex -34.0379 17.4607 4
    endloop
  endfacet
  facet normal 0 0 1
    outer loop
      vertex -39.1842 20.836 4
      vertex -34.3442 22.1328 4
      vertex -34.8487 23.6192 4
    endloop
  endfacet
  facet normal -0 0 1
    outer loop
      vertex -39.0058 18.1148 4
      vertex -34.0379 17.4607 4
      vertex -38.946 19.027 4
    endloop
  endfacet
  facet normal 0 0 1
    outer loop
      vertex -39.4781 21.7018 4
      vertex -34.8487 23.6192 4
      vertex -35.543 25.027 4
    endloop
  endfacet
  facet normal 0 0 1
    outer loop
      vertex -34.0379 17.4607 4
      vertex -39.0058 18.1148 4
      vertex -34.3442 15.9212 4
    endloop
  endfacet
  facet normal 0 0 1
    outer loop
      vertex -39.8824 22.5216 4
      vertex -35.543 25.027 4
      vertex -35.8543 25.493 4
    endloop
  endfacet
  facet normal -0 0 1
    outer loop
      vertex -39.1842 17.2181 4
      vertex -34.3442 15.9212 4
      vertex -39.0058 18.1148 4
    endloop
  endfacet
  facet normal 0 0 1
    outer loop
      vertex -34.5539 27.2401 4
      vertex -38.4813 30.3362 4
      vertex -35.5967 25.8625 4
    endloop
  endfacet
  facet normal -0 0 1
    outer loop
      vertex -39.6426 28.802 4
      vertex -35.5967 25.8625 4
      vertex -38.4813 30.3362 4
    endloop
  endfacet
  facet normal 0 0 1
    outer loop
      vertex -34.0379 20.5933 4
      vertex -39.0058 19.9392 4
      vertex -38.946 19.027 4
    endloop
  endfacet
  facet normal 0 0 1
    outer loop
      vertex -35.5967 25.8625 4
      vertex -39.6426 28.802 4
      vertex -35.8543 25.493 4
    endloop
  endfacet
  facet normal -0 0 1
    outer loop
      vertex -39.4781 16.3523 4
      vertex -34.8487 14.4348 4
      vertex -39.1842 17.2181 4
    endloop
  endfacet
  facet normal 0 0 1
    outer loop
      vertex -34.8487 14.4348 4
      vertex -39.4781 16.3523 4
      vertex -35.543 13.027 4
    endloop
  endfacet
  facet normal 0 0 1
    outer loop
      vertex -34.3442 15.9212 4
      vertex -39.1842 17.2181 4
      vertex -34.8487 14.4348 4
    endloop
  endfacet
  facet normal 0 0 1
    outer loop
      vertex -34.3442 22.1328 4
      vertex -39.1842 20.836 4
      vertex -39.0058 19.9392 4
    endloop
  endfacet
  facet normal 0 0 1
    outer loop
      vertex -34.8487 23.6192 4
      vertex -39.4781 21.7018 4
      vertex -39.1842 20.836 4
    endloop
  endfacet
  facet normal -0 0 1
    outer loop
      vertex -41.9075 25.5524 4
      vertex -35.8543 25.493 4
      vertex -39.6426 28.802 4
    endloop
  endfacet
  facet normal 0 0 1
    outer loop
      vertex -35.543 25.027 4
      vertex -39.8824 22.5216 4
      vertex -39.4781 21.7018 4
    endloop
  endfacet
  facet normal 0 0 1
    outer loop
      vertex -35.8543 25.493 4
      vertex -41.9075 25.5524 4
      vertex -39.8824 22.5216 4
    endloop
  endfacet
  facet normal 0 0 1
    outer loop
      vertex -34.0379 -17.4607 4
      vertex -39.0058 -18.1148 4
      vertex -38.946 -19.027 4
    endloop
  endfacet
  facet normal 0 0 1
    outer loop
      vertex -37.45 -10.5417 4
      vertex -39.1842 -17.2181 4
      vertex -39.0058 -18.1148 4
    endloop
  endfacet
  facet normal 0 0 1
    outer loop
      vertex -37.45 -10.5417 4
      vertex -39.4781 -16.3523 4
      vertex -39.1842 -17.2181 4
    endloop
  endfacet
  facet normal 0 0 1
    outer loop
      vertex -37.45 -10.5417 4
      vertex -39.8824 -15.5323 4
      vertex -39.4781 -16.3523 4
    endloop
  endfacet
  facet normal 0 0 1
    outer loop
      vertex -41.6805 -13.4821 4
      vertex -38.6301 -9.50677 4
      vertex -39.9353 -8.6347 4
    endloop
  endfacet
  facet normal 0 0 1
    outer loop
      vertex -37.45 -10.5417 4
      vertex -40.3903 -14.7722 4
      vertex -39.8824 -15.5323 4
    endloop
  endfacet
  facet normal 0 0 1
    outer loop
      vertex -37.45 -10.5417 4
      vertex -40.9931 -14.0849 4
      vertex -40.3903 -14.7722 4
    endloop
  endfacet
  facet normal 0 0 1
    outer loop
      vertex -42.4407 -12.9741 4
      vertex -39.9353 -8.6347 4
      vertex -41.3431 -7.94046 4
    endloop
  endfacet
  facet normal 0 0 1
    outer loop
      vertex -38.6301 -9.50677 4
      vertex -41.6805 -13.4821 4
      vertex -40.9931 -14.0849 4
    endloop
  endfacet
  facet normal 0 0 1
    outer loop
      vertex -39.9353 -8.6347 4
      vertex -42.4407 -12.9741 4
      vertex -41.6805 -13.4821 4
    endloop
  endfacet
  facet normal 0 0 1
    outer loop
      vertex -43.2606 -12.5698 4
      vertex -41.3431 -7.94046 4
      vertex -42.8295 -7.4359 4
    endloop
  endfacet
  facet normal 0 0 1
    outer loop
      vertex -41.3431 -7.94046 4
      vertex -43.2606 -12.5698 4
      vertex -42.4407 -12.9741 4
    endloop
  endfacet
  facet normal 0 0 1
    outer loop
      vertex -44.1263 -12.2759 4
      vertex -42.8295 -7.4359 4
      vertex -43.3791 -7.32657 4
    endloop
  endfacet
  facet normal 0 0 1
    outer loop
      vertex -48.3977 -7.66542 4
      vertex -43.3791 -7.32657 4
      vertex -43.4583 -6.8831 4
    endloop
  endfacet
  facet normal 0 0 1
    outer loop
      vertex -48.3977 -7.66542 4
      vertex -43.4583 -6.8831 4
      vertex -43.695 -5.17163 4
    endloop
  endfacet
  facet normal 0 0 1
    outer loop
      vertex -48.6613 -5.75941 4
      vertex -43.695 -5.17163 4
      vertex -43.8643 -3.45219 4
    endloop
  endfacet
  facet normal 0 0 1
    outer loop
      vertex -42.8295 -7.4359 4
      vertex -44.1263 -12.2759 4
      vertex -43.2606 -12.5698 4
    endloop
  endfacet
  facet normal 0 0 1
    outer loop
      vertex -48.8499 -3.84456 4
      vertex -43.8643 -3.45219 4
      vertex -43.9661 -1.72742 4
    endloop
  endfacet
  facet normal 0 0 1
    outer loop
      vertex -48.9632 -1.92377 4
      vertex -43.9661 -1.72742 4
      vertex -44 0 4
    endloop
  endfacet
  facet normal -0 0 1
    outer loop
      vertex -48.8499 3.84456 4
      vertex -43.8643 3.45219 4
      vertex -48.6613 5.75941 4
    endloop
  endfacet
  facet normal 0 0 1
    outer loop
      vertex -48.3977 7.66542 4
      vertex -44.1263 12.2759 4
      vertex -47.7013 11.5648 4
    endloop
  endfacet
  facet normal 0 0 1
    outer loop
      vertex -43.8643 3.45219 4
      vertex -48.8499 3.84456 4
      vertex -43.9661 1.72742 4
    endloop
  endfacet
  facet normal -0 0 1
    outer loop
      vertex -48.9632 1.92377 4
      vertex -43.9661 1.72742 4
      vertex -48.8499 3.84456 4
    endloop
  endfacet
  facet normal 0 0 1
    outer loop
      vertex -43.3791 -7.32657 4
      vertex -47.7013 -11.5648 4
      vertex -44.1263 -12.2759 4
    endloop
  endfacet
  facet normal 0 0 1
    outer loop
      vertex -43.9661 1.72742 4
      vertex -48.9632 1.92377 4
      vertex -44 0 4
    endloop
  endfacet
  facet normal 0 0 1
    outer loop
      vertex -43.3791 -7.32657 4
      vertex -48.3977 -7.66542 4
      vertex -47.7013 -11.5648 4
    endloop
  endfacet
  facet normal 0 0 1
    outer loop
      vertex -44 0 4
      vertex -48.9632 1.92377 4
      vertex -49.001 0 4
    endloop
  endfacet
  facet normal 0 0 1
    outer loop
      vertex -43.695 -5.17163 4
      vertex -48.6613 -5.75941 4
      vertex -48.3977 -7.66542 4
    endloop
  endfacet
  facet normal 0 -0 1
    outer loop
      vertex -48.9632 -1.92377 4
      vertex -44 0 4
      vertex -49.001 0 4
    endloop
  endfacet
  facet normal 0 0 1
    outer loop
      vertex -43.8643 -3.45219 4
      vertex -48.8499 -3.84456 4
      vertex -48.6613 -5.75941 4
    endloop
  endfacet
  facet normal 0 0 1
    outer loop
      vertex -43.9661 -1.72742 4
      vertex -48.9632 -1.92377 4
      vertex -48.8499 -3.84456 4
    endloop
  endfacet
  facet normal 0 0 1
    outer loop
      vertex -38.946 -19.027 4
      vertex -33.9353 -19.027 4
      vertex -34.0379 -17.4607 4
    endloop
  endfacet
  facet normal 0 0 1
    outer loop
      vertex -39.0058 -18.1148 4
      vertex -34.0379 -17.4607 4
      vertex -34.3442 -15.9212 4
    endloop
  endfacet
  facet normal 0 0 1
    outer loop
      vertex -33.9353 -19.027 4
      vertex -38.946 -19.027 4
      vertex -34.0379 -20.5933 4
    endloop
  endfacet
  facet normal 0 0 1
    outer loop
      vertex -39.0058 -18.1148 4
      vertex -34.3442 -15.9212 4
      vertex -34.8487 -14.4348 4
    endloop
  endfacet
  facet normal -0 0 1
    outer loop
      vertex -39.0058 -19.9392 4
      vertex -34.0379 -20.5933 4
      vertex -38.946 -19.027 4
    endloop
  endfacet
  facet normal 0 0 1
    outer loop
      vertex -39.0058 -18.1148 4
      vertex -34.8487 -14.4348 4
      vertex -35.543 -13.027 4
    endloop
  endfacet
  facet normal 0 0 1
    outer loop
      vertex -34.0379 -20.5933 4
      vertex -39.0058 -19.9392 4
      vertex -34.3442 -22.1328 4
    endloop
  endfacet
  facet normal -0 0 1
    outer loop
      vertex -39.1842 -20.836 4
      vertex -34.3442 -22.1328 4
      vertex -39.0058 -19.9392 4
    endloop
  endfacet
  facet normal 0 0 1
    outer loop
      vertex -39.0058 -18.1148 4
      vertex -35.543 -13.027 4
      vertex -36.415 -11.7219 4
    endloop
  endfacet
  facet normal 0 0 1
    outer loop
      vertex -34.3442 -22.1328 4
      vertex -39.1842 -20.836 4
      vertex -34.8487 -23.6192 4
    endloop
  endfacet
  facet normal 0 0 1
    outer loop
      vertex -34.8487 -23.6192 4
      vertex -39.4781 -21.7018 4
      vertex -35.543 -25.027 4
    endloop
  endfacet
  facet normal 0 0 1
    outer loop
      vertex -39.0058 -18.1148 4
      vertex -36.415 -11.7219 4
      vertex -37.45 -10.5417 4
    endloop
  endfacet
  facet normal -0 0 1
    outer loop
      vertex -39.4781 -21.7018 4
      vertex -34.8487 -23.6192 4
      vertex -39.1842 -20.836 4
    endloop
  endfacet
  facet normal 0 0 1
    outer loop
      vertex -40.9931 -14.0849 4
      vertex -37.45 -10.5417 4
      vertex -38.6301 -9.50677 4
    endloop
  endfacet
  facet normal -0 0 1
    outer loop
      vertex -39.8824 -22.5216 4
      vertex -35.543 -25.027 4
      vertex -39.4781 -21.7018 4
    endloop
  endfacet
  facet normal 0 0 1
    outer loop
      vertex -33.4579 -28.5757 4
      vertex -37.2606 -31.8236 4
      vertex -35.9825 -33.2619 4
    endloop
  endfacet
  facet normal 0 0 1
    outer loop
      vertex -35.543 -25.027 4
      vertex -39.8824 -22.5216 4
      vertex -35.8543 -25.493 4
    endloop
  endfacet
  facet normal 0 0 1
    outer loop
      vertex -34.5539 -27.2401 4
      vertex -38.4813 -30.3362 4
      vertex -37.2606 -31.8236 4
    endloop
  endfacet
  facet normal 0 0 1
    outer loop
      vertex -41.9075 -25.5524 4
      vertex -35.8543 -25.493 4
      vertex -39.8824 -22.5216 4
    endloop
  endfacet
  facet normal 0 0 1
    outer loop
      vertex -35.5967 -25.8625 4
      vertex -39.6426 -28.802 4
      vertex -38.4813 -30.3362 4
    endloop
  endfacet
  facet normal 0 0 1
    outer loop
      vertex -35.8543 -25.493 4
      vertex -41.9075 -25.5524 4
      vertex -39.6426 -28.802 4
    endloop
  endfacet
  facet normal -0 0 1
    outer loop
      vertex -39.8824 15.5323 4
      vertex -35.543 13.027 4
      vertex -39.4781 16.3523 4
    endloop
  endfacet
  facet normal 0 0 1
    outer loop
      vertex -35.543 13.027 4
      vertex -39.8824 15.5323 4
      vertex -36.415 11.7219 4
    endloop
  endfacet
  facet normal -0 0 1
    outer loop
      vertex -40.3903 14.7722 4
      vertex -36.415 11.7219 4
      vertex -39.8824 15.5323 4
    endloop
  endfacet
  facet normal 0 0 1
    outer loop
      vertex -36.415 11.7219 4
      vertex -40.3903 14.7722 4
      vertex -37.45 10.5417 4
    endloop
  endfacet
  facet normal -0 0 1
    outer loop
      vertex -40.9931 14.0849 4
      vertex -37.45 10.5417 4
      vertex -40.3903 14.7722 4
    endloop
  endfacet
  facet normal 0 0 1
    outer loop
      vertex -37.45 10.5417 4
      vertex -40.9931 14.0849 4
      vertex -38.6301 9.50677 4
    endloop
  endfacet
  facet normal -0 0 1
    outer loop
      vertex -41.6805 13.4821 4
      vertex -38.6301 9.50677 4
      vertex -40.9931 14.0849 4
    endloop
  endfacet
  facet normal 0 0 1
    outer loop
      vertex -38.6301 9.50677 4
      vertex -41.6805 13.4821 4
      vertex -39.9353 8.6347 4
    endloop
  endfacet
  facet normal -0 0 1
    outer loop
      vertex -42.4407 12.9741 4
      vertex -39.9353 8.6347 4
      vertex -41.6805 13.4821 4
    endloop
  endfacet
  facet normal 0 0 1
    outer loop
      vertex -39.9353 8.6347 4
      vertex -42.4407 12.9741 4
      vertex -41.3431 7.94046 4
    endloop
  endfacet
  facet normal -0 0 1
    outer loop
      vertex -43.2606 12.5698 4
      vertex -41.3431 7.94046 4
      vertex -42.4407 12.9741 4
    endloop
  endfacet
  facet normal 0 0 1
    outer loop
      vertex -41.3431 7.94046 4
      vertex -43.2606 12.5698 4
      vertex -42.8295 7.4359 4
    endloop
  endfacet
  facet normal -0 0 1
    outer loop
      vertex -44.1263 12.2759 4
      vertex -42.8295 7.4359 4
      vertex -43.2606 12.5698 4
    endloop
  endfacet
  facet normal 0 0 1
    outer loop
      vertex -42.8295 7.4359 4
      vertex -44.1263 12.2759 4
      vertex -43.3791 7.32657 4
    endloop
  endfacet
  facet normal -0 0 1
    outer loop
      vertex -48.3977 7.66542 4
      vertex -43.3791 7.32657 4
      vertex -44.1263 12.2759 4
    endloop
  endfacet
  facet normal 0 0 1
    outer loop
      vertex -43.3791 7.32657 4
      vertex -48.3977 7.66542 4
      vertex -43.4583 6.8831 4
    endloop
  endfacet
  facet normal 0 0 1
    outer loop
      vertex -43.695 5.17163 4
      vertex -48.6613 5.75941 4
      vertex -43.8643 3.45219 4
    endloop
  endfacet
  facet normal -0 0 1
    outer loop
      vertex -48.6613 5.75941 4
      vertex -43.695 5.17163 4
      vertex -48.3977 7.66542 4
    endloop
  endfacet
  facet normal 0 0 1
    outer loop
      vertex -43.4583 6.8831 4
      vertex -48.3977 7.66542 4
      vertex -43.695 5.17163 4
    endloop
  endfacet
  facet normal 0.0588838 -0.998265 0
    outer loop
      vertex 1.92377 -48.9632 0
      vertex 3.84456 -48.8499 4
      vertex 1.92377 -48.9632 4
    endloop
  endfacet
  facet normal 0.0588838 -0.998265 0
    outer loop
      vertex 3.84456 -48.8499 4
      vertex 1.92377 -48.9632 0
      vertex 3.84456 -48.8499 0
    endloop
  endfacet
  facet normal 0.0980191 -0.995185 0
    outer loop
      vertex 3.84456 -48.8499 0
      vertex 5.75941 -48.6613 4
      vertex 3.84456 -48.8499 4
    endloop
  endfacet
  facet normal 0.0980191 -0.995185 0
    outer loop
      vertex 5.75941 -48.6613 4
      vertex 3.84456 -48.8499 0
      vertex 5.75941 -48.6613 0
    endloop
  endfacet
  facet normal 0.136995 -0.990572 0
    outer loop
      vertex 5.75941 -48.6613 0
      vertex 7.66542 -48.3977 4
      vertex 5.75941 -48.6613 4
    endloop
  endfacet
  facet normal 0.136995 -0.990572 0
    outer loop
      vertex 7.66542 -48.3977 4
      vertex 5.75941 -48.6613 0
      vertex 7.66542 -48.3977 0
    endloop
  endfacet
  facet normal 0.175811 -0.984424 0
    outer loop
      vertex 7.66542 -48.3977 0
      vertex 11.5648 -47.7013 4
      vertex 7.66542 -48.3977 4
    endloop
  endfacet
  facet normal 0.175811 -0.984424 0
    outer loop
      vertex 11.5648 -47.7013 4
      vertex 7.66542 -48.3977 0
      vertex 11.5648 -47.7013 0
    endloop
  endfacet
  facet normal 0.980786 -0.195087 1.5546e-18
    outer loop
      vertex 11.5648 -47.7013 4
      vertex 12.2759 -44.1263 0
      vertex 12.2759 -44.1263 4
    endloop
  endfacet
  facet normal 0.980786 -0.195087 1.5546e-18
    outer loop
      vertex 12.2759 -44.1263 0
      vertex 11.5648 -47.7013 4
      vertex 11.5648 -47.7013 0
    endloop
  endfacet
  facet normal 0.946919 -0.321473 -3.59446e-18
    outer loop
      vertex 12.2759 -44.1263 4
      vertex 12.5698 -43.2606 0
      vertex 12.5698 -43.2606 4
    endloop
  endfacet
  facet normal 0.946919 -0.321473 -3.59446e-18
    outer loop
      vertex 12.5698 -43.2606 0
      vertex 12.2759 -44.1263 4
      vertex 12.2759 -44.1263 0
    endloop
  endfacet
  facet normal 0.896886 -0.442262 2.68745e-18
    outer loop
      vertex 12.5698 -43.2606 4
      vertex 12.9741 -42.4407 0
      vertex 12.9741 -42.4407 4
    endloop
  endfacet
  facet normal 0.896886 -0.442262 2.68745e-18
    outer loop
      vertex 12.9741 -42.4407 0
      vertex 12.5698 -43.2606 4
      vertex 12.5698 -43.2606 0
    endloop
  endfacet
  facet normal 0.831444 -0.555608 -6.97438e-18
    outer loop
      vertex 12.9741 -42.4407 4
      vertex 13.4821 -41.6805 0
      vertex 13.4821 -41.6805 4
    endloop
  endfacet
  facet normal 0.831444 -0.555608 -6.97438e-18
    outer loop
      vertex 13.4821 -41.6805 0
      vertex 12.9741 -42.4407 4
      vertex 12.9741 -42.4407 0
    endloop
  endfacet
  facet normal 0.751858 -0.659325 -7.00068e-18
    outer loop
      vertex 13.4821 -41.6805 4
      vertex 14.0849 -40.9931 0
      vertex 14.0849 -40.9931 4
    endloop
  endfacet
  facet normal 0.751858 -0.659325 -7.00068e-18
    outer loop
      vertex 14.0849 -40.9931 0
      vertex 13.4821 -41.6805 4
      vertex 13.4821 -41.6805 0
    endloop
  endfacet
  facet normal 0.659379 -0.75181 0
    outer loop
      vertex 14.0849 -40.9931 0
      vertex 14.7722 -40.3903 4
      vertex 14.0849 -40.9931 4
    endloop
  endfacet
  facet normal 0.659379 -0.75181 0
    outer loop
      vertex 14.7722 -40.3903 4
      vertex 14.0849 -40.9931 0
      vertex 14.7722 -40.3903 0
    endloop
  endfacet
  facet normal 0.555583 -0.831461 0
    outer loop
      vertex 14.7722 -40.3903 0
      vertex 15.5323 -39.8824 4
      vertex 14.7722 -40.3903 4
    endloop
  endfacet
  facet normal 0.555583 -0.831461 0
    outer loop
      vertex 15.5323 -39.8824 4
      vertex 14.7722 -40.3903 0
      vertex 15.5323 -39.8824 0
    endloop
  endfacet
  facet normal 0.442219 -0.896907 0
    outer loop
      vertex 15.5323 -39.8824 0
      vertex 16.3523 -39.4781 4
      vertex 15.5323 -39.8824 4
    endloop
  endfacet
  facet normal 0.442219 -0.896907 0
    outer loop
      vertex 16.3523 -39.4781 4
      vertex 15.5323 -39.8824 0
      vertex 16.3523 -39.4781 0
    endloop
  endfacet
  facet normal 0.32144 -0.94693 0
    outer loop
      vertex 16.3523 -39.4781 0
      vertex 17.2181 -39.1842 4
      vertex 16.3523 -39.4781 4
    endloop
  endfacet
  facet normal 0.32144 -0.94693 0
    outer loop
      vertex 17.2181 -39.1842 4
      vertex 16.3523 -39.4781 0
      vertex 17.2181 -39.1842 0
    endloop
  endfacet
  facet normal 0.195127 -0.980778 0
    outer loop
      vertex 17.2181 -39.1842 0
      vertex 18.1148 -39.0058 4
      vertex 17.2181 -39.1842 4
    endloop
  endfacet
  facet normal 0.195127 -0.980778 0
    outer loop
      vertex 18.1148 -39.0058 4
      vertex 17.2181 -39.1842 0
      vertex 18.1148 -39.0058 0
    endloop
  endfacet
  facet normal 0.0654154 -0.997858 0
    outer loop
      vertex 18.1148 -39.0058 0
      vertex 19.027 -38.946 4
      vertex 18.1148 -39.0058 4
    endloop
  endfacet
  facet normal 0.0654154 -0.997858 0
    outer loop
      vertex 19.027 -38.946 4
      vertex 18.1148 -39.0058 0
      vertex 19.027 -38.946 0
    endloop
  endfacet
  facet normal -0.0654154 -0.997858 0
    outer loop
      vertex 19.027 -38.946 0
      vertex 19.9392 -39.0058 4
      vertex 19.027 -38.946 4
    endloop
  endfacet
  facet normal -0.0654154 -0.997858 -0
    outer loop
      vertex 19.9392 -39.0058 4
      vertex 19.027 -38.946 0
      vertex 19.9392 -39.0058 0
    endloop
  endfacet
  facet normal -0.195107 -0.980782 0
    outer loop
      vertex 19.9392 -39.0058 0
      vertex 20.836 -39.1842 4
      vertex 19.9392 -39.0058 4
    endloop
  endfacet
  facet normal -0.195107 -0.980782 -0
    outer loop
      vertex 20.836 -39.1842 4
      vertex 19.9392 -39.0058 0
      vertex 20.836 -39.1842 0
    endloop
  endfacet
  facet normal -0.32144 -0.94693 0
    outer loop
      vertex 20.836 -39.1842 0
      vertex 21.7018 -39.4781 4
      vertex 20.836 -39.1842 4
    endloop
  endfacet
  facet normal -0.32144 -0.94693 -0
    outer loop
      vertex 21.7018 -39.4781 4
      vertex 20.836 -39.1842 0
      vertex 21.7018 -39.4781 0
    endloop
  endfacet
  facet normal -0.442306 -0.896864 0
    outer loop
      vertex 21.7018 -39.4781 0
      vertex 22.5216 -39.8824 4
      vertex 21.7018 -39.4781 4
    endloop
  endfacet
  facet normal -0.442306 -0.896864 -0
    outer loop
      vertex 22.5216 -39.8824 4
      vertex 21.7018 -39.4781 0
      vertex 22.5216 -39.8824 0
    endloop
  endfacet
  facet normal -0.555567 -0.831472 0
    outer loop
      vertex 22.5216 -39.8824 0
      vertex 25.5524 -41.9075 4
      vertex 22.5216 -39.8824 4
    endloop
  endfacet
  facet normal -0.555567 -0.831472 -0
    outer loop
      vertex 25.5524 -41.9075 4
      vertex 22.5216 -39.8824 0
      vertex 25.5524 -41.9075 0
    endloop
  endfacet
  facet normal 0.571797 -0.820395 0
    outer loop
      vertex 25.5524 -41.9075 0
      vertex 28.802 -39.6426 4
      vertex 25.5524 -41.9075 4
    endloop
  endfacet
  facet normal 0.571797 -0.820395 0
    outer loop
      vertex 28.802 -39.6426 4
      vertex 25.5524 -41.9075 0
      vertex 28.802 -39.6426 0
    endloop
  endfacet
  facet normal 0.603536 -0.797335 0
    outer loop
      vertex 28.802 -39.6426 0
      vertex 30.3362 -38.4813 4
      vertex 28.802 -39.6426 4
    endloop
  endfacet
  facet normal 0.603536 -0.797335 0
    outer loop
      vertex 30.3362 -38.4813 4
      vertex 28.802 -39.6426 0
      vertex 30.3362 -38.4813 0
    endloop
  endfacet
  facet normal 0.6344 -0.773005 0
    outer loop
      vertex 30.3362 -38.4813 0
      vertex 31.8236 -37.2606 4
      vertex 30.3362 -38.4813 4
    endloop
  endfacet
  facet normal 0.6344 -0.773005 0
    outer loop
      vertex 31.8236 -37.2606 4
      vertex 30.3362 -38.4813 0
      vertex 31.8236 -37.2606 0
    endloop
  endfacet
  facet normal 0.664251 -0.74751 0
    outer loop
      vertex 31.8236 -37.2606 0
      vertex 33.2619 -35.9825 4
      vertex 31.8236 -37.2606 4
    endloop
  endfacet
  facet normal 0.664251 -0.74751 0
    outer loop
      vertex 33.2619 -35.9825 4
      vertex 31.8236 -37.2606 0
      vertex 33.2619 -35.9825 0
    endloop
  endfacet
  facet normal 0.693094 -0.720847 0
    outer loop
      vertex 33.2619 -35.9825 0
      vertex 34.6489 -34.6489 4
      vertex 33.2619 -35.9825 4
    endloop
  endfacet
  facet normal 0.693094 -0.720847 0
    outer loop
      vertex 34.6489 -34.6489 4
      vertex 33.2619 -35.9825 0
      vertex 34.6489 -34.6489 0
    endloop
  endfacet
  facet normal 0.720847 -0.693094 1.37099e-17
    outer loop
      vertex 34.6489 -34.6489 4
      vertex 35.9825 -33.2619 0
      vertex 35.9825 -33.2619 4
    endloop
  endfacet
  facet normal 0.720847 -0.693094 1.37099e-17
    outer loop
      vertex 35.9825 -33.2619 0
      vertex 34.6489 -34.6489 4
      vertex 34.6489 -34.6489 0
    endloop
  endfacet
  facet normal 0.74751 -0.664251 9.93884e-19
    outer loop
      vertex 35.9825 -33.2619 4
      vertex 37.2606 -31.8236 0
      vertex 37.2606 -31.8236 4
    endloop
  endfacet
  facet normal 0.74751 -0.664251 9.93884e-19
    outer loop
      vertex 37.2606 -31.8236 0
      vertex 35.9825 -33.2619 4
      vertex 35.9825 -33.2619 0
    endloop
  endfacet
  facet normal 0.773005 -0.6344 -1.74576e-18
    outer loop
      vertex 37.2606 -31.8236 4
      vertex 38.4813 -30.3362 0
      vertex 38.4813 -30.3362 4
    endloop
  endfacet
  facet normal 0.773005 -0.6344 -1.74576e-18
    outer loop
      vertex 38.4813 -30.3362 0
      vertex 37.2606 -31.8236 4
      vertex 37.2606 -31.8236 0
    endloop
  endfacet
  facet normal 0.797335 -0.603536 1.02022e-17
    outer loop
      vertex 38.4813 -30.3362 4
      vertex 39.6426 -28.802 0
      vertex 39.6426 -28.802 4
    endloop
  endfacet
  facet normal 0.797335 -0.603536 1.02022e-17
    outer loop
      vertex 39.6426 -28.802 0
      vertex 38.4813 -30.3362 4
      vertex 38.4813 -30.3362 0
    endloop
  endfacet
  facet normal 0.820395 -0.571797 1.31645e-17
    outer loop
      vertex 39.6426 -28.802 4
      vertex 41.9075 -25.5524 0
      vertex 41.9075 -25.5524 4
    endloop
  endfacet
  facet normal 0.820395 -0.571797 1.31645e-17
    outer loop
      vertex 41.9075 -25.5524 0
      vertex 39.6426 -28.802 4
      vertex 39.6426 -28.802 0
    endloop
  endfacet
  facet normal 0.831472 0.555567 3.59172e-18
    outer loop
      vertex 41.9075 -25.5524 4
      vertex 39.8824 -22.5216 0
      vertex 39.8824 -22.5216 4
    endloop
  endfacet
  facet normal 0.831472 0.555567 3.59172e-18
    outer loop
      vertex 39.8824 -22.5216 0
      vertex 41.9075 -25.5524 4
      vertex 41.9075 -25.5524 0
    endloop
  endfacet
  facet normal 0.896864 0.442306 -5.98856e-18
    outer loop
      vertex 39.8824 -22.5216 4
      vertex 39.4781 -21.7018 0
      vertex 39.4781 -21.7018 4
    endloop
  endfacet
  facet normal 0.896864 0.442306 -5.98856e-18
    outer loop
      vertex 39.4781 -21.7018 0
      vertex 39.8824 -22.5216 4
      vertex 39.8824 -22.5216 0
    endloop
  endfacet
  facet normal 0.94693 0.32144 -6.01813e-18
    outer loop
      vertex 39.4781 -21.7018 4
      vertex 39.1842 -20.836 0
      vertex 39.1842 -20.836 4
    endloop
  endfacet
  facet normal 0.94693 0.32144 -6.01813e-18
    outer loop
      vertex 39.1842 -20.836 0
      vertex 39.4781 -21.7018 4
      vertex 39.4781 -21.7018 0
    endloop
  endfacet
  facet normal 0.980782 0.195107 -3.05955e-18
    outer loop
      vertex 39.1842 -20.836 4
      vertex 39.0058 -19.9392 0
      vertex 39.0058 -19.9392 4
    endloop
  endfacet
  facet normal 0.980782 0.195107 -3.05955e-18
    outer loop
      vertex 39.0058 -19.9392 0
      vertex 39.1842 -20.836 4
      vertex 39.1842 -20.836 0
    endloop
  endfacet
  facet normal 0.997858 0.0654154 -5.35477e-19
    outer loop
      vertex 39.0058 -19.9392 4
      vertex 38.946 -19.027 0
      vertex 38.946 -19.027 4
    endloop
  endfacet
  facet normal 0.997858 0.0654154 -5.35477e-19
    outer loop
      vertex 38.946 -19.027 0
      vertex 39.0058 -19.9392 4
      vertex 39.0058 -19.9392 0
    endloop
  endfacet
  facet normal 0.997858 -0.0654154 -1.90172e-19
    outer loop
      vertex 38.946 -19.027 4
      vertex 39.0058 -18.1148 0
      vertex 39.0058 -18.1148 4
    endloop
  endfacet
  facet normal 0.997858 -0.0654154 -1.90172e-19
    outer loop
      vertex 39.0058 -18.1148 0
      vertex 38.946 -19.027 4
      vertex 38.946 -19.027 0
    endloop
  endfacet
  facet normal 0.980778 -0.195127 -3.05735e-18
    outer loop
      vertex 39.0058 -18.1148 4
      vertex 39.1842 -17.2181 0
      vertex 39.1842 -17.2181 4
    endloop
  endfacet
  facet normal 0.980778 -0.195127 -3.05735e-18
    outer loop
      vertex 39.1842 -17.2181 0
      vertex 39.0058 -18.1148 4
      vertex 39.0058 -18.1148 0
    endloop
  endfacet
  facet normal 0.94693 -0.32144 6.01813e-18
    outer loop
      vertex 39.1842 -17.2181 4
      vertex 39.4781 -16.3523 0
      vertex 39.4781 -16.3523 4
    endloop
  endfacet
  facet normal 0.94693 -0.32144 6.01813e-18
    outer loop
      vertex 39.4781 -16.3523 0
      vertex 39.1842 -17.2181 4
      vertex 39.1842 -17.2181 0
    endloop
  endfacet
  facet normal 0.896907 -0.442219 -4.40178e-18
    outer loop
      vertex 39.4781 -16.3523 4
      vertex 39.8824 -15.5323 0
      vertex 39.8824 -15.5323 4
    endloop
  endfacet
  facet normal 0.896907 -0.442219 -4.40178e-18
    outer loop
      vertex 39.8824 -15.5323 0
      vertex 39.4781 -16.3523 4
      vertex 39.4781 -16.3523 0
    endloop
  endfacet
  facet normal 0.831461 -0.555583 -4.87457e-18
    outer loop
      vertex 39.8824 -15.5323 4
      vertex 40.3903 -14.7722 0
      vertex 40.3903 -14.7722 4
    endloop
  endfacet
  facet normal 0.831461 -0.555583 -4.87457e-18
    outer loop
      vertex 40.3903 -14.7722 0
      vertex 39.8824 -15.5323 4
      vertex 39.8824 -15.5323 0
    endloop
  endfacet
  facet normal 0.75181 -0.659379 -1.0324e-18
    outer loop
      vertex 40.3903 -14.7722 4
      vertex 40.9931 -14.0849 0
      vertex 40.9931 -14.0849 4
    endloop
  endfacet
  facet normal 0.75181 -0.659379 -1.0324e-18
    outer loop
      vertex 40.9931 -14.0849 0
      vertex 40.3903 -14.7722 4
      vertex 40.3903 -14.7722 0
    endloop
  endfacet
  facet normal 0.659325 -0.751858 0
    outer loop
      vertex 40.9931 -14.0849 0
      vertex 41.6805 -13.4821 4
      vertex 40.9931 -14.0849 4
    endloop
  endfacet
  facet normal 0.659325 -0.751858 0
    outer loop
      vertex 41.6805 -13.4821 4
      vertex 40.9931 -14.0849 0
      vertex 41.6805 -13.4821 0
    endloop
  endfacet
  facet normal 0.555608 -0.831444 0
    outer loop
      vertex 41.6805 -13.4821 0
      vertex 42.4407 -12.9741 4
      vertex 41.6805 -13.4821 4
    endloop
  endfacet
  facet normal 0.555608 -0.831444 0
    outer loop
      vertex 42.4407 -12.9741 4
      vertex 41.6805 -13.4821 0
      vertex 42.4407 -12.9741 0
    endloop
  endfacet
  facet normal 0.442262 -0.896886 0
    outer loop
      vertex 42.4407 -12.9741 0
      vertex 43.2606 -12.5698 4
      vertex 42.4407 -12.9741 4
    endloop
  endfacet
  facet normal 0.442262 -0.896886 0
    outer loop
      vertex 43.2606 -12.5698 4
      vertex 42.4407 -12.9741 0
      vertex 43.2606 -12.5698 0
    endloop
  endfacet
  facet normal 0.321473 -0.946919 0
    outer loop
      vertex 43.2606 -12.5698 0
      vertex 44.1263 -12.2759 4
      vertex 43.2606 -12.5698 4
    endloop
  endfacet
  facet normal 0.321473 -0.946919 0
    outer loop
      vertex 44.1263 -12.2759 4
      vertex 43.2606 -12.5698 0
      vertex 44.1263 -12.2759 0
    endloop
  endfacet
  facet normal 0.195087 -0.980786 0
    outer loop
      vertex 44.1263 -12.2759 0
      vertex 47.7013 -11.5648 4
      vertex 44.1263 -12.2759 4
    endloop
  endfacet
  facet normal 0.195087 -0.980786 0
    outer loop
      vertex 47.7013 -11.5648 4
      vertex 44.1263 -12.2759 0
      vertex 47.7013 -11.5648 0
    endloop
  endfacet
  facet normal 0.984424 -0.175811 -1.37092e-17
    outer loop
      vertex 47.7013 -11.5648 4
      vertex 48.3977 -7.66542 0
      vertex 48.3977 -7.66542 4
    endloop
  endfacet
  facet normal 0.984424 -0.175811 -1.37092e-17
    outer loop
      vertex 48.3977 -7.66542 0
      vertex 47.7013 -11.5648 4
      vertex 47.7013 -11.5648 0
    endloop
  endfacet
  facet normal 0.990572 -0.136995 -6.38331e-18
    outer loop
      vertex 48.3977 -7.66542 4
      vertex 48.6613 -5.75941 0
      vertex 48.6613 -5.75941 4
    endloop
  endfacet
  facet normal 0.990572 -0.136995 -6.38331e-18
    outer loop
      vertex 48.6613 -5.75941 0
      vertex 48.3977 -7.66542 4
      vertex 48.3977 -7.66542 0
    endloop
  endfacet
  facet normal 0.995185 -0.0980191 2.53616e-18
    outer loop
      vertex 48.6613 -5.75941 4
      vertex 48.8499 -3.84456 0
      vertex 48.8499 -3.84456 4
    endloop
  endfacet
  facet normal 0.995185 -0.0980191 2.53616e-18
    outer loop
      vertex 48.8499 -3.84456 0
      vertex 48.6613 -5.75941 4
      vertex 48.6613 -5.75941 0
    endloop
  endfacet
  facet normal 0.998265 -0.0588838 5.24451e-19
    outer loop
      vertex 48.8499 -3.84456 4
      vertex 48.9632 -1.92377 0
      vertex 48.9632 -1.92377 4
    endloop
  endfacet
  facet normal 0.998265 -0.0588838 5.24451e-19
    outer loop
      vertex 48.9632 -1.92377 0
      vertex 48.8499 -3.84456 4
      vertex 48.8499 -3.84456 0
    endloop
  endfacet
  facet normal 0.999807 -0.0196451 6.7627e-19
    outer loop
      vertex 48.9632 -1.92377 4
      vertex 49.001 0 0
      vertex 49.001 0 4
    endloop
  endfacet
  facet normal 0.999807 -0.0196451 6.7627e-19
    outer loop
      vertex 49.001 0 0
      vertex 48.9632 -1.92377 4
      vertex 48.9632 -1.92377 0
    endloop
  endfacet
  facet normal 0.999807 0.0196451 -6.7627e-19
    outer loop
      vertex 49.001 0 4
      vertex 48.9632 1.92377 0
      vertex 48.9632 1.92377 4
    endloop
  endfacet
  facet normal 0.999807 0.0196451 -6.7627e-19
    outer loop
      vertex 48.9632 1.92377 0
      vertex 49.001 0 4
      vertex 49.001 0 0
    endloop
  endfacet
  facet normal 0.998265 0.0588838 -5.24451e-19
    outer loop
      vertex 48.9632 1.92377 4
      vertex 48.8499 3.84456 0
      vertex 48.8499 3.84456 4
    endloop
  endfacet
  facet normal 0.998265 0.0588838 -5.24451e-19
    outer loop
      vertex 48.8499 3.84456 0
      vertex 48.9632 1.92377 4
      vertex 48.9632 1.92377 0
    endloop
  endfacet
  facet normal 0.995185 0.0980191 -2.53616e-18
    outer loop
      vertex 48.8499 3.84456 4
      vertex 48.6613 5.75941 0
      vertex 48.6613 5.75941 4
    endloop
  endfacet
  facet normal 0.995185 0.0980191 -2.53616e-18
    outer loop
      vertex 48.6613 5.75941 0
      vertex 48.8499 3.84456 4
      vertex 48.8499 3.84456 0
    endloop
  endfacet
  facet normal 0.990572 0.136995 6.38331e-18
    outer loop
      vertex 48.6613 5.75941 4
      vertex 48.3977 7.66542 0
      vertex 48.3977 7.66542 4
    endloop
  endfacet
  facet normal 0.990572 0.136995 6.38331e-18
    outer loop
      vertex 48.3977 7.66542 0
      vertex 48.6613 5.75941 4
      vertex 48.6613 5.75941 0
    endloop
  endfacet
  facet normal 0.984424 0.175811 1.37092e-17
    outer loop
      vertex 48.3977 7.66542 4
      vertex 47.7013 11.5648 0
      vertex 47.7013 11.5648 4
    endloop
  endfacet
  facet normal 0.984424 0.175811 1.37092e-17
    outer loop
      vertex 47.7013 11.5648 0
      vertex 48.3977 7.66542 4
      vertex 48.3977 7.66542 0
    endloop
  endfacet
  facet normal 0.195087 0.980786 -0
    outer loop
      vertex 47.7013 11.5648 0
      vertex 44.1263 12.2759 4
      vertex 47.7013 11.5648 4
    endloop
  endfacet
  facet normal 0.195087 0.980786 0
    outer loop
      vertex 44.1263 12.2759 4
      vertex 47.7013 11.5648 0
      vertex 44.1263 12.2759 0
    endloop
  endfacet
  facet normal 0.321473 0.946919 -0
    outer loop
      vertex 44.1263 12.2759 0
      vertex 43.2606 12.5698 4
      vertex 44.1263 12.2759 4
    endloop
  endfacet
  facet normal 0.321473 0.946919 0
    outer loop
      vertex 43.2606 12.5698 4
      vertex 44.1263 12.2759 0
      vertex 43.2606 12.5698 0
    endloop
  endfacet
  facet normal 0.442262 0.896886 -0
    outer loop
      vertex 43.2606 12.5698 0
      vertex 42.4407 12.9741 4
      vertex 43.2606 12.5698 4
    endloop
  endfacet
  facet normal 0.442262 0.896886 0
    outer loop
      vertex 42.4407 12.9741 4
      vertex 43.2606 12.5698 0
      vertex 42.4407 12.9741 0
    endloop
  endfacet
  facet normal 0.555608 0.831444 -0
    outer loop
      vertex 42.4407 12.9741 0
      vertex 41.6805 13.4821 4
      vertex 42.4407 12.9741 4
    endloop
  endfacet
  facet normal 0.555608 0.831444 0
    outer loop
      vertex 41.6805 13.4821 4
      vertex 42.4407 12.9741 0
      vertex 41.6805 13.4821 0
    endloop
  endfacet
  facet normal 0.659325 0.751858 -0
    outer loop
      vertex 41.6805 13.4821 0
      vertex 40.9931 14.0849 4
      vertex 41.6805 13.4821 4
    endloop
  endfacet
  facet normal 0.659325 0.751858 0
    outer loop
      vertex 40.9931 14.0849 4
      vertex 41.6805 13.4821 0
      vertex 40.9931 14.0849 0
    endloop
  endfacet
  facet normal 0.75181 0.659379 1.0324e-18
    outer loop
      vertex 40.9931 14.0849 4
      vertex 40.3903 14.7722 0
      vertex 40.3903 14.7722 4
    endloop
  endfacet
  facet normal 0.75181 0.659379 1.0324e-18
    outer loop
      vertex 40.3903 14.7722 0
      vertex 40.9931 14.0849 4
      vertex 40.9931 14.0849 0
    endloop
  endfacet
  facet normal 0.831461 0.555583 4.87457e-18
    outer loop
      vertex 40.3903 14.7722 4
      vertex 39.8824 15.5323 0
      vertex 39.8824 15.5323 4
    endloop
  endfacet
  facet normal 0.831461 0.555583 4.87457e-18
    outer loop
      vertex 39.8824 15.5323 0
      vertex 40.3903 14.7722 4
      vertex 40.3903 14.7722 0
    endloop
  endfacet
  facet normal 0.896907 0.442219 4.40178e-18
    outer loop
      vertex 39.8824 15.5323 4
      vertex 39.4781 16.3523 0
      vertex 39.4781 16.3523 4
    endloop
  endfacet
  facet normal 0.896907 0.442219 4.40178e-18
    outer loop
      vertex 39.4781 16.3523 0
      vertex 39.8824 15.5323 4
      vertex 39.8824 15.5323 0
    endloop
  endfacet
  facet normal 0.94693 0.32144 -6.01813e-18
    outer loop
      vertex 39.4781 16.3523 4
      vertex 39.1842 17.2181 0
      vertex 39.1842 17.2181 4
    endloop
  endfacet
  facet normal 0.94693 0.32144 -6.01813e-18
    outer loop
      vertex 39.1842 17.2181 0
      vertex 39.4781 16.3523 4
      vertex 39.4781 16.3523 0
    endloop
  endfacet
  facet normal 0.980778 0.195127 3.05735e-18
    outer loop
      vertex 39.1842 17.2181 4
      vertex 39.0058 18.1148 0
      vertex 39.0058 18.1148 4
    endloop
  endfacet
  facet normal 0.980778 0.195127 3.05735e-18
    outer loop
      vertex 39.0058 18.1148 0
      vertex 39.1842 17.2181 4
      vertex 39.1842 17.2181 0
    endloop
  endfacet
  facet normal 0.997858 0.0654154 1.90172e-19
    outer loop
      vertex 39.0058 18.1148 4
      vertex 38.946 19.027 0
      vertex 38.946 19.027 4
    endloop
  endfacet
  facet normal 0.997858 0.0654154 1.90172e-19
    outer loop
      vertex 38.946 19.027 0
      vertex 39.0058 18.1148 4
      vertex 39.0058 18.1148 0
    endloop
  endfacet
  facet normal 0.997858 -0.0654154 5.35477e-19
    outer loop
      vertex 38.946 19.027 4
      vertex 39.0058 19.9392 0
      vertex 39.0058 19.9392 4
    endloop
  endfacet
  facet normal 0.997858 -0.0654154 5.35477e-19
    outer loop
      vertex 39.0058 19.9392 0
      vertex 38.946 19.027 4
      vertex 38.946 19.027 0
    endloop
  endfacet
  facet normal 0.980782 -0.195107 3.05955e-18
    outer loop
      vertex 39.0058 19.9392 4
      vertex 39.1842 20.836 0
      vertex 39.1842 20.836 4
    endloop
  endfacet
  facet normal 0.980782 -0.195107 3.05955e-18
    outer loop
      vertex 39.1842 20.836 0
      vertex 39.0058 19.9392 4
      vertex 39.0058 19.9392 0
    endloop
  endfacet
  facet normal 0.94693 -0.32144 6.01813e-18
    outer loop
      vertex 39.1842 20.836 4
      vertex 39.4781 21.7018 0
      vertex 39.4781 21.7018 4
    endloop
  endfacet
  facet normal 0.94693 -0.32144 6.01813e-18
    outer loop
      vertex 39.4781 21.7018 0
      vertex 39.1842 20.836 4
      vertex 39.1842 20.836 0
    endloop
  endfacet
  facet normal 0.896864 -0.442306 5.98856e-18
    outer loop
      vertex 39.4781 21.7018 4
      vertex 39.8824 22.5216 0
      vertex 39.8824 22.5216 4
    endloop
  endfacet
  facet normal 0.896864 -0.442306 5.98856e-18
    outer loop
      vertex 39.8824 22.5216 0
      vertex 39.4781 21.7018 4
      vertex 39.4781 21.7018 0
    endloop
  endfacet
  facet normal 0.831472 -0.555567 -3.59172e-18
    outer loop
      vertex 39.8824 22.5216 4
      vertex 41.9075 25.5524 0
      vertex 41.9075 25.5524 4
    endloop
  endfacet
  facet normal 0.831472 -0.555567 -3.59172e-18
    outer loop
      vertex 41.9075 25.5524 0
      vertex 39.8824 22.5216 4
      vertex 39.8824 22.5216 0
    endloop
  endfacet
  facet normal 0.820395 0.571797 -1.31645e-17
    outer loop
      vertex 41.9075 25.5524 4
      vertex 39.6426 28.802 0
      vertex 39.6426 28.802 4
    endloop
  endfacet
  facet normal 0.820395 0.571797 -1.31645e-17
    outer loop
      vertex 39.6426 28.802 0
      vertex 41.9075 25.5524 4
      vertex 41.9075 25.5524 0
    endloop
  endfacet
  facet normal 0.797335 0.603536 -1.02022e-17
    outer loop
      vertex 39.6426 28.802 4
      vertex 38.4813 30.3362 0
      vertex 38.4813 30.3362 4
    endloop
  endfacet
  facet normal 0.797335 0.603536 -1.02022e-17
    outer loop
      vertex 38.4813 30.3362 0
      vertex 39.6426 28.802 4
      vertex 39.6426 28.802 0
    endloop
  endfacet
  facet normal 0.773005 0.6344 1.74576e-18
    outer loop
      vertex 38.4813 30.3362 4
      vertex 37.2606 31.8236 0
      vertex 37.2606 31.8236 4
    endloop
  endfacet
  facet normal 0.773005 0.6344 1.74576e-18
    outer loop
      vertex 37.2606 31.8236 0
      vertex 38.4813 30.3362 4
      vertex 38.4813 30.3362 0
    endloop
  endfacet
  facet normal 0.74751 0.664251 -9.93884e-19
    outer loop
      vertex 37.2606 31.8236 4
      vertex 35.9825 33.2619 0
      vertex 35.9825 33.2619 4
    endloop
  endfacet
  facet normal 0.74751 0.664251 -9.93884e-19
    outer loop
      vertex 35.9825 33.2619 0
      vertex 37.2606 31.8236 4
      vertex 37.2606 31.8236 0
    endloop
  endfacet
  facet normal 0.720847 0.693094 -1.37099e-17
    outer loop
      vertex 35.9825 33.2619 4
      vertex 34.6489 34.6489 0
      vertex 34.6489 34.6489 4
    endloop
  endfacet
  facet normal 0.720847 0.693094 -1.37099e-17
    outer loop
      vertex 34.6489 34.6489 0
      vertex 35.9825 33.2619 4
      vertex 35.9825 33.2619 0
    endloop
  endfacet
  facet normal 0.693094 0.720847 -0
    outer loop
      vertex 34.6489 34.6489 0
      vertex 33.2619 35.9825 4
      vertex 34.6489 34.6489 4
    endloop
  endfacet
  facet normal 0.693094 0.720847 0
    outer loop
      vertex 33.2619 35.9825 4
      vertex 34.6489 34.6489 0
      vertex 33.2619 35.9825 0
    endloop
  endfacet
  facet normal 0.664251 0.74751 -0
    outer loop
      vertex 33.2619 35.9825 0
      vertex 31.8236 37.2606 4
      vertex 33.2619 35.9825 4
    endloop
  endfacet
  facet normal 0.664251 0.74751 0
    outer loop
      vertex 31.8236 37.2606 4
      vertex 33.2619 35.9825 0
      vertex 31.8236 37.2606 0
    endloop
  endfacet
  facet normal 0.6344 0.773005 -0
    outer loop
      vertex 31.8236 37.2606 0
      vertex 30.3362 38.4813 4
      vertex 31.8236 37.2606 4
    endloop
  endfacet
  facet normal 0.6344 0.773005 0
    outer loop
      vertex 30.3362 38.4813 4
      vertex 31.8236 37.2606 0
      vertex 30.3362 38.4813 0
    endloop
  endfacet
  facet normal 0.603536 0.797335 -0
    outer loop
      vertex 30.3362 38.4813 0
      vertex 28.802 39.6426 4
      vertex 30.3362 38.4813 4
    endloop
  endfacet
  facet normal 0.603536 0.797335 0
    outer loop
      vertex 28.802 39.6426 4
      vertex 30.3362 38.4813 0
      vertex 28.802 39.6426 0
    endloop
  endfacet
  facet normal 0.571797 0.820395 -0
    outer loop
      vertex 28.802 39.6426 0
      vertex 25.5524 41.9075 4
      vertex 28.802 39.6426 4
    endloop
  endfacet
  facet normal 0.571797 0.820395 0
    outer loop
      vertex 25.5524 41.9075 4
      vertex 28.802 39.6426 0
      vertex 25.5524 41.9075 0
    endloop
  endfacet
  facet normal -0.555567 0.831472 0
    outer loop
      vertex 25.5524 41.9075 0
      vertex 22.5216 39.8824 4
      vertex 25.5524 41.9075 4
    endloop
  endfacet
  facet normal -0.555567 0.831472 0
    outer loop
      vertex 22.5216 39.8824 4
      vertex 25.5524 41.9075 0
      vertex 22.5216 39.8824 0
    endloop
  endfacet
  facet normal -0.442306 0.896864 0
    outer loop
      vertex 22.5216 39.8824 0
      vertex 21.7018 39.4781 4
      vertex 22.5216 39.8824 4
    endloop
  endfacet
  facet normal -0.442306 0.896864 0
    outer loop
      vertex 21.7018 39.4781 4
      vertex 22.5216 39.8824 0
      vertex 21.7018 39.4781 0
    endloop
  endfacet
  facet normal -0.32144 0.94693 0
    outer loop
      vertex 21.7018 39.4781 0
      vertex 20.836 39.1842 4
      vertex 21.7018 39.4781 4
    endloop
  endfacet
  facet normal -0.32144 0.94693 0
    outer loop
      vertex 20.836 39.1842 4
      vertex 21.7018 39.4781 0
      vertex 20.836 39.1842 0
    endloop
  endfacet
  facet normal -0.195107 0.980782 0
    outer loop
      vertex 20.836 39.1842 0
      vertex 19.9392 39.0058 4
      vertex 20.836 39.1842 4
    endloop
  endfacet
  facet normal -0.195107 0.980782 0
    outer loop
      vertex 19.9392 39.0058 4
      vertex 20.836 39.1842 0
      vertex 19.9392 39.0058 0
    endloop
  endfacet
  facet normal -0.0654154 0.997858 0
    outer loop
      vertex 19.9392 39.0058 0
      vertex 19.027 38.946 4
      vertex 19.9392 39.0058 4
    endloop
  endfacet
  facet normal -0.0654154 0.997858 0
    outer loop
      vertex 19.027 38.946 4
      vertex 19.9392 39.0058 0
      vertex 19.027 38.946 0
    endloop
  endfacet
  facet normal 0.0654154 0.997858 -0
    outer loop
      vertex 19.027 38.946 0
      vertex 18.1148 39.0058 4
      vertex 19.027 38.946 4
    endloop
  endfacet
  facet normal 0.0654154 0.997858 0
    outer loop
      vertex 18.1148 39.0058 4
      vertex 19.027 38.946 0
      vertex 18.1148 39.0058 0
    endloop
  endfacet
  facet normal 0.195127 0.980778 -0
    outer loop
      vertex 18.1148 39.0058 0
      vertex 17.2181 39.1842 4
      vertex 18.1148 39.0058 4
    endloop
  endfacet
  facet normal 0.195127 0.980778 0
    outer loop
      vertex 17.2181 39.1842 4
      vertex 18.1148 39.0058 0
      vertex 17.2181 39.1842 0
    endloop
  endfacet
  facet normal 0.32144 0.94693 -0
    outer loop
      vertex 17.2181 39.1842 0
      vertex 16.3523 39.4781 4
      vertex 17.2181 39.1842 4
    endloop
  endfacet
  facet normal 0.32144 0.94693 0
    outer loop
      vertex 16.3523 39.4781 4
      vertex 17.2181 39.1842 0
      vertex 16.3523 39.4781 0
    endloop
  endfacet
  facet normal 0.442219 0.896907 -0
    outer loop
      vertex 16.3523 39.4781 0
      vertex 15.5323 39.8824 4
      vertex 16.3523 39.4781 4
    endloop
  endfacet
  facet normal 0.442219 0.896907 0
    outer loop
      vertex 15.5323 39.8824 4
      vertex 16.3523 39.4781 0
      vertex 15.5323 39.8824 0
    endloop
  endfacet
  facet normal 0.555583 0.831461 -0
    outer loop
      vertex 15.5323 39.8824 0
      vertex 14.7722 40.3903 4
      vertex 15.5323 39.8824 4
    endloop
  endfacet
  facet normal 0.555583 0.831461 0
    outer loop
      vertex 14.7722 40.3903 4
      vertex 15.5323 39.8824 0
      vertex 14.7722 40.3903 0
    endloop
  endfacet
  facet normal 0.659379 0.75181 -0
    outer loop
      vertex 14.7722 40.3903 0
      vertex 14.0849 40.9931 4
      vertex 14.7722 40.3903 4
    endloop
  endfacet
  facet normal 0.659379 0.75181 0
    outer loop
      vertex 14.0849 40.9931 4
      vertex 14.7722 40.3903 0
      vertex 14.0849 40.9931 0
    endloop
  endfacet
  facet normal 0.751858 0.659325 7.00068e-18
    outer loop
      vertex 14.0849 40.9931 4
      vertex 13.4821 41.6805 0
      vertex 13.4821 41.6805 4
    endloop
  endfacet
  facet normal 0.751858 0.659325 7.00068e-18
    outer loop
      vertex 13.4821 41.6805 0
      vertex 14.0849 40.9931 4
      vertex 14.0849 40.9931 0
    endloop
  endfacet
  facet normal 0.831444 0.555608 6.97438e-18
    outer loop
      vertex 13.4821 41.6805 4
      vertex 12.9741 42.4407 0
      vertex 12.9741 42.4407 4
    endloop
  endfacet
  facet normal 0.831444 0.555608 6.97438e-18
    outer loop
      vertex 12.9741 42.4407 0
      vertex 13.4821 41.6805 4
      vertex 13.4821 41.6805 0
    endloop
  endfacet
  facet normal 0.896886 0.442262 -2.68745e-18
    outer loop
      vertex 12.9741 42.4407 4
      vertex 12.5698 43.2606 0
      vertex 12.5698 43.2606 4
    endloop
  endfacet
  facet normal 0.896886 0.442262 -2.68745e-18
    outer loop
      vertex 12.5698 43.2606 0
      vertex 12.9741 42.4407 4
      vertex 12.9741 42.4407 0
    endloop
  endfacet
  facet normal 0.946919 0.321473 3.59446e-18
    outer loop
      vertex 12.5698 43.2606 4
      vertex 12.2759 44.1263 0
      vertex 12.2759 44.1263 4
    endloop
  endfacet
  facet normal 0.946919 0.321473 3.59446e-18
    outer loop
      vertex 12.2759 44.1263 0
      vertex 12.5698 43.2606 4
      vertex 12.5698 43.2606 0
    endloop
  endfacet
  facet normal 0.980786 0.195087 -1.5546e-18
    outer loop
      vertex 12.2759 44.1263 4
      vertex 11.5648 47.7013 0
      vertex 11.5648 47.7013 4
    endloop
  endfacet
  facet normal 0.980786 0.195087 -1.5546e-18
    outer loop
      vertex 11.5648 47.7013 0
      vertex 12.2759 44.1263 4
      vertex 12.2759 44.1263 0
    endloop
  endfacet
  facet normal 0.175811 0.984424 -0
    outer loop
      vertex 11.5648 47.7013 0
      vertex 7.66542 48.3977 4
      vertex 11.5648 47.7013 4
    endloop
  endfacet
  facet normal 0.175811 0.984424 0
    outer loop
      vertex 7.66542 48.3977 4
      vertex 11.5648 47.7013 0
      vertex 7.66542 48.3977 0
    endloop
  endfacet
  facet normal 0.136995 0.990572 -0
    outer loop
      vertex 7.66542 48.3977 0
      vertex 5.75941 48.6613 4
      vertex 7.66542 48.3977 4
    endloop
  endfacet
  facet normal 0.136995 0.990572 0
    outer loop
      vertex 5.75941 48.6613 4
      vertex 7.66542 48.3977 0
      vertex 5.75941 48.6613 0
    endloop
  endfacet
  facet normal 0.0980191 0.995185 -0
    outer loop
      vertex 5.75941 48.6613 0
      vertex 3.84456 48.8499 4
      vertex 5.75941 48.6613 4
    endloop
  endfacet
  facet normal 0.0980191 0.995185 0
    outer loop
      vertex 3.84456 48.8499 4
      vertex 5.75941 48.6613 0
      vertex 3.84456 48.8499 0
    endloop
  endfacet
  facet normal 0.0588838 0.998265 -0
    outer loop
      vertex 3.84456 48.8499 0
      vertex 1.92377 48.9632 4
      vertex 3.84456 48.8499 4
    endloop
  endfacet
  facet normal 0.0588838 0.998265 0
    outer loop
      vertex 1.92377 48.9632 4
      vertex 3.84456 48.8499 0
      vertex 1.92377 48.9632 0
    endloop
  endfacet
  facet normal 0.0196451 0.999807 -0
    outer loop
      vertex 1.92377 48.9632 0
      vertex 0 49.001 4
      vertex 1.92377 48.9632 4
    endloop
  endfacet
  facet normal 0.0196451 0.999807 0
    outer loop
      vertex 0 49.001 4
      vertex 1.92377 48.9632 0
      vertex 0 49.001 0
    endloop
  endfacet
  facet normal -0.0196451 0.999807 0
    outer loop
      vertex 0 49.001 0
      vertex -1.92377 48.9632 4
      vertex 0 49.001 4
    endloop
  endfacet
  facet normal -0.0196451 0.999807 0
    outer loop
      vertex -1.92377 48.9632 4
      vertex 0 49.001 0
      vertex -1.92377 48.9632 0
    endloop
  endfacet
  facet normal -0.0588838 0.998265 0
    outer loop
      vertex -1.92377 48.9632 0
      vertex -3.84456 48.8499 4
      vertex -1.92377 48.9632 4
    endloop
  endfacet
  facet normal -0.0588838 0.998265 0
    outer loop
      vertex -3.84456 48.8499 4
      vertex -1.92377 48.9632 0
      vertex -3.84456 48.8499 0
    endloop
  endfacet
  facet normal -0.0980191 0.995185 0
    outer loop
      vertex -3.84456 48.8499 0
      vertex -5.75941 48.6613 4
      vertex -3.84456 48.8499 4
    endloop
  endfacet
  facet normal -0.0980191 0.995185 0
    outer loop
      vertex -5.75941 48.6613 4
      vertex -3.84456 48.8499 0
      vertex -5.75941 48.6613 0
    endloop
  endfacet
  facet normal -0.136995 0.990572 0
    outer loop
      vertex -5.75941 48.6613 0
      vertex -7.66542 48.3977 4
      vertex -5.75941 48.6613 4
    endloop
  endfacet
  facet normal -0.136995 0.990572 0
    outer loop
      vertex -7.66542 48.3977 4
      vertex -5.75941 48.6613 0
      vertex -7.66542 48.3977 0
    endloop
  endfacet
  facet normal -0.175811 0.984424 0
    outer loop
      vertex -7.66542 48.3977 0
      vertex -11.5648 47.7013 4
      vertex -7.66542 48.3977 4
    endloop
  endfacet
  facet normal -0.175811 0.984424 0
    outer loop
      vertex -11.5648 47.7013 4
      vertex -7.66542 48.3977 0
      vertex -11.5648 47.7013 0
    endloop
  endfacet
  facet normal -0.980786 0.195087 1.5546e-18
    outer loop
      vertex -12.2759 44.1263 0
      vertex -11.5648 47.7013 4
      vertex -11.5648 47.7013 0
    endloop
  endfacet
  facet normal -0.980786 0.195087 1.5546e-18
    outer loop
      vertex -11.5648 47.7013 4
      vertex -12.2759 44.1263 0
      vertex -12.2759 44.1263 4
    endloop
  endfacet
  facet normal -0.946919 0.321473 -3.59446e-18
    outer loop
      vertex -12.5698 43.2606 0
      vertex -12.2759 44.1263 4
      vertex -12.2759 44.1263 0
    endloop
  endfacet
  facet normal -0.946919 0.321473 -3.59446e-18
    outer loop
      vertex -12.2759 44.1263 4
      vertex -12.5698 43.2606 0
      vertex -12.5698 43.2606 4
    endloop
  endfacet
  facet normal -0.896886 0.442262 2.68745e-18
    outer loop
      vertex -12.9741 42.4407 0
      vertex -12.5698 43.2606 4
      vertex -12.5698 43.2606 0
    endloop
  endfacet
  facet normal -0.896886 0.442262 2.68745e-18
    outer loop
      vertex -12.5698 43.2606 4
      vertex -12.9741 42.4407 0
      vertex -12.9741 42.4407 4
    endloop
  endfacet
  facet normal -0.831444 0.555608 -6.97438e-18
    outer loop
      vertex -13.4821 41.6805 0
      vertex -12.9741 42.4407 4
      vertex -12.9741 42.4407 0
    endloop
  endfacet
  facet normal -0.831444 0.555608 -6.97438e-18
    outer loop
      vertex -12.9741 42.4407 4
      vertex -13.4821 41.6805 0
      vertex -13.4821 41.6805 4
    endloop
  endfacet
  facet normal -0.751858 0.659325 -7.00068e-18
    outer loop
      vertex -14.0849 40.9931 0
      vertex -13.4821 41.6805 4
      vertex -13.4821 41.6805 0
    endloop
  endfacet
  facet normal -0.751858 0.659325 -7.00068e-18
    outer loop
      vertex -13.4821 41.6805 4
      vertex -14.0849 40.9931 0
      vertex -14.0849 40.9931 4
    endloop
  endfacet
  facet normal -0.659379 0.75181 0
    outer loop
      vertex -14.0849 40.9931 0
      vertex -14.7722 40.3903 4
      vertex -14.0849 40.9931 4
    endloop
  endfacet
  facet normal -0.659379 0.75181 0
    outer loop
      vertex -14.7722 40.3903 4
      vertex -14.0849 40.9931 0
      vertex -14.7722 40.3903 0
    endloop
  endfacet
  facet normal -0.555583 0.831461 0
    outer loop
      vertex -14.7722 40.3903 0
      vertex -15.5323 39.8824 4
      vertex -14.7722 40.3903 4
    endloop
  endfacet
  facet normal -0.555583 0.831461 0
    outer loop
      vertex -15.5323 39.8824 4
      vertex -14.7722 40.3903 0
      vertex -15.5323 39.8824 0
    endloop
  endfacet
  facet normal -0.442219 0.896907 0
    outer loop
      vertex -15.5323 39.8824 0
      vertex -16.3523 39.4781 4
      vertex -15.5323 39.8824 4
    endloop
  endfacet
  facet normal -0.442219 0.896907 0
    outer loop
      vertex -16.3523 39.4781 4
      vertex -15.5323 39.8824 0
      vertex -16.3523 39.4781 0
    endloop
  endfacet
  facet normal -0.32144 0.94693 0
    outer loop
      vertex -16.3523 39.4781 0
      vertex -17.2181 39.1842 4
      vertex -16.3523 39.4781 4
    endloop
  endfacet
  facet normal -0.32144 0.94693 0
    outer loop
      vertex -17.2181 39.1842 4
      vertex -16.3523 39.4781 0
      vertex -17.2181 39.1842 0
    endloop
  endfacet
  facet normal -0.195127 0.980778 0
    outer loop
      vertex -17.2181 39.1842 0
      vertex -18.1148 39.0058 4
      vertex -17.2181 39.1842 4
    endloop
  endfacet
  facet normal -0.195127 0.980778 0
    outer loop
      vertex -18.1148 39.0058 4
      vertex -17.2181 39.1842 0
      vertex -18.1148 39.0058 0
    endloop
  endfacet
  facet normal -0.0654154 0.997858 0
    outer loop
      vertex -18.1148 39.0058 0
      vertex -19.027 38.946 4
      vertex -18.1148 39.0058 4
    endloop
  endfacet
  facet normal -0.0654154 0.997858 0
    outer loop
      vertex -19.027 38.946 4
      vertex -18.1148 39.0058 0
      vertex -19.027 38.946 0
    endloop
  endfacet
  facet normal 0.0654154 0.997858 -0
    outer loop
      vertex -19.027 38.946 0
      vertex -19.9392 39.0058 4
      vertex -19.027 38.946 4
    endloop
  endfacet
  facet normal 0.0654154 0.997858 0
    outer loop
      vertex -19.9392 39.0058 4
      vertex -19.027 38.946 0
      vertex -19.9392 39.0058 0
    endloop
  endfacet
  facet normal 0.195107 0.980782 -0
    outer loop
      vertex -19.9392 39.0058 0
      vertex -20.836 39.1842 4
      vertex -19.9392 39.0058 4
    endloop
  endfacet
  facet normal 0.195107 0.980782 0
    outer loop
      vertex -20.836 39.1842 4
      vertex -19.9392 39.0058 0
      vertex -20.836 39.1842 0
    endloop
  endfacet
  facet normal 0.32144 0.94693 -0
    outer loop
      vertex -20.836 39.1842 0
      vertex -21.7018 39.4781 4
      vertex -20.836 39.1842 4
    endloop
  endfacet
  facet normal 0.32144 0.94693 0
    outer loop
      vertex -21.7018 39.4781 4
      vertex -20.836 39.1842 0
      vertex -21.7018 39.4781 0
    endloop
  endfacet
  facet normal 0.442306 0.896864 -0
    outer loop
      vertex -21.7018 39.4781 0
      vertex -22.5216 39.8824 4
      vertex -21.7018 39.4781 4
    endloop
  endfacet
  facet normal 0.442306 0.896864 0
    outer loop
      vertex -22.5216 39.8824 4
      vertex -21.7018 39.4781 0
      vertex -22.5216 39.8824 0
    endloop
  endfacet
  facet normal 0.555567 0.831472 -0
    outer loop
      vertex -22.5216 39.8824 0
      vertex -25.5524 41.9075 4
      vertex -22.5216 39.8824 4
    endloop
  endfacet
  facet normal 0.555567 0.831472 0
    outer loop
      vertex -25.5524 41.9075 4
      vertex -22.5216 39.8824 0
      vertex -25.5524 41.9075 0
    endloop
  endfacet
  facet normal -0.571797 0.820395 0
    outer loop
      vertex -25.5524 41.9075 0
      vertex -28.802 39.6426 4
      vertex -25.5524 41.9075 4
    endloop
  endfacet
  facet normal -0.571797 0.820395 0
    outer loop
      vertex -28.802 39.6426 4
      vertex -25.5524 41.9075 0
      vertex -28.802 39.6426 0
    endloop
  endfacet
  facet normal -0.603536 0.797335 0
    outer loop
      vertex -28.802 39.6426 0
      vertex -30.3362 38.4813 4
      vertex -28.802 39.6426 4
    endloop
  endfacet
  facet normal -0.603536 0.797335 0
    outer loop
      vertex -30.3362 38.4813 4
      vertex -28.802 39.6426 0
      vertex -30.3362 38.4813 0
    endloop
  endfacet
  facet normal -0.6344 0.773005 0
    outer loop
      vertex -30.3362 38.4813 0
      vertex -31.8236 37.2606 4
      vertex -30.3362 38.4813 4
    endloop
  endfacet
  facet normal -0.6344 0.773005 0
    outer loop
      vertex -31.8236 37.2606 4
      vertex -30.3362 38.4813 0
      vertex -31.8236 37.2606 0
    endloop
  endfacet
  facet normal -0.664251 0.74751 0
    outer loop
      vertex -31.8236 37.2606 0
      vertex -33.2619 35.9825 4
      vertex -31.8236 37.2606 4
    endloop
  endfacet
  facet normal -0.664251 0.74751 0
    outer loop
      vertex -33.2619 35.9825 4
      vertex -31.8236 37.2606 0
      vertex -33.2619 35.9825 0
    endloop
  endfacet
  facet normal -0.693094 0.720847 0
    outer loop
      vertex -33.2619 35.9825 0
      vertex -34.6489 34.6489 4
      vertex -33.2619 35.9825 4
    endloop
  endfacet
  facet normal -0.693094 0.720847 0
    outer loop
      vertex -34.6489 34.6489 4
      vertex -33.2619 35.9825 0
      vertex -34.6489 34.6489 0
    endloop
  endfacet
  facet normal -0.720847 0.693094 1.37099e-17
    outer loop
      vertex -35.9825 33.2619 0
      vertex -34.6489 34.6489 4
      vertex -34.6489 34.6489 0
    endloop
  endfacet
  facet normal -0.720847 0.693094 1.37099e-17
    outer loop
      vertex -34.6489 34.6489 4
      vertex -35.9825 33.2619 0
      vertex -35.9825 33.2619 4
    endloop
  endfacet
  facet normal -0.74751 0.664251 9.93884e-19
    outer loop
      vertex -37.2606 31.8236 0
      vertex -35.9825 33.2619 4
      vertex -35.9825 33.2619 0
    endloop
  endfacet
  facet normal -0.74751 0.664251 9.93884e-19
    outer loop
      vertex -35.9825 33.2619 4
      vertex -37.2606 31.8236 0
      vertex -37.2606 31.8236 4
    endloop
  endfacet
  facet normal -0.773005 0.6344 -1.74576e-18
    outer loop
      vertex -38.4813 30.3362 0
      vertex -37.2606 31.8236 4
      vertex -37.2606 31.8236 0
    endloop
  endfacet
  facet normal -0.773005 0.6344 -1.74576e-18
    outer loop
      vertex -37.2606 31.8236 4
      vertex -38.4813 30.3362 0
      vertex -38.4813 30.3362 4
    endloop
  endfacet
  facet normal -0.797335 0.603536 1.02022e-17
    outer loop
      vertex -39.6426 28.802 0
      vertex -38.4813 30.3362 4
      vertex -38.4813 30.3362 0
    endloop
  endfacet
  facet normal -0.797335 0.603536 1.02022e-17
    outer loop
      vertex -38.4813 30.3362 4
      vertex -39.6426 28.802 0
      vertex -39.6426 28.802 4
    endloop
  endfacet
  facet normal -0.820395 0.571797 1.31645e-17
    outer loop
      vertex -41.9075 25.5524 0
      vertex -39.6426 28.802 4
      vertex -39.6426 28.802 0
    endloop
  endfacet
  facet normal -0.820395 0.571797 1.31645e-17
    outer loop
      vertex -39.6426 28.802 4
      vertex -41.9075 25.5524 0
      vertex -41.9075 25.5524 4
    endloop
  endfacet
  facet normal -0.831472 -0.555567 3.59172e-18
    outer loop
      vertex -39.8824 22.5216 0
      vertex -41.9075 25.5524 4
      vertex -41.9075 25.5524 0
    endloop
  endfacet
  facet normal -0.831472 -0.555567 3.59172e-18
    outer loop
      vertex -41.9075 25.5524 4
      vertex -39.8824 22.5216 0
      vertex -39.8824 22.5216 4
    endloop
  endfacet
  facet normal -0.896864 -0.442306 -5.98856e-18
    outer loop
      vertex -39.4781 21.7018 0
      vertex -39.8824 22.5216 4
      vertex -39.8824 22.5216 0
    endloop
  endfacet
  facet normal -0.896864 -0.442306 -5.98856e-18
    outer loop
      vertex -39.8824 22.5216 4
      vertex -39.4781 21.7018 0
      vertex -39.4781 21.7018 4
    endloop
  endfacet
  facet normal -0.94693 -0.32144 -6.01813e-18
    outer loop
      vertex -39.1842 20.836 0
      vertex -39.4781 21.7018 4
      vertex -39.4781 21.7018 0
    endloop
  endfacet
  facet normal -0.94693 -0.32144 -6.01813e-18
    outer loop
      vertex -39.4781 21.7018 4
      vertex -39.1842 20.836 0
      vertex -39.1842 20.836 4
    endloop
  endfacet
  facet normal -0.980782 -0.195107 -3.05955e-18
    outer loop
      vertex -39.0058 19.9392 0
      vertex -39.1842 20.836 4
      vertex -39.1842 20.836 0
    endloop
  endfacet
  facet normal -0.980782 -0.195107 -3.05955e-18
    outer loop
      vertex -39.1842 20.836 4
      vertex -39.0058 19.9392 0
      vertex -39.0058 19.9392 4
    endloop
  endfacet
  facet normal -0.997858 -0.0654154 -5.35477e-19
    outer loop
      vertex -38.946 19.027 0
      vertex -39.0058 19.9392 4
      vertex -39.0058 19.9392 0
    endloop
  endfacet
  facet normal -0.997858 -0.0654154 -5.35477e-19
    outer loop
      vertex -39.0058 19.9392 4
      vertex -38.946 19.027 0
      vertex -38.946 19.027 4
    endloop
  endfacet
  facet normal -0.997858 0.0654154 -1.90172e-19
    outer loop
      vertex -39.0058 18.1148 0
      vertex -38.946 19.027 4
      vertex -38.946 19.027 0
    endloop
  endfacet
  facet normal -0.997858 0.0654154 -1.90172e-19
    outer loop
      vertex -38.946 19.027 4
      vertex -39.0058 18.1148 0
      vertex -39.0058 18.1148 4
    endloop
  endfacet
  facet normal -0.980778 0.195127 -3.05735e-18
    outer loop
      vertex -39.1842 17.2181 0
      vertex -39.0058 18.1148 4
      vertex -39.0058 18.1148 0
    endloop
  endfacet
  facet normal -0.980778 0.195127 -3.05735e-18
    outer loop
      vertex -39.0058 18.1148 4
      vertex -39.1842 17.2181 0
      vertex -39.1842 17.2181 4
    endloop
  endfacet
  facet normal -0.94693 0.32144 6.01813e-18
    outer loop
      vertex -39.4781 16.3523 0
      vertex -39.1842 17.2181 4
      vertex -39.1842 17.2181 0
    endloop
  endfacet
  facet normal -0.94693 0.32144 6.01813e-18
    outer loop
      vertex -39.1842 17.2181 4
      vertex -39.4781 16.3523 0
      vertex -39.4781 16.3523 4
    endloop
  endfacet
  facet normal -0.896907 0.442219 -4.40178e-18
    outer loop
      vertex -39.8824 15.5323 0
      vertex -39.4781 16.3523 4
      vertex -39.4781 16.3523 0
    endloop
  endfacet
  facet normal -0.896907 0.442219 -4.40178e-18
    outer loop
      vertex -39.4781 16.3523 4
      vertex -39.8824 15.5323 0
      vertex -39.8824 15.5323 4
    endloop
  endfacet
  facet normal -0.831461 0.555583 -4.87457e-18
    outer loop
      vertex -40.3903 14.7722 0
      vertex -39.8824 15.5323 4
      vertex -39.8824 15.5323 0
    endloop
  endfacet
  facet normal -0.831461 0.555583 -4.87457e-18
    outer loop
      vertex -39.8824 15.5323 4
      vertex -40.3903 14.7722 0
      vertex -40.3903 14.7722 4
    endloop
  endfacet
  facet normal -0.75181 0.659379 -1.0324e-18
    outer loop
      vertex -40.9931 14.0849 0
      vertex -40.3903 14.7722 4
      vertex -40.3903 14.7722 0
    endloop
  endfacet
  facet normal -0.75181 0.659379 -1.0324e-18
    outer loop
      vertex -40.3903 14.7722 4
      vertex -40.9931 14.0849 0
      vertex -40.9931 14.0849 4
    endloop
  endfacet
  facet normal -0.659325 0.751858 0
    outer loop
      vertex -40.9931 14.0849 0
      vertex -41.6805 13.4821 4
      vertex -40.9931 14.0849 4
    endloop
  endfacet
  facet normal -0.659325 0.751858 0
    outer loop
      vertex -41.6805 13.4821 4
      vertex -40.9931 14.0849 0
      vertex -41.6805 13.4821 0
    endloop
  endfacet
  facet normal -0.555608 0.831444 0
    outer loop
      vertex -41.6805 13.4821 0
      vertex -42.4407 12.9741 4
      vertex -41.6805 13.4821 4
    endloop
  endfacet
  facet normal -0.555608 0.831444 0
    outer loop
      vertex -42.4407 12.9741 4
      vertex -41.6805 13.4821 0
      vertex -42.4407 12.9741 0
    endloop
  endfacet
  facet normal -0.442262 0.896886 0
    outer loop
      vertex -42.4407 12.9741 0
      vertex -43.2606 12.5698 4
      vertex -42.4407 12.9741 4
    endloop
  endfacet
  facet normal -0.442262 0.896886 0
    outer loop
      vertex -43.2606 12.5698 4
      vertex -42.4407 12.9741 0
      vertex -43.2606 12.5698 0
    endloop
  endfacet
  facet normal -0.321473 0.946919 0
    outer loop
      vertex -43.2606 12.5698 0
      vertex -44.1263 12.2759 4
      vertex -43.2606 12.5698 4
    endloop
  endfacet
  facet normal -0.321473 0.946919 0
    outer loop
      vertex -44.1263 12.2759 4
      vertex -43.2606 12.5698 0
      vertex -44.1263 12.2759 0
    endloop
  endfacet
  facet normal -0.195087 0.980786 0
    outer loop
      vertex -44.1263 12.2759 0
      vertex -47.7013 11.5648 4
      vertex -44.1263 12.2759 4
    endloop
  endfacet
  facet normal -0.195087 0.980786 0
    outer loop
      vertex -47.7013 11.5648 4
      vertex -44.1263 12.2759 0
      vertex -47.7013 11.5648 0
    endloop
  endfacet
  facet normal -0.984424 0.175811 -1.37092e-17
    outer loop
      vertex -48.3977 7.66542 0
      vertex -47.7013 11.5648 4
      vertex -47.7013 11.5648 0
    endloop
  endfacet
  facet normal -0.984424 0.175811 -1.37092e-17
    outer loop
      vertex -47.7013 11.5648 4
      vertex -48.3977 7.66542 0
      vertex -48.3977 7.66542 4
    endloop
  endfacet
  facet normal -0.990572 0.136995 -6.38331e-18
    outer loop
      vertex -48.6613 5.75941 0
      vertex -48.3977 7.66542 4
      vertex -48.3977 7.66542 0
    endloop
  endfacet
  facet normal -0.990572 0.136995 -6.38331e-18
    outer loop
      vertex -48.3977 7.66542 4
      vertex -48.6613 5.75941 0
      vertex -48.6613 5.75941 4
    endloop
  endfacet
  facet normal -0.995185 0.0980191 2.53616e-18
    outer loop
      vertex -48.8499 3.84456 0
      vertex -48.6613 5.75941 4
      vertex -48.6613 5.75941 0
    endloop
  endfacet
  facet normal -0.995185 0.0980191 2.53616e-18
    outer loop
      vertex -48.6613 5.75941 4
      vertex -48.8499 3.84456 0
      vertex -48.8499 3.84456 4
    endloop
  endfacet
  facet normal -0.998265 0.0588838 5.24451e-19
    outer loop
      vertex -48.9632 1.92377 0
      vertex -48.8499 3.84456 4
      vertex -48.8499 3.84456 0
    endloop
  endfacet
  facet normal -0.998265 0.0588838 5.24451e-19
    outer loop
      vertex -48.8499 3.84456 4
      vertex -48.9632 1.92377 0
      vertex -48.9632 1.92377 4
    endloop
  endfacet
  facet normal -0.999807 0.0196451 6.7627e-19
    outer loop
      vertex -49.001 0 0
      vertex -48.9632 1.92377 4
      vertex -48.9632 1.92377 0
    endloop
  endfacet
  facet normal -0.999807 0.0196451 6.7627e-19
    outer loop
      vertex -48.9632 1.92377 4
      vertex -49.001 0 0
      vertex -49.001 0 4
    endloop
  endfacet
  facet normal -0.999807 -0.0196451 -6.7627e-19
    outer loop
      vertex -48.9632 -1.92377 0
      vertex -49.001 0 4
      vertex -49.001 0 0
    endloop
  endfacet
  facet normal -0.999807 -0.0196451 -6.7627e-19
    outer loop
      vertex -49.001 0 4
      vertex -48.9632 -1.92377 0
      vertex -48.9632 -1.92377 4
    endloop
  endfacet
  facet normal -0.998265 -0.0588838 -5.24451e-19
    outer loop
      vertex -48.8499 -3.84456 0
      vertex -48.9632 -1.92377 4
      vertex -48.9632 -1.92377 0
    endloop
  endfacet
  facet normal -0.998265 -0.0588838 -5.24451e-19
    outer loop
      vertex -48.9632 -1.92377 4
      vertex -48.8499 -3.84456 0
      vertex -48.8499 -3.84456 4
    endloop
  endfacet
  facet normal -0.995185 -0.0980191 -2.53616e-18
    outer loop
      vertex -48.6613 -5.75941 0
      vertex -48.8499 -3.84456 4
      vertex -48.8499 -3.84456 0
    endloop
  endfacet
  facet normal -0.995185 -0.0980191 -2.53616e-18
    outer loop
      vertex -48.8499 -3.84456 4
      vertex -48.6613 -5.75941 0
      vertex -48.6613 -5.75941 4
    endloop
  endfacet
  facet normal -0.990572 -0.136995 6.38331e-18
    outer loop
      vertex -48.3977 -7.66542 0
      vertex -48.6613 -5.75941 4
      vertex -48.6613 -5.75941 0
    endloop
  endfacet
  facet normal -0.990572 -0.136995 6.38331e-18
    outer loop
      vertex -48.6613 -5.75941 4
      vertex -48.3977 -7.66542 0
      vertex -48.3977 -7.66542 4
    endloop
  endfacet
  facet normal -0.984424 -0.175811 1.37092e-17
    outer loop
      vertex -47.7013 -11.5648 0
      vertex -48.3977 -7.66542 4
      vertex -48.3977 -7.66542 0
    endloop
  endfacet
  facet normal -0.984424 -0.175811 1.37092e-17
    outer loop
      vertex -48.3977 -7.66542 4
      vertex -47.7013 -11.5648 0
      vertex -47.7013 -11.5648 4
    endloop
  endfacet
  facet normal -0.195087 -0.980786 0
    outer loop
      vertex -47.7013 -11.5648 0
      vertex -44.1263 -12.2759 4
      vertex -47.7013 -11.5648 4
    endloop
  endfacet
  facet normal -0.195087 -0.980786 -0
    outer loop
      vertex -44.1263 -12.2759 4
      vertex -47.7013 -11.5648 0
      vertex -44.1263 -12.2759 0
    endloop
  endfacet
  facet normal -0.321473 -0.946919 0
    outer loop
      vertex -44.1263 -12.2759 0
      vertex -43.2606 -12.5698 4
      vertex -44.1263 -12.2759 4
    endloop
  endfacet
  facet normal -0.321473 -0.946919 -0
    outer loop
      vertex -43.2606 -12.5698 4
      vertex -44.1263 -12.2759 0
      vertex -43.2606 -12.5698 0
    endloop
  endfacet
  facet normal -0.442262 -0.896886 0
    outer loop
      vertex -43.2606 -12.5698 0
      vertex -42.4407 -12.9741 4
      vertex -43.2606 -12.5698 4
    endloop
  endfacet
  facet normal -0.442262 -0.896886 -0
    outer loop
      vertex -42.4407 -12.9741 4
      vertex -43.2606 -12.5698 0
      vertex -42.4407 -12.9741 0
    endloop
  endfacet
  facet normal -0.555608 -0.831444 0
    outer loop
      vertex -42.4407 -12.9741 0
      vertex -41.6805 -13.4821 4
      vertex -42.4407 -12.9741 4
    endloop
  endfacet
  facet normal -0.555608 -0.831444 -0
    outer loop
      vertex -41.6805 -13.4821 4
      vertex -42.4407 -12.9741 0
      vertex -41.6805 -13.4821 0
    endloop
  endfacet
  facet normal -0.659325 -0.751858 0
    outer loop
      vertex -41.6805 -13.4821 0
      vertex -40.9931 -14.0849 4
      vertex -41.6805 -13.4821 4
    endloop
  endfacet
  facet normal -0.659325 -0.751858 -0
    outer loop
      vertex -40.9931 -14.0849 4
      vertex -41.6805 -13.4821 0
      vertex -40.9931 -14.0849 0
    endloop
  endfacet
  facet normal -0.75181 -0.659379 1.0324e-18
    outer loop
      vertex -40.3903 -14.7722 0
      vertex -40.9931 -14.0849 4
      vertex -40.9931 -14.0849 0
    endloop
  endfacet
  facet normal -0.75181 -0.659379 1.0324e-18
    outer loop
      vertex -40.9931 -14.0849 4
      vertex -40.3903 -14.7722 0
      vertex -40.3903 -14.7722 4
    endloop
  endfacet
  facet normal -0.831461 -0.555583 4.87457e-18
    outer loop
      vertex -39.8824 -15.5323 0
      vertex -40.3903 -14.7722 4
      vertex -40.3903 -14.7722 0
    endloop
  endfacet
  facet normal -0.831461 -0.555583 4.87457e-18
    outer loop
      vertex -40.3903 -14.7722 4
      vertex -39.8824 -15.5323 0
      vertex -39.8824 -15.5323 4
    endloop
  endfacet
  facet normal -0.896907 -0.442219 4.40178e-18
    outer loop
      vertex -39.4781 -16.3523 0
      vertex -39.8824 -15.5323 4
      vertex -39.8824 -15.5323 0
    endloop
  endfacet
  facet normal -0.896907 -0.442219 4.40178e-18
    outer loop
      vertex -39.8824 -15.5323 4
      vertex -39.4781 -16.3523 0
      vertex -39.4781 -16.3523 4
    endloop
  endfacet
  facet normal -0.94693 -0.32144 -6.01813e-18
    outer loop
      vertex -39.1842 -17.2181 0
      vertex -39.4781 -16.3523 4
      vertex -39.4781 -16.3523 0
    endloop
  endfacet
  facet normal -0.94693 -0.32144 -6.01813e-18
    outer loop
      vertex -39.4781 -16.3523 4
      vertex -39.1842 -17.2181 0
      vertex -39.1842 -17.2181 4
    endloop
  endfacet
  facet normal -0.980778 -0.195127 3.05735e-18
    outer loop
      vertex -39.0058 -18.1148 0
      vertex -39.1842 -17.2181 4
      vertex -39.1842 -17.2181 0
    endloop
  endfacet
  facet normal -0.980778 -0.195127 3.05735e-18
    outer loop
      vertex -39.1842 -17.2181 4
      vertex -39.0058 -18.1148 0
      vertex -39.0058 -18.1148 4
    endloop
  endfacet
  facet normal -0.997858 -0.0654154 1.90172e-19
    outer loop
      vertex -38.946 -19.027 0
      vertex -39.0058 -18.1148 4
      vertex -39.0058 -18.1148 0
    endloop
  endfacet
  facet normal -0.997858 -0.0654154 1.90172e-19
    outer loop
      vertex -39.0058 -18.1148 4
      vertex -38.946 -19.027 0
      vertex -38.946 -19.027 4
    endloop
  endfacet
  facet normal -0.997858 0.0654154 5.35477e-19
    outer loop
      vertex -39.0058 -19.9392 0
      vertex -38.946 -19.027 4
      vertex -38.946 -19.027 0
    endloop
  endfacet
  facet normal -0.997858 0.0654154 5.35477e-19
    outer loop
      vertex -38.946 -19.027 4
      vertex -39.0058 -19.9392 0
      vertex -39.0058 -19.9392 4
    endloop
  endfacet
  facet normal -0.980782 0.195107 3.05955e-18
    outer loop
      vertex -39.1842 -20.836 0
      vertex -39.0058 -19.9392 4
      vertex -39.0058 -19.9392 0
    endloop
  endfacet
  facet normal -0.980782 0.195107 3.05955e-18
    outer loop
      vertex -39.0058 -19.9392 4
      vertex -39.1842 -20.836 0
      vertex -39.1842 -20.836 4
    endloop
  endfacet
  facet normal -0.94693 0.32144 6.01813e-18
    outer loop
      vertex -39.4781 -21.7018 0
      vertex -39.1842 -20.836 4
      vertex -39.1842 -20.836 0
    endloop
  endfacet
  facet normal -0.94693 0.32144 6.01813e-18
    outer loop
      vertex -39.1842 -20.836 4
      vertex -39.4781 -21.7018 0
      vertex -39.4781 -21.7018 4
    endloop
  endfacet
  facet normal -0.896864 0.442306 5.98856e-18
    outer loop
      vertex -39.8824 -22.5216 0
      vertex -39.4781 -21.7018 4
      vertex -39.4781 -21.7018 0
    endloop
  endfacet
  facet normal -0.896864 0.442306 5.98856e-18
    outer loop
      vertex -39.4781 -21.7018 4
      vertex -39.8824 -22.5216 0
      vertex -39.8824 -22.5216 4
    endloop
  endfacet
  facet normal -0.831472 0.555567 -3.59172e-18
    outer loop
      vertex -41.9075 -25.5524 0
      vertex -39.8824 -22.5216 4
      vertex -39.8824 -22.5216 0
    endloop
  endfacet
  facet normal -0.831472 0.555567 -3.59172e-18
    outer loop
      vertex -39.8824 -22.5216 4
      vertex -41.9075 -25.5524 0
      vertex -41.9075 -25.5524 4
    endloop
  endfacet
  facet normal -0.820395 -0.571797 -1.31645e-17
    outer loop
      vertex -39.6426 -28.802 0
      vertex -41.9075 -25.5524 4
      vertex -41.9075 -25.5524 0
    endloop
  endfacet
  facet normal -0.820395 -0.571797 -1.31645e-17
    outer loop
      vertex -41.9075 -25.5524 4
      vertex -39.6426 -28.802 0
      vertex -39.6426 -28.802 4
    endloop
  endfacet
  facet normal -0.797335 -0.603536 -1.02022e-17
    outer loop
      vertex -38.4813 -30.3362 0
      vertex -39.6426 -28.802 4
      vertex -39.6426 -28.802 0
    endloop
  endfacet
  facet normal -0.797335 -0.603536 -1.02022e-17
    outer loop
      vertex -39.6426 -28.802 4
      vertex -38.4813 -30.3362 0
      vertex -38.4813 -30.3362 4
    endloop
  endfacet
  facet normal -0.773005 -0.6344 1.74576e-18
    outer loop
      vertex -37.2606 -31.8236 0
      vertex -38.4813 -30.3362 4
      vertex -38.4813 -30.3362 0
    endloop
  endfacet
  facet normal -0.773005 -0.6344 1.74576e-18
    outer loop
      vertex -38.4813 -30.3362 4
      vertex -37.2606 -31.8236 0
      vertex -37.2606 -31.8236 4
    endloop
  endfacet
  facet normal -0.74751 -0.664251 -9.93884e-19
    outer loop
      vertex -35.9825 -33.2619 0
      vertex -37.2606 -31.8236 4
      vertex -37.2606 -31.8236 0
    endloop
  endfacet
  facet normal -0.74751 -0.664251 -9.93884e-19
    outer loop
      vertex -37.2606 -31.8236 4
      vertex -35.9825 -33.2619 0
      vertex -35.9825 -33.2619 4
    endloop
  endfacet
  facet normal -0.720847 -0.693094 -1.37099e-17
    outer loop
      vertex -34.6489 -34.6489 0
      vertex -35.9825 -33.2619 4
      vertex -35.9825 -33.2619 0
    endloop
  endfacet
  facet normal -0.720847 -0.693094 -1.37099e-17
    outer loop
      vertex -35.9825 -33.2619 4
      vertex -34.6489 -34.6489 0
      vertex -34.6489 -34.6489 4
    endloop
  endfacet
  facet normal -0.693094 -0.720847 0
    outer loop
      vertex -34.6489 -34.6489 0
      vertex -33.2619 -35.9825 4
      vertex -34.6489 -34.6489 4
    endloop
  endfacet
  facet normal -0.693094 -0.720847 -0
    outer loop
      vertex -33.2619 -35.9825 4
      vertex -34.6489 -34.6489 0
      vertex -33.2619 -35.9825 0
    endloop
  endfacet
  facet normal -0.664251 -0.74751 0
    outer loop
      vertex -33.2619 -35.9825 0
      vertex -31.8236 -37.2606 4
      vertex -33.2619 -35.9825 4
    endloop
  endfacet
  facet normal -0.664251 -0.74751 -0
    outer loop
      vertex -31.8236 -37.2606 4
      vertex -33.2619 -35.9825 0
      vertex -31.8236 -37.2606 0
    endloop
  endfacet
  facet normal -0.6344 -0.773005 0
    outer loop
      vertex -31.8236 -37.2606 0
      vertex -30.3362 -38.4813 4
      vertex -31.8236 -37.2606 4
    endloop
  endfacet
  facet normal -0.6344 -0.773005 -0
    outer loop
      vertex -30.3362 -38.4813 4
      vertex -31.8236 -37.2606 0
      vertex -30.3362 -38.4813 0
    endloop
  endfacet
  facet normal -0.603536 -0.797335 0
    outer loop
      vertex -30.3362 -38.4813 0
      vertex -28.802 -39.6426 4
      vertex -30.3362 -38.4813 4
    endloop
  endfacet
  facet normal -0.603536 -0.797335 -0
    outer loop
      vertex -28.802 -39.6426 4
      vertex -30.3362 -38.4813 0
      vertex -28.802 -39.6426 0
    endloop
  endfacet
  facet normal -0.571797 -0.820395 0
    outer loop
      vertex -28.802 -39.6426 0
      vertex -25.5524 -41.9075 4
      vertex -28.802 -39.6426 4
    endloop
  endfacet
  facet normal -0.571797 -0.820395 -0
    outer loop
      vertex -25.5524 -41.9075 4
      vertex -28.802 -39.6426 0
      vertex -25.5524 -41.9075 0
    endloop
  endfacet
  facet normal 0.555567 -0.831472 0
    outer loop
      vertex -25.5524 -41.9075 0
      vertex -22.5216 -39.8824 4
      vertex -25.5524 -41.9075 4
    endloop
  endfacet
  facet normal 0.555567 -0.831472 0
    outer loop
      vertex -22.5216 -39.8824 4
      vertex -25.5524 -41.9075 0
      vertex -22.5216 -39.8824 0
    endloop
  endfacet
  facet normal 0.442306 -0.896864 0
    outer loop
      vertex -22.5216 -39.8824 0
      vertex -21.7018 -39.4781 4
      vertex -22.5216 -39.8824 4
    endloop
  endfacet
  facet normal 0.442306 -0.896864 0
    outer loop
      vertex -21.7018 -39.4781 4
      vertex -22.5216 -39.8824 0
      vertex -21.7018 -39.4781 0
    endloop
  endfacet
  facet normal 0.32144 -0.94693 0
    outer loop
      vertex -21.7018 -39.4781 0
      vertex -20.836 -39.1842 4
      vertex -21.7018 -39.4781 4
    endloop
  endfacet
  facet normal 0.32144 -0.94693 0
    outer loop
      vertex -20.836 -39.1842 4
      vertex -21.7018 -39.4781 0
      vertex -20.836 -39.1842 0
    endloop
  endfacet
  facet normal 0.195107 -0.980782 0
    outer loop
      vertex -20.836 -39.1842 0
      vertex -19.9392 -39.0058 4
      vertex -20.836 -39.1842 4
    endloop
  endfacet
  facet normal 0.195107 -0.980782 0
    outer loop
      vertex -19.9392 -39.0058 4
      vertex -20.836 -39.1842 0
      vertex -19.9392 -39.0058 0
    endloop
  endfacet
  facet normal 0.0654154 -0.997858 0
    outer loop
      vertex -19.9392 -39.0058 0
      vertex -19.027 -38.946 4
      vertex -19.9392 -39.0058 4
    endloop
  endfacet
  facet normal 0.0654154 -0.997858 0
    outer loop
      vertex -19.027 -38.946 4
      vertex -19.9392 -39.0058 0
      vertex -19.027 -38.946 0
    endloop
  endfacet
  facet normal -0.0654154 -0.997858 0
    outer loop
      vertex -19.027 -38.946 0
      vertex -18.1148 -39.0058 4
      vertex -19.027 -38.946 4
    endloop
  endfacet
  facet normal -0.0654154 -0.997858 -0
    outer loop
      vertex -18.1148 -39.0058 4
      vertex -19.027 -38.946 0
      vertex -18.1148 -39.0058 0
    endloop
  endfacet
  facet normal -0.195127 -0.980778 0
    outer loop
      vertex -18.1148 -39.0058 0
      vertex -17.2181 -39.1842 4
      vertex -18.1148 -39.0058 4
    endloop
  endfacet
  facet normal -0.195127 -0.980778 -0
    outer loop
      vertex -17.2181 -39.1842 4
      vertex -18.1148 -39.0058 0
      vertex -17.2181 -39.1842 0
    endloop
  endfacet
  facet normal -0.32144 -0.94693 0
    outer loop
      vertex -17.2181 -39.1842 0
      vertex -16.3523 -39.4781 4
      vertex -17.2181 -39.1842 4
    endloop
  endfacet
  facet normal -0.32144 -0.94693 -0
    outer loop
      vertex -16.3523 -39.4781 4
      vertex -17.2181 -39.1842 0
      vertex -16.3523 -39.4781 0
    endloop
  endfacet
  facet normal -0.442219 -0.896907 0
    outer loop
      vertex -16.3523 -39.4781 0
      vertex -15.5323 -39.8824 4
      vertex -16.3523 -39.4781 4
    endloop
  endfacet
  facet normal -0.442219 -0.896907 -0
    outer loop
      vertex -15.5323 -39.8824 4
      vertex -16.3523 -39.4781 0
      vertex -15.5323 -39.8824 0
    endloop
  endfacet
  facet normal -0.555583 -0.831461 0
    outer loop
      vertex -15.5323 -39.8824 0
      vertex -14.7722 -40.3903 4
      vertex -15.5323 -39.8824 4
    endloop
  endfacet
  facet normal -0.555583 -0.831461 -0
    outer loop
      vertex -14.7722 -40.3903 4
      vertex -15.5323 -39.8824 0
      vertex -14.7722 -40.3903 0
    endloop
  endfacet
  facet normal -0.659379 -0.75181 0
    outer loop
      vertex -14.7722 -40.3903 0
      vertex -14.0849 -40.9931 4
      vertex -14.7722 -40.3903 4
    endloop
  endfacet
  facet normal -0.659379 -0.75181 -0
    outer loop
      vertex -14.0849 -40.9931 4
      vertex -14.7722 -40.3903 0
      vertex -14.0849 -40.9931 0
    endloop
  endfacet
  facet normal -0.751858 -0.659325 7.00068e-18
    outer loop
      vertex -13.4821 -41.6805 0
      vertex -14.0849 -40.9931 4
      vertex -14.0849 -40.9931 0
    endloop
  endfacet
  facet normal -0.751858 -0.659325 7.00068e-18
    outer loop
      vertex -14.0849 -40.9931 4
      vertex -13.4821 -41.6805 0
      vertex -13.4821 -41.6805 4
    endloop
  endfacet
  facet normal -0.831444 -0.555608 6.97438e-18
    outer loop
      vertex -12.9741 -42.4407 0
      vertex -13.4821 -41.6805 4
      vertex -13.4821 -41.6805 0
    endloop
  endfacet
  facet normal -0.831444 -0.555608 6.97438e-18
    outer loop
      vertex -13.4821 -41.6805 4
      vertex -12.9741 -42.4407 0
      vertex -12.9741 -42.4407 4
    endloop
  endfacet
  facet normal -0.896886 -0.442262 -2.68745e-18
    outer loop
      vertex -12.5698 -43.2606 0
      vertex -12.9741 -42.4407 4
      vertex -12.9741 -42.4407 0
    endloop
  endfacet
  facet normal -0.896886 -0.442262 -2.68745e-18
    outer loop
      vertex -12.9741 -42.4407 4
      vertex -12.5698 -43.2606 0
      vertex -12.5698 -43.2606 4
    endloop
  endfacet
  facet normal -0.946919 -0.321473 3.59446e-18
    outer loop
      vertex -12.2759 -44.1263 0
      vertex -12.5698 -43.2606 4
      vertex -12.5698 -43.2606 0
    endloop
  endfacet
  facet normal -0.946919 -0.321473 3.59446e-18
    outer loop
      vertex -12.5698 -43.2606 4
      vertex -12.2759 -44.1263 0
      vertex -12.2759 -44.1263 4
    endloop
  endfacet
  facet normal -0.980786 -0.195087 -1.5546e-18
    outer loop
      vertex -11.5648 -47.7013 0
      vertex -12.2759 -44.1263 4
      vertex -12.2759 -44.1263 0
    endloop
  endfacet
  facet normal -0.980786 -0.195087 -1.5546e-18
    outer loop
      vertex -12.2759 -44.1263 4
      vertex -11.5648 -47.7013 0
      vertex -11.5648 -47.7013 4
    endloop
  endfacet
  facet normal -0.175811 -0.984424 0
    outer loop
      vertex -11.5648 -47.7013 0
      vertex -7.66542 -48.3977 4
      vertex -11.5648 -47.7013 4
    endloop
  endfacet
  facet normal -0.175811 -0.984424 -0
    outer loop
      vertex -7.66542 -48.3977 4
      vertex -11.5648 -47.7013 0
      vertex -7.66542 -48.3977 0
    endloop
  endfacet
  facet normal -0.136995 -0.990572 0
    outer loop
      vertex -7.66542 -48.3977 0
      vertex -5.75941 -48.6613 4
      vertex -7.66542 -48.3977 4
    endloop
  endfacet
  facet normal -0.136995 -0.990572 -0
    outer loop
      vertex -5.75941 -48.6613 4
      vertex -7.66542 -48.3977 0
      vertex -5.75941 -48.6613 0
    endloop
  endfacet
  facet normal -0.0980191 -0.995185 0
    outer loop
      vertex -5.75941 -48.6613 0
      vertex -3.84456 -48.8499 4
      vertex -5.75941 -48.6613 4
    endloop
  endfacet
  facet normal -0.0980191 -0.995185 -0
    outer loop
      vertex -3.84456 -48.8499 4
      vertex -5.75941 -48.6613 0
      vertex -3.84456 -48.8499 0
    endloop
  endfacet
  facet normal -0.0588838 -0.998265 0
    outer loop
      vertex -3.84456 -48.8499 0
      vertex -1.92377 -48.9632 4
      vertex -3.84456 -48.8499 4
    endloop
  endfacet
  facet normal -0.0588838 -0.998265 -0
    outer loop
      vertex -1.92377 -48.9632 4
      vertex -3.84456 -48.8499 0
      vertex -1.92377 -48.9632 0
    endloop
  endfacet
  facet normal -0.0196451 -0.999807 0
    outer loop
      vertex -1.92377 -48.9632 0
      vertex 0 -49.001 4
      vertex -1.92377 -48.9632 4
    endloop
  endfacet
  facet normal -0.0196451 -0.999807 -0
    outer loop
      vertex 0 -49.001 4
      vertex -1.92377 -48.9632 0
      vertex 0 -49.001 0
    endloop
  endfacet
  facet normal 0.0196451 -0.999807 0
    outer loop
      vertex 0 -49.001 0
      vertex 1.92377 -48.9632 4
      vertex 0 -49.001 4
    endloop
  endfacet
  facet normal 0.0196451 -0.999807 0
    outer loop
      vertex 1.92377 -48.9632 4
      vertex 0 -49.001 0
      vertex 1.92377 -48.9632 0
    endloop
  endfacet
  facet normal -0 0 1
    outer loop
      vertex -34.5069 10.2577 12
      vertex -37.9537 1.09999 12
      vertex -33.5954 11.6218 12
    endloop
  endfacet
  facet normal -0 0 1
    outer loop
      vertex -35.7493 8.84103 12
      vertex -37.9537 1.09999 12
      vertex -34.5069 10.2577 12
    endloop
  endfacet
  facet normal -0 0 1
    outer loop
      vertex -37.166 7.59865 12
      vertex -37.9537 1.09999 12
      vertex -35.7493 8.84103 12
    endloop
  endfacet
  facet normal -0 0 1
    outer loop
      vertex -37.8258 7.15779 12
      vertex -37.9537 1.09999 12
      vertex -37.166 7.59865 12
    endloop
  endfacet
  facet normal 0 0 1
    outer loop
      vertex -37.9537 1.09999 12
      vertex -40.335 1.09999 12
      vertex -37.9537 -1.09999 12
    endloop
  endfacet
  facet normal 0 0 1
    outer loop
      vertex -40.335 1.09999 12
      vertex -37.9537 1.09999 12
      vertex -37.8258 7.15779 12
    endloop
  endfacet
  facet normal -0 0 1
    outer loop
      vertex -17.1468 31.6534 12
      vertex -26.0595 27.6151 12
      vertex -15.5376 31.9734 12
    endloop
  endfacet
  facet normal -0 0 1
    outer loop
      vertex -19.027 31.5301 12
      vertex -26.0595 27.6151 12
      vertex -17.1468 31.6534 12
    endloop
  endfacet
  facet normal 0 0 1
    outer loop
      vertex -20.9073 31.6534 12
      vertex -26.0595 27.6151 12
      vertex -19.027 31.5301 12
    endloop
  endfacet
  facet normal 0 0 1
    outer loop
      vertex -21.6855 31.8082 12
      vertex -26.0595 27.6151 12
      vertex -20.9073 31.6534 12
    endloop
  endfacet
  facet normal -0 0 1
    outer loop
      vertex -27.7433 29.299 12
      vertex -26.0595 27.6151 12
      vertex -21.6855 31.8082 12
    endloop
  endfacet
  facet normal 0 0 1
    outer loop
      vertex -27.7433 29.299 12
      vertex -27.6151 26.0595 12
      vertex -26.0595 27.6151 12
    endloop
  endfacet
  facet normal -0 0 1
    outer loop
      vertex -29.4153 29.4153 12
      vertex -27.7433 29.299 12
      vertex -28.6222 30.1779 12
    endloop
  endfacet
  facet normal 0 0 1
    outer loop
      vertex -27.7433 29.299 12
      vertex -29.299 27.7433 12
      vertex -27.6151 26.0595 12
    endloop
  endfacet
  facet normal 0 0 1
    outer loop
      vertex -31.8082 21.6855 12
      vertex -27.6151 26.0595 12
      vertex -29.299 27.7433 12
    endloop
  endfacet
  facet normal 0 0 1
    outer loop
      vertex -31.6534 17.1468 12
      vertex -27.6151 26.0595 12
      vertex -31.5301 19.027 12
    endloop
  endfacet
  facet normal 0 0 1
    outer loop
      vertex -27.6151 26.0595 12
      vertex -31.6534 17.1468 12
      vertex -31.9734 15.5376 12
    endloop
  endfacet
  facet normal 0 0 1
    outer loop
      vertex -26.0595 27.6151 12
      vertex -21.8319 20.2763 12
      vertex -20.2763 21.8319 12
    endloop
  endfacet
  facet normal 0 0 1
    outer loop
      vertex -21.8319 20.2763 12
      vertex -26.0595 27.6151 12
      vertex -27.6151 26.0595 12
    endloop
  endfacet
  facet normal 0 0 1
    outer loop
      vertex -21.8319 -20.2763 12
      vertex -26.0595 -27.6151 12
      vertex -20.2763 -21.8319 12
    endloop
  endfacet
  facet normal 0 -0 1
    outer loop
      vertex -26.0595 -27.6151 12
      vertex -21.8319 -20.2763 12
      vertex -27.6151 -26.0595 12
    endloop
  endfacet
  facet normal 0 0 1
    outer loop
      vertex 26.0595 27.6151 12
      vertex 21.8319 20.2763 12
      vertex 27.6151 26.0595 12
    endloop
  endfacet
  facet normal 0 -0 1
    outer loop
      vertex 21.8319 20.2763 12
      vertex 26.0595 27.6151 12
      vertex 20.2763 21.8319 12
    endloop
  endfacet
  facet normal 0 0 1
    outer loop
      vertex 29.4153 29.4153 12
      vertex 29.299 27.7433 12
      vertex 30.1779 28.6222 12
    endloop
  endfacet
  facet normal 0 0 1
    outer loop
      vertex 27.7433 29.299 12
      vertex 29.4153 29.4153 12
      vertex 28.6222 30.1779 12
    endloop
  endfacet
  facet normal 0 0 1
    outer loop
      vertex 31.8082 21.6855 12
      vertex 27.6151 26.0595 12
      vertex 31.6534 20.9073 12
    endloop
  endfacet
  facet normal -0 0 1
    outer loop
      vertex 27.6151 26.0595 12
      vertex 31.8082 21.6855 12
      vertex 29.299 27.7433 12
    endloop
  endfacet
  facet normal -0 0 1
    outer loop
      vertex 29.775 1.09999 12
      vertex 37.9537 -1.09999 12
      vertex 37.9537 1.09999 12
    endloop
  endfacet
  facet normal 0 0 1
    outer loop
      vertex 29.775 1.09999 12
      vertex 29.775 -1.09999 12
      vertex 37.9537 -1.09999 12
    endloop
  endfacet
  facet normal 0 0 1
    outer loop
      vertex 29.775 1.09999 12
      vertex 27.3937 1.09999 12
      vertex 29.775 -1.09999 12
    endloop
  endfacet
  facet normal 0 0 1
    outer loop
      vertex 21.8319 20.2763 12
      vertex 27.3937 1.09999 12
      vertex 29.775 1.09999 12
    endloop
  endfacet
  facet normal 0 0 1
    outer loop
      vertex 20.1481 18.5925 12
      vertex 21.8319 20.2763 12
      vertex 20.2763 21.8319 12
    endloop
  endfacet
  facet normal 0 0 1
    outer loop
      vertex 21.8319 20.2763 12
      vertex 20.1481 18.5925 12
      vertex 27.3937 1.09999 12
    endloop
  endfacet
  facet normal 0 0 1
    outer loop
      vertex 20.2763 21.8319 12
      vertex 18.5925 20.1481 12
      vertex 20.1481 18.5925 12
    endloop
  endfacet
  facet normal 0 0 1
    outer loop
      vertex 1.09999 29.775 12
      vertex 18.5925 20.1481 12
      vertex 20.2763 21.8319 12
    endloop
  endfacet
  facet normal 0 0 1
    outer loop
      vertex 18.5925 20.1481 12
      vertex 1.09999 29.775 12
      vertex 1.09999 27.3937 12
    endloop
  endfacet
  facet normal -0 0 1
    outer loop
      vertex 40.335 1.09999 12
      vertex 41.5995 0 12
      vertex 41.5779 1.09999 12
    endloop
  endfacet
  facet normal 0 0 1
    outer loop
      vertex 40.335 -1.09999 12
      vertex 41.5995 0 12
      vertex 40.335 1.09999 12
    endloop
  endfacet
  facet normal 0 0 1
    outer loop
      vertex 41.5995 0 12
      vertex 40.335 -1.09999 12
      vertex 41.5779 -1.09999 12
    endloop
  endfacet
  facet normal 0 0 1
    outer loop
      vertex 40.335 1.09999 12
      vertex 37.9537 1.09999 12
      vertex 40.335 -1.09999 12
    endloop
  endfacet
  facet normal 0 0 1
    outer loop
      vertex 37.8258 7.15779 12
      vertex 37.9537 1.09999 12
      vertex 40.335 1.09999 12
    endloop
  endfacet
  facet normal 0 0 1
    outer loop
      vertex 37.166 7.59865 12
      vertex 37.9537 1.09999 12
      vertex 37.8258 7.15779 12
    endloop
  endfacet
  facet normal 0 0 1
    outer loop
      vertex 35.7493 8.84103 12
      vertex 37.9537 1.09999 12
      vertex 37.166 7.59865 12
    endloop
  endfacet
  facet normal 0 0 1
    outer loop
      vertex 34.5069 10.2577 12
      vertex 37.9537 1.09999 12
      vertex 35.7493 8.84103 12
    endloop
  endfacet
  facet normal 0 0 1
    outer loop
      vertex 37.9537 1.09999 12
      vertex 34.5069 10.2577 12
      vertex 33.5954 11.6218 12
    endloop
  endfacet
  facet normal 0 0 1
    outer loop
      vertex 37.9537 -1.09999 12
      vertex 40.335 -1.09999 12
      vertex 37.9537 1.09999 12
    endloop
  endfacet
  facet normal -0 0 1
    outer loop
      vertex 37.9537 -1.09999 12
      vertex 37.8258 -7.15779 12
      vertex 40.335 -1.09999 12
    endloop
  endfacet
  facet normal 0 0 1
    outer loop
      vertex 37.9537 -1.09999 12
      vertex 37.166 -7.59865 12
      vertex 37.8258 -7.15779 12
    endloop
  endfacet
  facet normal 0 0 1
    outer loop
      vertex 37.9537 -1.09999 12
      vertex 35.7493 -8.84103 12
      vertex 37.166 -7.59865 12
    endloop
  endfacet
  facet normal 0 0 1
    outer loop
      vertex 37.9537 -1.09999 12
      vertex 34.5069 -10.2577 12
      vertex 35.7493 -8.84103 12
    endloop
  endfacet
  facet normal 0 -0 1
    outer loop
      vertex 34.5069 -10.2577 12
      vertex 37.9537 -1.09999 12
      vertex 33.5954 -11.6218 12
    endloop
  endfacet
  facet normal 0 0 1
    outer loop
      vertex 31.6534 20.9073 12
      vertex 27.6151 26.0595 12
      vertex 31.5301 19.027 12
    endloop
  endfacet
  facet normal 0 0 1
    outer loop
      vertex 31.5301 19.027 12
      vertex 27.6151 26.0595 12
      vertex 31.6534 17.1468 12
    endloop
  endfacet
  facet normal 0 0 1
    outer loop
      vertex 29.4153 29.4153 12
      vertex 27.7433 29.299 12
      vertex 29.299 27.7433 12
    endloop
  endfacet
  facet normal 0 0 1
    outer loop
      vertex 29.299 27.7433 12
      vertex 27.7433 29.299 12
      vertex 27.6151 26.0595 12
    endloop
  endfacet
  facet normal 0 0 1
    outer loop
      vertex 31.6534 17.1468 12
      vertex 27.6151 26.0595 12
      vertex 31.9734 15.5376 12
    endloop
  endfacet
  facet normal 0 0 1
    outer loop
      vertex 27.7433 29.299 12
      vertex 26.0595 27.6151 12
      vertex 27.6151 26.0595 12
    endloop
  endfacet
  facet normal 0 0 1
    outer loop
      vertex 21.6855 31.8082 12
      vertex 26.0595 27.6151 12
      vertex 27.7433 29.299 12
    endloop
  endfacet
  facet normal -0 0 1
    outer loop
      vertex 20.9073 31.6534 12
      vertex 26.0595 27.6151 12
      vertex 21.6855 31.8082 12
    endloop
  endfacet
  facet normal -0 0 1
    outer loop
      vertex 19.027 31.5301 12
      vertex 26.0595 27.6151 12
      vertex 20.9073 31.6534 12
    endloop
  endfacet
  facet normal 0 0 1
    outer loop
      vertex 17.1468 31.6534 12
      vertex 26.0595 27.6151 12
      vertex 19.027 31.5301 12
    endloop
  endfacet
  facet normal 0 0 1
    outer loop
      vertex 26.0595 27.6151 12
      vertex 17.1468 31.6534 12
      vertex 15.5376 31.9734 12
    endloop
  endfacet
  facet normal -0 0 1
    outer loop
      vertex 18.335 1.09999 12
      vertex 27.3937 -1.09999 12
      vertex 27.3937 1.09999 12
    endloop
  endfacet
  facet normal 0 0 1
    outer loop
      vertex 18.335 1.09999 12
      vertex 18.335 -1.09999 12
      vertex 27.3937 -1.09999 12
    endloop
  endfacet
  facet normal 0 0 1
    outer loop
      vertex 18.335 1.09999 12
      vertex 15.9537 1.09999 12
      vertex 18.335 -1.09999 12
    endloop
  endfacet
  facet normal 0 0 1
    outer loop
      vertex 13.7426 12.187 12
      vertex 15.9537 1.09999 12
      vertex 18.335 1.09999 12
    endloop
  endfacet
  facet normal 0 0 1
    outer loop
      vertex 12.0588 10.5032 12
      vertex 13.7426 12.187 12
      vertex 12.187 13.7426 12
    endloop
  endfacet
  facet normal 0 0 1
    outer loop
      vertex 13.7426 12.187 12
      vertex 12.0588 10.5032 12
      vertex 15.9537 1.09999 12
    endloop
  endfacet
  facet normal 0 0 1
    outer loop
      vertex 12.187 13.7426 12
      vertex 10.5032 12.0588 12
      vertex 12.0588 10.5032 12
    endloop
  endfacet
  facet normal 0 0 1
    outer loop
      vertex 1.09999 18.335 12
      vertex 10.5032 12.0588 12
      vertex 12.187 13.7426 12
    endloop
  endfacet
  facet normal 0 0 1
    outer loop
      vertex 10.5032 12.0588 12
      vertex 1.09999 18.335 12
      vertex 1.09999 15.9537 12
    endloop
  endfacet
  facet normal 0 0 1
    outer loop
      vertex 27.3937 -1.09999 12
      vertex 29.775 -1.09999 12
      vertex 27.3937 1.09999 12
    endloop
  endfacet
  facet normal -0 0 1
    outer loop
      vertex 27.3937 -1.09999 12
      vertex 21.8319 -20.2763 12
      vertex 29.775 -1.09999 12
    endloop
  endfacet
  facet normal -0 0 1
    outer loop
      vertex 20.1481 -18.5925 12
      vertex 21.8319 -20.2763 12
      vertex 27.3937 -1.09999 12
    endloop
  endfacet
  facet normal 0 0 1
    outer loop
      vertex 21.8319 -20.2763 12
      vertex 20.1481 -18.5925 12
      vertex 20.2763 -21.8319 12
    endloop
  endfacet
  facet normal -0 0 1
    outer loop
      vertex 18.5925 -20.1481 12
      vertex 20.2763 -21.8319 12
      vertex 20.1481 -18.5925 12
    endloop
  endfacet
  facet normal 0 0 1
    outer loop
      vertex 1.09999 -27.3937 12
      vertex 20.2763 -21.8319 12
      vertex 18.5925 -20.1481 12
    endloop
  endfacet
  facet normal 0 0 1
    outer loop
      vertex 20.2763 -21.8319 12
      vertex 1.09999 -27.3937 12
      vertex 1.09999 -29.775 12
    endloop
  endfacet
  facet normal -0 0 1
    outer loop
      vertex 2.65562 1.09999 12
      vertex 15.9537 -1.09999 12
      vertex 15.9537 1.09999 12
    endloop
  endfacet
  facet normal 0 0 1
    outer loop
      vertex 15.9537 -1.09999 12
      vertex 2.65562 1.09999 12
      vertex 2.65562 -1.09999 12
    endloop
  endfacet
  facet normal 0 0 1
    outer loop
      vertex 13.7426 -12.187 12
      vertex 18.5925 -20.1481 12
      vertex 20.1481 -18.5925 12
    endloop
  endfacet
  facet normal 0 0 1
    outer loop
      vertex 18.5925 -20.1481 12
      vertex 13.7426 -12.187 12
      vertex 12.187 -13.7426 12
    endloop
  endfacet
  facet normal 0 0 1
    outer loop
      vertex 21.8319 -20.2763 12
      vertex 26.0595 -27.6151 12
      vertex 27.6151 -26.0595 12
    endloop
  endfacet
  facet normal 0 0 1
    outer loop
      vertex 26.0595 -27.6151 12
      vertex 21.8319 -20.2763 12
      vertex 20.2763 -21.8319 12
    endloop
  endfacet
  facet normal 0 0 1
    outer loop
      vertex 27.6151 -26.0595 12
      vertex 31.5301 -19.027 12
      vertex 31.6534 -17.1468 12
    endloop
  endfacet
  facet normal 0 0 1
    outer loop
      vertex 27.6151 -26.0595 12
      vertex 31.6534 -17.1468 12
      vertex 31.9734 -15.5376 12
    endloop
  endfacet
  facet normal 0 0 1
    outer loop
      vertex 31.5301 -19.027 12
      vertex 27.6151 -26.0595 12
      vertex 29.299 -27.7433 12
    endloop
  endfacet
  facet normal 0 -0 1
    outer loop
      vertex 27.7433 -29.299 12
      vertex 29.299 -27.7433 12
      vertex 27.6151 -26.0595 12
    endloop
  endfacet
  facet normal 0 0 1
    outer loop
      vertex 29.299 -27.7433 12
      vertex 27.7433 -29.299 12
      vertex 28.6222 -30.1779 12
    endloop
  endfacet
  facet normal -0 0 1
    outer loop
      vertex 26.0595 -27.6151 12
      vertex 27.7433 -29.299 12
      vertex 27.6151 -26.0595 12
    endloop
  endfacet
  facet normal 0 0 1
    outer loop
      vertex 26.0595 -27.6151 12
      vertex 21.6855 -31.8082 12
      vertex 27.7433 -29.299 12
    endloop
  endfacet
  facet normal 0 0 1
    outer loop
      vertex 26.0595 -27.6151 12
      vertex 20.9073 -31.6534 12
      vertex 21.6855 -31.8082 12
    endloop
  endfacet
  facet normal 0 0 1
    outer loop
      vertex 26.0595 -27.6151 12
      vertex 19.027 -31.5301 12
      vertex 20.9073 -31.6534 12
    endloop
  endfacet
  facet normal 0 0 1
    outer loop
      vertex 26.0595 -27.6151 12
      vertex 17.1468 -31.6534 12
      vertex 19.027 -31.5301 12
    endloop
  endfacet
  facet normal 0 -0 1
    outer loop
      vertex 17.1468 -31.6534 12
      vertex 26.0595 -27.6151 12
      vertex 15.5376 -31.9734 12
    endloop
  endfacet
  facet normal 0 0 1
    outer loop
      vertex 31.6534 -20.9073 12
      vertex 29.299 -27.7433 12
      vertex 31.8082 -21.6855 12
    endloop
  endfacet
  facet normal 0 0 1
    outer loop
      vertex 29.299 -27.7433 12
      vertex 31.6534 -20.9073 12
      vertex 31.5301 -19.027 12
    endloop
  endfacet
  facet normal 0 0 1
    outer loop
      vertex 29.299 -27.7433 12
      vertex 29.4153 -29.4153 12
      vertex 30.1779 -28.6222 12
    endloop
  endfacet
  facet normal 0 0 1
    outer loop
      vertex 29.4153 -29.4153 12
      vertex 29.299 -27.7433 12
      vertex 28.6222 -30.1779 12
    endloop
  endfacet
  facet normal 0 0 1
    outer loop
      vertex 18.5925 20.1481 12
      vertex 13.7426 12.187 12
      vertex 20.1481 18.5925 12
    endloop
  endfacet
  facet normal 0 -0 1
    outer loop
      vertex 13.7426 12.187 12
      vertex 18.5925 20.1481 12
      vertex 12.187 13.7426 12
    endloop
  endfacet
  facet normal 0 0 1
    outer loop
      vertex 15.9537 -1.09999 12
      vertex 18.335 -1.09999 12
      vertex 15.9537 1.09999 12
    endloop
  endfacet
  facet normal -0 0 1
    outer loop
      vertex 15.9537 -1.09999 12
      vertex 13.7426 -12.187 12
      vertex 18.335 -1.09999 12
    endloop
  endfacet
  facet normal -0 0 1
    outer loop
      vertex 12.0588 -10.5032 12
      vertex 13.7426 -12.187 12
      vertex 15.9537 -1.09999 12
    endloop
  endfacet
  facet normal 0 0 1
    outer loop
      vertex 13.7426 -12.187 12
      vertex 12.0588 -10.5032 12
      vertex 12.187 -13.7426 12
    endloop
  endfacet
  facet normal -0 0 1
    outer loop
      vertex 10.5032 -12.0588 12
      vertex 12.187 -13.7426 12
      vertex 12.0588 -10.5032 12
    endloop
  endfacet
  facet normal 0 0 1
    outer loop
      vertex 1.09999 -15.9537 12
      vertex 12.187 -13.7426 12
      vertex 10.5032 -12.0588 12
    endloop
  endfacet
  facet normal 0 0 1
    outer loop
      vertex 12.187 -13.7426 12
      vertex 1.09999 -15.9537 12
      vertex 1.09999 -18.335 12
    endloop
  endfacet
  facet normal 0 0 1
    outer loop
      vertex -26.0595 -27.6151 12
      vertex -17.1468 -31.6534 12
      vertex -15.5376 -31.9734 12
    endloop
  endfacet
  facet normal 0 0 1
    outer loop
      vertex -26.0595 -27.6151 12
      vertex -19.027 -31.5301 12
      vertex -17.1468 -31.6534 12
    endloop
  endfacet
  facet normal 0 0 1
    outer loop
      vertex -26.0595 -27.6151 12
      vertex -20.9073 -31.6534 12
      vertex -19.027 -31.5301 12
    endloop
  endfacet
  facet normal 0 0 1
    outer loop
      vertex -26.0595 -27.6151 12
      vertex -21.6855 -31.8082 12
      vertex -20.9073 -31.6534 12
    endloop
  endfacet
  facet normal 0 0 1
    outer loop
      vertex -26.0595 -27.6151 12
      vertex -27.7433 -29.299 12
      vertex -21.6855 -31.8082 12
    endloop
  endfacet
  facet normal 0 0 1
    outer loop
      vertex -27.6151 -26.0595 12
      vertex -27.7433 -29.299 12
      vertex -26.0595 -27.6151 12
    endloop
  endfacet
  facet normal -0 0 1
    outer loop
      vertex -29.299 -27.7433 12
      vertex -27.7433 -29.299 12
      vertex -27.6151 -26.0595 12
    endloop
  endfacet
  facet normal 0 0 1
    outer loop
      vertex -29.4153 -29.4153 12
      vertex -27.7433 -29.299 12
      vertex -29.299 -27.7433 12
    endloop
  endfacet
  facet normal -0 0 1
    outer loop
      vertex -31.6534 -20.9073 12
      vertex -27.6151 -26.0595 12
      vertex -31.5301 -19.027 12
    endloop
  endfacet
  facet normal 0 0 1
    outer loop
      vertex -27.6151 -26.0595 12
      vertex -31.6534 -17.1468 12
      vertex -31.5301 -19.027 12
    endloop
  endfacet
  facet normal -0 -0 1
    outer loop
      vertex -31.6534 -17.1468 12
      vertex -27.6151 -26.0595 12
      vertex -31.9734 -15.5376 12
    endloop
  endfacet
  facet normal 0 0 1
    outer loop
      vertex -27.6151 26.0595 12
      vertex -31.6534 20.9073 12
      vertex -31.5301 19.027 12
    endloop
  endfacet
  facet normal 0 0 1
    outer loop
      vertex -27.6151 26.0595 12
      vertex -31.8082 21.6855 12
      vertex -31.6534 20.9073 12
    endloop
  endfacet
  facet normal 0 0 1
    outer loop
      vertex -27.7433 29.299 12
      vertex -29.4153 29.4153 12
      vertex -29.299 27.7433 12
    endloop
  endfacet
  facet normal 0 0 1
    outer loop
      vertex -29.299 27.7433 12
      vertex -29.4153 29.4153 12
      vertex -30.1779 28.6222 12
    endloop
  endfacet
  facet normal 0 0 1
    outer loop
      vertex -27.7433 -29.299 12
      vertex -29.4153 -29.4153 12
      vertex -28.6222 -30.1779 12
    endloop
  endfacet
  facet normal 0 -0 1
    outer loop
      vertex -29.4153 -29.4153 12
      vertex -29.299 -27.7433 12
      vertex -30.1779 -28.6222 12
    endloop
  endfacet
  facet normal -0 0 1
    outer loop
      vertex -31.8082 -21.6855 12
      vertex -27.6151 -26.0595 12
      vertex -31.6534 -20.9073 12
    endloop
  endfacet
  facet normal 0 0 1
    outer loop
      vertex -27.6151 -26.0595 12
      vertex -31.8082 -21.6855 12
      vertex -29.299 -27.7433 12
    endloop
  endfacet
  facet normal 0 0 1
    outer loop
      vertex -37.9537 -1.09999 12
      vertex -34.5069 -10.2577 12
      vertex -33.5954 -11.6218 12
    endloop
  endfacet
  facet normal 0 0 1
    outer loop
      vertex -37.9537 -1.09999 12
      vertex -35.7493 -8.84103 12
      vertex -34.5069 -10.2577 12
    endloop
  endfacet
  facet normal 0 0 1
    outer loop
      vertex -37.9537 -1.09999 12
      vertex -37.166 -7.59865 12
      vertex -35.7493 -8.84103 12
    endloop
  endfacet
  facet normal 0 0 1
    outer loop
      vertex -37.9537 -1.09999 12
      vertex -37.8258 -7.15779 12
      vertex -37.166 -7.59865 12
    endloop
  endfacet
  facet normal 0 0 1
    outer loop
      vertex -40.335 -1.09999 12
      vertex -37.9537 -1.09999 12
      vertex -40.335 1.09999 12
    endloop
  endfacet
  facet normal 0 0 1
    outer loop
      vertex -37.9537 -1.09999 12
      vertex -40.335 -1.09999 12
      vertex -37.8258 -7.15779 12
    endloop
  endfacet
  facet normal 0 0 1
    outer loop
      vertex -41.5995 0 12
      vertex -40.335 1.09999 12
      vertex -41.5779 1.09999 12
    endloop
  endfacet
  facet normal 0 0 1
    outer loop
      vertex -40.335 1.09999 12
      vertex -41.5995 0 12
      vertex -40.335 -1.09999 12
    endloop
  endfacet
  facet normal 0 0 1
    outer loop
      vertex -40.335 -1.09999 12
      vertex -41.5995 0 12
      vertex -41.5779 -1.09999 12
    endloop
  endfacet
  facet normal 0 0 1
    outer loop
      vertex -18.5925 20.1481 12
      vertex -13.7426 12.187 12
      vertex -12.187 13.7426 12
    endloop
  endfacet
  facet normal 0 0 1
    outer loop
      vertex -13.7426 12.187 12
      vertex -18.5925 20.1481 12
      vertex -20.1481 18.5925 12
    endloop
  endfacet
  facet normal 0 0 1
    outer loop
      vertex -13.7426 -12.187 12
      vertex -18.5925 -20.1481 12
      vertex -12.187 -13.7426 12
    endloop
  endfacet
  facet normal 0 -0 1
    outer loop
      vertex -18.5925 -20.1481 12
      vertex -13.7426 -12.187 12
      vertex -20.1481 -18.5925 12
    endloop
  endfacet
  facet normal -0 0 1
    outer loop
      vertex -15.9537 1.09999 12
      vertex -2.65562 -1.09999 12
      vertex -2.65562 1.09999 12
    endloop
  endfacet
  facet normal 0 0 1
    outer loop
      vertex -2.65562 -1.09999 12
      vertex -15.9537 1.09999 12
      vertex -15.9537 -1.09999 12
    endloop
  endfacet
  facet normal 0 0 1
    outer loop
      vertex -1.09999 -37.9537 12
      vertex -7.15779 -37.8258 12
      vertex -1.09999 -40.335 12
    endloop
  endfacet
  facet normal 0 0 1
    outer loop
      vertex -1.09999 -37.9537 12
      vertex -7.59865 -37.166 12
      vertex -7.15779 -37.8258 12
    endloop
  endfacet
  facet normal 0 0 1
    outer loop
      vertex -1.09999 -37.9537 12
      vertex -8.84103 -35.7493 12
      vertex -7.59865 -37.166 12
    endloop
  endfacet
  facet normal 0 0 1
    outer loop
      vertex -1.09999 -37.9537 12
      vertex -10.2577 -34.5069 12
      vertex -8.84103 -35.7493 12
    endloop
  endfacet
  facet normal -0 -0 1
    outer loop
      vertex -10.2577 -34.5069 12
      vertex -1.09999 -37.9537 12
      vertex -11.6218 -33.5954 12
    endloop
  endfacet
  facet normal 0 0 1
    outer loop
      vertex -18.5925 -20.1481 12
      vertex -1.09999 -29.775 12
      vertex -1.09999 -27.3937 12
    endloop
  endfacet
  facet normal 0 0 1
    outer loop
      vertex -18.5925 -20.1481 12
      vertex -20.2763 -21.8319 12
      vertex -1.09999 -29.775 12
    endloop
  endfacet
  facet normal 0 0 1
    outer loop
      vertex -20.1481 -18.5925 12
      vertex -20.2763 -21.8319 12
      vertex -18.5925 -20.1481 12
    endloop
  endfacet
  facet normal 0 0 1
    outer loop
      vertex -20.1481 -18.5925 12
      vertex -21.8319 -20.2763 12
      vertex -20.2763 -21.8319 12
    endloop
  endfacet
  facet normal 0 0 1
    outer loop
      vertex -27.3937 -1.09999 12
      vertex -21.8319 -20.2763 12
      vertex -20.1481 -18.5925 12
    endloop
  endfacet
  facet normal 0 0 1
    outer loop
      vertex -29.775 -1.09999 12
      vertex -27.3937 -1.09999 12
      vertex -29.775 1.09999 12
    endloop
  endfacet
  facet normal 0 0 1
    outer loop
      vertex -27.3937 -1.09999 12
      vertex -29.775 -1.09999 12
      vertex -21.8319 -20.2763 12
    endloop
  endfacet
  facet normal -0 0 1
    outer loop
      vertex -37.9537 1.09999 12
      vertex -29.775 -1.09999 12
      vertex -29.775 1.09999 12
    endloop
  endfacet
  facet normal 0 0 1
    outer loop
      vertex -29.775 -1.09999 12
      vertex -37.9537 1.09999 12
      vertex -37.9537 -1.09999 12
    endloop
  endfacet
  facet normal 0 0 1
    outer loop
      vertex -10.5032 -12.0588 12
      vertex -1.09999 -18.335 12
      vertex -1.09999 -15.9537 12
    endloop
  endfacet
  facet normal 0 0 1
    outer loop
      vertex -10.5032 -12.0588 12
      vertex -12.187 -13.7426 12
      vertex -1.09999 -18.335 12
    endloop
  endfacet
  facet normal 0 0 1
    outer loop
      vertex -12.0588 -10.5032 12
      vertex -12.187 -13.7426 12
      vertex -10.5032 -12.0588 12
    endloop
  endfacet
  facet normal 0 0 1
    outer loop
      vertex -12.0588 -10.5032 12
      vertex -13.7426 -12.187 12
      vertex -12.187 -13.7426 12
    endloop
  endfacet
  facet normal 0 0 1
    outer loop
      vertex -15.9537 -1.09999 12
      vertex -13.7426 -12.187 12
      vertex -12.0588 -10.5032 12
    endloop
  endfacet
  facet normal 0 0 1
    outer loop
      vertex -18.335 -1.09999 12
      vertex -15.9537 -1.09999 12
      vertex -18.335 1.09999 12
    endloop
  endfacet
  facet normal 0 0 1
    outer loop
      vertex -15.9537 -1.09999 12
      vertex -18.335 -1.09999 12
      vertex -13.7426 -12.187 12
    endloop
  endfacet
  facet normal -0 0 1
    outer loop
      vertex -27.3937 1.09999 12
      vertex -18.335 -1.09999 12
      vertex -18.335 1.09999 12
    endloop
  endfacet
  facet normal 0 0 1
    outer loop
      vertex -18.335 -1.09999 12
      vertex -27.3937 1.09999 12
      vertex -27.3937 -1.09999 12
    endloop
  endfacet
  facet normal 0 0 1
    outer loop
      vertex -1.09999 2.65562 12
      vertex -2.65562 1.09999 12
      vertex -1.09999 -2.65562 12
    endloop
  endfacet
  facet normal 0 0 1
    outer loop
      vertex -10.5032 12.0588 12
      vertex -2.65562 1.09999 12
      vertex -1.09999 2.65562 12
    endloop
  endfacet
  facet normal 0 0 1
    outer loop
      vertex -2.65562 1.09999 12
      vertex -10.5032 12.0588 12
      vertex -12.0588 10.5032 12
    endloop
  endfacet
  facet normal 0 0 1
    outer loop
      vertex -1.09999 18.335 12
      vertex -10.5032 12.0588 12
      vertex -1.09999 15.9537 12
    endloop
  endfacet
  facet normal -0 0 1
    outer loop
      vertex -12.187 13.7426 12
      vertex -10.5032 12.0588 12
      vertex -1.09999 18.335 12
    endloop
  endfacet
  facet normal 0 0 1
    outer loop
      vertex -12.187 13.7426 12
      vertex -12.0588 10.5032 12
      vertex -10.5032 12.0588 12
    endloop
  endfacet
  facet normal -0 0 1
    outer loop
      vertex -13.7426 12.187 12
      vertex -12.0588 10.5032 12
      vertex -12.187 13.7426 12
    endloop
  endfacet
  facet normal 0 0 1
    outer loop
      vertex -13.7426 12.187 12
      vertex -15.9537 1.09999 12
      vertex -12.0588 10.5032 12
    endloop
  endfacet
  facet normal 0 0 1
    outer loop
      vertex -15.9537 1.09999 12
      vertex -18.335 1.09999 12
      vertex -15.9537 -1.09999 12
    endloop
  endfacet
  facet normal 0 0 1
    outer loop
      vertex -18.335 1.09999 12
      vertex -15.9537 1.09999 12
      vertex -13.7426 12.187 12
    endloop
  endfacet
  facet normal 0 0 1
    outer loop
      vertex -1.09999 29.775 12
      vertex -18.5925 20.1481 12
      vertex -1.09999 27.3937 12
    endloop
  endfacet
  facet normal -0 0 1
    outer loop
      vertex -20.2763 21.8319 12
      vertex -18.5925 20.1481 12
      vertex -1.09999 29.775 12
    endloop
  endfacet
  facet normal 0 0 1
    outer loop
      vertex -20.2763 21.8319 12
      vertex -20.1481 18.5925 12
      vertex -18.5925 20.1481 12
    endloop
  endfacet
  facet normal -0 0 1
    outer loop
      vertex -21.8319 20.2763 12
      vertex -20.1481 18.5925 12
      vertex -20.2763 21.8319 12
    endloop
  endfacet
  facet normal 0 0 1
    outer loop
      vertex -21.8319 20.2763 12
      vertex -27.3937 1.09999 12
      vertex -20.1481 18.5925 12
    endloop
  endfacet
  facet normal 0 0 1
    outer loop
      vertex -27.3937 1.09999 12
      vertex -29.775 1.09999 12
      vertex -27.3937 -1.09999 12
    endloop
  endfacet
  facet normal 0 0 1
    outer loop
      vertex -29.775 1.09999 12
      vertex -27.3937 1.09999 12
      vertex -21.8319 20.2763 12
    endloop
  endfacet
  facet normal 0 0 1
    outer loop
      vertex -7.15779 37.8258 12
      vertex -1.09999 37.9537 12
      vertex -1.09999 40.335 12
    endloop
  endfacet
  facet normal 0 0 1
    outer loop
      vertex -7.59865 37.166 12
      vertex -1.09999 37.9537 12
      vertex -7.15779 37.8258 12
    endloop
  endfacet
  facet normal 0 0 1
    outer loop
      vertex -8.84103 35.7493 12
      vertex -1.09999 37.9537 12
      vertex -7.59865 37.166 12
    endloop
  endfacet
  facet normal 0 0 1
    outer loop
      vertex -10.2577 34.5069 12
      vertex -1.09999 37.9537 12
      vertex -8.84103 35.7493 12
    endloop
  endfacet
  facet normal 0 0 1
    outer loop
      vertex -1.09999 37.9537 12
      vertex -10.2577 34.5069 12
      vertex -11.6218 33.5954 12
    endloop
  endfacet
  facet normal 0 0 1
    outer loop
      vertex 0 41.5995 12
      vertex 1.09999 40.335 12
      vertex 1.09999 41.5779 12
    endloop
  endfacet
  facet normal 0 0 1
    outer loop
      vertex 1.09999 40.335 12
      vertex -1.09999 40.335 12
      vertex 1.09999 37.9537 12
    endloop
  endfacet
  facet normal 0 0 1
    outer loop
      vertex 1.09999 37.9537 12
      vertex -1.09999 37.9537 12
      vertex 1.09999 29.775 12
    endloop
  endfacet
  facet normal 0 0 1
    outer loop
      vertex -1.09999 29.775 12
      vertex 1.09999 29.775 12
      vertex -1.09999 37.9537 12
    endloop
  endfacet
  facet normal 0 0 1
    outer loop
      vertex -1.09999 27.3937 12
      vertex 1.09999 27.3937 12
      vertex -1.09999 29.775 12
    endloop
  endfacet
  facet normal 0 0 1
    outer loop
      vertex -1.09999 18.335 12
      vertex 1.09999 18.335 12
      vertex -1.09999 27.3937 12
    endloop
  endfacet
  facet normal 0 0 1
    outer loop
      vertex -1.09999 15.9537 12
      vertex 1.09999 15.9537 12
      vertex -1.09999 18.335 12
    endloop
  endfacet
  facet normal 0 0 1
    outer loop
      vertex 1.09999 15.9537 12
      vertex -1.09999 15.9537 12
      vertex 1.09999 2.65562 12
    endloop
  endfacet
  facet normal 0 0 1
    outer loop
      vertex 1.09999 2.65562 12
      vertex -1.09999 2.65562 12
      vertex 1.09999 -2.65562 12
    endloop
  endfacet
  facet normal 0 0 1
    outer loop
      vertex -1.09999 -2.65562 12
      vertex 1.09999 -2.65562 12
      vertex -1.09999 2.65562 12
    endloop
  endfacet
  facet normal 0 0 1
    outer loop
      vertex -1.09999 -15.9537 12
      vertex 1.09999 -15.9537 12
      vertex -1.09999 -2.65562 12
    endloop
  endfacet
  facet normal 0 0 1
    outer loop
      vertex 1.09999 -15.9537 12
      vertex -1.09999 -15.9537 12
      vertex 1.09999 -18.335 12
    endloop
  endfacet
  facet normal 0 0 1
    outer loop
      vertex -1.09999 -18.335 12
      vertex 1.09999 -18.335 12
      vertex -1.09999 -15.9537 12
    endloop
  endfacet
  facet normal 0 0 1
    outer loop
      vertex 1.09999 -18.335 12
      vertex -1.09999 -18.335 12
      vertex 1.09999 -27.3937 12
    endloop
  endfacet
  facet normal 0 0 1
    outer loop
      vertex 1.09999 40.335 12
      vertex 0 41.5995 12
      vertex -1.09999 40.335 12
    endloop
  endfacet
  facet normal 0 0 1
    outer loop
      vertex -1.09999 -27.3937 12
      vertex 1.09999 -27.3937 12
      vertex -1.09999 -18.335 12
    endloop
  endfacet
  facet normal 0 0 1
    outer loop
      vertex -1.09999 40.335 12
      vertex 0 41.5995 12
      vertex -1.09999 41.5779 12
    endloop
  endfacet
  facet normal 0 0 1
    outer loop
      vertex 1.09999 37.9537 12
      vertex -1.09999 40.335 12
      vertex -1.09999 37.9537 12
    endloop
  endfacet
  facet normal 0 0 1
    outer loop
      vertex 1.09999 29.775 12
      vertex -1.09999 29.775 12
      vertex 1.09999 27.3937 12
    endloop
  endfacet
  facet normal 0 0 1
    outer loop
      vertex 1.09999 27.3937 12
      vertex -1.09999 27.3937 12
      vertex 1.09999 18.335 12
    endloop
  endfacet
  facet normal 0 0 1
    outer loop
      vertex 1.09999 18.335 12
      vertex -1.09999 18.335 12
      vertex 1.09999 15.9537 12
    endloop
  endfacet
  facet normal 0 0 1
    outer loop
      vertex -1.09999 2.65562 12
      vertex 1.09999 2.65562 12
      vertex -1.09999 15.9537 12
    endloop
  endfacet
  facet normal 0 0 1
    outer loop
      vertex 1.09999 -2.65562 12
      vertex -1.09999 -2.65562 12
      vertex 1.09999 -15.9537 12
    endloop
  endfacet
  facet normal 0 0 1
    outer loop
      vertex 1.09999 -27.3937 12
      vertex -1.09999 -27.3937 12
      vertex 1.09999 -29.775 12
    endloop
  endfacet
  facet normal 0 0 1
    outer loop
      vertex -1.09999 -29.775 12
      vertex 1.09999 -29.775 12
      vertex -1.09999 -27.3937 12
    endloop
  endfacet
  facet normal 0 0 1
    outer loop
      vertex 1.09999 -29.775 12
      vertex -1.09999 -29.775 12
      vertex 1.09999 -37.9537 12
    endloop
  endfacet
  facet normal 0 0 1
    outer loop
      vertex -1.09999 -37.9537 12
      vertex 1.09999 -37.9537 12
      vertex -1.09999 -29.775 12
    endloop
  endfacet
  facet normal 0 0 1
    outer loop
      vertex 1.09999 -37.9537 12
      vertex -1.09999 -37.9537 12
      vertex 1.09999 -40.335 12
    endloop
  endfacet
  facet normal 0 0 1
    outer loop
      vertex -1.09999 -40.335 12
      vertex 1.09999 -40.335 12
      vertex -1.09999 -37.9537 12
    endloop
  endfacet
  facet normal 0 -0 1
    outer loop
      vertex 0 -41.5995 12
      vertex 1.09999 -40.335 12
      vertex -1.09999 -40.335 12
    endloop
  endfacet
  facet normal 0 0 1
    outer loop
      vertex 1.09999 -40.335 12
      vertex 0 -41.5995 12
      vertex 1.09999 -41.5779 12
    endloop
  endfacet
  facet normal 0 0 1
    outer loop
      vertex 0 -41.5995 12
      vertex -1.09999 -40.335 12
      vertex -1.09999 -41.5779 12
    endloop
  endfacet
  facet normal -0 0 1
    outer loop
      vertex 1.09999 37.9537 12
      vertex 7.15779 37.8258 12
      vertex 1.09999 40.335 12
    endloop
  endfacet
  facet normal 0 0 1
    outer loop
      vertex 7.15779 37.8258 12
      vertex 1.09999 37.9537 12
      vertex 7.59865 37.166 12
    endloop
  endfacet
  facet normal 0 0 1
    outer loop
      vertex 7.59865 37.166 12
      vertex 1.09999 37.9537 12
      vertex 8.84103 35.7493 12
    endloop
  endfacet
  facet normal 0 0 1
    outer loop
      vertex 8.84103 35.7493 12
      vertex 1.09999 37.9537 12
      vertex 10.2577 34.5069 12
    endloop
  endfacet
  facet normal 0 0 1
    outer loop
      vertex 10.2577 34.5069 12
      vertex 1.09999 37.9537 12
      vertex 11.6218 33.5954 12
    endloop
  endfacet
  facet normal 0 0 1
    outer loop
      vertex 1.09999 -37.9537 12
      vertex 10.2577 -34.5069 12
      vertex 11.6218 -33.5954 12
    endloop
  endfacet
  facet normal 0 0 1
    outer loop
      vertex 1.09999 -37.9537 12
      vertex 8.84103 -35.7493 12
      vertex 10.2577 -34.5069 12
    endloop
  endfacet
  facet normal 0 0 1
    outer loop
      vertex 1.09999 -37.9537 12
      vertex 7.59865 -37.166 12
      vertex 8.84103 -35.7493 12
    endloop
  endfacet
  facet normal 0 0 1
    outer loop
      vertex 1.09999 -37.9537 12
      vertex 7.15779 -37.8258 12
      vertex 7.59865 -37.166 12
    endloop
  endfacet
  facet normal 0 0 1
    outer loop
      vertex 7.15779 -37.8258 12
      vertex 1.09999 -37.9537 12
      vertex 1.09999 -40.335 12
    endloop
  endfacet
  facet normal -0 0 1
    outer loop
      vertex -2.65562 -1.09999 12
      vertex -1.09999 -2.65562 12
      vertex -2.65562 1.09999 12
    endloop
  endfacet
  facet normal 0 0 1
    outer loop
      vertex -2.65562 -1.09999 12
      vertex -10.5032 -12.0588 12
      vertex -1.09999 -2.65562 12
    endloop
  endfacet
  facet normal 0 -0 1
    outer loop
      vertex -10.5032 -12.0588 12
      vertex -2.65562 -1.09999 12
      vertex -12.0588 -10.5032 12
    endloop
  endfacet
  facet normal 0 0 1
    outer loop
      vertex 2.65562 -1.09999 12
      vertex 10.5032 -12.0588 12
      vertex 12.0588 -10.5032 12
    endloop
  endfacet
  facet normal 0 0 1
    outer loop
      vertex 2.65562 -1.09999 12
      vertex 1.09999 -2.65562 12
      vertex 10.5032 -12.0588 12
    endloop
  endfacet
  facet normal 0 0 1
    outer loop
      vertex 1.09999 -2.65562 12
      vertex 2.65562 -1.09999 12
      vertex 1.09999 2.65562 12
    endloop
  endfacet
  facet normal 0 0 1
    outer loop
      vertex 10.5032 12.0588 12
      vertex 2.65562 1.09999 12
      vertex 12.0588 10.5032 12
    endloop
  endfacet
  facet normal 0 0 1
    outer loop
      vertex 2.65562 1.09999 12
      vertex 1.09999 2.65562 12
      vertex 2.65562 -1.09999 12
    endloop
  endfacet
  facet normal -0 0 1
    outer loop
      vertex 1.09999 2.65562 12
      vertex 2.65562 1.09999 12
      vertex 10.5032 12.0588 12
    endloop
  endfacet
  facet normal 1 -0 0
    outer loop
      vertex 1.09999 -41.5779 12
      vertex 1.09999 -40.335 0
      vertex 1.09999 -40.335 12
    endloop
  endfacet
  facet normal 1 0 0
    outer loop
      vertex 1.09999 -40.335 0
      vertex 1.09999 -41.5779 12
      vertex 1.09999 -41.5779 0
    endloop
  endfacet
  facet normal 0.38268 -0.923881 0
    outer loop
      vertex 1.09999 -40.335 0
      vertex 7.15779 -37.8258 12
      vertex 1.09999 -40.335 12
    endloop
  endfacet
  facet normal 0.38268 -0.923881 0
    outer loop
      vertex 7.15779 -37.8258 12
      vertex 1.09999 -40.335 0
      vertex 7.15779 -37.8258 0
    endloop
  endfacet
  facet normal 0.38268 -0.923881 0
    outer loop
      vertex 21.6855 -31.8082 0
      vertex 27.7433 -29.299 12
      vertex 21.6855 -31.8082 12
    endloop
  endfacet
  facet normal 0.38268 -0.923881 0
    outer loop
      vertex 27.7433 -29.299 12
      vertex 21.6855 -31.8082 0
      vertex 27.7433 -29.299 0
    endloop
  endfacet
  facet normal -0.707107 -0.707107 3.00781e-18
    outer loop
      vertex 28.6222 -30.1779 0
      vertex 27.7433 -29.299 12
      vertex 27.7433 -29.299 0
    endloop
  endfacet
  facet normal -0.707107 -0.707107 3.00781e-18
    outer loop
      vertex 27.7433 -29.299 12
      vertex 28.6222 -30.1779 0
      vertex 28.6222 -30.1779 12
    endloop
  endfacet
  facet normal 0.707107 0.707107 3.00781e-18
    outer loop
      vertex 30.1779 -28.6222 12
      vertex 29.299 -27.7433 0
      vertex 29.299 -27.7433 12
    endloop
  endfacet
  facet normal 0.707107 0.707107 3.00781e-18
    outer loop
      vertex 29.299 -27.7433 0
      vertex 30.1779 -28.6222 12
      vertex 30.1779 -28.6222 0
    endloop
  endfacet
  facet normal 0.923881 -0.38268 7.09638e-18
    outer loop
      vertex 29.299 -27.7433 12
      vertex 31.8082 -21.6855 0
      vertex 31.8082 -21.6855 12
    endloop
  endfacet
  facet normal 0.923881 -0.38268 7.09638e-18
    outer loop
      vertex 31.8082 -21.6855 0
      vertex 29.299 -27.7433 12
      vertex 29.299 -27.7433 0
    endloop
  endfacet
  facet normal 0.923881 -0.38268 7.09638e-18
    outer loop
      vertex 37.8258 -7.15779 12
      vertex 40.335 -1.09999 0
      vertex 40.335 -1.09999 12
    endloop
  endfacet
  facet normal 0.923881 -0.38268 7.09638e-18
    outer loop
      vertex 40.335 -1.09999 0
      vertex 37.8258 -7.15779 12
      vertex 37.8258 -7.15779 0
    endloop
  endfacet
  facet normal 0 -1 0
    outer loop
      vertex 40.335 -1.09999 0
      vertex 41.5779 -1.09999 12
      vertex 40.335 -1.09999 12
    endloop
  endfacet
  facet normal 0 -1 -0
    outer loop
      vertex 41.5779 -1.09999 12
      vertex 40.335 -1.09999 0
      vertex 41.5779 -1.09999 0
    endloop
  endfacet
  facet normal 0 1 -0
    outer loop
      vertex 41.5779 1.09999 0
      vertex 40.335 1.09999 12
      vertex 41.5779 1.09999 12
    endloop
  endfacet
  facet normal 0 1 0
    outer loop
      vertex 40.335 1.09999 12
      vertex 41.5779 1.09999 0
      vertex 40.335 1.09999 0
    endloop
  endfacet
  facet normal 0.923881 0.38268 -7.09638e-18
    outer loop
      vertex 40.335 1.09999 12
      vertex 37.8258 7.15779 0
      vertex 37.8258 7.15779 12
    endloop
  endfacet
  facet normal 0.923881 0.38268 -7.09638e-18
    outer loop
      vertex 37.8258 7.15779 0
      vertex 40.335 1.09999 12
      vertex 40.335 1.09999 0
    endloop
  endfacet
  facet normal 0.923881 0.38268 -7.09638e-18
    outer loop
      vertex 31.8082 21.6855 12
      vertex 29.299 27.7433 0
      vertex 29.299 27.7433 12
    endloop
  endfacet
  facet normal 0.923881 0.38268 -7.09638e-18
    outer loop
      vertex 29.299 27.7433 0
      vertex 31.8082 21.6855 12
      vertex 31.8082 21.6855 0
    endloop
  endfacet
  facet normal 0.707107 -0.707107 -3.00781e-18
    outer loop
      vertex 29.299 27.7433 12
      vertex 30.1779 28.6222 0
      vertex 30.1779 28.6222 12
    endloop
  endfacet
  facet normal 0.707107 -0.707107 -3.00781e-18
    outer loop
      vertex 30.1779 28.6222 0
      vertex 29.299 27.7433 12
      vertex 29.299 27.7433 0
    endloop
  endfacet
  facet normal -0.707107 0.707107 -3.00781e-18
    outer loop
      vertex 27.7433 29.299 0
      vertex 28.6222 30.1779 12
      vertex 28.6222 30.1779 0
    endloop
  endfacet
  facet normal -0.707107 0.707107 -3.00781e-18
    outer loop
      vertex 28.6222 30.1779 12
      vertex 27.7433 29.299 0
      vertex 27.7433 29.299 12
    endloop
  endfacet
  facet normal 0.38268 0.923881 -0
    outer loop
      vertex 27.7433 29.299 0
      vertex 21.6855 31.8082 12
      vertex 27.7433 29.299 12
    endloop
  endfacet
  facet normal 0.38268 0.923881 0
    outer loop
      vertex 21.6855 31.8082 12
      vertex 27.7433 29.299 0
      vertex 21.6855 31.8082 0
    endloop
  endfacet
  facet normal 0.38268 0.923881 -0
    outer loop
      vertex 7.15779 37.8258 0
      vertex 1.09999 40.335 12
      vertex 7.15779 37.8258 12
    endloop
  endfacet
  facet normal 0.38268 0.923881 0
    outer loop
      vertex 1.09999 40.335 12
      vertex 7.15779 37.8258 0
      vertex 1.09999 40.335 0
    endloop
  endfacet
  facet normal 1 -0 0
    outer loop
      vertex 1.09999 40.335 12
      vertex 1.09999 41.5779 0
      vertex 1.09999 41.5779 12
    endloop
  endfacet
  facet normal 1 0 0
    outer loop
      vertex 1.09999 41.5779 0
      vertex 1.09999 40.335 12
      vertex 1.09999 40.335 0
    endloop
  endfacet
  facet normal -1 0 0
    outer loop
      vertex -1.09999 40.335 0
      vertex -1.09999 41.5779 12
      vertex -1.09999 41.5779 0
    endloop
  endfacet
  facet normal -1 -0 0
    outer loop
      vertex -1.09999 41.5779 12
      vertex -1.09999 40.335 0
      vertex -1.09999 40.335 12
    endloop
  endfacet
  facet normal -0.38268 0.923881 0
    outer loop
      vertex -1.09999 40.335 0
      vertex -7.15779 37.8258 12
      vertex -1.09999 40.335 12
    endloop
  endfacet
  facet normal -0.38268 0.923881 0
    outer loop
      vertex -7.15779 37.8258 12
      vertex -1.09999 40.335 0
      vertex -7.15779 37.8258 0
    endloop
  endfacet
  facet normal -0.38268 0.923881 0
    outer loop
      vertex -21.6855 31.8082 0
      vertex -27.7433 29.299 12
      vertex -21.6855 31.8082 12
    endloop
  endfacet
  facet normal -0.38268 0.923881 0
    outer loop
      vertex -27.7433 29.299 12
      vertex -21.6855 31.8082 0
      vertex -27.7433 29.299 0
    endloop
  endfacet
  facet normal 0.707107 0.707107 3.00781e-18
    outer loop
      vertex -27.7433 29.299 12
      vertex -28.6222 30.1779 0
      vertex -28.6222 30.1779 12
    endloop
  endfacet
  facet normal 0.707107 0.707107 3.00781e-18
    outer loop
      vertex -28.6222 30.1779 0
      vertex -27.7433 29.299 12
      vertex -27.7433 29.299 0
    endloop
  endfacet
  facet normal -0.707107 -0.707107 3.00781e-18
    outer loop
      vertex -29.299 27.7433 0
      vertex -30.1779 28.6222 12
      vertex -30.1779 28.6222 0
    endloop
  endfacet
  facet normal -0.707107 -0.707107 3.00781e-18
    outer loop
      vertex -30.1779 28.6222 12
      vertex -29.299 27.7433 0
      vertex -29.299 27.7433 12
    endloop
  endfacet
  facet normal -0.923881 0.38268 7.09638e-18
    outer loop
      vertex -31.8082 21.6855 0
      vertex -29.299 27.7433 12
      vertex -29.299 27.7433 0
    endloop
  endfacet
  facet normal -0.923881 0.38268 7.09638e-18
    outer loop
      vertex -29.299 27.7433 12
      vertex -31.8082 21.6855 0
      vertex -31.8082 21.6855 12
    endloop
  endfacet
  facet normal -0.923881 0.38268 7.09638e-18
    outer loop
      vertex -40.335 1.09999 0
      vertex -37.8258 7.15779 12
      vertex -37.8258 7.15779 0
    endloop
  endfacet
  facet normal -0.923881 0.38268 7.09638e-18
    outer loop
      vertex -37.8258 7.15779 12
      vertex -40.335 1.09999 0
      vertex -40.335 1.09999 12
    endloop
  endfacet
  facet normal 0 1 -0
    outer loop
      vertex -40.335 1.09999 0
      vertex -41.5779 1.09999 12
      vertex -40.335 1.09999 12
    endloop
  endfacet
  facet normal 0 1 0
    outer loop
      vertex -41.5779 1.09999 12
      vertex -40.335 1.09999 0
      vertex -41.5779 1.09999 0
    endloop
  endfacet
  facet normal 0 -1 0
    outer loop
      vertex -41.5779 -1.09999 0
      vertex -40.335 -1.09999 12
      vertex -41.5779 -1.09999 12
    endloop
  endfacet
  facet normal 0 -1 -0
    outer loop
      vertex -40.335 -1.09999 12
      vertex -41.5779 -1.09999 0
      vertex -40.335 -1.09999 0
    endloop
  endfacet
  facet normal -0.923881 -0.38268 -7.09638e-18
    outer loop
      vertex -29.299 -27.7433 0
      vertex -31.8082 -21.6855 12
      vertex -31.8082 -21.6855 0
    endloop
  endfacet
  facet normal -0.923881 -0.38268 -7.09638e-18
    outer loop
      vertex -31.8082 -21.6855 12
      vertex -29.299 -27.7433 0
      vertex -29.299 -27.7433 12
    endloop
  endfacet
  facet normal -0.923881 -0.38268 -7.09638e-18
    outer loop
      vertex -37.8258 -7.15779 0
      vertex -40.335 -1.09999 12
      vertex -40.335 -1.09999 0
    endloop
  endfacet
  facet normal -0.923881 -0.38268 -7.09638e-18
    outer loop
      vertex -40.335 -1.09999 12
      vertex -37.8258 -7.15779 0
      vertex -37.8258 -7.15779 12
    endloop
  endfacet
  facet normal -0.707107 0.707107 -3.00781e-18
    outer loop
      vertex -30.1779 -28.6222 0
      vertex -29.299 -27.7433 12
      vertex -29.299 -27.7433 0
    endloop
  endfacet
  facet normal -0.707107 0.707107 -3.00781e-18
    outer loop
      vertex -29.299 -27.7433 12
      vertex -30.1779 -28.6222 0
      vertex -30.1779 -28.6222 12
    endloop
  endfacet
  facet normal 0.707107 -0.707107 -3.00781e-18
    outer loop
      vertex -28.6222 -30.1779 12
      vertex -27.7433 -29.299 0
      vertex -27.7433 -29.299 12
    endloop
  endfacet
  facet normal 0.707107 -0.707107 -3.00781e-18
    outer loop
      vertex -27.7433 -29.299 0
      vertex -28.6222 -30.1779 12
      vertex -28.6222 -30.1779 0
    endloop
  endfacet
  facet normal -0.38268 -0.923881 0
    outer loop
      vertex -7.15779 -37.8258 0
      vertex -1.09999 -40.335 12
      vertex -7.15779 -37.8258 12
    endloop
  endfacet
  facet normal -0.38268 -0.923881 -0
    outer loop
      vertex -1.09999 -40.335 12
      vertex -7.15779 -37.8258 0
      vertex -1.09999 -40.335 0
    endloop
  endfacet
  facet normal -0.38268 -0.923881 0
    outer loop
      vertex -27.7433 -29.299 0
      vertex -21.6855 -31.8082 12
      vertex -27.7433 -29.299 12
    endloop
  endfacet
  facet normal -0.38268 -0.923881 -0
    outer loop
      vertex -21.6855 -31.8082 12
      vertex -27.7433 -29.299 0
      vertex -21.6855 -31.8082 0
    endloop
  endfacet
  facet normal -1 0 0
    outer loop
      vertex -1.09999 -41.5779 0
      vertex -1.09999 -40.335 12
      vertex -1.09999 -40.335 0
    endloop
  endfacet
  facet normal -1 -0 0
    outer loop
      vertex -1.09999 -40.335 12
      vertex -1.09999 -41.5779 0
      vertex -1.09999 -41.5779 12
    endloop
  endfacet
  facet normal 0.382682 -0.92388 0
    outer loop
      vertex -26.0595 27.6151 0
      vertex -15.5376 31.9734 12
      vertex -26.0595 27.6151 12
    endloop
  endfacet
  facet normal 0.382682 -0.92388 0
    outer loop
      vertex -15.5376 31.9734 12
      vertex -26.0595 27.6151 0
      vertex -15.5376 31.9734 0
    endloop
  endfacet
  facet normal 0.382685 -0.923879 0
    outer loop
      vertex -11.6218 33.5954 0
      vertex -1.09999 37.9537 12
      vertex -11.6218 33.5954 12
    endloop
  endfacet
  facet normal 0.382685 -0.923879 0
    outer loop
      vertex -1.09999 37.9537 12
      vertex -11.6218 33.5954 0
      vertex -1.09999 37.9537 0
    endloop
  endfacet
  facet normal -1 0 0
    outer loop
      vertex -1.09999 29.775 0
      vertex -1.09999 37.9537 12
      vertex -1.09999 37.9537 0
    endloop
  endfacet
  facet normal -1 -0 0
    outer loop
      vertex -1.09999 37.9537 12
      vertex -1.09999 29.775 0
      vertex -1.09999 29.775 12
    endloop
  endfacet
  facet normal -0.382684 0.923879 0
    outer loop
      vertex -1.09999 29.775 0
      vertex -20.2763 21.8319 12
      vertex -1.09999 29.775 12
    endloop
  endfacet
  facet normal -0.382684 0.923879 0
    outer loop
      vertex -20.2763 21.8319 12
      vertex -1.09999 29.775 0
      vertex -20.2763 21.8319 0
    endloop
  endfacet
  facet normal 0.707107 0.707107 -2.05657e-17
    outer loop
      vertex -20.2763 21.8319 12
      vertex -26.0595 27.6151 0
      vertex -26.0595 27.6151 12
    endloop
  endfacet
  facet normal 0.707107 0.707107 -2.05657e-17
    outer loop
      vertex -26.0595 27.6151 0
      vertex -20.2763 21.8319 12
      vertex -20.2763 21.8319 0
    endloop
  endfacet
  facet normal 1 -0 0
    outer loop
      vertex 1.09999 29.775 12
      vertex 1.09999 37.9537 0
      vertex 1.09999 37.9537 12
    endloop
  endfacet
  facet normal 1 0 0
    outer loop
      vertex 1.09999 37.9537 0
      vertex 1.09999 29.775 12
      vertex 1.09999 29.775 0
    endloop
  endfacet
  facet normal -0.382685 -0.923879 0
    outer loop
      vertex 1.09999 37.9537 0
      vertex 11.6218 33.5954 12
      vertex 1.09999 37.9537 12
    endloop
  endfacet
  facet normal -0.382685 -0.923879 -0
    outer loop
      vertex 11.6218 33.5954 12
      vertex 1.09999 37.9537 0
      vertex 11.6218 33.5954 0
    endloop
  endfacet
  facet normal -0.382682 -0.92388 0
    outer loop
      vertex 15.5376 31.9734 0
      vertex 26.0595 27.6151 12
      vertex 15.5376 31.9734 12
    endloop
  endfacet
  facet normal -0.382682 -0.92388 -0
    outer loop
      vertex 26.0595 27.6151 12
      vertex 15.5376 31.9734 0
      vertex 26.0595 27.6151 0
    endloop
  endfacet
  facet normal -0.707107 0.707107 2.05657e-17
    outer loop
      vertex 20.2763 21.8319 0
      vertex 26.0595 27.6151 12
      vertex 26.0595 27.6151 0
    endloop
  endfacet
  facet normal -0.707107 0.707107 2.05657e-17
    outer loop
      vertex 26.0595 27.6151 12
      vertex 20.2763 21.8319 0
      vertex 20.2763 21.8319 12
    endloop
  endfacet
  facet normal 0.382684 0.923879 -0
    outer loop
      vertex 20.2763 21.8319 0
      vertex 1.09999 29.775 12
      vertex 20.2763 21.8319 12
    endloop
  endfacet
  facet normal 0.382684 0.923879 0
    outer loop
      vertex 1.09999 29.775 12
      vertex 20.2763 21.8319 0
      vertex 1.09999 29.775 0
    endloop
  endfacet
  facet normal 0.382682 -0.92388 0
    outer loop
      vertex -18.5925 20.1481 0
      vertex -1.09999 27.3937 12
      vertex -18.5925 20.1481 12
    endloop
  endfacet
  facet normal 0.382682 -0.92388 0
    outer loop
      vertex -1.09999 27.3937 12
      vertex -18.5925 20.1481 0
      vertex -1.09999 27.3937 0
    endloop
  endfacet
  facet normal -1 0 0
    outer loop
      vertex -1.09999 18.335 0
      vertex -1.09999 27.3937 12
      vertex -1.09999 27.3937 0
    endloop
  endfacet
  facet normal -1 -0 0
    outer loop
      vertex -1.09999 27.3937 12
      vertex -1.09999 18.335 0
      vertex -1.09999 18.335 12
    endloop
  endfacet
  facet normal -0.382684 0.923879 0
    outer loop
      vertex -1.09999 18.335 0
      vertex -12.187 13.7426 12
      vertex -1.09999 18.335 12
    endloop
  endfacet
  facet normal -0.382684 0.923879 0
    outer loop
      vertex -12.187 13.7426 12
      vertex -1.09999 18.335 0
      vertex -12.187 13.7426 0
    endloop
  endfacet
  facet normal 0.707107 0.707107 -1.76486e-17
    outer loop
      vertex -12.187 13.7426 12
      vertex -18.5925 20.1481 0
      vertex -18.5925 20.1481 12
    endloop
  endfacet
  facet normal 0.707107 0.707107 -1.76486e-17
    outer loop
      vertex -18.5925 20.1481 0
      vertex -12.187 13.7426 12
      vertex -12.187 13.7426 0
    endloop
  endfacet
  facet normal 1 -0 0
    outer loop
      vertex 1.09999 18.335 12
      vertex 1.09999 27.3937 0
      vertex 1.09999 27.3937 12
    endloop
  endfacet
  facet normal 1 0 0
    outer loop
      vertex 1.09999 27.3937 0
      vertex 1.09999 18.335 12
      vertex 1.09999 18.335 0
    endloop
  endfacet
  facet normal -0.382682 -0.92388 0
    outer loop
      vertex 1.09999 27.3937 0
      vertex 18.5925 20.1481 12
      vertex 1.09999 27.3937 12
    endloop
  endfacet
  facet normal -0.382682 -0.92388 -0
    outer loop
      vertex 18.5925 20.1481 12
      vertex 1.09999 27.3937 0
      vertex 18.5925 20.1481 0
    endloop
  endfacet
  facet normal -0.707107 0.707107 1.76486e-17
    outer loop
      vertex 12.187 13.7426 0
      vertex 18.5925 20.1481 12
      vertex 18.5925 20.1481 0
    endloop
  endfacet
  facet normal -0.707107 0.707107 1.76486e-17
    outer loop
      vertex 18.5925 20.1481 12
      vertex 12.187 13.7426 0
      vertex 12.187 13.7426 12
    endloop
  endfacet
  facet normal 0.382684 0.923879 -0
    outer loop
      vertex 12.187 13.7426 0
      vertex 1.09999 18.335 12
      vertex 12.187 13.7426 12
    endloop
  endfacet
  facet normal 0.382684 0.923879 0
    outer loop
      vertex 1.09999 18.335 12
      vertex 12.187 13.7426 0
      vertex 1.09999 18.335 0
    endloop
  endfacet
  facet normal -0.707107 -0.707107 -2.05657e-17
    outer loop
      vertex -21.8319 20.2763 0
      vertex -27.6151 26.0595 12
      vertex -27.6151 26.0595 0
    endloop
  endfacet
  facet normal -0.707107 -0.707107 -2.05657e-17
    outer loop
      vertex -27.6151 26.0595 12
      vertex -21.8319 20.2763 0
      vertex -21.8319 20.2763 12
    endloop
  endfacet
  facet normal -0.923879 0.382684 4.95637e-17
    outer loop
      vertex -29.775 1.09999 0
      vertex -21.8319 20.2763 12
      vertex -21.8319 20.2763 0
    endloop
  endfacet
  facet normal -0.923879 0.382684 4.95637e-17
    outer loop
      vertex -21.8319 20.2763 12
      vertex -29.775 1.09999 0
      vertex -29.775 1.09999 12
    endloop
  endfacet
  facet normal 0 1 -0
    outer loop
      vertex -29.775 1.09999 0
      vertex -37.9537 1.09999 12
      vertex -29.775 1.09999 12
    endloop
  endfacet
  facet normal 0 1 0
    outer loop
      vertex -37.9537 1.09999 12
      vertex -29.775 1.09999 0
      vertex -37.9537 1.09999 0
    endloop
  endfacet
  facet normal 0.92388 -0.382682 -2.05186e-18
    outer loop
      vertex -31.9734 15.5376 12
      vertex -27.6151 26.0595 0
      vertex -27.6151 26.0595 12
    endloop
  endfacet
  facet normal 0.92388 -0.382682 -2.05186e-18
    outer loop
      vertex -27.6151 26.0595 0
      vertex -31.9734 15.5376 12
      vertex -31.9734 15.5376 0
    endloop
  endfacet
  facet normal 0.923879 -0.382685 -2.13496e-18
    outer loop
      vertex -37.9537 1.09999 12
      vertex -33.5954 11.6218 0
      vertex -33.5954 11.6218 12
    endloop
  endfacet
  facet normal 0.923879 -0.382685 -2.13496e-18
    outer loop
      vertex -33.5954 11.6218 0
      vertex -37.9537 1.09999 12
      vertex -37.9537 1.09999 0
    endloop
  endfacet
  facet normal 0.923879 0.382684 -4.95637e-17
    outer loop
      vertex 29.775 1.09999 12
      vertex 21.8319 20.2763 0
      vertex 21.8319 20.2763 12
    endloop
  endfacet
  facet normal 0.923879 0.382684 -4.95637e-17
    outer loop
      vertex 21.8319 20.2763 0
      vertex 29.775 1.09999 12
      vertex 29.775 1.09999 0
    endloop
  endfacet
  facet normal 0.707107 -0.707107 2.05657e-17
    outer loop
      vertex 21.8319 20.2763 12
      vertex 27.6151 26.0595 0
      vertex 27.6151 26.0595 12
    endloop
  endfacet
  facet normal 0.707107 -0.707107 2.05657e-17
    outer loop
      vertex 27.6151 26.0595 0
      vertex 21.8319 20.2763 12
      vertex 21.8319 20.2763 0
    endloop
  endfacet
  facet normal -0.923879 -0.382685 2.13496e-18
    outer loop
      vertex 37.9537 1.09999 0
      vertex 33.5954 11.6218 12
      vertex 33.5954 11.6218 0
    endloop
  endfacet
  facet normal -0.923879 -0.382685 2.13496e-18
    outer loop
      vertex 33.5954 11.6218 12
      vertex 37.9537 1.09999 0
      vertex 37.9537 1.09999 12
    endloop
  endfacet
  facet normal -0.92388 -0.382682 2.05186e-18
    outer loop
      vertex 31.9734 15.5376 0
      vertex 27.6151 26.0595 12
      vertex 27.6151 26.0595 0
    endloop
  endfacet
  facet normal -0.92388 -0.382682 2.05186e-18
    outer loop
      vertex 27.6151 26.0595 12
      vertex 31.9734 15.5376 0
      vertex 31.9734 15.5376 12
    endloop
  endfacet
  facet normal 0 1 -0
    outer loop
      vertex 37.9537 1.09999 0
      vertex 29.775 1.09999 12
      vertex 37.9537 1.09999 12
    endloop
  endfacet
  facet normal 0 1 0
    outer loop
      vertex 29.775 1.09999 12
      vertex 37.9537 1.09999 0
      vertex 29.775 1.09999 0
    endloop
  endfacet
  facet normal -0.707107 -0.707107 -1.76486e-17
    outer loop
      vertex -13.7426 12.187 0
      vertex -20.1481 18.5925 12
      vertex -20.1481 18.5925 0
    endloop
  endfacet
  facet normal -0.707107 -0.707107 -1.76486e-17
    outer loop
      vertex -20.1481 18.5925 12
      vertex -13.7426 12.187 0
      vertex -13.7426 12.187 12
    endloop
  endfacet
  facet normal -0.923879 0.382684 2.93953e-18
    outer loop
      vertex -18.335 1.09999 0
      vertex -13.7426 12.187 12
      vertex -13.7426 12.187 0
    endloop
  endfacet
  facet normal -0.923879 0.382684 2.93953e-18
    outer loop
      vertex -13.7426 12.187 12
      vertex -18.335 1.09999 0
      vertex -18.335 1.09999 12
    endloop
  endfacet
  facet normal 0 1 -0
    outer loop
      vertex -18.335 1.09999 0
      vertex -27.3937 1.09999 12
      vertex -18.335 1.09999 12
    endloop
  endfacet
  facet normal 0 1 0
    outer loop
      vertex -27.3937 1.09999 12
      vertex -18.335 1.09999 0
      vertex -27.3937 1.09999 0
    endloop
  endfacet
  facet normal 0.92388 -0.382682 2.30429e-17
    outer loop
      vertex -27.3937 1.09999 12
      vertex -20.1481 18.5925 0
      vertex -20.1481 18.5925 12
    endloop
  endfacet
  facet normal 0.92388 -0.382682 2.30429e-17
    outer loop
      vertex -20.1481 18.5925 0
      vertex -27.3937 1.09999 12
      vertex -27.3937 1.09999 0
    endloop
  endfacet
  facet normal 0.923879 0.382684 -2.93953e-18
    outer loop
      vertex 18.335 1.09999 12
      vertex 13.7426 12.187 0
      vertex 13.7426 12.187 12
    endloop
  endfacet
  facet normal 0.923879 0.382684 -2.93953e-18
    outer loop
      vertex 13.7426 12.187 0
      vertex 18.335 1.09999 12
      vertex 18.335 1.09999 0
    endloop
  endfacet
  facet normal 0.707107 -0.707107 1.76486e-17
    outer loop
      vertex 13.7426 12.187 12
      vertex 20.1481 18.5925 0
      vertex 20.1481 18.5925 12
    endloop
  endfacet
  facet normal 0.707107 -0.707107 1.76486e-17
    outer loop
      vertex 20.1481 18.5925 0
      vertex 13.7426 12.187 12
      vertex 13.7426 12.187 0
    endloop
  endfacet
  facet normal -0.92388 -0.382682 -2.30429e-17
    outer loop
      vertex 27.3937 1.09999 0
      vertex 20.1481 18.5925 12
      vertex 20.1481 18.5925 0
    endloop
  endfacet
  facet normal -0.92388 -0.382682 -2.30429e-17
    outer loop
      vertex 20.1481 18.5925 12
      vertex 27.3937 1.09999 0
      vertex 27.3937 1.09999 12
    endloop
  endfacet
  facet normal 0 1 -0
    outer loop
      vertex 27.3937 1.09999 0
      vertex 18.335 1.09999 12
      vertex 27.3937 1.09999 12
    endloop
  endfacet
  facet normal 0 1 0
    outer loop
      vertex 18.335 1.09999 12
      vertex 27.3937 1.09999 0
      vertex 18.335 1.09999 0
    endloop
  endfacet
  facet normal 0.38268 -0.923881 0
    outer loop
      vertex -10.5032 12.0588 0
      vertex -1.09999 15.9537 12
      vertex -10.5032 12.0588 12
    endloop
  endfacet
  facet normal 0.38268 -0.923881 0
    outer loop
      vertex -1.09999 15.9537 12
      vertex -10.5032 12.0588 0
      vertex -1.09999 15.9537 0
    endloop
  endfacet
  facet normal -1 0 0
    outer loop
      vertex -1.09999 2.65562 0
      vertex -1.09999 15.9537 12
      vertex -1.09999 15.9537 0
    endloop
  endfacet
  facet normal -1 -0 0
    outer loop
      vertex -1.09999 15.9537 12
      vertex -1.09999 2.65562 0
      vertex -1.09999 2.65562 12
    endloop
  endfacet
  facet normal 0.707106 0.707108 4.43978e-17
    outer loop
      vertex -1.09999 2.65562 12
      vertex -10.5032 12.0588 0
      vertex -10.5032 12.0588 12
    endloop
  endfacet
  facet normal 0.707106 0.707108 4.43978e-17
    outer loop
      vertex -10.5032 12.0588 0
      vertex -1.09999 2.65562 12
      vertex -1.09999 2.65562 0
    endloop
  endfacet
  facet normal -0.38268 -0.923881 0
    outer loop
      vertex 1.09999 15.9537 0
      vertex 10.5032 12.0588 12
      vertex 1.09999 15.9537 12
    endloop
  endfacet
  facet normal -0.38268 -0.923881 -0
    outer loop
      vertex 10.5032 12.0588 12
      vertex 1.09999 15.9537 0
      vertex 10.5032 12.0588 0
    endloop
  endfacet
  facet normal -0.707106 0.707108 -4.43978e-17
    outer loop
      vertex 1.09999 2.65562 0
      vertex 10.5032 12.0588 12
      vertex 10.5032 12.0588 0
    endloop
  endfacet
  facet normal -0.707106 0.707108 -4.43978e-17
    outer loop
      vertex 10.5032 12.0588 12
      vertex 1.09999 2.65562 0
      vertex 1.09999 2.65562 12
    endloop
  endfacet
  facet normal 1 -0 0
    outer loop
      vertex 1.09999 2.65562 12
      vertex 1.09999 15.9537 0
      vertex 1.09999 15.9537 12
    endloop
  endfacet
  facet normal 1 0 0
    outer loop
      vertex 1.09999 15.9537 0
      vertex 1.09999 2.65562 12
      vertex 1.09999 2.65562 0
    endloop
  endfacet
  facet normal -0.707108 -0.707106 4.43978e-17
    outer loop
      vertex -2.65562 1.09999 0
      vertex -12.0588 10.5032 12
      vertex -12.0588 10.5032 0
    endloop
  endfacet
  facet normal -0.707108 -0.707106 4.43978e-17
    outer loop
      vertex -12.0588 10.5032 12
      vertex -2.65562 1.09999 0
      vertex -2.65562 1.09999 12
    endloop
  endfacet
  facet normal 0 1 -0
    outer loop
      vertex -2.65562 1.09999 0
      vertex -15.9537 1.09999 12
      vertex -2.65562 1.09999 12
    endloop
  endfacet
  facet normal 0 1 0
    outer loop
      vertex -15.9537 1.09999 12
      vertex -2.65562 1.09999 0
      vertex -15.9537 1.09999 0
    endloop
  endfacet
  facet normal 0.923881 -0.38268 4.6604e-18
    outer loop
      vertex -15.9537 1.09999 12
      vertex -12.0588 10.5032 0
      vertex -12.0588 10.5032 12
    endloop
  endfacet
  facet normal 0.923881 -0.38268 4.6604e-18
    outer loop
      vertex -12.0588 10.5032 0
      vertex -15.9537 1.09999 12
      vertex -15.9537 1.09999 0
    endloop
  endfacet
  facet normal 0.707108 -0.707106 -4.43978e-17
    outer loop
      vertex 2.65562 1.09999 12
      vertex 12.0588 10.5032 0
      vertex 12.0588 10.5032 12
    endloop
  endfacet
  facet normal 0.707108 -0.707106 -4.43978e-17
    outer loop
      vertex 12.0588 10.5032 0
      vertex 2.65562 1.09999 12
      vertex 2.65562 1.09999 0
    endloop
  endfacet
  facet normal -0.923881 -0.38268 -4.6604e-18
    outer loop
      vertex 15.9537 1.09999 0
      vertex 12.0588 10.5032 12
      vertex 12.0588 10.5032 0
    endloop
  endfacet
  facet normal -0.923881 -0.38268 -4.6604e-18
    outer loop
      vertex 12.0588 10.5032 12
      vertex 15.9537 1.09999 0
      vertex 15.9537 1.09999 12
    endloop
  endfacet
  facet normal 0 1 -0
    outer loop
      vertex 15.9537 1.09999 0
      vertex 2.65562 1.09999 12
      vertex 15.9537 1.09999 12
    endloop
  endfacet
  facet normal 0 1 0
    outer loop
      vertex 2.65562 1.09999 12
      vertex 15.9537 1.09999 0
      vertex 2.65562 1.09999 0
    endloop
  endfacet
  facet normal 0.707107 0.707107 -2.05657e-17
    outer loop
      vertex 27.6151 -26.0595 12
      vertex 21.8319 -20.2763 0
      vertex 21.8319 -20.2763 12
    endloop
  endfacet
  facet normal 0.707107 0.707107 -2.05657e-17
    outer loop
      vertex 21.8319 -20.2763 0
      vertex 27.6151 -26.0595 12
      vertex 27.6151 -26.0595 0
    endloop
  endfacet
  facet normal 0.923879 -0.382684 4.95637e-17
    outer loop
      vertex 21.8319 -20.2763 12
      vertex 29.775 -1.09999 0
      vertex 29.775 -1.09999 12
    endloop
  endfacet
  facet normal 0.923879 -0.382684 4.95637e-17
    outer loop
      vertex 29.775 -1.09999 0
      vertex 21.8319 -20.2763 12
      vertex 21.8319 -20.2763 0
    endloop
  endfacet
  facet normal 0 -1 0
    outer loop
      vertex 29.775 -1.09999 0
      vertex 37.9537 -1.09999 12
      vertex 29.775 -1.09999 12
    endloop
  endfacet
  facet normal 0 -1 -0
    outer loop
      vertex 37.9537 -1.09999 12
      vertex 29.775 -1.09999 0
      vertex 37.9537 -1.09999 0
    endloop
  endfacet
  facet normal -0.923879 0.382685 -2.13496e-18
    outer loop
      vertex 33.5954 -11.6218 0
      vertex 37.9537 -1.09999 12
      vertex 37.9537 -1.09999 0
    endloop
  endfacet
  facet normal -0.923879 0.382685 -2.13496e-18
    outer loop
      vertex 37.9537 -1.09999 12
      vertex 33.5954 -11.6218 0
      vertex 33.5954 -11.6218 12
    endloop
  endfacet
  facet normal -0.92388 0.382682 -2.05186e-18
    outer loop
      vertex 27.6151 -26.0595 0
      vertex 31.9734 -15.5376 12
      vertex 31.9734 -15.5376 0
    endloop
  endfacet
  facet normal -0.92388 0.382682 -2.05186e-18
    outer loop
      vertex 31.9734 -15.5376 12
      vertex 27.6151 -26.0595 0
      vertex 27.6151 -26.0595 12
    endloop
  endfacet
  facet normal 0.707107 0.707107 -1.76486e-17
    outer loop
      vertex 20.1481 -18.5925 12
      vertex 13.7426 -12.187 0
      vertex 13.7426 -12.187 12
    endloop
  endfacet
  facet normal 0.707107 0.707107 -1.76486e-17
    outer loop
      vertex 13.7426 -12.187 0
      vertex 20.1481 -18.5925 12
      vertex 20.1481 -18.5925 0
    endloop
  endfacet
  facet normal 0.923879 -0.382684 2.93953e-18
    outer loop
      vertex 13.7426 -12.187 12
      vertex 18.335 -1.09999 0
      vertex 18.335 -1.09999 12
    endloop
  endfacet
  facet normal 0.923879 -0.382684 2.93953e-18
    outer loop
      vertex 18.335 -1.09999 0
      vertex 13.7426 -12.187 12
      vertex 13.7426 -12.187 0
    endloop
  endfacet
  facet normal 0 -1 0
    outer loop
      vertex 18.335 -1.09999 0
      vertex 27.3937 -1.09999 12
      vertex 18.335 -1.09999 12
    endloop
  endfacet
  facet normal 0 -1 -0
    outer loop
      vertex 27.3937 -1.09999 12
      vertex 18.335 -1.09999 0
      vertex 27.3937 -1.09999 0
    endloop
  endfacet
  facet normal -0.92388 0.382682 2.30429e-17
    outer loop
      vertex 20.1481 -18.5925 0
      vertex 27.3937 -1.09999 12
      vertex 27.3937 -1.09999 0
    endloop
  endfacet
  facet normal -0.92388 0.382682 2.30429e-17
    outer loop
      vertex 27.3937 -1.09999 12
      vertex 20.1481 -18.5925 0
      vertex 20.1481 -18.5925 12
    endloop
  endfacet
  facet normal 0.707108 0.707106 4.43978e-17
    outer loop
      vertex 12.0588 -10.5032 12
      vertex 2.65562 -1.09999 0
      vertex 2.65562 -1.09999 12
    endloop
  endfacet
  facet normal 0.707108 0.707106 4.43978e-17
    outer loop
      vertex 2.65562 -1.09999 0
      vertex 12.0588 -10.5032 12
      vertex 12.0588 -10.5032 0
    endloop
  endfacet
  facet normal 0 -1 0
    outer loop
      vertex 2.65562 -1.09999 0
      vertex 15.9537 -1.09999 12
      vertex 2.65562 -1.09999 12
    endloop
  endfacet
  facet normal 0 -1 -0
    outer loop
      vertex 15.9537 -1.09999 12
      vertex 2.65562 -1.09999 0
      vertex 15.9537 -1.09999 0
    endloop
  endfacet
  facet normal -0.923881 0.38268 4.6604e-18
    outer loop
      vertex 12.0588 -10.5032 0
      vertex 15.9537 -1.09999 12
      vertex 15.9537 -1.09999 0
    endloop
  endfacet
  facet normal -0.923881 0.38268 4.6604e-18
    outer loop
      vertex 15.9537 -1.09999 12
      vertex 12.0588 -10.5032 0
      vertex 12.0588 -10.5032 12
    endloop
  endfacet
  facet normal 0 -1 0
    outer loop
      vertex -37.9537 -1.09999 0
      vertex -29.775 -1.09999 12
      vertex -37.9537 -1.09999 12
    endloop
  endfacet
  facet normal 0 -1 -0
    outer loop
      vertex -29.775 -1.09999 12
      vertex -37.9537 -1.09999 0
      vertex -29.775 -1.09999 0
    endloop
  endfacet
  facet normal -0.923879 -0.382684 -4.95637e-17
    outer loop
      vertex -21.8319 -20.2763 0
      vertex -29.775 -1.09999 12
      vertex -29.775 -1.09999 0
    endloop
  endfacet
  facet normal -0.923879 -0.382684 -4.95637e-17
    outer loop
      vertex -29.775 -1.09999 12
      vertex -21.8319 -20.2763 0
      vertex -21.8319 -20.2763 12
    endloop
  endfacet
  facet normal -0.707107 0.707107 2.05657e-17
    outer loop
      vertex -27.6151 -26.0595 0
      vertex -21.8319 -20.2763 12
      vertex -21.8319 -20.2763 0
    endloop
  endfacet
  facet normal -0.707107 0.707107 2.05657e-17
    outer loop
      vertex -21.8319 -20.2763 12
      vertex -27.6151 -26.0595 0
      vertex -27.6151 -26.0595 12
    endloop
  endfacet
  facet normal 0.92388 0.382682 2.05186e-18
    outer loop
      vertex -27.6151 -26.0595 12
      vertex -31.9734 -15.5376 0
      vertex -31.9734 -15.5376 12
    endloop
  endfacet
  facet normal 0.92388 0.382682 2.05186e-18
    outer loop
      vertex -31.9734 -15.5376 0
      vertex -27.6151 -26.0595 12
      vertex -27.6151 -26.0595 0
    endloop
  endfacet
  facet normal 0.923879 0.382685 2.13496e-18
    outer loop
      vertex -33.5954 -11.6218 12
      vertex -37.9537 -1.09999 0
      vertex -37.9537 -1.09999 12
    endloop
  endfacet
  facet normal 0.923879 0.382685 2.13496e-18
    outer loop
      vertex -37.9537 -1.09999 0
      vertex -33.5954 -11.6218 12
      vertex -33.5954 -11.6218 0
    endloop
  endfacet
  facet normal 0 -1 0
    outer loop
      vertex -27.3937 -1.09999 0
      vertex -18.335 -1.09999 12
      vertex -27.3937 -1.09999 12
    endloop
  endfacet
  facet normal 0 -1 -0
    outer loop
      vertex -18.335 -1.09999 12
      vertex -27.3937 -1.09999 0
      vertex -18.335 -1.09999 0
    endloop
  endfacet
  facet normal -0.923879 -0.382684 -2.93953e-18
    outer loop
      vertex -13.7426 -12.187 0
      vertex -18.335 -1.09999 12
      vertex -18.335 -1.09999 0
    endloop
  endfacet
  facet normal -0.923879 -0.382684 -2.93953e-18
    outer loop
      vertex -18.335 -1.09999 12
      vertex -13.7426 -12.187 0
      vertex -13.7426 -12.187 12
    endloop
  endfacet
  facet normal -0.707107 0.707107 1.76486e-17
    outer loop
      vertex -20.1481 -18.5925 0
      vertex -13.7426 -12.187 12
      vertex -13.7426 -12.187 0
    endloop
  endfacet
  facet normal -0.707107 0.707107 1.76486e-17
    outer loop
      vertex -13.7426 -12.187 12
      vertex -20.1481 -18.5925 0
      vertex -20.1481 -18.5925 12
    endloop
  endfacet
  facet normal 0.92388 0.382682 -2.30429e-17
    outer loop
      vertex -20.1481 -18.5925 12
      vertex -27.3937 -1.09999 0
      vertex -27.3937 -1.09999 12
    endloop
  endfacet
  facet normal 0.92388 0.382682 -2.30429e-17
    outer loop
      vertex -27.3937 -1.09999 0
      vertex -20.1481 -18.5925 12
      vertex -20.1481 -18.5925 0
    endloop
  endfacet
  facet normal 0 -1 0
    outer loop
      vertex -15.9537 -1.09999 0
      vertex -2.65562 -1.09999 12
      vertex -15.9537 -1.09999 12
    endloop
  endfacet
  facet normal 0 -1 -0
    outer loop
      vertex -2.65562 -1.09999 12
      vertex -15.9537 -1.09999 0
      vertex -2.65562 -1.09999 0
    endloop
  endfacet
  facet normal -0.707108 0.707106 -4.43978e-17
    outer loop
      vertex -12.0588 -10.5032 0
      vertex -2.65562 -1.09999 12
      vertex -2.65562 -1.09999 0
    endloop
  endfacet
  facet normal -0.707108 0.707106 -4.43978e-17
    outer loop
      vertex -2.65562 -1.09999 12
      vertex -12.0588 -10.5032 0
      vertex -12.0588 -10.5032 12
    endloop
  endfacet
  facet normal 0.923881 0.38268 -4.6604e-18
    outer loop
      vertex -12.0588 -10.5032 12
      vertex -15.9537 -1.09999 0
      vertex -15.9537 -1.09999 12
    endloop
  endfacet
  facet normal 0.923881 0.38268 -4.6604e-18
    outer loop
      vertex -15.9537 -1.09999 0
      vertex -12.0588 -10.5032 12
      vertex -12.0588 -10.5032 0
    endloop
  endfacet
  facet normal -0.707106 -0.707108 4.43978e-17
    outer loop
      vertex 10.5032 -12.0588 0
      vertex 1.09999 -2.65562 12
      vertex 1.09999 -2.65562 0
    endloop
  endfacet
  facet normal -0.707106 -0.707108 4.43978e-17
    outer loop
      vertex 1.09999 -2.65562 12
      vertex 10.5032 -12.0588 0
      vertex 10.5032 -12.0588 12
    endloop
  endfacet
  facet normal -0.38268 0.923881 0
    outer loop
      vertex 10.5032 -12.0588 0
      vertex 1.09999 -15.9537 12
      vertex 10.5032 -12.0588 12
    endloop
  endfacet
  facet normal -0.38268 0.923881 0
    outer loop
      vertex 1.09999 -15.9537 12
      vertex 10.5032 -12.0588 0
      vertex 1.09999 -15.9537 0
    endloop
  endfacet
  facet normal 1 -0 0
    outer loop
      vertex 1.09999 -15.9537 12
      vertex 1.09999 -2.65562 0
      vertex 1.09999 -2.65562 12
    endloop
  endfacet
  facet normal 1 0 0
    outer loop
      vertex 1.09999 -2.65562 0
      vertex 1.09999 -15.9537 12
      vertex 1.09999 -15.9537 0
    endloop
  endfacet
  facet normal 0.707106 -0.707108 -4.43978e-17
    outer loop
      vertex -10.5032 -12.0588 12
      vertex -1.09999 -2.65562 0
      vertex -1.09999 -2.65562 12
    endloop
  endfacet
  facet normal 0.707106 -0.707108 -4.43978e-17
    outer loop
      vertex -1.09999 -2.65562 0
      vertex -10.5032 -12.0588 12
      vertex -10.5032 -12.0588 0
    endloop
  endfacet
  facet normal -1 0 0
    outer loop
      vertex -1.09999 -15.9537 0
      vertex -1.09999 -2.65562 12
      vertex -1.09999 -2.65562 0
    endloop
  endfacet
  facet normal -1 -0 0
    outer loop
      vertex -1.09999 -2.65562 12
      vertex -1.09999 -15.9537 0
      vertex -1.09999 -15.9537 12
    endloop
  endfacet
  facet normal 0.38268 0.923881 -0
    outer loop
      vertex -1.09999 -15.9537 0
      vertex -10.5032 -12.0588 12
      vertex -1.09999 -15.9537 12
    endloop
  endfacet
  facet normal 0.38268 0.923881 0
    outer loop
      vertex -10.5032 -12.0588 12
      vertex -1.09999 -15.9537 0
      vertex -10.5032 -12.0588 0
    endloop
  endfacet
  facet normal 0.707107 -0.707107 1.76486e-17
    outer loop
      vertex -18.5925 -20.1481 12
      vertex -12.187 -13.7426 0
      vertex -12.187 -13.7426 12
    endloop
  endfacet
  facet normal 0.707107 -0.707107 1.76486e-17
    outer loop
      vertex -12.187 -13.7426 0
      vertex -18.5925 -20.1481 12
      vertex -18.5925 -20.1481 0
    endloop
  endfacet
  facet normal -0.382684 -0.923879 0
    outer loop
      vertex -12.187 -13.7426 0
      vertex -1.09999 -18.335 12
      vertex -12.187 -13.7426 12
    endloop
  endfacet
  facet normal -0.382684 -0.923879 -0
    outer loop
      vertex -1.09999 -18.335 12
      vertex -12.187 -13.7426 0
      vertex -1.09999 -18.335 0
    endloop
  endfacet
  facet normal -1 0 0
    outer loop
      vertex -1.09999 -27.3937 0
      vertex -1.09999 -18.335 12
      vertex -1.09999 -18.335 0
    endloop
  endfacet
  facet normal -1 -0 0
    outer loop
      vertex -1.09999 -18.335 12
      vertex -1.09999 -27.3937 0
      vertex -1.09999 -27.3937 12
    endloop
  endfacet
  facet normal 0.382682 0.92388 -0
    outer loop
      vertex -1.09999 -27.3937 0
      vertex -18.5925 -20.1481 12
      vertex -1.09999 -27.3937 12
    endloop
  endfacet
  facet normal 0.382682 0.92388 0
    outer loop
      vertex -18.5925 -20.1481 12
      vertex -1.09999 -27.3937 0
      vertex -18.5925 -20.1481 0
    endloop
  endfacet
  facet normal 0.382684 -0.923879 0
    outer loop
      vertex 1.09999 -18.335 0
      vertex 12.187 -13.7426 12
      vertex 1.09999 -18.335 12
    endloop
  endfacet
  facet normal 0.382684 -0.923879 0
    outer loop
      vertex 12.187 -13.7426 12
      vertex 1.09999 -18.335 0
      vertex 12.187 -13.7426 0
    endloop
  endfacet
  facet normal -0.707107 -0.707107 -1.76486e-17
    outer loop
      vertex 18.5925 -20.1481 0
      vertex 12.187 -13.7426 12
      vertex 12.187 -13.7426 0
    endloop
  endfacet
  facet normal -0.707107 -0.707107 -1.76486e-17
    outer loop
      vertex 12.187 -13.7426 12
      vertex 18.5925 -20.1481 0
      vertex 18.5925 -20.1481 12
    endloop
  endfacet
  facet normal -0.382682 0.92388 0
    outer loop
      vertex 18.5925 -20.1481 0
      vertex 1.09999 -27.3937 12
      vertex 18.5925 -20.1481 12
    endloop
  endfacet
  facet normal -0.382682 0.92388 0
    outer loop
      vertex 1.09999 -27.3937 12
      vertex 18.5925 -20.1481 0
      vertex 1.09999 -27.3937 0
    endloop
  endfacet
  facet normal 1 -0 0
    outer loop
      vertex 1.09999 -27.3937 12
      vertex 1.09999 -18.335 0
      vertex 1.09999 -18.335 12
    endloop
  endfacet
  facet normal 1 0 0
    outer loop
      vertex 1.09999 -18.335 0
      vertex 1.09999 -27.3937 12
      vertex 1.09999 -27.3937 0
    endloop
  endfacet
  facet normal 0.707107 -0.707107 2.05657e-17
    outer loop
      vertex -26.0595 -27.6151 12
      vertex -20.2763 -21.8319 0
      vertex -20.2763 -21.8319 12
    endloop
  endfacet
  facet normal 0.707107 -0.707107 2.05657e-17
    outer loop
      vertex -20.2763 -21.8319 0
      vertex -26.0595 -27.6151 12
      vertex -26.0595 -27.6151 0
    endloop
  endfacet
  facet normal -0.382684 -0.923879 0
    outer loop
      vertex -20.2763 -21.8319 0
      vertex -1.09999 -29.775 12
      vertex -20.2763 -21.8319 12
    endloop
  endfacet
  facet normal -0.382684 -0.923879 -0
    outer loop
      vertex -1.09999 -29.775 12
      vertex -20.2763 -21.8319 0
      vertex -1.09999 -29.775 0
    endloop
  endfacet
  facet normal -1 0 0
    outer loop
      vertex -1.09999 -37.9537 0
      vertex -1.09999 -29.775 12
      vertex -1.09999 -29.775 0
    endloop
  endfacet
  facet normal -1 -0 0
    outer loop
      vertex -1.09999 -29.775 12
      vertex -1.09999 -37.9537 0
      vertex -1.09999 -37.9537 12
    endloop
  endfacet
  facet normal 0.382685 0.923879 -0
    outer loop
      vertex -1.09999 -37.9537 0
      vertex -11.6218 -33.5954 12
      vertex -1.09999 -37.9537 12
    endloop
  endfacet
  facet normal 0.382685 0.923879 0
    outer loop
      vertex -11.6218 -33.5954 12
      vertex -1.09999 -37.9537 0
      vertex -11.6218 -33.5954 0
    endloop
  endfacet
  facet normal 0.382682 0.92388 -0
    outer loop
      vertex -15.5376 -31.9734 0
      vertex -26.0595 -27.6151 12
      vertex -15.5376 -31.9734 12
    endloop
  endfacet
  facet normal 0.382682 0.92388 0
    outer loop
      vertex -26.0595 -27.6151 12
      vertex -15.5376 -31.9734 0
      vertex -26.0595 -27.6151 0
    endloop
  endfacet
  facet normal 0.382684 -0.923879 0
    outer loop
      vertex 1.09999 -29.775 0
      vertex 20.2763 -21.8319 12
      vertex 1.09999 -29.775 12
    endloop
  endfacet
  facet normal 0.382684 -0.923879 0
    outer loop
      vertex 20.2763 -21.8319 12
      vertex 1.09999 -29.775 0
      vertex 20.2763 -21.8319 0
    endloop
  endfacet
  facet normal -0.707107 -0.707107 -2.05657e-17
    outer loop
      vertex 26.0595 -27.6151 0
      vertex 20.2763 -21.8319 12
      vertex 20.2763 -21.8319 0
    endloop
  endfacet
  facet normal -0.707107 -0.707107 -2.05657e-17
    outer loop
      vertex 20.2763 -21.8319 12
      vertex 26.0595 -27.6151 0
      vertex 26.0595 -27.6151 12
    endloop
  endfacet
  facet normal -0.382682 0.92388 0
    outer loop
      vertex 26.0595 -27.6151 0
      vertex 15.5376 -31.9734 12
      vertex 26.0595 -27.6151 12
    endloop
  endfacet
  facet normal -0.382682 0.92388 0
    outer loop
      vertex 15.5376 -31.9734 12
      vertex 26.0595 -27.6151 0
      vertex 15.5376 -31.9734 0
    endloop
  endfacet
  facet normal -0.382685 0.923879 0
    outer loop
      vertex 11.6218 -33.5954 0
      vertex 1.09999 -37.9537 12
      vertex 11.6218 -33.5954 12
    endloop
  endfacet
  facet normal -0.382685 0.923879 0
    outer loop
      vertex 1.09999 -37.9537 12
      vertex 11.6218 -33.5954 0
      vertex 1.09999 -37.9537 0
    endloop
  endfacet
  facet normal 1 -0 0
    outer loop
      vertex 1.09999 -37.9537 12
      vertex 1.09999 -29.775 0
      vertex 1.09999 -29.775 12
    endloop
  endfacet
  facet normal 1 0 0
    outer loop
      vertex 1.09999 -29.775 0
      vertex 1.09999 -37.9537 12
      vertex 1.09999 -37.9537 0
    endloop
  endfacet
endsolid OpenSCAD_Model
