solid OpenSCAD_Model
  facet normal 0 0 -1
    outer loop
      vertex 43.837 -51.3626 0
      vertex 41.4717 -50.8921 0
      vertex 41.4984 -50.6213 0
    endloop
  endfacet
  facet normal 0 0 -1
    outer loop
      vertex 42.2212 -53.7809 0
      vertex 41.3927 -51.1526 0
      vertex 41.4717 -50.8921 0
    endloop
  endfacet
  facet normal 0 0 -1
    outer loop
      vertex 42.2212 -53.7809 0
      vertex 41.2644 -51.3926 0
      vertex 41.3927 -51.1526 0
    endloop
  endfacet
  facet normal 0 0 -1
    outer loop
      vertex 42.2212 -53.7809 0
      vertex 41.0917 -51.603 0
      vertex 41.2644 -51.3926 0
    endloop
  endfacet
  facet normal 0 0 -1
    outer loop
      vertex 42.2212 -53.7809 0
      vertex 40.8813 -51.7757 0
      vertex 41.0917 -51.603 0
    endloop
  endfacet
  facet normal 0 0 -1
    outer loop
      vertex 40.6413 -51.904 0
      vertex 41.5642 -54.132 0
      vertex 40.8513 -54.3483 0
    endloop
  endfacet
  facet normal 0 0 -1
    outer loop
      vertex 41.5642 -54.132 0
      vertex 40.6413 -51.904 0
      vertex 40.8813 -51.7757 0
    endloop
  endfacet
  facet normal 0 0 -1
    outer loop
      vertex 40.8513 -54.3483 0
      vertex 40.3809 -51.983 0
      vertex 40.6413 -51.904 0
    endloop
  endfacet
  facet normal 0 0 -1
    outer loop
      vertex 40.11 -54.4213 0
      vertex 40.3809 -51.983 0
      vertex 40.8513 -54.3483 0
    endloop
  endfacet
  facet normal 0 0 -1
    outer loop
      vertex 40.11 -54.4213 0
      vertex 40.11 -52.0097 0
      vertex 40.3809 -51.983 0
    endloop
  endfacet
  facet normal 0 0 -1
    outer loop
      vertex 40.11 -54.4213 0
      vertex 39.8391 -51.983 0
      vertex 40.11 -52.0097 0
    endloop
  endfacet
  facet normal 0 0 -1
    outer loop
      vertex 39.3687 -54.3483 0
      vertex 39.8391 -51.983 0
      vertex 40.11 -54.4213 0
    endloop
  endfacet
  facet normal -0 0 -1
    outer loop
      vertex 39.8391 -51.983 0
      vertex 39.3687 -54.3483 0
      vertex 39.5787 -51.904 0
    endloop
  endfacet
  facet normal 0 0 -1
    outer loop
      vertex 38.6558 -54.132 0
      vertex 39.5787 -51.904 0
      vertex 39.3687 -54.3483 0
    endloop
  endfacet
  facet normal -0 0 -1
    outer loop
      vertex 39.5787 -51.904 0
      vertex 38.6558 -54.132 0
      vertex 39.3387 -51.7757 0
    endloop
  endfacet
  facet normal 0 0 -1
    outer loop
      vertex 37.9988 -53.7809 0
      vertex 39.3387 -51.7757 0
      vertex 38.6558 -54.132 0
    endloop
  endfacet
  facet normal -0 0 -1
    outer loop
      vertex 39.3387 -51.7757 0
      vertex 37.9988 -53.7809 0
      vertex 39.1283 -51.603 0
    endloop
  endfacet
  facet normal 0 0 -1
    outer loop
      vertex 37.423 -53.3083 0
      vertex 39.1283 -51.603 0
      vertex 37.9988 -53.7809 0
    endloop
  endfacet
  facet normal -0 0 -1
    outer loop
      vertex 39.1283 -51.603 0
      vertex 37.423 -53.3083 0
      vertex 38.9556 -51.3926 0
    endloop
  endfacet
  facet normal 0 0 -1
    outer loop
      vertex 36.9504 -52.7324 0
      vertex 38.9556 -51.3926 0
      vertex 37.423 -53.3083 0
    endloop
  endfacet
  facet normal -0 0 -1
    outer loop
      vertex 38.9556 -51.3926 0
      vertex 36.9504 -52.7324 0
      vertex 38.8273 -51.1526 0
    endloop
  endfacet
  facet normal 0 0 -1
    outer loop
      vertex 36.5993 -52.0755 0
      vertex 38.8273 -51.1526 0
      vertex 36.9504 -52.7324 0
    endloop
  endfacet
  facet normal 0 0 -1
    outer loop
      vertex 36.383 -51.3626 0
      vertex 38.8273 -51.1526 0
      vertex 36.5993 -52.0755 0
    endloop
  endfacet
  facet normal -0 0 -1
    outer loop
      vertex 38.8273 -51.1526 0
      vertex 36.383 -51.3626 0
      vertex 38.6862 -50.6873 0
    endloop
  endfacet
  facet normal 0 0 -1
    outer loop
      vertex 30.9165 -32.067 0
      vertex 38.6862 -50.6873 0
      vertex 36.383 -51.3626 0
    endloop
  endfacet
  facet normal 0 0 -1
    outer loop
      vertex 38.6862 -50.6873 0
      vertex 30.9165 -32.067 0
      vertex 32.9909 -30.5841 0
    endloop
  endfacet
  facet normal 0 0 -1
    outer loop
      vertex 15.2456 -21.2168 0
      vertex 32.9909 -30.5841 0
      vertex 30.9165 -32.067 0
    endloop
  endfacet
  facet normal 0 0 -1
    outer loop
      vertex 15.2456 -21.2168 0
      vertex 15.019 -18.1408 0
      vertex 32.9909 -30.5841 0
    endloop
  endfacet
  facet normal 0 0 -1
    outer loop
      vertex 13.5816 -19.487 0
      vertex 15.2456 -21.2168 0
      vertex 15.1649 -21.2923 0
    endloop
  endfacet
  facet normal 0 0 -1
    outer loop
      vertex 13.5816 -19.487 0
      vertex 15.1649 -21.2923 0
      vertex 14.0015 -22.2471 0
    endloop
  endfacet
  facet normal 0 0 -1
    outer loop
      vertex 15.2456 -21.2168 0
      vertex 13.5816 -19.487 0
      vertex 15.019 -18.1408 0
    endloop
  endfacet
  facet normal 0 0 -1
    outer loop
      vertex 12.5398 -20.342 0
      vertex 14.0015 -22.2471 0
      vertex 12.7781 -23.1238 0
    endloop
  endfacet
  facet normal 0 0 -1
    outer loop
      vertex 14.0015 -22.2471 0
      vertex 12.5398 -20.342 0
      vertex 13.5816 -19.487 0
    endloop
  endfacet
  facet normal 0 0 -1
    outer loop
      vertex 11.444 -21.1272 0
      vertex 12.7781 -23.1238 0
      vertex 11.5 -23.9186 0
    endloop
  endfacet
  facet normal 0 0 -1
    outer loop
      vertex 12.7781 -23.1238 0
      vertex 11.444 -21.1272 0
      vertex 12.5398 -20.342 0
    endloop
  endfacet
  facet normal 0 0 -1
    outer loop
      vertex 11.5 -23.9186 0
      vertex 10.2993 -21.8391 0
      vertex 11.444 -21.1272 0
    endloop
  endfacet
  facet normal 0 0 -1
    outer loop
      vertex 10.1726 -24.6281 0
      vertex 10.2993 -21.8391 0
      vertex 11.5 -23.9186 0
    endloop
  endfacet
  facet normal 0 0 -1
    outer loop
      vertex 10.1726 -24.6281 0
      vertex 9.11073 -22.4743 0
      vertex 10.2993 -21.8391 0
    endloop
  endfacet
  facet normal 0 0 -1
    outer loop
      vertex 8.80171 -25.2492 0
      vertex 9.11073 -22.4743 0
      vertex 10.1726 -24.6281 0
    endloop
  endfacet
  facet normal 0 0 -1
    outer loop
      vertex 8.80171 -25.2492 0
      vertex 7.88263 -23.0308 0
      vertex 9.11073 -22.4743 0
    endloop
  endfacet
  facet normal 0 0 -1
    outer loop
      vertex 7.3931 -25.7794 0
      vertex 7.88263 -23.0308 0
      vertex 8.80171 -25.2492 0
    endloop
  endfacet
  facet normal 0 0 -1
    outer loop
      vertex 7.3931 -25.7794 0
      vertex 6.62137 -23.5055 0
      vertex 7.88263 -23.0308 0
    endloop
  endfacet
  facet normal 0 0 -1
    outer loop
      vertex 5.95284 -26.2163 0
      vertex 6.62137 -23.5055 0
      vertex 7.3931 -25.7794 0
    endloop
  endfacet
  facet normal 0 0 -1
    outer loop
      vertex 5.95284 -26.2163 0
      vertex 5.33134 -23.8968 0
      vertex 6.62137 -23.5055 0
    endloop
  endfacet
  facet normal 0 0 -1
    outer loop
      vertex 4.48708 -26.5581 0
      vertex 5.33134 -23.8968 0
      vertex 5.95284 -26.2163 0
    endloop
  endfacet
  facet normal 0 0 -1
    outer loop
      vertex 4.48708 -26.5581 0
      vertex 4.01857 -24.2029 0
      vertex 5.33134 -23.8968 0
    endloop
  endfacet
  facet normal 0 0 -1
    outer loop
      vertex 3.00209 -26.8032 0
      vertex 4.01857 -24.2029 0
      vertex 4.48708 -26.5581 0
    endloop
  endfacet
  facet normal 0 0 -1
    outer loop
      vertex 3.00209 -26.8032 0
      vertex 2.68861 -24.4225 0
      vertex 4.01857 -24.2029 0
    endloop
  endfacet
  facet normal 0 0 -1
    outer loop
      vertex 1.50426 -26.9507 0
      vertex 2.68861 -24.4225 0
      vertex 3.00209 -26.8032 0
    endloop
  endfacet
  facet normal 0 0 -1
    outer loop
      vertex 1.50426 -26.9507 0
      vertex 1.34715 -24.5546 0
      vertex 2.68861 -24.4225 0
    endloop
  endfacet
  facet normal 0 0 -1
    outer loop
      vertex 0 -27 0
      vertex 1.34715 -24.5546 0
      vertex 1.50426 -26.9507 0
    endloop
  endfacet
  facet normal 0 0 -1
    outer loop
      vertex 0 -27 0
      vertex 0 -24.5987 0
      vertex 1.34715 -24.5546 0
    endloop
  endfacet
  facet normal 0 0 -1
    outer loop
      vertex 0 -27 0
      vertex -1.34715 -24.5546 0
      vertex 0 -24.5987 0
    endloop
  endfacet
  facet normal 0 0 -1
    outer loop
      vertex -1.50426 -26.9507 0
      vertex -1.34715 -24.5546 0
      vertex 0 -27 0
    endloop
  endfacet
  facet normal 0 0 -1
    outer loop
      vertex -1.50426 -26.9507 0
      vertex -2.68861 -24.4225 0
      vertex -1.34715 -24.5546 0
    endloop
  endfacet
  facet normal 0 0 -1
    outer loop
      vertex -3.00209 -26.8032 0
      vertex -2.68861 -24.4225 0
      vertex -1.50426 -26.9507 0
    endloop
  endfacet
  facet normal 0 0 -1
    outer loop
      vertex -3.00209 -26.8032 0
      vertex -4.01857 -24.2029 0
      vertex -2.68861 -24.4225 0
    endloop
  endfacet
  facet normal 0 0 -1
    outer loop
      vertex -4.48708 -26.5581 0
      vertex -4.01857 -24.2029 0
      vertex -3.00209 -26.8032 0
    endloop
  endfacet
  facet normal 0 0 -1
    outer loop
      vertex -4.48708 -26.5581 0
      vertex -5.33134 -23.8968 0
      vertex -4.01857 -24.2029 0
    endloop
  endfacet
  facet normal 0 0 -1
    outer loop
      vertex -5.95284 -26.2163 0
      vertex -5.33134 -23.8968 0
      vertex -4.48708 -26.5581 0
    endloop
  endfacet
  facet normal 0 0 -1
    outer loop
      vertex -5.95284 -26.2163 0
      vertex -6.62137 -23.5055 0
      vertex -5.33134 -23.8968 0
    endloop
  endfacet
  facet normal 0 0 -1
    outer loop
      vertex -7.3931 -25.7794 0
      vertex -6.62137 -23.5055 0
      vertex -5.95284 -26.2163 0
    endloop
  endfacet
  facet normal 0 0 -1
    outer loop
      vertex -7.3931 -25.7794 0
      vertex -7.88263 -23.0308 0
      vertex -6.62137 -23.5055 0
    endloop
  endfacet
  facet normal 0 0 -1
    outer loop
      vertex -8.80171 -25.2492 0
      vertex -7.88263 -23.0308 0
      vertex -7.3931 -25.7794 0
    endloop
  endfacet
  facet normal 0 0 -1
    outer loop
      vertex -8.80171 -25.2492 0
      vertex -9.11073 -22.4743 0
      vertex -7.88263 -23.0308 0
    endloop
  endfacet
  facet normal 0 0 -1
    outer loop
      vertex -10.1726 -24.6281 0
      vertex -9.11073 -22.4743 0
      vertex -8.80171 -25.2492 0
    endloop
  endfacet
  facet normal 0 0 -1
    outer loop
      vertex -10.1726 -24.6281 0
      vertex -10.2993 -21.8391 0
      vertex -9.11073 -22.4743 0
    endloop
  endfacet
  facet normal 0 0 -1
    outer loop
      vertex -11.5 -23.9186 0
      vertex -10.2993 -21.8391 0
      vertex -10.1726 -24.6281 0
    endloop
  endfacet
  facet normal -0 0 -1
    outer loop
      vertex -10.2993 -21.8391 0
      vertex -11.5 -23.9186 0
      vertex -11.444 -21.1272 0
    endloop
  endfacet
  facet normal 0 0 -1
    outer loop
      vertex -12.7781 -23.1238 0
      vertex -11.444 -21.1272 0
      vertex -11.5 -23.9186 0
    endloop
  endfacet
  facet normal -0 0 -1
    outer loop
      vertex -11.444 -21.1272 0
      vertex -12.7781 -23.1238 0
      vertex -12.5398 -20.342 0
    endloop
  endfacet
  facet normal 0 0 -1
    outer loop
      vertex -14.0015 -22.2471 0
      vertex -12.5398 -20.342 0
      vertex -12.7781 -23.1238 0
    endloop
  endfacet
  facet normal -0 0 -1
    outer loop
      vertex -12.5398 -20.342 0
      vertex -14.0015 -22.2471 0
      vertex -13.5816 -19.487 0
    endloop
  endfacet
  facet normal 0 0 -1
    outer loop
      vertex -15.1649 -21.2923 0
      vertex -13.5816 -19.487 0
      vertex -14.0015 -22.2471 0
    endloop
  endfacet
  facet normal 0 0 -1
    outer loop
      vertex -15.2456 -21.2168 0
      vertex -13.5816 -19.487 0
      vertex -15.1649 -21.2923 0
    endloop
  endfacet
  facet normal -0 0 -1
    outer loop
      vertex -13.5816 -19.487 0
      vertex -15.2456 -21.2168 0
      vertex -15.019 -18.1408 0
    endloop
  endfacet
  facet normal 0 0 -1
    outer loop
      vertex -32.9909 -30.5841 0
      vertex -15.2456 -21.2168 0
      vertex -30.9165 -32.067 0
    endloop
  endfacet
  facet normal -0 0 -1
    outer loop
      vertex -15.2456 -21.2168 0
      vertex -32.9909 -30.5841 0
      vertex -15.019 -18.1408 0
    endloop
  endfacet
  facet normal 0 0 -1
    outer loop
      vertex -38.6862 -50.6873 0
      vertex -30.9165 -32.067 0
      vertex -36.383 -51.3626 0
    endloop
  endfacet
  facet normal 0 0 -1
    outer loop
      vertex -38.8273 -51.1526 0
      vertex -36.383 -51.3626 0
      vertex -36.5993 -52.0755 0
    endloop
  endfacet
  facet normal 0 0 -1
    outer loop
      vertex -38.8273 -51.1526 0
      vertex -36.5993 -52.0755 0
      vertex -36.9504 -52.7324 0
    endloop
  endfacet
  facet normal 0 0 -1
    outer loop
      vertex -38.9556 -51.3926 0
      vertex -36.9504 -52.7324 0
      vertex -37.423 -53.3083 0
    endloop
  endfacet
  facet normal 0 0 -1
    outer loop
      vertex -39.1283 -51.603 0
      vertex -37.423 -53.3083 0
      vertex -37.9988 -53.7809 0
    endloop
  endfacet
  facet normal 0 0 -1
    outer loop
      vertex -39.3387 -51.7757 0
      vertex -37.9988 -53.7809 0
      vertex -38.6558 -54.132 0
    endloop
  endfacet
  facet normal -0 0 -1
    outer loop
      vertex -30.9165 -32.067 0
      vertex -38.6862 -50.6873 0
      vertex -32.9909 -30.5841 0
    endloop
  endfacet
  facet normal 0 0 -1
    outer loop
      vertex -36.383 -51.3626 0
      vertex -38.8273 -51.1526 0
      vertex -38.6862 -50.6873 0
    endloop
  endfacet
  facet normal 0 0 -1
    outer loop
      vertex -36.9504 -52.7324 0
      vertex -38.9556 -51.3926 0
      vertex -38.8273 -51.1526 0
    endloop
  endfacet
  facet normal 0 0 -1
    outer loop
      vertex -37.423 -53.3083 0
      vertex -39.1283 -51.603 0
      vertex -38.9556 -51.3926 0
    endloop
  endfacet
  facet normal 0 0 -1
    outer loop
      vertex -37.9988 -53.7809 0
      vertex -39.3387 -51.7757 0
      vertex -39.1283 -51.603 0
    endloop
  endfacet
  facet normal 0 0 -1
    outer loop
      vertex -39.5787 -51.904 0
      vertex -38.6558 -54.132 0
      vertex -39.3687 -54.3483 0
    endloop
  endfacet
  facet normal 0 0 -1
    outer loop
      vertex -38.6558 -54.132 0
      vertex -39.5787 -51.904 0
      vertex -39.3387 -51.7757 0
    endloop
  endfacet
  facet normal 0 0 -1
    outer loop
      vertex -39.3687 -54.3483 0
      vertex -39.8391 -51.983 0
      vertex -39.5787 -51.904 0
    endloop
  endfacet
  facet normal 0 0 -1
    outer loop
      vertex -40.11 -54.4213 0
      vertex -39.8391 -51.983 0
      vertex -39.3687 -54.3483 0
    endloop
  endfacet
  facet normal 0 0 -1
    outer loop
      vertex -40.11 -54.4213 0
      vertex -40.11 -52.0097 0
      vertex -39.8391 -51.983 0
    endloop
  endfacet
  facet normal 0 0 -1
    outer loop
      vertex -40.11 -54.4213 0
      vertex -40.3809 -51.983 0
      vertex -40.11 -52.0097 0
    endloop
  endfacet
  facet normal 0 0 -1
    outer loop
      vertex -40.8513 -54.3483 0
      vertex -40.3809 -51.983 0
      vertex -40.11 -54.4213 0
    endloop
  endfacet
  facet normal -0 0 -1
    outer loop
      vertex -40.3809 -51.983 0
      vertex -40.8513 -54.3483 0
      vertex -40.6413 -51.904 0
    endloop
  endfacet
  facet normal 0 0 -1
    outer loop
      vertex -41.5642 -54.132 0
      vertex -40.6413 -51.904 0
      vertex -40.8513 -54.3483 0
    endloop
  endfacet
  facet normal -0 0 -1
    outer loop
      vertex -40.6413 -51.904 0
      vertex -41.5642 -54.132 0
      vertex -40.8813 -51.7757 0
    endloop
  endfacet
  facet normal 0 0 -1
    outer loop
      vertex -42.2212 -53.7809 0
      vertex -40.8813 -51.7757 0
      vertex -41.5642 -54.132 0
    endloop
  endfacet
  facet normal -0 0 -1
    outer loop
      vertex -40.8813 -51.7757 0
      vertex -42.2212 -53.7809 0
      vertex -41.0917 -51.603 0
    endloop
  endfacet
  facet normal 0 0 -1
    outer loop
      vertex -42.797 -53.3083 0
      vertex -41.0917 -51.603 0
      vertex -42.2212 -53.7809 0
    endloop
  endfacet
  facet normal 0 0 -1
    outer loop
      vertex -43.2696 -52.7324 0
      vertex -41.2644 -51.3926 0
      vertex -42.797 -53.3083 0
    endloop
  endfacet
  facet normal -0 0 -1
    outer loop
      vertex -41.0917 -51.603 0
      vertex -42.797 -53.3083 0
      vertex -41.2644 -51.3926 0
    endloop
  endfacet
  facet normal 0 0 -1
    outer loop
      vertex 41.4984 -50.6213 0
      vertex 43.91 -50.6213 0
      vertex 43.837 -51.3626 0
    endloop
  endfacet
  facet normal 0 0 -1
    outer loop
      vertex 41.4717 -50.8921 0
      vertex 43.837 -51.3626 0
      vertex 43.6207 -52.0755 0
    endloop
  endfacet
  facet normal 0 0 -1
    outer loop
      vertex 41.4717 -50.8921 0
      vertex 43.6207 -52.0755 0
      vertex 43.2696 -52.7324 0
    endloop
  endfacet
  facet normal 0 0 -1
    outer loop
      vertex 41.4717 -50.8921 0
      vertex 43.2696 -52.7324 0
      vertex 42.797 -53.3083 0
    endloop
  endfacet
  facet normal 0 0 -1
    outer loop
      vertex 41.4717 -50.8921 0
      vertex 42.797 -53.3083 0
      vertex 42.2212 -53.7809 0
    endloop
  endfacet
  facet normal 0 0 -1
    outer loop
      vertex 40.8813 -51.7757 0
      vertex 42.2212 -53.7809 0
      vertex 41.5642 -54.132 0
    endloop
  endfacet
  facet normal 0 0 -1
    outer loop
      vertex 43.91 -50.6213 0
      vertex 41.4984 -50.6213 0
      vertex 43.837 -49.8799 0
    endloop
  endfacet
  facet normal 0 0 -1
    outer loop
      vertex 41.462 -50.2519 0
      vertex 43.837 -49.8799 0
      vertex 41.4984 -50.6213 0
    endloop
  endfacet
  facet normal 0 0 -1
    outer loop
      vertex 41.462 -50.2519 0
      vertex 39.2013 -28.3969 0
      vertex 43.837 -49.8799 0
    endloop
  endfacet
  facet normal 0 0 -1
    outer loop
      vertex 36.876 -28.9993 0
      vertex 39.2013 -28.3969 0
      vertex 41.462 -50.2519 0
    endloop
  endfacet
  facet normal 0 0 -1
    outer loop
      vertex 36.7171 -28.4755 0
      vertex 39.2013 -28.3969 0
      vertex 36.876 -28.9993 0
    endloop
  endfacet
  facet normal -0 0 -1
    outer loop
      vertex 39.2013 -28.3969 0
      vertex 36.7171 -28.4755 0
      vertex 38.9452 -27.5527 0
    endloop
  endfacet
  facet normal -0 0 -1
    outer loop
      vertex 38.9452 -27.5527 0
      vertex 36.7171 -28.4755 0
      vertex 38.5293 -26.7747 0
    endloop
  endfacet
  facet normal 0 0 -1
    outer loop
      vertex 36.5242 -28.1145 0
      vertex 38.5293 -26.7747 0
      vertex 36.7171 -28.4755 0
    endloop
  endfacet
  facet normal -0 0 -1
    outer loop
      vertex 38.5293 -26.7747 0
      vertex 36.5242 -28.1145 0
      vertex 37.9697 -26.0928 0
    endloop
  endfacet
  facet normal 0 0 -1
    outer loop
      vertex 36.2644 -27.798 0
      vertex 37.9697 -26.0928 0
      vertex 36.5242 -28.1145 0
    endloop
  endfacet
  facet normal -0 0 -1
    outer loop
      vertex 37.9697 -26.0928 0
      vertex 36.2644 -27.798 0
      vertex 37.2878 -25.5331 0
    endloop
  endfacet
  facet normal 0 0 -1
    outer loop
      vertex 35.7989 -27.4159 0
      vertex 37.2878 -25.5331 0
      vertex 36.2644 -27.798 0
    endloop
  endfacet
  facet normal 0 0 -1
    outer loop
      vertex 35.7989 -27.4159 0
      vertex 21.0763 -13.1834 0
      vertex 37.2878 -25.5331 0
    endloop
  endfacet
  facet normal 0 0 -1
    outer loop
      vertex 21.8157 -11.2734 0
      vertex 19.5055 -10.6213 0
      vertex 20.0824 -8.71906 0
    endloop
  endfacet
  facet normal 0 0 -1
    outer loop
      vertex 21.2492 -12.8017 0
      vertex 19.0308 -11.8826 0
      vertex 19.5055 -10.6213 0
    endloop
  endfacet
  facet normal 0 0 -1
    outer loop
      vertex 18.1013 -13.9341 0
      vertex 21.0763 -13.1834 0
      vertex 35.7989 -27.4159 0
    endloop
  endfacet
  facet normal -0 0 -1
    outer loop
      vertex 21.0763 -13.1834 0
      vertex 18.1013 -13.9341 0
      vertex 19.0308 -11.8826 0
    endloop
  endfacet
  facet normal 0 0 -1
    outer loop
      vertex 63.9074 -27.8302 0
      vertex 61.5421 -27.3597 0
      vertex 61.5688 -27.0888 0
    endloop
  endfacet
  facet normal 0 0 -1
    outer loop
      vertex 62.2915 -30.2484 0
      vertex 61.4631 -27.6202 0
      vertex 61.5421 -27.3597 0
    endloop
  endfacet
  facet normal 0 0 -1
    outer loop
      vertex 62.2915 -30.2484 0
      vertex 61.3348 -27.8602 0
      vertex 61.4631 -27.6202 0
    endloop
  endfacet
  facet normal 0 0 -1
    outer loop
      vertex 62.2915 -30.2484 0
      vertex 61.1621 -28.0706 0
      vertex 61.3348 -27.8602 0
    endloop
  endfacet
  facet normal 0 0 -1
    outer loop
      vertex 62.2915 -30.2484 0
      vertex 60.9517 -28.2433 0
      vertex 61.1621 -28.0706 0
    endloop
  endfacet
  facet normal 0 0 -1
    outer loop
      vertex 60.7117 -28.3716 0
      vertex 61.6346 -30.5996 0
      vertex 60.9217 -30.8158 0
    endloop
  endfacet
  facet normal 0 0 -1
    outer loop
      vertex 61.6346 -30.5996 0
      vertex 60.7117 -28.3716 0
      vertex 60.9517 -28.2433 0
    endloop
  endfacet
  facet normal 0 0 -1
    outer loop
      vertex 60.9217 -30.8158 0
      vertex 60.4513 -28.4505 0
      vertex 60.7117 -28.3716 0
    endloop
  endfacet
  facet normal 0 0 -1
    outer loop
      vertex 60.1804 -30.8888 0
      vertex 60.4513 -28.4505 0
      vertex 60.9217 -30.8158 0
    endloop
  endfacet
  facet normal 0 0 -1
    outer loop
      vertex 60.1804 -30.8888 0
      vertex 60.1804 -28.4772 0
      vertex 60.4513 -28.4505 0
    endloop
  endfacet
  facet normal 0 0 -1
    outer loop
      vertex 60.1804 -30.8888 0
      vertex 59.9095 -28.4505 0
      vertex 60.1804 -28.4772 0
    endloop
  endfacet
  facet normal 0 0 -1
    outer loop
      vertex 59.439 -30.8158 0
      vertex 59.9095 -28.4505 0
      vertex 60.1804 -30.8888 0
    endloop
  endfacet
  facet normal -0 0 -1
    outer loop
      vertex 59.9095 -28.4505 0
      vertex 59.439 -30.8158 0
      vertex 59.6491 -28.3716 0
    endloop
  endfacet
  facet normal 0 0 -1
    outer loop
      vertex 58.7262 -30.5996 0
      vertex 59.6491 -28.3716 0
      vertex 59.439 -30.8158 0
    endloop
  endfacet
  facet normal -0 0 -1
    outer loop
      vertex 59.6491 -28.3716 0
      vertex 58.7262 -30.5996 0
      vertex 59.409 -28.2433 0
    endloop
  endfacet
  facet normal 0 0 -1
    outer loop
      vertex 58.0692 -30.2484 0
      vertex 59.409 -28.2433 0
      vertex 58.7262 -30.5996 0
    endloop
  endfacet
  facet normal 0 0 -1
    outer loop
      vertex 57.4934 -29.7758 0
      vertex 59.409 -28.2433 0
      vertex 58.0692 -30.2484 0
    endloop
  endfacet
  facet normal -0 0 -1
    outer loop
      vertex 59.409 -28.2433 0
      vertex 57.4934 -29.7758 0
      vertex 59.1612 -28.0398 0
    endloop
  endfacet
  facet normal 0 0 -1
    outer loop
      vertex 42.5819 -13.021 0
      vertex 59.1612 -28.0398 0
      vertex 57.4934 -29.7758 0
    endloop
  endfacet
  facet normal 0 0 -1
    outer loop
      vertex 59.1612 -28.0398 0
      vertex 42.5819 -13.021 0
      vertex 43.7378 -10.7098 0
    endloop
  endfacet
  facet normal 0 0 -1
    outer loop
      vertex 21.8157 -11.2734 0
      vertex 43.7378 -10.7098 0
      vertex 42.5819 -13.021 0
    endloop
  endfacet
  facet normal 0 0 -1
    outer loop
      vertex 19.5055 -10.6213 0
      vertex 21.7794 -11.3931 0
      vertex 21.2492 -12.8017 0
    endloop
  endfacet
  facet normal 0 0 -1
    outer loop
      vertex 19.0308 -11.8826 0
      vertex 21.2492 -12.8017 0
      vertex 21.0763 -13.1834 0
    endloop
  endfacet
  facet normal 0 0 -1
    outer loop
      vertex 21.8157 -11.2734 0
      vertex 20.0824 -8.71906 0
      vertex 43.7378 -10.7098 0
    endloop
  endfacet
  facet normal 0 0 -1
    outer loop
      vertex 19.5055 -10.6213 0
      vertex 21.8157 -11.2734 0
      vertex 21.7794 -11.3931 0
    endloop
  endfacet
  facet normal 0 0 -1
    outer loop
      vertex 61.5688 -27.0888 0
      vertex 63.9804 -27.0888 0
      vertex 63.9074 -27.8302 0
    endloop
  endfacet
  facet normal 0 0 -1
    outer loop
      vertex 61.5421 -27.3597 0
      vertex 63.9074 -27.8302 0
      vertex 63.6911 -28.543 0
    endloop
  endfacet
  facet normal 0 0 -1
    outer loop
      vertex 63.9804 -27.0888 0
      vertex 61.5688 -27.0888 0
      vertex 63.9074 -26.3475 0
    endloop
  endfacet
  facet normal 0 0 -1
    outer loop
      vertex 61.5421 -27.3597 0
      vertex 63.6911 -28.543 0
      vertex 63.34 -29.2 0
    endloop
  endfacet
  facet normal 0 0 -1
    outer loop
      vertex 61.5421 -26.818 0
      vertex 63.9074 -26.3475 0
      vertex 61.5688 -27.0888 0
    endloop
  endfacet
  facet normal 0 0 -1
    outer loop
      vertex 61.5421 -27.3597 0
      vertex 63.34 -29.2 0
      vertex 62.8674 -29.7758 0
    endloop
  endfacet
  facet normal 0 0 -1
    outer loop
      vertex 61.5421 -27.3597 0
      vertex 62.8674 -29.7758 0
      vertex 62.2915 -30.2484 0
    endloop
  endfacet
  facet normal 0 0 -1
    outer loop
      vertex 60.9517 -28.2433 0
      vertex 62.2915 -30.2484 0
      vertex 61.6346 -30.5996 0
    endloop
  endfacet
  facet normal -0 0 -1
    outer loop
      vertex 63.9074 -26.3475 0
      vertex 61.5421 -26.818 0
      vertex 63.6911 -25.6346 0
    endloop
  endfacet
  facet normal 0 0 -1
    outer loop
      vertex 61.4631 -26.5576 0
      vertex 63.6911 -25.6346 0
      vertex 61.5421 -26.818 0
    endloop
  endfacet
  facet normal -0 0 -1
    outer loop
      vertex 63.6911 -25.6346 0
      vertex 61.4631 -26.5576 0
      vertex 63.34 -24.9777 0
    endloop
  endfacet
  facet normal 0 0 -1
    outer loop
      vertex 61.3244 -26.2981 0
      vertex 63.34 -24.9777 0
      vertex 61.4631 -26.5576 0
    endloop
  endfacet
  facet normal 0 0 -1
    outer loop
      vertex 61.3244 -26.2981 0
      vertex 48.4951 -6.2037 0
      vertex 63.34 -24.9777 0
    endloop
  endfacet
  facet normal 0 0 -1
    outer loop
      vertex 46.6258 -7.70911 0
      vertex 48.4951 -6.2037 0
      vertex 61.3244 -26.2981 0
    endloop
  endfacet
  facet normal 0 0 -1
    outer loop
      vertex 46.2302 -7.22705 0
      vertex 48.4951 -6.2037 0
      vertex 46.6258 -7.70911 0
    endloop
  endfacet
  facet normal -0 0 -1
    outer loop
      vertex 48.4951 -6.2037 0
      vertex 46.2302 -7.22705 0
      vertex 47.9355 -5.52179 0
    endloop
  endfacet
  facet normal -0 0 -1
    outer loop
      vertex 47.9355 -5.52179 0
      vertex 46.2302 -7.22705 0
      vertex 47.2535 -4.96216 0
    endloop
  endfacet
  facet normal 0 0 -1
    outer loop
      vertex 45.9137 -6.96736 0
      vertex 47.2535 -4.96216 0
      vertex 46.2302 -7.22705 0
    endloop
  endfacet
  facet normal -0 0 -1
    outer loop
      vertex 47.2535 -4.96216 0
      vertex 45.9137 -6.96736 0
      vertex 46.4756 -4.54631 0
    endloop
  endfacet
  facet normal 0 0 -1
    outer loop
      vertex 45.5527 -6.77435 0
      vertex 46.4756 -4.54631 0
      vertex 45.9137 -6.96736 0
    endloop
  endfacet
  facet normal -0 0 -1
    outer loop
      vertex 46.4756 -4.54631 0
      vertex 45.5527 -6.77435 0
      vertex 45.6314 -4.29024 0
    endloop
  endfacet
  facet normal 0 0 -1
    outer loop
      vertex 45.1292 -6.6459 0
      vertex 45.6314 -4.29024 0
      vertex 45.5527 -6.77435 0
    endloop
  endfacet
  facet normal 0 0 -1
    outer loop
      vertex 45.1292 -6.6459 0
      vertex 22.8443 -1.41531 0
      vertex 45.6314 -4.29024 0
    endloop
  endfacet
  facet normal 0 0 -1
    outer loop
      vertex 20.4225 -1.31143 0
      vertex 22.8032 -0.997894 0
      vertex 22.8443 -1.41531 0
    endloop
  endfacet
  facet normal -0 0 -1
    outer loop
      vertex 22.8032 -0.997894 0
      vertex 20.4225 -1.31143 0
      vertex 22.5581 0.487076 0
    endloop
  endfacet
  facet normal 0 0 -1
    outer loop
      vertex 20.4225 -1.31143 0
      vertex 22.8443 -1.41531 0
      vertex 20.6436 -3.55669 0
    endloop
  endfacet
  facet normal 0 0 -1
    outer loop
      vertex 20.6436 -3.55669 0
      vertex 22.8443 -1.41531 0
      vertex 45.1292 -6.6459 0
    endloop
  endfacet
  facet normal 0 0 -1
    outer loop
      vertex 65.0506 6.09465 0
      vertex 67.4622 6.09465 0
      vertex 67.3891 5.35332 0
    endloop
  endfacet
  facet normal 0 0 -1
    outer loop
      vertex 65.0239 5.82379 0
      vertex 67.3891 5.35332 0
      vertex 67.1729 4.64046 0
    endloop
  endfacet
  facet normal 0 0 -1
    outer loop
      vertex 67.4622 6.09465 0
      vertex 65.0506 6.09465 0
      vertex 67.3891 6.836 0
    endloop
  endfacet
  facet normal 0 0 -1
    outer loop
      vertex 64.9449 5.56337 0
      vertex 67.1729 4.64046 0
      vertex 66.8217 3.98349 0
    endloop
  endfacet
  facet normal 0 0 -1
    outer loop
      vertex 65.0239 6.36554 0
      vertex 67.3891 6.836 0
      vertex 65.0506 6.09465 0
    endloop
  endfacet
  facet normal 0 0 -1
    outer loop
      vertex 64.8166 5.32332 0
      vertex 66.8217 3.98349 0
      vertex 66.3492 3.40765 0
    endloop
  endfacet
  facet normal -0 0 -1
    outer loop
      vertex 67.3891 6.836 0
      vertex 65.0239 6.36554 0
      vertex 67.1729 7.54886 0
    endloop
  endfacet
  facet normal 0 0 -1
    outer loop
      vertex 64.6439 5.11293 0
      vertex 66.3492 3.40765 0
      vertex 65.7733 2.93507 0
    endloop
  endfacet
  facet normal 0 0 -1
    outer loop
      vertex 64.9449 6.62595 0
      vertex 67.1729 7.54886 0
      vertex 65.0239 6.36554 0
    endloop
  endfacet
  facet normal 0 0 -1
    outer loop
      vertex 64.4335 4.94022 0
      vertex 65.7733 2.93507 0
      vertex 65.1164 2.58391 0
    endloop
  endfacet
  facet normal -0 0 -1
    outer loop
      vertex 67.1729 7.54886 0
      vertex 64.9449 6.62595 0
      vertex 66.8217 8.20583 0
    endloop
  endfacet
  facet normal 0 0 -1
    outer loop
      vertex 64.8166 6.866 0
      vertex 66.8217 8.20583 0
      vertex 64.9449 6.62595 0
    endloop
  endfacet
  facet normal 0 0 -1
    outer loop
      vertex 67.3891 5.35332 0
      vertex 65.0239 5.82379 0
      vertex 65.0506 6.09465 0
    endloop
  endfacet
  facet normal 0 0 -1
    outer loop
      vertex 67.1729 4.64046 0
      vertex 64.9449 5.56337 0
      vertex 65.0239 5.82379 0
    endloop
  endfacet
  facet normal 0 0 -1
    outer loop
      vertex 66.8217 3.98349 0
      vertex 64.8166 5.32332 0
      vertex 64.9449 5.56337 0
    endloop
  endfacet
  facet normal 0 0 -1
    outer loop
      vertex 66.3492 3.40765 0
      vertex 64.6439 5.11293 0
      vertex 64.8166 5.32332 0
    endloop
  endfacet
  facet normal 0 0 -1
    outer loop
      vertex 65.7733 2.93507 0
      vertex 64.4335 4.94022 0
      vertex 64.6439 5.11293 0
    endloop
  endfacet
  facet normal 0 0 -1
    outer loop
      vertex 64.1935 4.81195 0
      vertex 65.1164 2.58391 0
      vertex 64.4035 2.36768 0
    endloop
  endfacet
  facet normal 0 0 -1
    outer loop
      vertex 65.1164 2.58391 0
      vertex 64.1935 4.81195 0
      vertex 64.4335 4.94022 0
    endloop
  endfacet
  facet normal 0 0 -1
    outer loop
      vertex 64.4035 2.36768 0
      vertex 63.9331 4.73296 0
      vertex 64.1935 4.81195 0
    endloop
  endfacet
  facet normal 0 0 -1
    outer loop
      vertex 63.6622 2.29466 0
      vertex 63.9331 4.73296 0
      vertex 64.4035 2.36768 0
    endloop
  endfacet
  facet normal 0 0 -1
    outer loop
      vertex 63.6622 2.29466 0
      vertex 63.6622 4.70627 0
      vertex 63.9331 4.73296 0
    endloop
  endfacet
  facet normal 0 0 -1
    outer loop
      vertex 63.6622 2.29466 0
      vertex 63.3913 4.73296 0
      vertex 63.6622 4.70627 0
    endloop
  endfacet
  facet normal 0 0 -1
    outer loop
      vertex 62.9208 2.36768 0
      vertex 63.3913 4.73296 0
      vertex 63.6622 2.29466 0
    endloop
  endfacet
  facet normal 0 0 -1
    outer loop
      vertex 62.208 2.58391 0
      vertex 63.3913 4.73296 0
      vertex 62.9208 2.36768 0
    endloop
  endfacet
  facet normal -0 0 -1
    outer loop
      vertex 63.3913 4.73296 0
      vertex 62.208 2.58391 0
      vertex 62.9339 4.87169 0
    endloop
  endfacet
  facet normal 0 0 -1
    outer loop
      vertex 41.4082 9.4761 0
      vertex 62.9339 4.87169 0
      vertex 62.208 2.58391 0
    endloop
  endfacet
  facet normal 0 0 -1
    outer loop
      vertex 41.4082 9.4761 0
      vertex 41.2536 12.0557 0
      vertex 62.9339 4.87169 0
    endloop
  endfacet
  facet normal 0 0 -1
    outer loop
      vertex 22.5325 0.596909 0
      vertex 41.2536 12.0557 0
      vertex 41.4082 9.4761 0
    endloop
  endfacet
  facet normal 0 0 -1
    outer loop
      vertex 20.2029 0.0187988 0
      vertex 22.5581 0.487076 0
      vertex 20.4225 -1.31143 0
    endloop
  endfacet
  facet normal -0 0 -1
    outer loop
      vertex 22.5581 0.487076 0
      vertex 20.2029 0.0187988 0
      vertex 22.5325 0.596909 0
    endloop
  endfacet
  facet normal 0 0 -1
    outer loop
      vertex 19.7544 1.9424 0
      vertex 22.5325 0.596909 0
      vertex 20.2029 0.0187988 0
    endloop
  endfacet
  facet normal 0 0 -1
    outer loop
      vertex 22.5325 0.596909 0
      vertex 19.7544 1.9424 0
      vertex 41.2536 12.0557 0
    endloop
  endfacet
  facet normal -0 0 -1
    outer loop
      vertex 66.8217 8.20583 0
      vertex 64.8166 6.866 0
      vertex 66.3492 8.78166 0
    endloop
  endfacet
  facet normal 0 0 -1
    outer loop
      vertex 64.6439 7.07639 0
      vertex 66.3492 8.78166 0
      vertex 64.8166 6.866 0
    endloop
  endfacet
  facet normal -0 0 -1
    outer loop
      vertex 66.3492 8.78166 0
      vertex 64.6439 7.07639 0
      vertex 65.7733 9.25424 0
    endloop
  endfacet
  facet normal 0 0 -1
    outer loop
      vertex 64.4335 7.2491 0
      vertex 65.7733 9.25424 0
      vertex 64.6439 7.07639 0
    endloop
  endfacet
  facet normal -0 0 -1
    outer loop
      vertex 65.7733 9.25424 0
      vertex 64.4335 7.2491 0
      vertex 65.1164 9.60541 0
    endloop
  endfacet
  facet normal 0 0 -1
    outer loop
      vertex 64.1044 7.425 0
      vertex 65.1164 9.60541 0
      vertex 64.4335 7.2491 0
    endloop
  endfacet
  facet normal 0 0 -1
    outer loop
      vertex 64.1044 7.425 0
      vertex 42.8316 18.4606 0
      vertex 65.1164 9.60541 0
    endloop
  endfacet
  facet normal 0 0 -1
    outer loop
      vertex 42.0388 16.1931 0
      vertex 42.8316 18.4606 0
      vertex 64.1044 7.425 0
    endloop
  endfacet
  facet normal 0 0 -1
    outer loop
      vertex 41.517 16.3514 0
      vertex 42.8316 18.4606 0
      vertex 42.0388 16.1931 0
    endloop
  endfacet
  facet normal -0 0 -1
    outer loop
      vertex 42.8316 18.4606 0
      vertex 41.517 16.3514 0
      vertex 41.9874 18.7167 0
    endloop
  endfacet
  facet normal 0 0 -1
    outer loop
      vertex 41.1095 16.3915 0
      vertex 41.9874 18.7167 0
      vertex 41.517 16.3514 0
    endloop
  endfacet
  facet normal 0 0 -1
    outer loop
      vertex 41.1095 16.3915 0
      vertex 41.1095 18.8031 0
      vertex 41.9874 18.7167 0
    endloop
  endfacet
  facet normal 0 0 -1
    outer loop
      vertex 40.7021 16.3514 0
      vertex 41.1095 18.8031 0
      vertex 41.1095 16.3915 0
    endloop
  endfacet
  facet normal 0 0 -1
    outer loop
      vertex 40.7021 16.3514 0
      vertex 40.2316 18.7167 0
      vertex 41.1095 18.8031 0
    endloop
  endfacet
  facet normal 0 0 -1
    outer loop
      vertex 39.3875 18.4606 0
      vertex 40.7021 16.3514 0
      vertex 40.2031 16.2 0
    endloop
  endfacet
  facet normal 0 0 -1
    outer loop
      vertex 40.7021 16.3514 0
      vertex 39.3875 18.4606 0
      vertex 40.2316 18.7167 0
    endloop
  endfacet
  facet normal -0 0 -1
    outer loop
      vertex 40.2031 16.2 0
      vertex 18.484 9.67091 0
      vertex 39.3875 18.4606 0
    endloop
  endfacet
  facet normal 0 0 -1
    outer loop
      vertex 17.6488 6.71617 0
      vertex 18.484 9.67091 0
      vertex 40.2031 16.2 0
    endloop
  endfacet
  facet normal 0 0 -1
    outer loop
      vertex 16.342 8.53976 0
      vertex 18.484 9.67091 0
      vertex 17.6488 6.71617 0
    endloop
  endfacet
  facet normal -0 0 -1
    outer loop
      vertex 18.484 9.67091 0
      vertex 16.342 8.53976 0
      vertex 18.2471 10.0015 0
    endloop
  endfacet
  facet normal -0 0 -1
    outer loop
      vertex 18.2471 10.0015 0
      vertex 16.342 8.53976 0
      vertex 17.2923 11.1649 0
    endloop
  endfacet
  facet normal 0 0 -1
    outer loop
      vertex 15.487 9.58156 0
      vertex 17.2923 11.1649 0
      vertex 16.342 8.53976 0
    endloop
  endfacet
  facet normal 0 0 -1
    outer loop
      vertex 48.1824 35.3618 0
      vertex 50.594 35.3618 0
      vertex 50.521 34.6204 0
    endloop
  endfacet
  facet normal 0 0 -1
    outer loop
      vertex 48.1557 35.0909 0
      vertex 50.521 34.6204 0
      vertex 50.3047 33.9076 0
    endloop
  endfacet
  facet normal 0 0 -1
    outer loop
      vertex 50.594 35.3618 0
      vertex 48.1824 35.3618 0
      vertex 50.521 36.1031 0
    endloop
  endfacet
  facet normal 0 0 -1
    outer loop
      vertex 48.0767 34.8305 0
      vertex 50.3047 33.9076 0
      vertex 49.9536 33.2506 0
    endloop
  endfacet
  facet normal 0 0 -1
    outer loop
      vertex 48.1557 35.6326 0
      vertex 50.521 36.1031 0
      vertex 48.1824 35.3618 0
    endloop
  endfacet
  facet normal 0 0 -1
    outer loop
      vertex 47.9484 34.5904 0
      vertex 49.9536 33.2506 0
      vertex 49.481 32.6748 0
    endloop
  endfacet
  facet normal -0 0 -1
    outer loop
      vertex 50.521 36.1031 0
      vertex 48.1557 35.6326 0
      vertex 50.3047 36.816 0
    endloop
  endfacet
  facet normal 0 0 -1
    outer loop
      vertex 47.7757 34.38 0
      vertex 49.481 32.6748 0
      vertex 48.9052 32.2022 0
    endloop
  endfacet
  facet normal 0 0 -1
    outer loop
      vertex 48.0767 35.8931 0
      vertex 50.3047 36.816 0
      vertex 48.1557 35.6326 0
    endloop
  endfacet
  facet normal 0 0 -1
    outer loop
      vertex 47.5654 34.2074 0
      vertex 48.9052 32.2022 0
      vertex 48.2482 31.851 0
    endloop
  endfacet
  facet normal -0 0 -1
    outer loop
      vertex 50.3047 36.816 0
      vertex 48.0767 35.8931 0
      vertex 49.9536 37.4729 0
    endloop
  endfacet
  facet normal 0 0 -1
    outer loop
      vertex 47.9484 36.1331 0
      vertex 49.9536 37.4729 0
      vertex 48.0767 35.8931 0
    endloop
  endfacet
  facet normal 0 0 -1
    outer loop
      vertex 50.521 34.6204 0
      vertex 48.1557 35.0909 0
      vertex 48.1824 35.3618 0
    endloop
  endfacet
  facet normal 0 0 -1
    outer loop
      vertex 50.3047 33.9076 0
      vertex 48.0767 34.8305 0
      vertex 48.1557 35.0909 0
    endloop
  endfacet
  facet normal 0 0 -1
    outer loop
      vertex 49.9536 33.2506 0
      vertex 47.9484 34.5904 0
      vertex 48.0767 34.8305 0
    endloop
  endfacet
  facet normal 0 0 -1
    outer loop
      vertex 49.481 32.6748 0
      vertex 47.7757 34.38 0
      vertex 47.9484 34.5904 0
    endloop
  endfacet
  facet normal 0 0 -1
    outer loop
      vertex 48.9052 32.2022 0
      vertex 47.5654 34.2074 0
      vertex 47.7757 34.38 0
    endloop
  endfacet
  facet normal 0 0 -1
    outer loop
      vertex 47.3253 34.0791 0
      vertex 48.2482 31.851 0
      vertex 47.5354 31.6348 0
    endloop
  endfacet
  facet normal 0 0 -1
    outer loop
      vertex 48.2482 31.851 0
      vertex 47.3253 34.0791 0
      vertex 47.5654 34.2074 0
    endloop
  endfacet
  facet normal 0 0 -1
    outer loop
      vertex 47.5354 31.6348 0
      vertex 46.8999 33.95 0
      vertex 47.3253 34.0791 0
    endloop
  endfacet
  facet normal 0 0 -1
    outer loop
      vertex 28.0075 26.8305 0
      vertex 46.8999 33.95 0
      vertex 47.5354 31.6348 0
    endloop
  endfacet
  facet normal 0 0 -1
    outer loop
      vertex 28.0075 26.8305 0
      vertex 26.5516 28.9439 0
      vertex 46.8999 33.95 0
    endloop
  endfacet
  facet normal 0 0 -1
    outer loop
      vertex 17.2168 11.2456 0
      vertex 26.5516 28.9439 0
      vertex 28.0075 26.8305 0
    endloop
  endfacet
  facet normal -0 0 -1
    outer loop
      vertex 17.2923 11.1649 0
      vertex 15.487 9.58156 0
      vertex 17.2168 11.2456 0
    endloop
  endfacet
  facet normal 0 0 -1
    outer loop
      vertex 14.1408 11.019 0
      vertex 17.2168 11.2456 0
      vertex 15.487 9.58156 0
    endloop
  endfacet
  facet normal -0 0 -1
    outer loop
      vertex 17.2168 11.2456 0
      vertex 14.1408 11.019 0
      vertex 26.5516 28.9439 0
    endloop
  endfacet
  facet normal -0 0 -1
    outer loop
      vertex 49.9536 37.4729 0
      vertex 47.9484 36.1331 0
      vertex 49.481 38.0488 0
    endloop
  endfacet
  facet normal 0 0 -1
    outer loop
      vertex 47.7757 36.3435 0
      vertex 49.481 38.0488 0
      vertex 47.9484 36.1331 0
    endloop
  endfacet
  facet normal -0 0 -1
    outer loop
      vertex 49.481 38.0488 0
      vertex 47.7757 36.3435 0
      vertex 48.9052 38.5214 0
    endloop
  endfacet
  facet normal 0 0 -1
    outer loop
      vertex 47.5653 36.5162 0
      vertex 48.9052 38.5214 0
      vertex 47.7757 36.3435 0
    endloop
  endfacet
  facet normal -0 0 -1
    outer loop
      vertex 48.9052 38.5214 0
      vertex 47.5653 36.5162 0
      vertex 48.2482 38.8725 0
    endloop
  endfacet
  facet normal 0 0 -1
    outer loop
      vertex 47.3253 36.6445 0
      vertex 48.2482 38.8725 0
      vertex 47.5653 36.5162 0
    endloop
  endfacet
  facet normal -0 0 -1
    outer loop
      vertex 48.2482 38.8725 0
      vertex 47.3253 36.6445 0
      vertex 47.5354 39.0888 0
    endloop
  endfacet
  facet normal 0 0 -1
    outer loop
      vertex 47.0649 36.7235 0
      vertex 47.5354 39.0888 0
      vertex 47.3253 36.6445 0
    endloop
  endfacet
  facet normal 0 0 -1
    outer loop
      vertex 46.794 36.7502 0
      vertex 47.5354 39.0888 0
      vertex 47.0649 36.7235 0
    endloop
  endfacet
  facet normal 0 0 -1
    outer loop
      vertex 46.794 36.7502 0
      vertex 46.794 39.1618 0
      vertex 47.5354 39.0888 0
    endloop
  endfacet
  facet normal 0 0 -1
    outer loop
      vertex 46.0527 39.0888 0
      vertex 46.794 36.7502 0
      vertex 46.3829 36.7097 0
    endloop
  endfacet
  facet normal 0 0 -1
    outer loop
      vertex 46.794 36.7502 0
      vertex 46.0527 39.0888 0
      vertex 46.794 39.1618 0
    endloop
  endfacet
  facet normal 0 0 -1
    outer loop
      vertex 24.9591 32.8638 0
      vertex 46.0527 39.0888 0
      vertex 46.3829 36.7097 0
    endloop
  endfacet
  facet normal 0 0 -1
    outer loop
      vertex 24.9591 32.8638 0
      vertex 24.3969 35.2013 0
      vertex 46.0527 39.0888 0
    endloop
  endfacet
  facet normal 0 0 -1
    outer loop
      vertex 24.4755 32.7171 0
      vertex 24.3969 35.2013 0
      vertex 24.9591 32.8638 0
    endloop
  endfacet
  facet normal 0 0 -1
    outer loop
      vertex 23.5527 34.9452 0
      vertex 24.4755 32.7171 0
      vertex 24.1145 32.5242 0
    endloop
  endfacet
  facet normal 0 0 -1
    outer loop
      vertex 22.7747 34.5293 0
      vertex 24.1145 32.5242 0
      vertex 23.798 32.2644 0
    endloop
  endfacet
  facet normal 0 0 -1
    outer loop
      vertex 24.4755 32.7171 0
      vertex 23.5527 34.9452 0
      vertex 24.3969 35.2013 0
    endloop
  endfacet
  facet normal 0 0 -1
    outer loop
      vertex 21.5331 33.2878 0
      vertex 23.798 32.2644 0
      vertex 23.4159 31.7989 0
    endloop
  endfacet
  facet normal 0 0 -1
    outer loop
      vertex 24.1145 32.5242 0
      vertex 22.7747 34.5293 0
      vertex 23.5527 34.9452 0
    endloop
  endfacet
  facet normal 0 0 -1
    outer loop
      vertex 23.798 32.2644 0
      vertex 22.0928 33.9697 0
      vertex 22.7747 34.5293 0
    endloop
  endfacet
  facet normal 0 0 -1
    outer loop
      vertex 23.798 32.2644 0
      vertex 21.5331 33.2878 0
      vertex 22.0928 33.9697 0
    endloop
  endfacet
  facet normal -0 0 -1
    outer loop
      vertex 23.4159 31.7989 0
      vertex 12.9499 22.0205 0
      vertex 21.5331 33.2878 0
    endloop
  endfacet
  facet normal 0 0 -1
    outer loop
      vertex 10.5461 22.0387 0
      vertex 12.9374 22.2742 0
      vertex 12.9499 22.0205 0
    endloop
  endfacet
  facet normal -0 0 -1
    outer loop
      vertex 12.9374 22.2742 0
      vertex 10.5461 22.0387 0
      vertex 12.7502 23.5362 0
    endloop
  endfacet
  facet normal -0 0 -1
    outer loop
      vertex 12.7502 23.5362 0
      vertex 10.3935 23.0674 0
      vertex 12.4402 24.7737 0
    endloop
  endfacet
  facet normal 0 0 -1
    outer loop
      vertex 10.1408 24.0762 0
      vertex 12.4402 24.7737 0
      vertex 10.3935 23.0674 0
    endloop
  endfacet
  facet normal 0 0 -1
    outer loop
      vertex 10.8754 15.3369 0
      vertex 12.9499 22.0205 0
      vertex 23.4159 31.7989 0
    endloop
  endfacet
  facet normal 0 0 -1
    outer loop
      vertex 10.5461 22.0387 0
      vertex 12.9499 22.0205 0
      vertex 10.8754 15.3369 0
    endloop
  endfacet
  facet normal 0 0 -1
    outer loop
      vertex 12.7502 23.5362 0
      vertex 10.5461 22.0387 0
      vertex 10.3935 23.0674 0
    endloop
  endfacet
  facet normal -0 0 -1
    outer loop
      vertex 12.4402 24.7737 0
      vertex 10.1408 24.0762 0
      vertex 12.0104 25.9749 0
    endloop
  endfacet
  facet normal 0 0 -1
    outer loop
      vertex 9.79045 25.0553 0
      vertex 12.0104 25.9749 0
      vertex 10.1408 24.0762 0
    endloop
  endfacet
  facet normal -0 0 -1
    outer loop
      vertex 12.0104 25.9749 0
      vertex 9.79045 25.0553 0
      vertex 11.465 27.1281 0
    endloop
  endfacet
  facet normal 0 0 -1
    outer loop
      vertex 9.34581 25.9954 0
      vertex 11.465 27.1281 0
      vertex 9.79045 25.0553 0
    endloop
  endfacet
  facet normal -0 0 -1
    outer loop
      vertex 11.465 27.1281 0
      vertex 9.34581 25.9954 0
      vertex 10.8091 28.2224 0
    endloop
  endfacet
  facet normal 0 0 -1
    outer loop
      vertex 8.81114 26.8875 0
      vertex 10.8091 28.2224 0
      vertex 9.34581 25.9954 0
    endloop
  endfacet
  facet normal -0 0 -1
    outer loop
      vertex 10.8091 28.2224 0
      vertex 8.81114 26.8875 0
      vertex 10.0491 29.2471 0
    endloop
  endfacet
  facet normal 0 0 -1
    outer loop
      vertex 8.19171 27.7227 0
      vertex 10.0491 29.2471 0
      vertex 8.81114 26.8875 0
    endloop
  endfacet
  facet normal -0 0 -1
    outer loop
      vertex 10.0491 29.2471 0
      vertex 8.19171 27.7227 0
      vertex 9.19238 30.1924 0
    endloop
  endfacet
  facet normal 0 0 -1
    outer loop
      vertex 7.49327 28.4933 0
      vertex 9.19238 30.1924 0
      vertex 8.19171 27.7227 0
    endloop
  endfacet
  facet normal -0 0 -1
    outer loop
      vertex 9.19238 30.1924 0
      vertex 7.49327 28.4933 0
      vertex 8.2471 31.0491 0
    endloop
  endfacet
  facet normal 0 0 -1
    outer loop
      vertex 6.72267 29.1917 0
      vertex 8.2471 31.0491 0
      vertex 7.49327 28.4933 0
    endloop
  endfacet
  facet normal -0 0 -1
    outer loop
      vertex 8.2471 31.0491 0
      vertex 6.72267 29.1917 0
      vertex 7.22241 31.8091 0
    endloop
  endfacet
  facet normal 0 0 -1
    outer loop
      vertex 5.88747 29.8111 0
      vertex 7.22241 31.8091 0
      vertex 6.72267 29.1917 0
    endloop
  endfacet
  facet normal -0 0 -1
    outer loop
      vertex 7.22241 31.8091 0
      vertex 5.88747 29.8111 0
      vertex 6.12814 32.465 0
    endloop
  endfacet
  facet normal 0 0 -1
    outer loop
      vertex 4.99541 30.3458 0
      vertex 6.12814 32.465 0
      vertex 5.88747 29.8111 0
    endloop
  endfacet
  facet normal 0 0 -1
    outer loop
      vertex 4.99541 30.3458 0
      vertex 4.97488 33.0104 0
      vertex 6.12814 32.465 0
    endloop
  endfacet
  facet normal 0 0 -1
    outer loop
      vertex 4.05531 30.7905 0
      vertex 4.97488 33.0104 0
      vertex 4.99541 30.3458 0
    endloop
  endfacet
  facet normal 0 0 -1
    outer loop
      vertex 4.05531 30.7905 0
      vertex 3.7737 33.4402 0
      vertex 4.97488 33.0104 0
    endloop
  endfacet
  facet normal 0 0 -1
    outer loop
      vertex 3.07622 31.1408 0
      vertex 3.7737 33.4402 0
      vertex 4.05531 30.7905 0
    endloop
  endfacet
  facet normal 0 0 -1
    outer loop
      vertex 3.07622 31.1408 0
      vertex 2.53616 33.7502 0
      vertex 3.7737 33.4402 0
    endloop
  endfacet
  facet normal 0 0 -1
    outer loop
      vertex 2.06737 31.3935 0
      vertex 2.53616 33.7502 0
      vertex 3.07622 31.1408 0
    endloop
  endfacet
  facet normal 0 0 -1
    outer loop
      vertex 2.06737 31.3935 0
      vertex 1.27422 33.9374 0
      vertex 2.53616 33.7502 0
    endloop
  endfacet
  facet normal 0 0 -1
    outer loop
      vertex 1.0387 31.5461 0
      vertex 1.27422 33.9374 0
      vertex 2.06737 31.3935 0
    endloop
  endfacet
  facet normal 0 0 -1
    outer loop
      vertex 0 31.5971 0
      vertex 1.27422 33.9374 0
      vertex 1.0387 31.5461 0
    endloop
  endfacet
  facet normal 0 0 -1
    outer loop
      vertex 0 31.5971 0
      vertex 0 34 0
      vertex 1.27422 33.9374 0
    endloop
  endfacet
  facet normal 0 0 -1
    outer loop
      vertex -1.0387 31.5461 0
      vertex 0 34 0
      vertex 0 31.5971 0
    endloop
  endfacet
  facet normal 0 0 -1
    outer loop
      vertex -1.0387 31.5461 0
      vertex -1.27422 33.9374 0
      vertex 0 34 0
    endloop
  endfacet
  facet normal 0 0 -1
    outer loop
      vertex -2.06737 31.3935 0
      vertex -1.27422 33.9374 0
      vertex -1.0387 31.5461 0
    endloop
  endfacet
  facet normal 0 0 -1
    outer loop
      vertex -2.06737 31.3935 0
      vertex -2.53616 33.7502 0
      vertex -1.27422 33.9374 0
    endloop
  endfacet
  facet normal 0 0 -1
    outer loop
      vertex -3.07622 31.1408 0
      vertex -2.53616 33.7502 0
      vertex -2.06737 31.3935 0
    endloop
  endfacet
  facet normal 0 0 -1
    outer loop
      vertex -3.07622 31.1408 0
      vertex -3.7737 33.4402 0
      vertex -2.53616 33.7502 0
    endloop
  endfacet
  facet normal 0 0 -1
    outer loop
      vertex -4.05531 30.7905 0
      vertex -3.7737 33.4402 0
      vertex -3.07622 31.1408 0
    endloop
  endfacet
  facet normal 0 0 -1
    outer loop
      vertex -4.05531 30.7905 0
      vertex -4.97488 33.0104 0
      vertex -3.7737 33.4402 0
    endloop
  endfacet
  facet normal 0 0 -1
    outer loop
      vertex -4.99541 30.3458 0
      vertex -4.97488 33.0104 0
      vertex -4.05531 30.7905 0
    endloop
  endfacet
  facet normal 0 0 -1
    outer loop
      vertex -6.12814 32.465 0
      vertex -4.99541 30.3458 0
      vertex -5.88747 29.8111 0
    endloop
  endfacet
  facet normal 0 0 -1
    outer loop
      vertex -4.99541 30.3458 0
      vertex -6.12814 32.465 0
      vertex -4.97488 33.0104 0
    endloop
  endfacet
  facet normal 0 0 -1
    outer loop
      vertex -7.22241 31.8091 0
      vertex -5.88747 29.8111 0
      vertex -6.72267 29.1917 0
    endloop
  endfacet
  facet normal 0 0 -1
    outer loop
      vertex -5.88747 29.8111 0
      vertex -7.22241 31.8091 0
      vertex -6.12814 32.465 0
    endloop
  endfacet
  facet normal 0 0 -1
    outer loop
      vertex -8.2471 31.0491 0
      vertex -6.72267 29.1917 0
      vertex -7.49327 28.4933 0
    endloop
  endfacet
  facet normal 0 0 -1
    outer loop
      vertex -9.19238 30.1924 0
      vertex -7.49327 28.4933 0
      vertex -8.19171 27.7227 0
    endloop
  endfacet
  facet normal 0 0 -1
    outer loop
      vertex -6.72267 29.1917 0
      vertex -8.2471 31.0491 0
      vertex -7.22241 31.8091 0
    endloop
  endfacet
  facet normal 0 0 -1
    outer loop
      vertex -10.0491 29.2471 0
      vertex -8.19171 27.7227 0
      vertex -8.81114 26.8875 0
    endloop
  endfacet
  facet normal 0 0 -1
    outer loop
      vertex -7.49327 28.4933 0
      vertex -9.19238 30.1924 0
      vertex -8.2471 31.0491 0
    endloop
  endfacet
  facet normal 0 0 -1
    outer loop
      vertex -10.8091 28.2224 0
      vertex -8.81114 26.8875 0
      vertex -9.34581 25.9954 0
    endloop
  endfacet
  facet normal 0 0 -1
    outer loop
      vertex -11.465 27.1281 0
      vertex -9.34581 25.9954 0
      vertex -9.79045 25.0553 0
    endloop
  endfacet
  facet normal 0 0 -1
    outer loop
      vertex -8.19171 27.7227 0
      vertex -10.0491 29.2471 0
      vertex -9.19238 30.1924 0
    endloop
  endfacet
  facet normal 0 0 -1
    outer loop
      vertex -12.0104 25.9749 0
      vertex -9.79045 25.0553 0
      vertex -10.1408 24.0762 0
    endloop
  endfacet
  facet normal 0 0 -1
    outer loop
      vertex -12.4402 24.7737 0
      vertex -10.1408 24.0762 0
      vertex -10.3935 23.0674 0
    endloop
  endfacet
  facet normal 0 0 -1
    outer loop
      vertex -12.7502 23.5362 0
      vertex -10.3935 23.0674 0
      vertex -10.5461 22.0387 0
    endloop
  endfacet
  facet normal 0 0 -1
    outer loop
      vertex -8.81114 26.8875 0
      vertex -10.8091 28.2224 0
      vertex -10.0491 29.2471 0
    endloop
  endfacet
  facet normal 0 0 -1
    outer loop
      vertex -12.9499 22.0205 0
      vertex -10.5461 22.0387 0
      vertex -10.8754 15.3369 0
    endloop
  endfacet
  facet normal 0 0 -1
    outer loop
      vertex -9.34581 25.9954 0
      vertex -11.465 27.1281 0
      vertex -10.8091 28.2224 0
    endloop
  endfacet
  facet normal 0 0 -1
    outer loop
      vertex -9.79045 25.0553 0
      vertex -12.0104 25.9749 0
      vertex -11.465 27.1281 0
    endloop
  endfacet
  facet normal 0 0 -1
    outer loop
      vertex -10.1408 24.0762 0
      vertex -12.4402 24.7737 0
      vertex -12.0104 25.9749 0
    endloop
  endfacet
  facet normal 0 0 -1
    outer loop
      vertex -10.3935 23.0674 0
      vertex -12.7502 23.5362 0
      vertex -12.4402 24.7737 0
    endloop
  endfacet
  facet normal 0 -0 -1
    outer loop
      vertex -12.9374 22.2742 0
      vertex -10.5461 22.0387 0
      vertex -12.9499 22.0205 0
    endloop
  endfacet
  facet normal 0 0 -1
    outer loop
      vertex -10.5461 22.0387 0
      vertex -12.9374 22.2742 0
      vertex -12.7502 23.5362 0
    endloop
  endfacet
  facet normal 0 0 -1
    outer loop
      vertex -23.4159 31.7989 0
      vertex -12.9499 22.0205 0
      vertex -10.8754 15.3369 0
    endloop
  endfacet
  facet normal 0 0 -1
    outer loop
      vertex -12.9499 22.0205 0
      vertex -23.4159 31.7989 0
      vertex -21.5331 33.2878 0
    endloop
  endfacet
  facet normal 0 0 -1
    outer loop
      vertex -23.798 32.2644 0
      vertex -21.5331 33.2878 0
      vertex -23.4159 31.7989 0
    endloop
  endfacet
  facet normal -0 0 -1
    outer loop
      vertex -21.5331 33.2878 0
      vertex -23.798 32.2644 0
      vertex -22.0928 33.9697 0
    endloop
  endfacet
  facet normal -0 0 -1
    outer loop
      vertex -22.0928 33.9697 0
      vertex -23.798 32.2644 0
      vertex -22.7747 34.5293 0
    endloop
  endfacet
  facet normal 0 0 -1
    outer loop
      vertex -24.1145 32.5242 0
      vertex -22.7747 34.5293 0
      vertex -23.798 32.2644 0
    endloop
  endfacet
  facet normal -0 0 -1
    outer loop
      vertex -22.7747 34.5293 0
      vertex -24.1145 32.5242 0
      vertex -23.5527 34.9452 0
    endloop
  endfacet
  facet normal 0 0 -1
    outer loop
      vertex -24.4755 32.7171 0
      vertex -23.5527 34.9452 0
      vertex -24.1145 32.5242 0
    endloop
  endfacet
  facet normal -0 0 -1
    outer loop
      vertex -23.5527 34.9452 0
      vertex -24.4755 32.7171 0
      vertex -24.3969 35.2013 0
    endloop
  endfacet
  facet normal 0 0 -1
    outer loop
      vertex -24.9591 32.8638 0
      vertex -24.3969 35.2013 0
      vertex -24.4755 32.7171 0
    endloop
  endfacet
  facet normal 0 0 -1
    outer loop
      vertex -24.9591 32.8638 0
      vertex -46.0527 39.0888 0
      vertex -24.3969 35.2013 0
    endloop
  endfacet
  facet normal 0 0 -1
    outer loop
      vertex -46.3829 36.7097 0
      vertex -46.0527 39.0888 0
      vertex -24.9591 32.8638 0
    endloop
  endfacet
  facet normal 0 0 -1
    outer loop
      vertex -46.794 36.7502 0
      vertex -46.0527 39.0888 0
      vertex -46.3829 36.7097 0
    endloop
  endfacet
  facet normal 0 0 -1
    outer loop
      vertex -46.794 36.7502 0
      vertex -46.794 39.1618 0
      vertex -46.0527 39.0888 0
    endloop
  endfacet
  facet normal 0 0 -1
    outer loop
      vertex -47.0649 36.7235 0
      vertex -46.794 39.1618 0
      vertex -46.794 36.7502 0
    endloop
  endfacet
  facet normal 0 0 -1
    outer loop
      vertex -47.5354 39.0888 0
      vertex -47.0649 36.7235 0
      vertex -47.3253 36.6445 0
    endloop
  endfacet
  facet normal 0 0 -1
    outer loop
      vertex -47.0649 36.7235 0
      vertex -47.5354 39.0888 0
      vertex -46.794 39.1618 0
    endloop
  endfacet
  facet normal 0 0 -1
    outer loop
      vertex -48.2482 38.8725 0
      vertex -47.3253 36.6445 0
      vertex -47.5653 36.5162 0
    endloop
  endfacet
  facet normal 0 0 -1
    outer loop
      vertex -48.9052 38.5214 0
      vertex -47.5653 36.5162 0
      vertex -47.7757 36.3435 0
    endloop
  endfacet
  facet normal 0 0 -1
    outer loop
      vertex -49.481 38.0488 0
      vertex -47.7757 36.3435 0
      vertex -47.9484 36.1331 0
    endloop
  endfacet
  facet normal 0 0 -1
    outer loop
      vertex -49.9536 37.4729 0
      vertex -47.9484 36.1331 0
      vertex -48.0767 35.8931 0
    endloop
  endfacet
  facet normal 0 0 -1
    outer loop
      vertex -50.3047 36.816 0
      vertex -48.0767 35.8931 0
      vertex -48.1557 35.6326 0
    endloop
  endfacet
  facet normal 0 0 -1
    outer loop
      vertex -47.3253 36.6445 0
      vertex -48.2482 38.8725 0
      vertex -47.5354 39.0888 0
    endloop
  endfacet
  facet normal 0 0 -1
    outer loop
      vertex -50.521 36.1031 0
      vertex -48.1557 35.6326 0
      vertex -48.1824 35.3618 0
    endloop
  endfacet
  facet normal -0 0 -1
    outer loop
      vertex -47.9484 34.5904 0
      vertex -49.9536 33.2506 0
      vertex -48.0767 34.8305 0
    endloop
  endfacet
  facet normal 0 0 -1
    outer loop
      vertex -50.3047 33.9076 0
      vertex -48.0767 34.8305 0
      vertex -49.9536 33.2506 0
    endloop
  endfacet
  facet normal 0 0 -1
    outer loop
      vertex -47.5653 36.5162 0
      vertex -48.9052 38.5214 0
      vertex -48.2482 38.8725 0
    endloop
  endfacet
  facet normal -0 0 -1
    outer loop
      vertex -48.0767 34.8305 0
      vertex -50.3047 33.9076 0
      vertex -48.1557 35.0909 0
    endloop
  endfacet
  facet normal 0 0 -1
    outer loop
      vertex -47.7757 36.3435 0
      vertex -49.481 38.0488 0
      vertex -48.9052 38.5214 0
    endloop
  endfacet
  facet normal 0 0 -1
    outer loop
      vertex -50.521 34.6204 0
      vertex -48.1557 35.0909 0
      vertex -50.3047 33.9076 0
    endloop
  endfacet
  facet normal 0 0 -1
    outer loop
      vertex -47.9484 36.1331 0
      vertex -49.9536 37.4729 0
      vertex -49.481 38.0488 0
    endloop
  endfacet
  facet normal -0 0 -1
    outer loop
      vertex -48.1557 35.0909 0
      vertex -50.521 34.6204 0
      vertex -48.1824 35.3618 0
    endloop
  endfacet
  facet normal 0 0 -1
    outer loop
      vertex -48.0767 35.8931 0
      vertex -50.3047 36.816 0
      vertex -49.9536 37.4729 0
    endloop
  endfacet
  facet normal 0 0 -1
    outer loop
      vertex -50.594 35.3618 0
      vertex -48.1824 35.3618 0
      vertex -50.521 34.6204 0
    endloop
  endfacet
  facet normal 0 0 -1
    outer loop
      vertex -48.1557 35.6326 0
      vertex -50.521 36.1031 0
      vertex -50.3047 36.816 0
    endloop
  endfacet
  facet normal 0 0 -1
    outer loop
      vertex -48.1824 35.3618 0
      vertex -50.594 35.3618 0
      vertex -50.521 36.1031 0
    endloop
  endfacet
  facet normal 0 0 -1
    outer loop
      vertex -15.487 9.58156 0
      vertex -17.2923 11.1649 0
      vertex -17.2168 11.2456 0
    endloop
  endfacet
  facet normal 0 0 -1
    outer loop
      vertex -18.484 9.67091 0
      vertex -16.342 8.53976 0
      vertex -17.6488 6.71617 0
    endloop
  endfacet
  facet normal 0 0 -1
    outer loop
      vertex -16.342 8.53976 0
      vertex -18.2471 10.0015 0
      vertex -17.2923 11.1649 0
    endloop
  endfacet
  facet normal 0 0 -1
    outer loop
      vertex -16.342 8.53976 0
      vertex -18.484 9.67091 0
      vertex -18.2471 10.0015 0
    endloop
  endfacet
  facet normal 0 0 -1
    outer loop
      vertex -40.2031 16.2 0
      vertex -18.484 9.67091 0
      vertex -17.6488 6.71617 0
    endloop
  endfacet
  facet normal 0 0 -1
    outer loop
      vertex -18.484 9.67091 0
      vertex -40.2031 16.2 0
      vertex -39.3875 18.4606 0
    endloop
  endfacet
  facet normal 0 0 -1
    outer loop
      vertex -40.7021 16.3514 0
      vertex -39.3875 18.4606 0
      vertex -40.2031 16.2 0
    endloop
  endfacet
  facet normal -0 0 -1
    outer loop
      vertex -39.3875 18.4606 0
      vertex -40.7021 16.3514 0
      vertex -40.2316 18.7167 0
    endloop
  endfacet
  facet normal 0 0 -1
    outer loop
      vertex -41.1095 16.3915 0
      vertex -40.2316 18.7167 0
      vertex -40.7021 16.3514 0
    endloop
  endfacet
  facet normal 0 0 -1
    outer loop
      vertex -41.1095 16.3915 0
      vertex -41.1095 18.8031 0
      vertex -40.2316 18.7167 0
    endloop
  endfacet
  facet normal 0 0 -1
    outer loop
      vertex -41.517 16.3514 0
      vertex -41.1095 18.8031 0
      vertex -41.1095 16.3915 0
    endloop
  endfacet
  facet normal 0 0 -1
    outer loop
      vertex -41.517 16.3514 0
      vertex -41.9874 18.7167 0
      vertex -41.1095 18.8031 0
    endloop
  endfacet
  facet normal 0 0 -1
    outer loop
      vertex -42.8316 18.4606 0
      vertex -41.517 16.3514 0
      vertex -42.0388 16.1931 0
    endloop
  endfacet
  facet normal 0 0 -1
    outer loop
      vertex -41.517 16.3514 0
      vertex -42.8316 18.4606 0
      vertex -41.9874 18.7167 0
    endloop
  endfacet
  facet normal 0 0 -1
    outer loop
      vertex -64.1044 7.425 0
      vertex -42.8316 18.4606 0
      vertex -42.0388 16.1931 0
    endloop
  endfacet
  facet normal 0 0 -1
    outer loop
      vertex -64.1044 7.425 0
      vertex -65.1164 9.60541 0
      vertex -42.8316 18.4606 0
    endloop
  endfacet
  facet normal 0 0 -1
    outer loop
      vertex -64.4335 7.2491 0
      vertex -65.1164 9.60541 0
      vertex -64.1044 7.425 0
    endloop
  endfacet
  facet normal 0 0 -1
    outer loop
      vertex -65.7733 9.25424 0
      vertex -64.4335 7.2491 0
      vertex -64.6439 7.07639 0
    endloop
  endfacet
  facet normal 0 0 -1
    outer loop
      vertex -66.3492 8.78166 0
      vertex -64.6439 7.07639 0
      vertex -64.8166 6.866 0
    endloop
  endfacet
  facet normal 0 0 -1
    outer loop
      vertex -66.8217 8.20583 0
      vertex -64.8166 6.866 0
      vertex -64.9449 6.62595 0
    endloop
  endfacet
  facet normal 0 0 -1
    outer loop
      vertex -67.1729 7.54886 0
      vertex -64.9449 6.62595 0
      vertex -65.0239 6.36554 0
    endloop
  endfacet
  facet normal 0 0 -1
    outer loop
      vertex -67.3891 6.836 0
      vertex -65.0239 6.36554 0
      vertex -65.0506 6.09465 0
    endloop
  endfacet
  facet normal -0 0 -1
    outer loop
      vertex -64.8166 5.32332 0
      vertex -66.8217 3.98349 0
      vertex -64.9449 5.56337 0
    endloop
  endfacet
  facet normal 0 0 -1
    outer loop
      vertex -67.1729 4.64046 0
      vertex -64.9449 5.56337 0
      vertex -66.8217 3.98349 0
    endloop
  endfacet
  facet normal 0 0 -1
    outer loop
      vertex -64.4335 7.2491 0
      vertex -65.7733 9.25424 0
      vertex -65.1164 9.60541 0
    endloop
  endfacet
  facet normal -0 0 -1
    outer loop
      vertex -64.9449 5.56337 0
      vertex -67.1729 4.64046 0
      vertex -65.0239 5.82379 0
    endloop
  endfacet
  facet normal 0 0 -1
    outer loop
      vertex -64.6439 7.07639 0
      vertex -66.3492 8.78166 0
      vertex -65.7733 9.25424 0
    endloop
  endfacet
  facet normal 0 0 -1
    outer loop
      vertex -67.3891 5.35332 0
      vertex -65.0239 5.82379 0
      vertex -67.1729 4.64046 0
    endloop
  endfacet
  facet normal 0 0 -1
    outer loop
      vertex -64.8166 6.866 0
      vertex -66.8217 8.20583 0
      vertex -66.3492 8.78166 0
    endloop
  endfacet
  facet normal -0 0 -1
    outer loop
      vertex -65.0239 5.82379 0
      vertex -67.3891 5.35332 0
      vertex -65.0506 6.09465 0
    endloop
  endfacet
  facet normal 0 0 -1
    outer loop
      vertex -64.9449 6.62595 0
      vertex -67.1729 7.54886 0
      vertex -66.8217 8.20583 0
    endloop
  endfacet
  facet normal 0 0 -1
    outer loop
      vertex -67.4622 6.09465 0
      vertex -65.0506 6.09465 0
      vertex -67.3891 5.35332 0
    endloop
  endfacet
  facet normal 0 0 -1
    outer loop
      vertex -65.0239 6.36554 0
      vertex -67.3891 6.836 0
      vertex -67.1729 7.54886 0
    endloop
  endfacet
  facet normal 0 0 -1
    outer loop
      vertex -65.0506 6.09465 0
      vertex -67.4622 6.09465 0
      vertex -67.3891 6.836 0
    endloop
  endfacet
  facet normal 0 0 -1
    outer loop
      vertex -17.2923 11.1649 0
      vertex -15.487 9.58156 0
      vertex -16.342 8.53976 0
    endloop
  endfacet
  facet normal 0 0 -1
    outer loop
      vertex -17.2168 11.2456 0
      vertex -14.1408 11.019 0
      vertex -15.487 9.58156 0
    endloop
  endfacet
  facet normal 0 0 -1
    outer loop
      vertex -17.2168 11.2456 0
      vertex -26.5516 28.9439 0
      vertex -14.1408 11.019 0
    endloop
  endfacet
  facet normal 0 0 -1
    outer loop
      vertex -28.0075 26.8305 0
      vertex -26.5516 28.9439 0
      vertex -17.2168 11.2456 0
    endloop
  endfacet
  facet normal 0 0 -1
    outer loop
      vertex -28.0075 26.8305 0
      vertex -46.8999 33.95 0
      vertex -26.5516 28.9439 0
    endloop
  endfacet
  facet normal 0 0 -1
    outer loop
      vertex -47.5354 31.6348 0
      vertex -46.8999 33.95 0
      vertex -28.0075 26.8305 0
    endloop
  endfacet
  facet normal -0 0 -1
    outer loop
      vertex -46.8999 33.95 0
      vertex -47.5354 31.6348 0
      vertex -47.3253 34.0791 0
    endloop
  endfacet
  facet normal 0 0 -1
    outer loop
      vertex -48.2482 31.851 0
      vertex -47.3253 34.0791 0
      vertex -47.5354 31.6348 0
    endloop
  endfacet
  facet normal -0 0 -1
    outer loop
      vertex -47.3253 34.0791 0
      vertex -48.2482 31.851 0
      vertex -47.5654 34.2074 0
    endloop
  endfacet
  facet normal 0 0 -1
    outer loop
      vertex -48.9052 32.2022 0
      vertex -47.5654 34.2074 0
      vertex -48.2482 31.851 0
    endloop
  endfacet
  facet normal -0 0 -1
    outer loop
      vertex -47.5654 34.2074 0
      vertex -48.9052 32.2022 0
      vertex -47.7757 34.38 0
    endloop
  endfacet
  facet normal 0 0 -1
    outer loop
      vertex -49.481 32.6748 0
      vertex -47.7757 34.38 0
      vertex -48.9052 32.2022 0
    endloop
  endfacet
  facet normal 0 0 -1
    outer loop
      vertex -49.9536 33.2506 0
      vertex -47.9484 34.5904 0
      vertex -49.481 32.6748 0
    endloop
  endfacet
  facet normal -0 0 -1
    outer loop
      vertex -47.7757 34.38 0
      vertex -49.481 32.6748 0
      vertex -47.9484 34.5904 0
    endloop
  endfacet
  facet normal -0 0 -1
    outer loop
      vertex -19.0308 -11.8826 0
      vertex -21.2492 -12.8017 0
      vertex -19.5055 -10.6213 0
    endloop
  endfacet
  facet normal 0 0 -1
    outer loop
      vertex -21.2492 -12.8017 0
      vertex -19.0308 -11.8826 0
      vertex -21.0763 -13.1834 0
    endloop
  endfacet
  facet normal 0 0 -1
    outer loop
      vertex -18.1013 -13.9341 0
      vertex -21.0763 -13.1834 0
      vertex -19.0308 -11.8826 0
    endloop
  endfacet
  facet normal 0 0 -1
    outer loop
      vertex -35.7989 -27.4159 0
      vertex -21.0763 -13.1834 0
      vertex -18.1013 -13.9341 0
    endloop
  endfacet
  facet normal 0 0 -1
    outer loop
      vertex -37.2878 -25.5331 0
      vertex -35.7989 -27.4159 0
      vertex -36.2644 -27.798 0
    endloop
  endfacet
  facet normal 0 0 -1
    outer loop
      vertex -35.7989 -27.4159 0
      vertex -37.2878 -25.5331 0
      vertex -21.0763 -13.1834 0
    endloop
  endfacet
  facet normal 0 0 -1
    outer loop
      vertex -37.9697 -26.0928 0
      vertex -36.2644 -27.798 0
      vertex -36.5242 -28.1145 0
    endloop
  endfacet
  facet normal 0 0 -1
    outer loop
      vertex -38.5293 -26.7747 0
      vertex -36.5242 -28.1145 0
      vertex -36.7171 -28.4755 0
    endloop
  endfacet
  facet normal 0 0 -1
    outer loop
      vertex -39.2013 -28.3969 0
      vertex -36.7171 -28.4755 0
      vertex -36.876 -28.9993 0
    endloop
  endfacet
  facet normal 0 0 -1
    outer loop
      vertex -36.2644 -27.798 0
      vertex -37.9697 -26.0928 0
      vertex -37.2878 -25.5331 0
    endloop
  endfacet
  facet normal 0 0 -1
    outer loop
      vertex -36.5242 -28.1145 0
      vertex -38.5293 -26.7747 0
      vertex -37.9697 -26.0928 0
    endloop
  endfacet
  facet normal 0 0 -1
    outer loop
      vertex -36.7171 -28.4755 0
      vertex -38.9452 -27.5527 0
      vertex -38.5293 -26.7747 0
    endloop
  endfacet
  facet normal 0 0 -1
    outer loop
      vertex -36.7171 -28.4755 0
      vertex -39.2013 -28.3969 0
      vertex -38.9452 -27.5527 0
    endloop
  endfacet
  facet normal 0 0 -1
    outer loop
      vertex -41.462 -50.2519 0
      vertex -39.2013 -28.3969 0
      vertex -36.876 -28.9993 0
    endloop
  endfacet
  facet normal -0 0 -1
    outer loop
      vertex -41.2644 -51.3926 0
      vertex -43.2696 -52.7324 0
      vertex -41.3927 -51.1526 0
    endloop
  endfacet
  facet normal 0 0 -1
    outer loop
      vertex -43.6207 -52.0755 0
      vertex -41.3927 -51.1526 0
      vertex -43.2696 -52.7324 0
    endloop
  endfacet
  facet normal -0 0 -1
    outer loop
      vertex -41.3927 -51.1526 0
      vertex -43.6207 -52.0755 0
      vertex -41.4717 -50.8921 0
    endloop
  endfacet
  facet normal 0 0 -1
    outer loop
      vertex -43.837 -51.3626 0
      vertex -41.4717 -50.8921 0
      vertex -43.6207 -52.0755 0
    endloop
  endfacet
  facet normal -0 0 -1
    outer loop
      vertex -41.4717 -50.8921 0
      vertex -43.837 -51.3626 0
      vertex -41.4984 -50.6213 0
    endloop
  endfacet
  facet normal 0 0 -1
    outer loop
      vertex -43.91 -50.6213 0
      vertex -41.4984 -50.6213 0
      vertex -43.837 -51.3626 0
    endloop
  endfacet
  facet normal 0 -0 -1
    outer loop
      vertex -43.837 -49.8799 0
      vertex -41.4984 -50.6213 0
      vertex -43.91 -50.6213 0
    endloop
  endfacet
  facet normal 0 0 -1
    outer loop
      vertex -41.462 -50.2519 0
      vertex -43.837 -49.8799 0
      vertex -39.2013 -28.3969 0
    endloop
  endfacet
  facet normal 0 0 -1
    outer loop
      vertex -41.4984 -50.6213 0
      vertex -43.837 -49.8799 0
      vertex -41.462 -50.2519 0
    endloop
  endfacet
  facet normal 0 0 -1
    outer loop
      vertex -21.7794 -11.3931 0
      vertex -19.5055 -10.6213 0
      vertex -21.2492 -12.8017 0
    endloop
  endfacet
  facet normal 0 0 -1
    outer loop
      vertex -21.8157 -11.2734 0
      vertex -19.5055 -10.6213 0
      vertex -21.7794 -11.3931 0
    endloop
  endfacet
  facet normal -0 0 -1
    outer loop
      vertex -19.5055 -10.6213 0
      vertex -21.8157 -11.2734 0
      vertex -20.0824 -8.71906 0
    endloop
  endfacet
  facet normal 0 0 -1
    outer loop
      vertex -43.7378 -10.7098 0
      vertex -21.8157 -11.2734 0
      vertex -42.5819 -13.021 0
    endloop
  endfacet
  facet normal 0 0 -1
    outer loop
      vertex -21.8157 -11.2734 0
      vertex -43.7378 -10.7098 0
      vertex -20.0824 -8.71906 0
    endloop
  endfacet
  facet normal 0 0 -1
    outer loop
      vertex -59.1612 -28.0398 0
      vertex -42.5819 -13.021 0
      vertex -57.4934 -29.7758 0
    endloop
  endfacet
  facet normal 0 0 -1
    outer loop
      vertex -59.409 -28.2433 0
      vertex -57.4934 -29.7758 0
      vertex -58.0692 -30.2484 0
    endloop
  endfacet
  facet normal 0 0 -1
    outer loop
      vertex -59.409 -28.2433 0
      vertex -58.0692 -30.2484 0
      vertex -58.7262 -30.5996 0
    endloop
  endfacet
  facet normal -0 0 -1
    outer loop
      vertex -42.5819 -13.021 0
      vertex -59.1612 -28.0398 0
      vertex -43.7378 -10.7098 0
    endloop
  endfacet
  facet normal 0 0 -1
    outer loop
      vertex -57.4934 -29.7758 0
      vertex -59.409 -28.2433 0
      vertex -59.1612 -28.0398 0
    endloop
  endfacet
  facet normal 0 0 -1
    outer loop
      vertex -59.6491 -28.3716 0
      vertex -58.7262 -30.5996 0
      vertex -59.439 -30.8158 0
    endloop
  endfacet
  facet normal 0 0 -1
    outer loop
      vertex -58.7262 -30.5996 0
      vertex -59.6491 -28.3716 0
      vertex -59.409 -28.2433 0
    endloop
  endfacet
  facet normal 0 0 -1
    outer loop
      vertex -59.439 -30.8158 0
      vertex -59.9095 -28.4505 0
      vertex -59.6491 -28.3716 0
    endloop
  endfacet
  facet normal 0 0 -1
    outer loop
      vertex -60.1804 -30.8888 0
      vertex -59.9095 -28.4505 0
      vertex -59.439 -30.8158 0
    endloop
  endfacet
  facet normal 0 0 -1
    outer loop
      vertex -60.1804 -30.8888 0
      vertex -60.1804 -28.4772 0
      vertex -59.9095 -28.4505 0
    endloop
  endfacet
  facet normal 0 0 -1
    outer loop
      vertex -60.1804 -30.8888 0
      vertex -60.4513 -28.4505 0
      vertex -60.1804 -28.4772 0
    endloop
  endfacet
  facet normal 0 0 -1
    outer loop
      vertex -60.9217 -30.8158 0
      vertex -60.4513 -28.4505 0
      vertex -60.1804 -30.8888 0
    endloop
  endfacet
  facet normal -0 0 -1
    outer loop
      vertex -60.4513 -28.4505 0
      vertex -60.9217 -30.8158 0
      vertex -60.7117 -28.3716 0
    endloop
  endfacet
  facet normal 0 0 -1
    outer loop
      vertex -61.6346 -30.5996 0
      vertex -60.7117 -28.3716 0
      vertex -60.9217 -30.8158 0
    endloop
  endfacet
  facet normal -0 0 -1
    outer loop
      vertex -60.7117 -28.3716 0
      vertex -61.6346 -30.5996 0
      vertex -60.9517 -28.2433 0
    endloop
  endfacet
  facet normal 0 0 -1
    outer loop
      vertex -62.2915 -30.2484 0
      vertex -60.9517 -28.2433 0
      vertex -61.6346 -30.5996 0
    endloop
  endfacet
  facet normal -0 0 -1
    outer loop
      vertex -60.9517 -28.2433 0
      vertex -62.2915 -30.2484 0
      vertex -61.1621 -28.0706 0
    endloop
  endfacet
  facet normal 0 0 -1
    outer loop
      vertex -62.8674 -29.7758 0
      vertex -61.1621 -28.0706 0
      vertex -62.2915 -30.2484 0
    endloop
  endfacet
  facet normal 0 0 -1
    outer loop
      vertex -63.34 -29.2 0
      vertex -61.3348 -27.8602 0
      vertex -62.8674 -29.7758 0
    endloop
  endfacet
  facet normal -0 0 -1
    outer loop
      vertex -61.1621 -28.0706 0
      vertex -62.8674 -29.7758 0
      vertex -61.3348 -27.8602 0
    endloop
  endfacet
  facet normal 0 0 -1
    outer loop
      vertex -20.2029 0.0187988 0
      vertex -22.5581 0.487076 0
      vertex -22.5325 0.596909 0
    endloop
  endfacet
  facet normal 0 0 -1
    outer loop
      vertex -20.4225 -1.31143 0
      vertex -22.8032 -0.997894 0
      vertex -22.5581 0.487076 0
    endloop
  endfacet
  facet normal -0 0 -1
    outer loop
      vertex -20.4225 -1.31143 0
      vertex -22.8443 -1.41531 0
      vertex -22.8032 -0.997894 0
    endloop
  endfacet
  facet normal 0 0 -1
    outer loop
      vertex -45.1292 -6.6459 0
      vertex -22.8443 -1.41531 0
      vertex -20.6436 -3.55669 0
    endloop
  endfacet
  facet normal 0 0 -1
    outer loop
      vertex -45.1292 -6.6459 0
      vertex -45.6314 -4.29024 0
      vertex -22.8443 -1.41531 0
    endloop
  endfacet
  facet normal 0 0 -1
    outer loop
      vertex -45.5527 -6.77435 0
      vertex -45.6314 -4.29024 0
      vertex -45.1292 -6.6459 0
    endloop
  endfacet
  facet normal 0 0 -1
    outer loop
      vertex -46.4756 -4.54631 0
      vertex -45.5527 -6.77435 0
      vertex -45.9137 -6.96736 0
    endloop
  endfacet
  facet normal 0 0 -1
    outer loop
      vertex -47.2535 -4.96216 0
      vertex -45.9137 -6.96736 0
      vertex -46.2302 -7.22705 0
    endloop
  endfacet
  facet normal 0 0 -1
    outer loop
      vertex -45.5527 -6.77435 0
      vertex -46.4756 -4.54631 0
      vertex -45.6314 -4.29024 0
    endloop
  endfacet
  facet normal 0 0 -1
    outer loop
      vertex -48.4951 -6.2037 0
      vertex -46.2302 -7.22705 0
      vertex -46.6258 -7.70911 0
    endloop
  endfacet
  facet normal 0 0 -1
    outer loop
      vertex -45.9137 -6.96736 0
      vertex -47.2535 -4.96216 0
      vertex -46.4756 -4.54631 0
    endloop
  endfacet
  facet normal 0 0 -1
    outer loop
      vertex -46.2302 -7.22705 0
      vertex -47.9355 -5.52179 0
      vertex -47.2535 -4.96216 0
    endloop
  endfacet
  facet normal 0 0 -1
    outer loop
      vertex -46.2302 -7.22705 0
      vertex -48.4951 -6.2037 0
      vertex -47.9355 -5.52179 0
    endloop
  endfacet
  facet normal 0 0 -1
    outer loop
      vertex -61.3244 -26.2981 0
      vertex -48.4951 -6.2037 0
      vertex -46.6258 -7.70911 0
    endloop
  endfacet
  facet normal -0 0 -1
    outer loop
      vertex -61.3348 -27.8602 0
      vertex -63.34 -29.2 0
      vertex -61.4631 -27.6202 0
    endloop
  endfacet
  facet normal 0 0 -1
    outer loop
      vertex -63.6911 -28.543 0
      vertex -61.4631 -27.6202 0
      vertex -63.34 -29.2 0
    endloop
  endfacet
  facet normal -0 0 -1
    outer loop
      vertex -61.4631 -27.6202 0
      vertex -63.6911 -28.543 0
      vertex -61.5421 -27.3597 0
    endloop
  endfacet
  facet normal 0 0 -1
    outer loop
      vertex -63.9074 -27.8302 0
      vertex -61.5421 -27.3597 0
      vertex -63.6911 -28.543 0
    endloop
  endfacet
  facet normal -0 0 -1
    outer loop
      vertex -61.5421 -27.3597 0
      vertex -63.9074 -27.8302 0
      vertex -61.5688 -27.0888 0
    endloop
  endfacet
  facet normal 0 0 -1
    outer loop
      vertex -63.9804 -27.0888 0
      vertex -61.5688 -27.0888 0
      vertex -63.9074 -27.8302 0
    endloop
  endfacet
  facet normal 0 0 -1
    outer loop
      vertex -61.5688 -27.0888 0
      vertex -63.9804 -27.0888 0
      vertex -61.5421 -26.818 0
    endloop
  endfacet
  facet normal 0 0 -1
    outer loop
      vertex -61.3244 -26.2981 0
      vertex -63.34 -24.9777 0
      vertex -48.4951 -6.2037 0
    endloop
  endfacet
  facet normal 0 -0 -1
    outer loop
      vertex -63.9074 -26.3475 0
      vertex -61.5421 -26.818 0
      vertex -63.9804 -27.0888 0
    endloop
  endfacet
  facet normal 0 0 -1
    outer loop
      vertex -61.3244 -26.2981 0
      vertex -63.6911 -25.6346 0
      vertex -63.34 -24.9777 0
    endloop
  endfacet
  facet normal 0 0 -1
    outer loop
      vertex -61.5421 -26.818 0
      vertex -63.9074 -26.3475 0
      vertex -61.4631 -26.5576 0
    endloop
  endfacet
  facet normal 0 0 -1
    outer loop
      vertex -61.4631 -26.5576 0
      vertex -63.6911 -25.6346 0
      vertex -61.3244 -26.2981 0
    endloop
  endfacet
  facet normal 0 -0 -1
    outer loop
      vertex -63.6911 -25.6346 0
      vertex -61.4631 -26.5576 0
      vertex -63.9074 -26.3475 0
    endloop
  endfacet
  facet normal 0 0 -1
    outer loop
      vertex -22.8443 -1.41531 0
      vertex -20.4225 -1.31143 0
      vertex -20.6436 -3.55669 0
    endloop
  endfacet
  facet normal 0 0 -1
    outer loop
      vertex -22.5581 0.487076 0
      vertex -20.2029 0.0187988 0
      vertex -20.4225 -1.31143 0
    endloop
  endfacet
  facet normal 0 0 -1
    outer loop
      vertex -22.5325 0.596909 0
      vertex -19.7544 1.9424 0
      vertex -20.2029 0.0187988 0
    endloop
  endfacet
  facet normal 0 0 -1
    outer loop
      vertex -22.5325 0.596909 0
      vertex -41.2536 12.0557 0
      vertex -19.7544 1.9424 0
    endloop
  endfacet
  facet normal 0 0 -1
    outer loop
      vertex -41.4082 9.4761 0
      vertex -41.2536 12.0557 0
      vertex -22.5325 0.596909 0
    endloop
  endfacet
  facet normal 0 0 -1
    outer loop
      vertex -62.9339 4.87169 0
      vertex -41.4082 9.4761 0
      vertex -62.208 2.58391 0
    endloop
  endfacet
  facet normal 0 0 -1
    outer loop
      vertex -63.3913 4.73296 0
      vertex -62.208 2.58391 0
      vertex -62.9208 2.36768 0
    endloop
  endfacet
  facet normal -0 0 -1
    outer loop
      vertex -41.4082 9.4761 0
      vertex -62.9339 4.87169 0
      vertex -41.2536 12.0557 0
    endloop
  endfacet
  facet normal 0 0 -1
    outer loop
      vertex -62.208 2.58391 0
      vertex -63.3913 4.73296 0
      vertex -62.9339 4.87169 0
    endloop
  endfacet
  facet normal 0 0 -1
    outer loop
      vertex -63.6622 2.29466 0
      vertex -63.3913 4.73296 0
      vertex -62.9208 2.36768 0
    endloop
  endfacet
  facet normal 0 0 -1
    outer loop
      vertex -63.6622 2.29466 0
      vertex -63.6622 4.70627 0
      vertex -63.3913 4.73296 0
    endloop
  endfacet
  facet normal 0 0 -1
    outer loop
      vertex -63.6622 2.29466 0
      vertex -63.9331 4.73296 0
      vertex -63.6622 4.70627 0
    endloop
  endfacet
  facet normal 0 0 -1
    outer loop
      vertex -64.4035 2.36768 0
      vertex -63.9331 4.73296 0
      vertex -63.6622 2.29466 0
    endloop
  endfacet
  facet normal -0 0 -1
    outer loop
      vertex -63.9331 4.73296 0
      vertex -64.4035 2.36768 0
      vertex -64.1935 4.81195 0
    endloop
  endfacet
  facet normal 0 0 -1
    outer loop
      vertex -65.1164 2.58391 0
      vertex -64.1935 4.81195 0
      vertex -64.4035 2.36768 0
    endloop
  endfacet
  facet normal -0 0 -1
    outer loop
      vertex -64.1935 4.81195 0
      vertex -65.1164 2.58391 0
      vertex -64.4335 4.94022 0
    endloop
  endfacet
  facet normal 0 0 -1
    outer loop
      vertex -65.7733 2.93507 0
      vertex -64.4335 4.94022 0
      vertex -65.1164 2.58391 0
    endloop
  endfacet
  facet normal -0 0 -1
    outer loop
      vertex -64.4335 4.94022 0
      vertex -65.7733 2.93507 0
      vertex -64.6439 5.11293 0
    endloop
  endfacet
  facet normal 0 0 -1
    outer loop
      vertex -66.3492 3.40765 0
      vertex -64.6439 5.11293 0
      vertex -65.7733 2.93507 0
    endloop
  endfacet
  facet normal 0 0 -1
    outer loop
      vertex -66.8217 3.98349 0
      vertex -64.8166 5.32332 0
      vertex -66.3492 3.40765 0
    endloop
  endfacet
  facet normal -0 0 -1
    outer loop
      vertex -64.6439 5.11293 0
      vertex -66.3492 3.40765 0
      vertex -64.8166 5.32332 0
    endloop
  endfacet
  facet normal 0 0 1
    outer loop
      vertex 65.0506 6.09465 18
      vertex 67.4622 6.09465 18
      vertex 67.3891 6.836 18
    endloop
  endfacet
  facet normal 0 0 1
    outer loop
      vertex 65.0239 6.36554 18
      vertex 67.3891 6.836 18
      vertex 67.1729 7.54886 18
    endloop
  endfacet
  facet normal 0 0 1
    outer loop
      vertex 67.4622 6.09465 18
      vertex 65.0506 6.09465 18
      vertex 67.3891 5.35332 18
    endloop
  endfacet
  facet normal 0 0 1
    outer loop
      vertex 64.9449 6.62595 18
      vertex 67.1729 7.54886 18
      vertex 66.8217 8.20583 18
    endloop
  endfacet
  facet normal -0 0 1
    outer loop
      vertex 65.0239 5.82379 18
      vertex 67.3891 5.35332 18
      vertex 65.0506 6.09465 18
    endloop
  endfacet
  facet normal 0 0 1
    outer loop
      vertex 64.8166 6.866 18
      vertex 66.8217 8.20583 18
      vertex 66.3492 8.78166 18
    endloop
  endfacet
  facet normal 0 0 1
    outer loop
      vertex 67.3891 5.35332 18
      vertex 65.0239 5.82379 18
      vertex 67.1729 4.64046 18
    endloop
  endfacet
  facet normal 0 0 1
    outer loop
      vertex 64.6439 7.07639 18
      vertex 66.3492 8.78166 18
      vertex 65.7733 9.25424 18
    endloop
  endfacet
  facet normal -0 0 1
    outer loop
      vertex 64.9449 5.56337 18
      vertex 67.1729 4.64046 18
      vertex 65.0239 5.82379 18
    endloop
  endfacet
  facet normal 0 0 1
    outer loop
      vertex 64.4335 7.2491 18
      vertex 65.7733 9.25424 18
      vertex 65.1164 9.60541 18
    endloop
  endfacet
  facet normal 0 0 1
    outer loop
      vertex 67.1729 4.64046 18
      vertex 64.9449 5.56337 18
      vertex 66.8217 3.98349 18
    endloop
  endfacet
  facet normal -0 0 1
    outer loop
      vertex 64.8166 5.32332 18
      vertex 66.8217 3.98349 18
      vertex 64.9449 5.56337 18
    endloop
  endfacet
  facet normal 0 0 1
    outer loop
      vertex 67.3891 6.836 18
      vertex 65.0239 6.36554 18
      vertex 65.0506 6.09465 18
    endloop
  endfacet
  facet normal 0 0 1
    outer loop
      vertex 67.1729 7.54886 18
      vertex 64.9449 6.62595 18
      vertex 65.0239 6.36554 18
    endloop
  endfacet
  facet normal 0 0 1
    outer loop
      vertex 66.8217 8.20583 18
      vertex 64.8166 6.866 18
      vertex 64.9449 6.62595 18
    endloop
  endfacet
  facet normal 0 0 1
    outer loop
      vertex 66.3492 8.78166 18
      vertex 64.6439 7.07639 18
      vertex 64.8166 6.866 18
    endloop
  endfacet
  facet normal 0 0 1
    outer loop
      vertex 65.7733 9.25424 18
      vertex 64.4335 7.2491 18
      vertex 64.6439 7.07639 18
    endloop
  endfacet
  facet normal 0 0 1
    outer loop
      vertex 65.1164 9.60541 18
      vertex 64.1044 7.425 18
      vertex 64.4335 7.2491 18
    endloop
  endfacet
  facet normal 0 0 1
    outer loop
      vertex 42.8316 18.4606 18
      vertex 64.1044 7.425 18
      vertex 65.1164 9.60541 18
    endloop
  endfacet
  facet normal 0 0 1
    outer loop
      vertex 42.8316 18.4606 18
      vertex 42.0388 16.1931 18
      vertex 64.1044 7.425 18
    endloop
  endfacet
  facet normal 0 0 1
    outer loop
      vertex 41.517 16.3514 18
      vertex 42.8316 18.4606 18
      vertex 41.9874 18.7167 18
    endloop
  endfacet
  facet normal 0 0 1
    outer loop
      vertex 42.8316 18.4606 18
      vertex 41.517 16.3514 18
      vertex 42.0388 16.1931 18
    endloop
  endfacet
  facet normal 0 0 1
    outer loop
      vertex 41.1095 18.8031 18
      vertex 41.517 16.3514 18
      vertex 41.9874 18.7167 18
    endloop
  endfacet
  facet normal 0 0 1
    outer loop
      vertex 41.1095 18.8031 18
      vertex 41.1095 16.3915 18
      vertex 41.517 16.3514 18
    endloop
  endfacet
  facet normal 0 0 1
    outer loop
      vertex 41.1095 18.8031 18
      vertex 40.7021 16.3514 18
      vertex 41.1095 16.3915 18
    endloop
  endfacet
  facet normal -0 0 1
    outer loop
      vertex 40.2316 18.7167 18
      vertex 40.7021 16.3514 18
      vertex 41.1095 18.8031 18
    endloop
  endfacet
  facet normal -0 0 1
    outer loop
      vertex 39.3875 18.4606 18
      vertex 40.7021 16.3514 18
      vertex 40.2316 18.7167 18
    endloop
  endfacet
  facet normal 0 0 1
    outer loop
      vertex 40.7021 16.3514 18
      vertex 39.3875 18.4606 18
      vertex 40.2031 16.2 18
    endloop
  endfacet
  facet normal 0 0 1
    outer loop
      vertex 18.484 9.67091 18
      vertex 40.2031 16.2 18
      vertex 39.3875 18.4606 18
    endloop
  endfacet
  facet normal -0 0 1
    outer loop
      vertex 18.484 9.67091 18
      vertex 17.6488 6.71617 18
      vertex 40.2031 16.2 18
    endloop
  endfacet
  facet normal 0 0 1
    outer loop
      vertex 16.342 8.53976 18
      vertex 18.484 9.67091 18
      vertex 18.2471 10.0015 18
    endloop
  endfacet
  facet normal 0 0 1
    outer loop
      vertex 16.342 8.53976 18
      vertex 18.2471 10.0015 18
      vertex 17.2923 11.1649 18
    endloop
  endfacet
  facet normal 0 0 1
    outer loop
      vertex 15.487 9.58156 18
      vertex 17.2923 11.1649 18
      vertex 17.2168 11.2456 18
    endloop
  endfacet
  facet normal 0 0 1
    outer loop
      vertex 18.484 9.67091 18
      vertex 16.342 8.53976 18
      vertex 17.6488 6.71617 18
    endloop
  endfacet
  facet normal 0 0 1
    outer loop
      vertex 66.8217 3.98349 18
      vertex 64.8166 5.32332 18
      vertex 66.3492 3.40765 18
    endloop
  endfacet
  facet normal -0 0 1
    outer loop
      vertex 64.6439 5.11293 18
      vertex 66.3492 3.40765 18
      vertex 64.8166 5.32332 18
    endloop
  endfacet
  facet normal 0 0 1
    outer loop
      vertex 66.3492 3.40765 18
      vertex 64.6439 5.11293 18
      vertex 65.7733 2.93507 18
    endloop
  endfacet
  facet normal -0 0 1
    outer loop
      vertex 64.4335 4.94022 18
      vertex 65.7733 2.93507 18
      vertex 64.6439 5.11293 18
    endloop
  endfacet
  facet normal 0 0 1
    outer loop
      vertex 65.7733 2.93507 18
      vertex 64.4335 4.94022 18
      vertex 65.1164 2.58391 18
    endloop
  endfacet
  facet normal -0 0 1
    outer loop
      vertex 64.1935 4.81195 18
      vertex 65.1164 2.58391 18
      vertex 64.4335 4.94022 18
    endloop
  endfacet
  facet normal 0 0 1
    outer loop
      vertex 65.1164 2.58391 18
      vertex 64.1935 4.81195 18
      vertex 64.4035 2.36768 18
    endloop
  endfacet
  facet normal -0 0 1
    outer loop
      vertex 63.9331 4.73296 18
      vertex 64.4035 2.36768 18
      vertex 64.1935 4.81195 18
    endloop
  endfacet
  facet normal -0 0 1
    outer loop
      vertex 63.6622 4.70627 18
      vertex 64.4035 2.36768 18
      vertex 63.9331 4.73296 18
    endloop
  endfacet
  facet normal 0 0 1
    outer loop
      vertex 63.6622 4.70627 18
      vertex 63.6622 2.29466 18
      vertex 64.4035 2.36768 18
    endloop
  endfacet
  facet normal 0 0 1
    outer loop
      vertex 63.3913 4.73296 18
      vertex 63.6622 2.29466 18
      vertex 63.6622 4.70627 18
    endloop
  endfacet
  facet normal 0 0 1
    outer loop
      vertex 62.208 2.58391 18
      vertex 63.3913 4.73296 18
      vertex 62.9339 4.87169 18
    endloop
  endfacet
  facet normal 0 0 1
    outer loop
      vertex 63.3913 4.73296 18
      vertex 62.9208 2.36768 18
      vertex 63.6622 2.29466 18
    endloop
  endfacet
  facet normal 0 0 1
    outer loop
      vertex 63.3913 4.73296 18
      vertex 62.208 2.58391 18
      vertex 62.9208 2.36768 18
    endloop
  endfacet
  facet normal 0 0 1
    outer loop
      vertex 62.9339 4.87169 18
      vertex 41.4082 9.4761 18
      vertex 62.208 2.58391 18
    endloop
  endfacet
  facet normal 0 0 1
    outer loop
      vertex 41.2536 12.0557 18
      vertex 41.4082 9.4761 18
      vertex 62.9339 4.87169 18
    endloop
  endfacet
  facet normal 0 0 1
    outer loop
      vertex 41.2536 12.0557 18
      vertex 22.5325 0.596909 18
      vertex 41.4082 9.4761 18
    endloop
  endfacet
  facet normal 0 0 1
    outer loop
      vertex 22.8443 -1.41531 18
      vertex 20.4225 -1.31143 18
      vertex 20.6436 -3.55669 18
    endloop
  endfacet
  facet normal 0 0 1
    outer loop
      vertex 22.5581 0.487076 18
      vertex 20.2029 0.0187988 18
      vertex 20.4225 -1.31143 18
    endloop
  endfacet
  facet normal -0 0 1
    outer loop
      vertex 19.7544 1.9424 18
      vertex 22.5325 0.596909 18
      vertex 41.2536 12.0557 18
    endloop
  endfacet
  facet normal 0 0 1
    outer loop
      vertex 22.5325 0.596909 18
      vertex 19.7544 1.9424 18
      vertex 20.2029 0.0187988 18
    endloop
  endfacet
  facet normal 0 0 1
    outer loop
      vertex 61.5688 -27.0888 18
      vertex 63.9804 -27.0888 18
      vertex 63.9074 -26.3475 18
    endloop
  endfacet
  facet normal 0 0 1
    outer loop
      vertex 61.5421 -26.818 18
      vertex 63.9074 -26.3475 18
      vertex 63.6911 -25.6346 18
    endloop
  endfacet
  facet normal 0 0 1
    outer loop
      vertex 63.9804 -27.0888 18
      vertex 61.5688 -27.0888 18
      vertex 63.9074 -27.8302 18
    endloop
  endfacet
  facet normal 0 0 1
    outer loop
      vertex 61.4631 -26.5576 18
      vertex 63.6911 -25.6346 18
      vertex 63.34 -24.9777 18
    endloop
  endfacet
  facet normal -0 0 1
    outer loop
      vertex 61.5421 -27.3597 18
      vertex 63.9074 -27.8302 18
      vertex 61.5688 -27.0888 18
    endloop
  endfacet
  facet normal 0 0 1
    outer loop
      vertex 63.9074 -27.8302 18
      vertex 61.5421 -27.3597 18
      vertex 63.6911 -28.543 18
    endloop
  endfacet
  facet normal 0 0 1
    outer loop
      vertex 63.6911 -28.543 18
      vertex 61.4631 -27.6202 18
      vertex 63.34 -29.2 18
    endloop
  endfacet
  facet normal -0 0 1
    outer loop
      vertex 61.3348 -27.8602 18
      vertex 63.34 -29.2 18
      vertex 61.4631 -27.6202 18
    endloop
  endfacet
  facet normal -0 0 1
    outer loop
      vertex 61.4631 -27.6202 18
      vertex 63.6911 -28.543 18
      vertex 61.5421 -27.3597 18
    endloop
  endfacet
  facet normal 0 0 1
    outer loop
      vertex 63.9074 -26.3475 18
      vertex 61.5421 -26.818 18
      vertex 61.5688 -27.0888 18
    endloop
  endfacet
  facet normal 0 0 1
    outer loop
      vertex 63.6911 -25.6346 18
      vertex 61.4631 -26.5576 18
      vertex 61.5421 -26.818 18
    endloop
  endfacet
  facet normal 0 0 1
    outer loop
      vertex 63.34 -24.9777 18
      vertex 61.3244 -26.2981 18
      vertex 61.4631 -26.5576 18
    endloop
  endfacet
  facet normal 0 0 1
    outer loop
      vertex 48.4951 -6.2037 18
      vertex 61.3244 -26.2981 18
      vertex 63.34 -24.9777 18
    endloop
  endfacet
  facet normal 0 0 1
    outer loop
      vertex 46.2302 -7.22705 18
      vertex 48.4951 -6.2037 18
      vertex 47.9355 -5.52179 18
    endloop
  endfacet
  facet normal 0 0 1
    outer loop
      vertex 46.2302 -7.22705 18
      vertex 47.9355 -5.52179 18
      vertex 47.2535 -4.96216 18
    endloop
  endfacet
  facet normal 0 0 1
    outer loop
      vertex 48.4951 -6.2037 18
      vertex 46.6258 -7.70911 18
      vertex 61.3244 -26.2981 18
    endloop
  endfacet
  facet normal 0 0 1
    outer loop
      vertex 45.9137 -6.96736 18
      vertex 47.2535 -4.96216 18
      vertex 46.4756 -4.54631 18
    endloop
  endfacet
  facet normal 0 0 1
    outer loop
      vertex 48.4951 -6.2037 18
      vertex 46.2302 -7.22705 18
      vertex 46.6258 -7.70911 18
    endloop
  endfacet
  facet normal 0 0 1
    outer loop
      vertex 47.2535 -4.96216 18
      vertex 45.9137 -6.96736 18
      vertex 46.2302 -7.22705 18
    endloop
  endfacet
  facet normal 0 0 1
    outer loop
      vertex 45.5527 -6.77435 18
      vertex 46.4756 -4.54631 18
      vertex 45.6314 -4.29024 18
    endloop
  endfacet
  facet normal 0 0 1
    outer loop
      vertex 46.4756 -4.54631 18
      vertex 45.5527 -6.77435 18
      vertex 45.9137 -6.96736 18
    endloop
  endfacet
  facet normal 0 0 1
    outer loop
      vertex 45.6314 -4.29024 18
      vertex 45.1292 -6.6459 18
      vertex 45.5527 -6.77435 18
    endloop
  endfacet
  facet normal 0 0 1
    outer loop
      vertex 22.8443 -1.41531 18
      vertex 45.1292 -6.6459 18
      vertex 45.6314 -4.29024 18
    endloop
  endfacet
  facet normal 0 0 1
    outer loop
      vertex 20.4225 -1.31143 18
      vertex 22.8032 -0.997894 18
      vertex 22.5581 0.487076 18
    endloop
  endfacet
  facet normal 0 0 1
    outer loop
      vertex 20.2029 0.0187988 18
      vertex 22.5581 0.487076 18
      vertex 22.5325 0.596909 18
    endloop
  endfacet
  facet normal 0 0 1
    outer loop
      vertex 22.8443 -1.41531 18
      vertex 20.6436 -3.55669 18
      vertex 45.1292 -6.6459 18
    endloop
  endfacet
  facet normal -0 0 1
    outer loop
      vertex 20.4225 -1.31143 18
      vertex 22.8443 -1.41531 18
      vertex 22.8032 -0.997894 18
    endloop
  endfacet
  facet normal 0 0 1
    outer loop
      vertex 63.34 -29.2 18
      vertex 61.3348 -27.8602 18
      vertex 62.8674 -29.7758 18
    endloop
  endfacet
  facet normal -0 0 1
    outer loop
      vertex 61.1621 -28.0706 18
      vertex 62.8674 -29.7758 18
      vertex 61.3348 -27.8602 18
    endloop
  endfacet
  facet normal 0 0 1
    outer loop
      vertex 62.8674 -29.7758 18
      vertex 61.1621 -28.0706 18
      vertex 62.2915 -30.2484 18
    endloop
  endfacet
  facet normal -0 0 1
    outer loop
      vertex 60.9517 -28.2433 18
      vertex 62.2915 -30.2484 18
      vertex 61.1621 -28.0706 18
    endloop
  endfacet
  facet normal 0 0 1
    outer loop
      vertex 62.2915 -30.2484 18
      vertex 60.9517 -28.2433 18
      vertex 61.6346 -30.5996 18
    endloop
  endfacet
  facet normal -0 0 1
    outer loop
      vertex 60.7117 -28.3716 18
      vertex 61.6346 -30.5996 18
      vertex 60.9517 -28.2433 18
    endloop
  endfacet
  facet normal 0 0 1
    outer loop
      vertex 61.6346 -30.5996 18
      vertex 60.7117 -28.3716 18
      vertex 60.9217 -30.8158 18
    endloop
  endfacet
  facet normal -0 0 1
    outer loop
      vertex 60.4513 -28.4505 18
      vertex 60.9217 -30.8158 18
      vertex 60.7117 -28.3716 18
    endloop
  endfacet
  facet normal -0 0 1
    outer loop
      vertex 60.1804 -28.4772 18
      vertex 60.9217 -30.8158 18
      vertex 60.4513 -28.4505 18
    endloop
  endfacet
  facet normal 0 0 1
    outer loop
      vertex 60.1804 -28.4772 18
      vertex 60.1804 -30.8888 18
      vertex 60.9217 -30.8158 18
    endloop
  endfacet
  facet normal 0 0 1
    outer loop
      vertex 59.9095 -28.4505 18
      vertex 60.1804 -30.8888 18
      vertex 60.1804 -28.4772 18
    endloop
  endfacet
  facet normal 0 0 1
    outer loop
      vertex 59.439 -30.8158 18
      vertex 59.9095 -28.4505 18
      vertex 59.6491 -28.3716 18
    endloop
  endfacet
  facet normal 0 0 1
    outer loop
      vertex 59.9095 -28.4505 18
      vertex 59.439 -30.8158 18
      vertex 60.1804 -30.8888 18
    endloop
  endfacet
  facet normal 0 0 1
    outer loop
      vertex 58.7262 -30.5996 18
      vertex 59.6491 -28.3716 18
      vertex 59.409 -28.2433 18
    endloop
  endfacet
  facet normal 0 0 1
    outer loop
      vertex 57.4934 -29.7758 18
      vertex 59.409 -28.2433 18
      vertex 59.1612 -28.0398 18
    endloop
  endfacet
  facet normal 0 0 1
    outer loop
      vertex 59.6491 -28.3716 18
      vertex 58.7262 -30.5996 18
      vertex 59.439 -30.8158 18
    endloop
  endfacet
  facet normal 0 0 1
    outer loop
      vertex 59.409 -28.2433 18
      vertex 58.0692 -30.2484 18
      vertex 58.7262 -30.5996 18
    endloop
  endfacet
  facet normal 0 0 1
    outer loop
      vertex 59.409 -28.2433 18
      vertex 57.4934 -29.7758 18
      vertex 58.0692 -30.2484 18
    endloop
  endfacet
  facet normal -0 0 1
    outer loop
      vertex 42.5819 -13.021 18
      vertex 59.1612 -28.0398 18
      vertex 43.7378 -10.7098 18
    endloop
  endfacet
  facet normal 0 0 1
    outer loop
      vertex 59.1612 -28.0398 18
      vertex 42.5819 -13.021 18
      vertex 57.4934 -29.7758 18
    endloop
  endfacet
  facet normal 0 0 1
    outer loop
      vertex 43.7378 -10.7098 18
      vertex 21.8157 -11.2734 18
      vertex 42.5819 -13.021 18
    endloop
  endfacet
  facet normal 0 0 1
    outer loop
      vertex 19.5055 -10.6213 18
      vertex 21.7794 -11.3931 18
      vertex 21.8157 -11.2734 18
    endloop
  endfacet
  facet normal 0 0 1
    outer loop
      vertex 21.7794 -11.3931 18
      vertex 19.5055 -10.6213 18
      vertex 21.2492 -12.8017 18
    endloop
  endfacet
  facet normal -0 0 1
    outer loop
      vertex 19.5055 -10.6213 18
      vertex 21.8157 -11.2734 18
      vertex 20.0824 -8.71906 18
    endloop
  endfacet
  facet normal 0 0 1
    outer loop
      vertex 20.0824 -8.71906 18
      vertex 21.8157 -11.2734 18
      vertex 43.7378 -10.7098 18
    endloop
  endfacet
  facet normal 0 0 1
    outer loop
      vertex 41.4984 -50.6213 18
      vertex 43.91 -50.6213 18
      vertex 43.837 -49.8799 18
    endloop
  endfacet
  facet normal 0 0 1
    outer loop
      vertex 43.91 -50.6213 18
      vertex 41.4984 -50.6213 18
      vertex 43.837 -51.3626 18
    endloop
  endfacet
  facet normal 0 0 1
    outer loop
      vertex 43.837 -51.3626 18
      vertex 41.4717 -50.8921 18
      vertex 43.6207 -52.0755 18
    endloop
  endfacet
  facet normal -0 0 1
    outer loop
      vertex 41.3927 -51.1526 18
      vertex 43.6207 -52.0755 18
      vertex 41.4717 -50.8921 18
    endloop
  endfacet
  facet normal -0 0 1
    outer loop
      vertex 41.2644 -51.3926 18
      vertex 43.2696 -52.7324 18
      vertex 41.3927 -51.1526 18
    endloop
  endfacet
  facet normal 0 0 1
    outer loop
      vertex 43.2696 -52.7324 18
      vertex 41.2644 -51.3926 18
      vertex 42.797 -53.3083 18
    endloop
  endfacet
  facet normal 0 0 1
    outer loop
      vertex 43.837 -51.3626 18
      vertex 41.4984 -50.6213 18
      vertex 41.4717 -50.8921 18
    endloop
  endfacet
  facet normal 0 0 1
    outer loop
      vertex 43.837 -49.8799 18
      vertex 41.462 -50.2519 18
      vertex 41.4984 -50.6213 18
    endloop
  endfacet
  facet normal 0 0 1
    outer loop
      vertex 39.2013 -28.3969 18
      vertex 41.462 -50.2519 18
      vertex 43.837 -49.8799 18
    endloop
  endfacet
  facet normal 0 0 1
    outer loop
      vertex 36.7171 -28.4755 18
      vertex 39.2013 -28.3969 18
      vertex 38.9452 -27.5527 18
    endloop
  endfacet
  facet normal 0 0 1
    outer loop
      vertex 36.7171 -28.4755 18
      vertex 38.9452 -27.5527 18
      vertex 38.5293 -26.7747 18
    endloop
  endfacet
  facet normal 0 0 1
    outer loop
      vertex 36.5242 -28.1145 18
      vertex 38.5293 -26.7747 18
      vertex 37.9697 -26.0928 18
    endloop
  endfacet
  facet normal 0 0 1
    outer loop
      vertex 36.2644 -27.798 18
      vertex 37.9697 -26.0928 18
      vertex 37.2878 -25.5331 18
    endloop
  endfacet
  facet normal 0 0 1
    outer loop
      vertex 39.2013 -28.3969 18
      vertex 36.876 -28.9993 18
      vertex 41.462 -50.2519 18
    endloop
  endfacet
  facet normal 0 0 1
    outer loop
      vertex 39.2013 -28.3969 18
      vertex 36.7171 -28.4755 18
      vertex 36.876 -28.9993 18
    endloop
  endfacet
  facet normal 0 0 1
    outer loop
      vertex 38.5293 -26.7747 18
      vertex 36.5242 -28.1145 18
      vertex 36.7171 -28.4755 18
    endloop
  endfacet
  facet normal 0 0 1
    outer loop
      vertex 37.9697 -26.0928 18
      vertex 36.2644 -27.798 18
      vertex 36.5242 -28.1145 18
    endloop
  endfacet
  facet normal 0 0 1
    outer loop
      vertex 37.2878 -25.5331 18
      vertex 35.7989 -27.4159 18
      vertex 36.2644 -27.798 18
    endloop
  endfacet
  facet normal 0 0 1
    outer loop
      vertex 21.0763 -13.1834 18
      vertex 35.7989 -27.4159 18
      vertex 37.2878 -25.5331 18
    endloop
  endfacet
  facet normal 0 0 1
    outer loop
      vertex 21.2492 -12.8017 18
      vertex 19.5055 -10.6213 18
      vertex 19.0308 -11.8826 18
    endloop
  endfacet
  facet normal 0 0 1
    outer loop
      vertex 21.2492 -12.8017 18
      vertex 19.0308 -11.8826 18
      vertex 21.0763 -13.1834 18
    endloop
  endfacet
  facet normal 0 0 1
    outer loop
      vertex 18.1013 -13.9341 18
      vertex 21.0763 -13.1834 18
      vertex 19.0308 -11.8826 18
    endloop
  endfacet
  facet normal 0 0 1
    outer loop
      vertex 21.0763 -13.1834 18
      vertex 18.1013 -13.9341 18
      vertex 35.7989 -27.4159 18
    endloop
  endfacet
  facet normal 0 0 1
    outer loop
      vertex 43.6207 -52.0755 18
      vertex 41.3927 -51.1526 18
      vertex 43.2696 -52.7324 18
    endloop
  endfacet
  facet normal -0 0 1
    outer loop
      vertex 41.0917 -51.603 18
      vertex 42.797 -53.3083 18
      vertex 41.2644 -51.3926 18
    endloop
  endfacet
  facet normal 0 0 1
    outer loop
      vertex 42.797 -53.3083 18
      vertex 41.0917 -51.603 18
      vertex 42.2212 -53.7809 18
    endloop
  endfacet
  facet normal -0 0 1
    outer loop
      vertex 40.8813 -51.7757 18
      vertex 42.2212 -53.7809 18
      vertex 41.0917 -51.603 18
    endloop
  endfacet
  facet normal 0 0 1
    outer loop
      vertex 42.2212 -53.7809 18
      vertex 40.8813 -51.7757 18
      vertex 41.5642 -54.132 18
    endloop
  endfacet
  facet normal -0 0 1
    outer loop
      vertex 40.6413 -51.904 18
      vertex 41.5642 -54.132 18
      vertex 40.8813 -51.7757 18
    endloop
  endfacet
  facet normal 0 0 1
    outer loop
      vertex 41.5642 -54.132 18
      vertex 40.6413 -51.904 18
      vertex 40.8513 -54.3483 18
    endloop
  endfacet
  facet normal -0 0 1
    outer loop
      vertex 40.3809 -51.983 18
      vertex 40.8513 -54.3483 18
      vertex 40.6413 -51.904 18
    endloop
  endfacet
  facet normal -0 0 1
    outer loop
      vertex 40.11 -52.0097 18
      vertex 40.8513 -54.3483 18
      vertex 40.3809 -51.983 18
    endloop
  endfacet
  facet normal 0 0 1
    outer loop
      vertex 40.11 -52.0097 18
      vertex 40.11 -54.4213 18
      vertex 40.8513 -54.3483 18
    endloop
  endfacet
  facet normal 0 0 1
    outer loop
      vertex 39.8391 -51.983 18
      vertex 40.11 -54.4213 18
      vertex 40.11 -52.0097 18
    endloop
  endfacet
  facet normal 0 0 1
    outer loop
      vertex 39.3687 -54.3483 18
      vertex 39.8391 -51.983 18
      vertex 39.5787 -51.904 18
    endloop
  endfacet
  facet normal 0 0 1
    outer loop
      vertex 39.8391 -51.983 18
      vertex 39.3687 -54.3483 18
      vertex 40.11 -54.4213 18
    endloop
  endfacet
  facet normal 0 0 1
    outer loop
      vertex 38.6558 -54.132 18
      vertex 39.5787 -51.904 18
      vertex 39.3387 -51.7757 18
    endloop
  endfacet
  facet normal 0 0 1
    outer loop
      vertex 37.9988 -53.7809 18
      vertex 39.3387 -51.7757 18
      vertex 39.1283 -51.603 18
    endloop
  endfacet
  facet normal 0 0 1
    outer loop
      vertex 37.423 -53.3083 18
      vertex 39.1283 -51.603 18
      vertex 38.9556 -51.3926 18
    endloop
  endfacet
  facet normal 0 0 1
    outer loop
      vertex 36.9504 -52.7324 18
      vertex 38.9556 -51.3926 18
      vertex 38.8273 -51.1526 18
    endloop
  endfacet
  facet normal 0 0 1
    outer loop
      vertex 36.383 -51.3626 18
      vertex 38.8273 -51.1526 18
      vertex 38.6862 -50.6873 18
    endloop
  endfacet
  facet normal 0 0 1
    outer loop
      vertex 39.5787 -51.904 18
      vertex 38.6558 -54.132 18
      vertex 39.3687 -54.3483 18
    endloop
  endfacet
  facet normal 0 0 1
    outer loop
      vertex 39.3387 -51.7757 18
      vertex 37.9988 -53.7809 18
      vertex 38.6558 -54.132 18
    endloop
  endfacet
  facet normal 0 0 1
    outer loop
      vertex 39.1283 -51.603 18
      vertex 37.423 -53.3083 18
      vertex 37.9988 -53.7809 18
    endloop
  endfacet
  facet normal 0 0 1
    outer loop
      vertex 38.9556 -51.3926 18
      vertex 36.9504 -52.7324 18
      vertex 37.423 -53.3083 18
    endloop
  endfacet
  facet normal 0 0 1
    outer loop
      vertex 38.8273 -51.1526 18
      vertex 36.5993 -52.0755 18
      vertex 36.9504 -52.7324 18
    endloop
  endfacet
  facet normal 0 0 1
    outer loop
      vertex 38.8273 -51.1526 18
      vertex 36.383 -51.3626 18
      vertex 36.5993 -52.0755 18
    endloop
  endfacet
  facet normal -0 0 1
    outer loop
      vertex 30.9165 -32.067 18
      vertex 38.6862 -50.6873 18
      vertex 32.9909 -30.5841 18
    endloop
  endfacet
  facet normal 0 0 1
    outer loop
      vertex 38.6862 -50.6873 18
      vertex 30.9165 -32.067 18
      vertex 36.383 -51.3626 18
    endloop
  endfacet
  facet normal 0 0 1
    outer loop
      vertex 32.9909 -30.5841 18
      vertex 15.2456 -21.2168 18
      vertex 30.9165 -32.067 18
    endloop
  endfacet
  facet normal 0 0 1
    outer loop
      vertex 15.019 -18.1408 18
      vertex 15.2456 -21.2168 18
      vertex 32.9909 -30.5841 18
    endloop
  endfacet
  facet normal -0 0 1
    outer loop
      vertex 13.5816 -19.487 18
      vertex 15.2456 -21.2168 18
      vertex 15.019 -18.1408 18
    endloop
  endfacet
  facet normal 0 0 1
    outer loop
      vertex 15.2456 -21.2168 18
      vertex 13.5816 -19.487 18
      vertex 15.1649 -21.2923 18
    endloop
  endfacet
  facet normal 0 0 1
    outer loop
      vertex 15.1649 -21.2923 18
      vertex 13.5816 -19.487 18
      vertex 14.0015 -22.2471 18
    endloop
  endfacet
  facet normal -0 0 1
    outer loop
      vertex 12.5398 -20.342 18
      vertex 14.0015 -22.2471 18
      vertex 13.5816 -19.487 18
    endloop
  endfacet
  facet normal 0 0 1
    outer loop
      vertex 14.0015 -22.2471 18
      vertex 12.5398 -20.342 18
      vertex 12.7781 -23.1238 18
    endloop
  endfacet
  facet normal -0 0 1
    outer loop
      vertex 11.444 -21.1272 18
      vertex 12.7781 -23.1238 18
      vertex 12.5398 -20.342 18
    endloop
  endfacet
  facet normal 0 0 1
    outer loop
      vertex 12.7781 -23.1238 18
      vertex 11.444 -21.1272 18
      vertex 11.5 -23.9186 18
    endloop
  endfacet
  facet normal -0 0 1
    outer loop
      vertex 10.2993 -21.8391 18
      vertex 11.5 -23.9186 18
      vertex 11.444 -21.1272 18
    endloop
  endfacet
  facet normal 0 0 1
    outer loop
      vertex 10.2993 -21.8391 18
      vertex 10.1726 -24.6281 18
      vertex 11.5 -23.9186 18
    endloop
  endfacet
  facet normal -0 0 1
    outer loop
      vertex 9.11073 -22.4743 18
      vertex 10.1726 -24.6281 18
      vertex 10.2993 -21.8391 18
    endloop
  endfacet
  facet normal 0 0 1
    outer loop
      vertex 9.11073 -22.4743 18
      vertex 8.80171 -25.2492 18
      vertex 10.1726 -24.6281 18
    endloop
  endfacet
  facet normal -0 0 1
    outer loop
      vertex 7.88263 -23.0308 18
      vertex 8.80171 -25.2492 18
      vertex 9.11073 -22.4743 18
    endloop
  endfacet
  facet normal 0 0 1
    outer loop
      vertex 7.88263 -23.0308 18
      vertex 7.3931 -25.7794 18
      vertex 8.80171 -25.2492 18
    endloop
  endfacet
  facet normal -0 0 1
    outer loop
      vertex 6.62137 -23.5055 18
      vertex 7.3931 -25.7794 18
      vertex 7.88263 -23.0308 18
    endloop
  endfacet
  facet normal 0 0 1
    outer loop
      vertex 6.62137 -23.5055 18
      vertex 5.95284 -26.2163 18
      vertex 7.3931 -25.7794 18
    endloop
  endfacet
  facet normal -0 0 1
    outer loop
      vertex 5.33134 -23.8968 18
      vertex 5.95284 -26.2163 18
      vertex 6.62137 -23.5055 18
    endloop
  endfacet
  facet normal 0 0 1
    outer loop
      vertex 5.33134 -23.8968 18
      vertex 4.48708 -26.5581 18
      vertex 5.95284 -26.2163 18
    endloop
  endfacet
  facet normal -0 0 1
    outer loop
      vertex 4.01857 -24.2029 18
      vertex 4.48708 -26.5581 18
      vertex 5.33134 -23.8968 18
    endloop
  endfacet
  facet normal 0 0 1
    outer loop
      vertex 4.01857 -24.2029 18
      vertex 3.00209 -26.8032 18
      vertex 4.48708 -26.5581 18
    endloop
  endfacet
  facet normal -0 0 1
    outer loop
      vertex 2.68861 -24.4225 18
      vertex 3.00209 -26.8032 18
      vertex 4.01857 -24.2029 18
    endloop
  endfacet
  facet normal 0 0 1
    outer loop
      vertex 2.68861 -24.4225 18
      vertex 1.50426 -26.9507 18
      vertex 3.00209 -26.8032 18
    endloop
  endfacet
  facet normal -0 0 1
    outer loop
      vertex 1.34715 -24.5546 18
      vertex 1.50426 -26.9507 18
      vertex 2.68861 -24.4225 18
    endloop
  endfacet
  facet normal -0 0 1
    outer loop
      vertex 0 -24.5987 18
      vertex 1.50426 -26.9507 18
      vertex 1.34715 -24.5546 18
    endloop
  endfacet
  facet normal 0 0 1
    outer loop
      vertex 0 -24.5987 18
      vertex 0 -27 18
      vertex 1.50426 -26.9507 18
    endloop
  endfacet
  facet normal 0 0 1
    outer loop
      vertex -1.34715 -24.5546 18
      vertex 0 -27 18
      vertex 0 -24.5987 18
    endloop
  endfacet
  facet normal 0 0 1
    outer loop
      vertex -1.34715 -24.5546 18
      vertex -1.50426 -26.9507 18
      vertex 0 -27 18
    endloop
  endfacet
  facet normal 0 0 1
    outer loop
      vertex -2.68861 -24.4225 18
      vertex -1.50426 -26.9507 18
      vertex -1.34715 -24.5546 18
    endloop
  endfacet
  facet normal 0 0 1
    outer loop
      vertex -2.68861 -24.4225 18
      vertex -3.00209 -26.8032 18
      vertex -1.50426 -26.9507 18
    endloop
  endfacet
  facet normal 0 0 1
    outer loop
      vertex -4.01857 -24.2029 18
      vertex -3.00209 -26.8032 18
      vertex -2.68861 -24.4225 18
    endloop
  endfacet
  facet normal 0 0 1
    outer loop
      vertex -4.01857 -24.2029 18
      vertex -4.48708 -26.5581 18
      vertex -3.00209 -26.8032 18
    endloop
  endfacet
  facet normal 0 0 1
    outer loop
      vertex -5.33134 -23.8968 18
      vertex -4.48708 -26.5581 18
      vertex -4.01857 -24.2029 18
    endloop
  endfacet
  facet normal 0 0 1
    outer loop
      vertex -5.33134 -23.8968 18
      vertex -5.95284 -26.2163 18
      vertex -4.48708 -26.5581 18
    endloop
  endfacet
  facet normal 0 0 1
    outer loop
      vertex -6.62137 -23.5055 18
      vertex -5.95284 -26.2163 18
      vertex -5.33134 -23.8968 18
    endloop
  endfacet
  facet normal 0 0 1
    outer loop
      vertex -6.62137 -23.5055 18
      vertex -7.3931 -25.7794 18
      vertex -5.95284 -26.2163 18
    endloop
  endfacet
  facet normal 0 0 1
    outer loop
      vertex -7.88263 -23.0308 18
      vertex -7.3931 -25.7794 18
      vertex -6.62137 -23.5055 18
    endloop
  endfacet
  facet normal 0 0 1
    outer loop
      vertex -7.88263 -23.0308 18
      vertex -8.80171 -25.2492 18
      vertex -7.3931 -25.7794 18
    endloop
  endfacet
  facet normal 0 0 1
    outer loop
      vertex -9.11073 -22.4743 18
      vertex -8.80171 -25.2492 18
      vertex -7.88263 -23.0308 18
    endloop
  endfacet
  facet normal 0 0 1
    outer loop
      vertex -9.11073 -22.4743 18
      vertex -10.1726 -24.6281 18
      vertex -8.80171 -25.2492 18
    endloop
  endfacet
  facet normal 0 0 1
    outer loop
      vertex -10.2993 -21.8391 18
      vertex -10.1726 -24.6281 18
      vertex -9.11073 -22.4743 18
    endloop
  endfacet
  facet normal 0 0 1
    outer loop
      vertex -11.5 -23.9186 18
      vertex -10.2993 -21.8391 18
      vertex -11.444 -21.1272 18
    endloop
  endfacet
  facet normal 0 0 1
    outer loop
      vertex -10.2993 -21.8391 18
      vertex -11.5 -23.9186 18
      vertex -10.1726 -24.6281 18
    endloop
  endfacet
  facet normal 0 0 1
    outer loop
      vertex -12.7781 -23.1238 18
      vertex -11.444 -21.1272 18
      vertex -12.5398 -20.342 18
    endloop
  endfacet
  facet normal 0 0 1
    outer loop
      vertex -11.444 -21.1272 18
      vertex -12.7781 -23.1238 18
      vertex -11.5 -23.9186 18
    endloop
  endfacet
  facet normal 0 0 1
    outer loop
      vertex -14.0015 -22.2471 18
      vertex -12.5398 -20.342 18
      vertex -13.5816 -19.487 18
    endloop
  endfacet
  facet normal 0 0 1
    outer loop
      vertex -12.5398 -20.342 18
      vertex -14.0015 -22.2471 18
      vertex -12.7781 -23.1238 18
    endloop
  endfacet
  facet normal 0 0 1
    outer loop
      vertex -15.2456 -21.2168 18
      vertex -13.5816 -19.487 18
      vertex -15.019 -18.1408 18
    endloop
  endfacet
  facet normal 0 0 1
    outer loop
      vertex -13.5816 -19.487 18
      vertex -15.1649 -21.2923 18
      vertex -14.0015 -22.2471 18
    endloop
  endfacet
  facet normal 0 0 1
    outer loop
      vertex -13.5816 -19.487 18
      vertex -15.2456 -21.2168 18
      vertex -15.1649 -21.2923 18
    endloop
  endfacet
  facet normal 0 0 1
    outer loop
      vertex -32.9909 -30.5841 18
      vertex -15.2456 -21.2168 18
      vertex -15.019 -18.1408 18
    endloop
  endfacet
  facet normal 0 0 1
    outer loop
      vertex -15.2456 -21.2168 18
      vertex -32.9909 -30.5841 18
      vertex -30.9165 -32.067 18
    endloop
  endfacet
  facet normal 0 0 1
    outer loop
      vertex -38.6862 -50.6873 18
      vertex -30.9165 -32.067 18
      vertex -32.9909 -30.5841 18
    endloop
  endfacet
  facet normal 0 0 1
    outer loop
      vertex -30.9165 -32.067 18
      vertex -38.6862 -50.6873 18
      vertex -36.383 -51.3626 18
    endloop
  endfacet
  facet normal -0 0 1
    outer loop
      vertex -38.8273 -51.1526 18
      vertex -36.383 -51.3626 18
      vertex -38.6862 -50.6873 18
    endloop
  endfacet
  facet normal 0 0 1
    outer loop
      vertex -36.383 -51.3626 18
      vertex -38.8273 -51.1526 18
      vertex -36.5993 -52.0755 18
    endloop
  endfacet
  facet normal 0 0 1
    outer loop
      vertex -36.5993 -52.0755 18
      vertex -38.8273 -51.1526 18
      vertex -36.9504 -52.7324 18
    endloop
  endfacet
  facet normal -0 0 1
    outer loop
      vertex -38.9556 -51.3926 18
      vertex -36.9504 -52.7324 18
      vertex -38.8273 -51.1526 18
    endloop
  endfacet
  facet normal 0 0 1
    outer loop
      vertex -36.9504 -52.7324 18
      vertex -38.9556 -51.3926 18
      vertex -37.423 -53.3083 18
    endloop
  endfacet
  facet normal -0 0 1
    outer loop
      vertex -39.1283 -51.603 18
      vertex -37.423 -53.3083 18
      vertex -38.9556 -51.3926 18
    endloop
  endfacet
  facet normal 0 0 1
    outer loop
      vertex -37.423 -53.3083 18
      vertex -39.1283 -51.603 18
      vertex -37.9988 -53.7809 18
    endloop
  endfacet
  facet normal -0 0 1
    outer loop
      vertex -39.3387 -51.7757 18
      vertex -37.9988 -53.7809 18
      vertex -39.1283 -51.603 18
    endloop
  endfacet
  facet normal 0 0 1
    outer loop
      vertex -37.9988 -53.7809 18
      vertex -39.3387 -51.7757 18
      vertex -38.6558 -54.132 18
    endloop
  endfacet
  facet normal -0 0 1
    outer loop
      vertex -39.5787 -51.904 18
      vertex -38.6558 -54.132 18
      vertex -39.3387 -51.7757 18
    endloop
  endfacet
  facet normal 0 0 1
    outer loop
      vertex -38.6558 -54.132 18
      vertex -39.5787 -51.904 18
      vertex -39.3687 -54.3483 18
    endloop
  endfacet
  facet normal -0 0 1
    outer loop
      vertex -39.8391 -51.983 18
      vertex -39.3687 -54.3483 18
      vertex -39.5787 -51.904 18
    endloop
  endfacet
  facet normal -0 0 1
    outer loop
      vertex -40.11 -52.0097 18
      vertex -39.3687 -54.3483 18
      vertex -39.8391 -51.983 18
    endloop
  endfacet
  facet normal 0 0 1
    outer loop
      vertex -40.11 -52.0097 18
      vertex -40.11 -54.4213 18
      vertex -39.3687 -54.3483 18
    endloop
  endfacet
  facet normal 0 0 1
    outer loop
      vertex -40.3809 -51.983 18
      vertex -40.11 -54.4213 18
      vertex -40.11 -52.0097 18
    endloop
  endfacet
  facet normal 0 0 1
    outer loop
      vertex -40.8513 -54.3483 18
      vertex -40.3809 -51.983 18
      vertex -40.6413 -51.904 18
    endloop
  endfacet
  facet normal 0 0 1
    outer loop
      vertex -40.3809 -51.983 18
      vertex -40.8513 -54.3483 18
      vertex -40.11 -54.4213 18
    endloop
  endfacet
  facet normal 0 0 1
    outer loop
      vertex -41.5642 -54.132 18
      vertex -40.6413 -51.904 18
      vertex -40.8813 -51.7757 18
    endloop
  endfacet
  facet normal 0 0 1
    outer loop
      vertex -42.2212 -53.7809 18
      vertex -40.8813 -51.7757 18
      vertex -41.0917 -51.603 18
    endloop
  endfacet
  facet normal 0 0 1
    outer loop
      vertex -42.797 -53.3083 18
      vertex -41.0917 -51.603 18
      vertex -41.2644 -51.3926 18
    endloop
  endfacet
  facet normal 0 0 1
    outer loop
      vertex -43.2696 -52.7324 18
      vertex -41.2644 -51.3926 18
      vertex -41.3927 -51.1526 18
    endloop
  endfacet
  facet normal 0 0 1
    outer loop
      vertex -43.6207 -52.0755 18
      vertex -41.3927 -51.1526 18
      vertex -41.4717 -50.8921 18
    endloop
  endfacet
  facet normal 0 0 1
    outer loop
      vertex -40.6413 -51.904 18
      vertex -41.5642 -54.132 18
      vertex -40.8513 -54.3483 18
    endloop
  endfacet
  facet normal 0 0 1
    outer loop
      vertex -43.837 -51.3626 18
      vertex -41.4717 -50.8921 18
      vertex -41.4984 -50.6213 18
    endloop
  endfacet
  facet normal 0 0 1
    outer loop
      vertex -19.0308 -11.8826 18
      vertex -21.2492 -12.8017 18
      vertex -21.0763 -13.1834 18
    endloop
  endfacet
  facet normal 0 0 1
    outer loop
      vertex -19.5055 -10.6213 18
      vertex -21.7794 -11.3931 18
      vertex -21.2492 -12.8017 18
    endloop
  endfacet
  facet normal 0 0 1
    outer loop
      vertex -19.5055 -10.6213 18
      vertex -21.8157 -11.2734 18
      vertex -21.7794 -11.3931 18
    endloop
  endfacet
  facet normal -0 0 1
    outer loop
      vertex -43.7378 -10.7098 18
      vertex -21.8157 -11.2734 18
      vertex -20.0824 -8.71906 18
    endloop
  endfacet
  facet normal 0 0 1
    outer loop
      vertex -21.8157 -11.2734 18
      vertex -43.7378 -10.7098 18
      vertex -42.5819 -13.021 18
    endloop
  endfacet
  facet normal 0 0 1
    outer loop
      vertex -59.1612 -28.0398 18
      vertex -42.5819 -13.021 18
      vertex -43.7378 -10.7098 18
    endloop
  endfacet
  facet normal 0 0 1
    outer loop
      vertex -42.5819 -13.021 18
      vertex -59.1612 -28.0398 18
      vertex -57.4934 -29.7758 18
    endloop
  endfacet
  facet normal -0 0 1
    outer loop
      vertex -59.409 -28.2433 18
      vertex -57.4934 -29.7758 18
      vertex -59.1612 -28.0398 18
    endloop
  endfacet
  facet normal 0 0 1
    outer loop
      vertex -57.4934 -29.7758 18
      vertex -59.409 -28.2433 18
      vertex -58.0692 -30.2484 18
    endloop
  endfacet
  facet normal 0 0 1
    outer loop
      vertex -58.0692 -30.2484 18
      vertex -59.409 -28.2433 18
      vertex -58.7262 -30.5996 18
    endloop
  endfacet
  facet normal -0 0 1
    outer loop
      vertex -59.6491 -28.3716 18
      vertex -58.7262 -30.5996 18
      vertex -59.409 -28.2433 18
    endloop
  endfacet
  facet normal 0 0 1
    outer loop
      vertex -58.7262 -30.5996 18
      vertex -59.6491 -28.3716 18
      vertex -59.439 -30.8158 18
    endloop
  endfacet
  facet normal -0 0 1
    outer loop
      vertex -59.9095 -28.4505 18
      vertex -59.439 -30.8158 18
      vertex -59.6491 -28.3716 18
    endloop
  endfacet
  facet normal -0 0 1
    outer loop
      vertex -60.1804 -28.4772 18
      vertex -59.439 -30.8158 18
      vertex -59.9095 -28.4505 18
    endloop
  endfacet
  facet normal 0 0 1
    outer loop
      vertex -60.1804 -28.4772 18
      vertex -60.1804 -30.8888 18
      vertex -59.439 -30.8158 18
    endloop
  endfacet
  facet normal 0 0 1
    outer loop
      vertex -60.4513 -28.4505 18
      vertex -60.1804 -30.8888 18
      vertex -60.1804 -28.4772 18
    endloop
  endfacet
  facet normal 0 0 1
    outer loop
      vertex -60.9217 -30.8158 18
      vertex -60.4513 -28.4505 18
      vertex -60.7117 -28.3716 18
    endloop
  endfacet
  facet normal 0 0 1
    outer loop
      vertex -60.4513 -28.4505 18
      vertex -60.9217 -30.8158 18
      vertex -60.1804 -30.8888 18
    endloop
  endfacet
  facet normal 0 0 1
    outer loop
      vertex -61.6346 -30.5996 18
      vertex -60.7117 -28.3716 18
      vertex -60.9517 -28.2433 18
    endloop
  endfacet
  facet normal 0 0 1
    outer loop
      vertex -62.2915 -30.2484 18
      vertex -60.9517 -28.2433 18
      vertex -61.1621 -28.0706 18
    endloop
  endfacet
  facet normal 0 0 1
    outer loop
      vertex -62.8674 -29.7758 18
      vertex -61.1621 -28.0706 18
      vertex -61.3348 -27.8602 18
    endloop
  endfacet
  facet normal 0 0 1
    outer loop
      vertex -63.34 -29.2 18
      vertex -61.3348 -27.8602 18
      vertex -61.4631 -27.6202 18
    endloop
  endfacet
  facet normal 0 0 1
    outer loop
      vertex -63.6911 -28.543 18
      vertex -61.4631 -27.6202 18
      vertex -61.5421 -27.3597 18
    endloop
  endfacet
  facet normal 0 0 1
    outer loop
      vertex -60.7117 -28.3716 18
      vertex -61.6346 -30.5996 18
      vertex -60.9217 -30.8158 18
    endloop
  endfacet
  facet normal 0 0 1
    outer loop
      vertex -63.9074 -27.8302 18
      vertex -61.5421 -27.3597 18
      vertex -61.5688 -27.0888 18
    endloop
  endfacet
  facet normal 0 0 1
    outer loop
      vertex -21.8157 -11.2734 18
      vertex -19.5055 -10.6213 18
      vertex -20.0824 -8.71906 18
    endloop
  endfacet
  facet normal 0 0 1
    outer loop
      vertex -21.2492 -12.8017 18
      vertex -19.0308 -11.8826 18
      vertex -19.5055 -10.6213 18
    endloop
  endfacet
  facet normal -0 0 1
    outer loop
      vertex -21.0763 -13.1834 18
      vertex -18.1013 -13.9341 18
      vertex -19.0308 -11.8826 18
    endloop
  endfacet
  facet normal 0 0 1
    outer loop
      vertex -21.0763 -13.1834 18
      vertex -35.7989 -27.4159 18
      vertex -18.1013 -13.9341 18
    endloop
  endfacet
  facet normal -0 0 1
    outer loop
      vertex -37.2878 -25.5331 18
      vertex -35.7989 -27.4159 18
      vertex -21.0763 -13.1834 18
    endloop
  endfacet
  facet normal 0 0 1
    outer loop
      vertex -35.7989 -27.4159 18
      vertex -37.2878 -25.5331 18
      vertex -36.2644 -27.798 18
    endloop
  endfacet
  facet normal -0 0 1
    outer loop
      vertex -37.9697 -26.0928 18
      vertex -36.2644 -27.798 18
      vertex -37.2878 -25.5331 18
    endloop
  endfacet
  facet normal 0 0 1
    outer loop
      vertex -36.2644 -27.798 18
      vertex -37.9697 -26.0928 18
      vertex -36.5242 -28.1145 18
    endloop
  endfacet
  facet normal -0 0 1
    outer loop
      vertex -38.5293 -26.7747 18
      vertex -36.5242 -28.1145 18
      vertex -37.9697 -26.0928 18
    endloop
  endfacet
  facet normal 0 0 1
    outer loop
      vertex -36.5242 -28.1145 18
      vertex -38.5293 -26.7747 18
      vertex -36.7171 -28.4755 18
    endloop
  endfacet
  facet normal -0 0 1
    outer loop
      vertex -38.9452 -27.5527 18
      vertex -36.7171 -28.4755 18
      vertex -38.5293 -26.7747 18
    endloop
  endfacet
  facet normal -0 0 1
    outer loop
      vertex -39.2013 -28.3969 18
      vertex -36.7171 -28.4755 18
      vertex -38.9452 -27.5527 18
    endloop
  endfacet
  facet normal 0 0 1
    outer loop
      vertex -36.7171 -28.4755 18
      vertex -39.2013 -28.3969 18
      vertex -36.876 -28.9993 18
    endloop
  endfacet
  facet normal 0 0 1
    outer loop
      vertex -39.2013 -28.3969 18
      vertex -41.462 -50.2519 18
      vertex -36.876 -28.9993 18
    endloop
  endfacet
  facet normal 0 0 1
    outer loop
      vertex -40.8813 -51.7757 18
      vertex -42.2212 -53.7809 18
      vertex -41.5642 -54.132 18
    endloop
  endfacet
  facet normal 0 0 1
    outer loop
      vertex -43.837 -49.8799 18
      vertex -41.4984 -50.6213 18
      vertex -41.462 -50.2519 18
    endloop
  endfacet
  facet normal -0 0 1
    outer loop
      vertex -43.837 -49.8799 18
      vertex -41.462 -50.2519 18
      vertex -39.2013 -28.3969 18
    endloop
  endfacet
  facet normal 0 0 1
    outer loop
      vertex -41.4984 -50.6213 18
      vertex -43.837 -49.8799 18
      vertex -43.91 -50.6213 18
    endloop
  endfacet
  facet normal 0 0 1
    outer loop
      vertex -41.0917 -51.603 18
      vertex -42.797 -53.3083 18
      vertex -42.2212 -53.7809 18
    endloop
  endfacet
  facet normal 0 0 1
    outer loop
      vertex -41.2644 -51.3926 18
      vertex -43.2696 -52.7324 18
      vertex -42.797 -53.3083 18
    endloop
  endfacet
  facet normal 0 0 1
    outer loop
      vertex -41.3927 -51.1526 18
      vertex -43.6207 -52.0755 18
      vertex -43.2696 -52.7324 18
    endloop
  endfacet
  facet normal 0 0 1
    outer loop
      vertex -41.4717 -50.8921 18
      vertex -43.837 -51.3626 18
      vertex -43.6207 -52.0755 18
    endloop
  endfacet
  facet normal 0 0 1
    outer loop
      vertex -41.4984 -50.6213 18
      vertex -43.91 -50.6213 18
      vertex -43.837 -51.3626 18
    endloop
  endfacet
  facet normal 0 0 1
    outer loop
      vertex 48.1824 35.3618 18
      vertex 50.594 35.3618 18
      vertex 50.521 36.1031 18
    endloop
  endfacet
  facet normal 0 0 1
    outer loop
      vertex 48.1557 35.6326 18
      vertex 50.521 36.1031 18
      vertex 50.3047 36.816 18
    endloop
  endfacet
  facet normal 0 0 1
    outer loop
      vertex 50.594 35.3618 18
      vertex 48.1824 35.3618 18
      vertex 50.521 34.6204 18
    endloop
  endfacet
  facet normal 0 0 1
    outer loop
      vertex 48.0767 35.8931 18
      vertex 50.3047 36.816 18
      vertex 49.9536 37.4729 18
    endloop
  endfacet
  facet normal -0 0 1
    outer loop
      vertex 48.1557 35.0909 18
      vertex 50.521 34.6204 18
      vertex 48.1824 35.3618 18
    endloop
  endfacet
  facet normal 0 0 1
    outer loop
      vertex 47.9484 36.1331 18
      vertex 49.9536 37.4729 18
      vertex 49.481 38.0488 18
    endloop
  endfacet
  facet normal 0 0 1
    outer loop
      vertex 50.521 34.6204 18
      vertex 48.1557 35.0909 18
      vertex 50.3047 33.9076 18
    endloop
  endfacet
  facet normal 0 0 1
    outer loop
      vertex 47.7757 36.3435 18
      vertex 49.481 38.0488 18
      vertex 48.9052 38.5214 18
    endloop
  endfacet
  facet normal -0 0 1
    outer loop
      vertex 48.0767 34.8305 18
      vertex 50.3047 33.9076 18
      vertex 48.1557 35.0909 18
    endloop
  endfacet
  facet normal 0 0 1
    outer loop
      vertex 47.5653 36.5162 18
      vertex 48.9052 38.5214 18
      vertex 48.2482 38.8725 18
    endloop
  endfacet
  facet normal 0 0 1
    outer loop
      vertex 50.3047 33.9076 18
      vertex 48.0767 34.8305 18
      vertex 49.9536 33.2506 18
    endloop
  endfacet
  facet normal -0 0 1
    outer loop
      vertex 47.9484 34.5904 18
      vertex 49.9536 33.2506 18
      vertex 48.0767 34.8305 18
    endloop
  endfacet
  facet normal 0 0 1
    outer loop
      vertex 50.521 36.1031 18
      vertex 48.1557 35.6326 18
      vertex 48.1824 35.3618 18
    endloop
  endfacet
  facet normal 0 0 1
    outer loop
      vertex 50.3047 36.816 18
      vertex 48.0767 35.8931 18
      vertex 48.1557 35.6326 18
    endloop
  endfacet
  facet normal 0 0 1
    outer loop
      vertex 49.9536 37.4729 18
      vertex 47.9484 36.1331 18
      vertex 48.0767 35.8931 18
    endloop
  endfacet
  facet normal 0 0 1
    outer loop
      vertex 49.481 38.0488 18
      vertex 47.7757 36.3435 18
      vertex 47.9484 36.1331 18
    endloop
  endfacet
  facet normal 0 0 1
    outer loop
      vertex 48.9052 38.5214 18
      vertex 47.5653 36.5162 18
      vertex 47.7757 36.3435 18
    endloop
  endfacet
  facet normal 0 0 1
    outer loop
      vertex 47.3253 36.6445 18
      vertex 48.2482 38.8725 18
      vertex 47.5354 39.0888 18
    endloop
  endfacet
  facet normal 0 0 1
    outer loop
      vertex 48.2482 38.8725 18
      vertex 47.3253 36.6445 18
      vertex 47.5653 36.5162 18
    endloop
  endfacet
  facet normal 0 0 1
    outer loop
      vertex 47.5354 39.0888 18
      vertex 47.0649 36.7235 18
      vertex 47.3253 36.6445 18
    endloop
  endfacet
  facet normal 0 0 1
    outer loop
      vertex 46.794 39.1618 18
      vertex 47.0649 36.7235 18
      vertex 47.5354 39.0888 18
    endloop
  endfacet
  facet normal 0 0 1
    outer loop
      vertex 46.794 39.1618 18
      vertex 46.794 36.7502 18
      vertex 47.0649 36.7235 18
    endloop
  endfacet
  facet normal -0 0 1
    outer loop
      vertex 46.0527 39.0888 18
      vertex 46.794 36.7502 18
      vertex 46.794 39.1618 18
    endloop
  endfacet
  facet normal 0 0 1
    outer loop
      vertex 46.794 36.7502 18
      vertex 46.0527 39.0888 18
      vertex 46.3829 36.7097 18
    endloop
  endfacet
  facet normal 0 0 1
    outer loop
      vertex 46.0527 39.0888 18
      vertex 24.9591 32.8638 18
      vertex 46.3829 36.7097 18
    endloop
  endfacet
  facet normal -0 0 1
    outer loop
      vertex 24.3969 35.2013 18
      vertex 24.9591 32.8638 18
      vertex 46.0527 39.0888 18
    endloop
  endfacet
  facet normal 0 0 1
    outer loop
      vertex 24.3969 35.2013 18
      vertex 24.4755 32.7171 18
      vertex 24.9591 32.8638 18
    endloop
  endfacet
  facet normal -0 0 1
    outer loop
      vertex 23.5527 34.9452 18
      vertex 24.4755 32.7171 18
      vertex 24.3969 35.2013 18
    endloop
  endfacet
  facet normal 0 0 1
    outer loop
      vertex 24.4755 32.7171 18
      vertex 23.5527 34.9452 18
      vertex 24.1145 32.5242 18
    endloop
  endfacet
  facet normal -0 0 1
    outer loop
      vertex 22.7747 34.5293 18
      vertex 24.1145 32.5242 18
      vertex 23.5527 34.9452 18
    endloop
  endfacet
  facet normal 0 0 1
    outer loop
      vertex 24.1145 32.5242 18
      vertex 22.7747 34.5293 18
      vertex 23.798 32.2644 18
    endloop
  endfacet
  facet normal -0 0 1
    outer loop
      vertex 22.0928 33.9697 18
      vertex 23.798 32.2644 18
      vertex 22.7747 34.5293 18
    endloop
  endfacet
  facet normal -0 0 1
    outer loop
      vertex 21.5331 33.2878 18
      vertex 23.798 32.2644 18
      vertex 22.0928 33.9697 18
    endloop
  endfacet
  facet normal 0 0 1
    outer loop
      vertex 23.798 32.2644 18
      vertex 21.5331 33.2878 18
      vertex 23.4159 31.7989 18
    endloop
  endfacet
  facet normal 0 0 1
    outer loop
      vertex 12.9499 22.0205 18
      vertex 23.4159 31.7989 18
      vertex 21.5331 33.2878 18
    endloop
  endfacet
  facet normal 0 0 1
    outer loop
      vertex 10.5461 22.0387 18
      vertex 12.9374 22.2742 18
      vertex 12.7502 23.5362 18
    endloop
  endfacet
  facet normal 0 0 1
    outer loop
      vertex 10.3935 23.0674 18
      vertex 12.7502 23.5362 18
      vertex 12.4402 24.7737 18
    endloop
  endfacet
  facet normal 0 0 1
    outer loop
      vertex 10.1408 24.0762 18
      vertex 12.4402 24.7737 18
      vertex 12.0104 25.9749 18
    endloop
  endfacet
  facet normal 0 0 1
    outer loop
      vertex 9.79045 25.0553 18
      vertex 12.0104 25.9749 18
      vertex 11.465 27.1281 18
    endloop
  endfacet
  facet normal -0 0 1
    outer loop
      vertex 12.9499 22.0205 18
      vertex 10.8754 15.3369 18
      vertex 23.4159 31.7989 18
    endloop
  endfacet
  facet normal 0 0 1
    outer loop
      vertex 12.4402 24.7737 18
      vertex 10.1408 24.0762 18
      vertex 10.3935 23.0674 18
    endloop
  endfacet
  facet normal 0 0 1
    outer loop
      vertex 9.34581 25.9954 18
      vertex 11.465 27.1281 18
      vertex 10.8091 28.2224 18
    endloop
  endfacet
  facet normal 0 0 1
    outer loop
      vertex 12.9499 22.0205 18
      vertex 10.5461 22.0387 18
      vertex 10.8754 15.3369 18
    endloop
  endfacet
  facet normal 0 0 1
    outer loop
      vertex 12.9374 22.2742 18
      vertex 10.5461 22.0387 18
      vertex 12.9499 22.0205 18
    endloop
  endfacet
  facet normal 0 -0 1
    outer loop
      vertex 10.5461 22.0387 18
      vertex 12.7502 23.5362 18
      vertex 10.3935 23.0674 18
    endloop
  endfacet
  facet normal 0 0 1
    outer loop
      vertex 8.81114 26.8875 18
      vertex 10.8091 28.2224 18
      vertex 10.0491 29.2471 18
    endloop
  endfacet
  facet normal 0 0 1
    outer loop
      vertex 12.0104 25.9749 18
      vertex 9.79045 25.0553 18
      vertex 10.1408 24.0762 18
    endloop
  endfacet
  facet normal 0 0 1
    outer loop
      vertex 11.465 27.1281 18
      vertex 9.34581 25.9954 18
      vertex 9.79045 25.0553 18
    endloop
  endfacet
  facet normal 0 0 1
    outer loop
      vertex 8.19171 27.7227 18
      vertex 10.0491 29.2471 18
      vertex 9.19238 30.1924 18
    endloop
  endfacet
  facet normal 0 0 1
    outer loop
      vertex 10.8091 28.2224 18
      vertex 8.81114 26.8875 18
      vertex 9.34581 25.9954 18
    endloop
  endfacet
  facet normal 0 0 1
    outer loop
      vertex 7.49327 28.4933 18
      vertex 9.19238 30.1924 18
      vertex 8.2471 31.0491 18
    endloop
  endfacet
  facet normal 0 0 1
    outer loop
      vertex 10.0491 29.2471 18
      vertex 8.19171 27.7227 18
      vertex 8.81114 26.8875 18
    endloop
  endfacet
  facet normal 0 0 1
    outer loop
      vertex 9.19238 30.1924 18
      vertex 7.49327 28.4933 18
      vertex 8.19171 27.7227 18
    endloop
  endfacet
  facet normal 0 0 1
    outer loop
      vertex 6.72267 29.1917 18
      vertex 8.2471 31.0491 18
      vertex 7.22241 31.8091 18
    endloop
  endfacet
  facet normal 0 0 1
    outer loop
      vertex 8.2471 31.0491 18
      vertex 6.72267 29.1917 18
      vertex 7.49327 28.4933 18
    endloop
  endfacet
  facet normal 0 0 1
    outer loop
      vertex 5.88747 29.8111 18
      vertex 7.22241 31.8091 18
      vertex 6.12814 32.465 18
    endloop
  endfacet
  facet normal 0 0 1
    outer loop
      vertex 7.22241 31.8091 18
      vertex 5.88747 29.8111 18
      vertex 6.72267 29.1917 18
    endloop
  endfacet
  facet normal 0 0 1
    outer loop
      vertex 6.12814 32.465 18
      vertex 4.99541 30.3458 18
      vertex 5.88747 29.8111 18
    endloop
  endfacet
  facet normal 0 0 1
    outer loop
      vertex 4.97488 33.0104 18
      vertex 4.99541 30.3458 18
      vertex 6.12814 32.465 18
    endloop
  endfacet
  facet normal 0 0 1
    outer loop
      vertex 4.97488 33.0104 18
      vertex 4.05531 30.7905 18
      vertex 4.99541 30.3458 18
    endloop
  endfacet
  facet normal 0 0 1
    outer loop
      vertex 3.7737 33.4402 18
      vertex 4.05531 30.7905 18
      vertex 4.97488 33.0104 18
    endloop
  endfacet
  facet normal 0 0 1
    outer loop
      vertex 3.7737 33.4402 18
      vertex 3.07622 31.1408 18
      vertex 4.05531 30.7905 18
    endloop
  endfacet
  facet normal 0 0 1
    outer loop
      vertex 2.53616 33.7502 18
      vertex 3.07622 31.1408 18
      vertex 3.7737 33.4402 18
    endloop
  endfacet
  facet normal 0 0 1
    outer loop
      vertex 2.53616 33.7502 18
      vertex 2.06737 31.3935 18
      vertex 3.07622 31.1408 18
    endloop
  endfacet
  facet normal 0 0 1
    outer loop
      vertex 1.27422 33.9374 18
      vertex 2.06737 31.3935 18
      vertex 2.53616 33.7502 18
    endloop
  endfacet
  facet normal 0 0 1
    outer loop
      vertex 1.27422 33.9374 18
      vertex 1.0387 31.5461 18
      vertex 2.06737 31.3935 18
    endloop
  endfacet
  facet normal 0 0 1
    outer loop
      vertex 0 34 18
      vertex 1.0387 31.5461 18
      vertex 1.27422 33.9374 18
    endloop
  endfacet
  facet normal 0 0 1
    outer loop
      vertex 0 34 18
      vertex 0 31.5971 18
      vertex 1.0387 31.5461 18
    endloop
  endfacet
  facet normal 0 0 1
    outer loop
      vertex 0 34 18
      vertex -1.0387 31.5461 18
      vertex 0 31.5971 18
    endloop
  endfacet
  facet normal -0 0 1
    outer loop
      vertex -1.27422 33.9374 18
      vertex -1.0387 31.5461 18
      vertex 0 34 18
    endloop
  endfacet
  facet normal 0 0 1
    outer loop
      vertex -1.27422 33.9374 18
      vertex -2.06737 31.3935 18
      vertex -1.0387 31.5461 18
    endloop
  endfacet
  facet normal -0 0 1
    outer loop
      vertex -2.53616 33.7502 18
      vertex -2.06737 31.3935 18
      vertex -1.27422 33.9374 18
    endloop
  endfacet
  facet normal 0 0 1
    outer loop
      vertex -2.53616 33.7502 18
      vertex -3.07622 31.1408 18
      vertex -2.06737 31.3935 18
    endloop
  endfacet
  facet normal -0 0 1
    outer loop
      vertex -3.7737 33.4402 18
      vertex -3.07622 31.1408 18
      vertex -2.53616 33.7502 18
    endloop
  endfacet
  facet normal 0 0 1
    outer loop
      vertex -3.7737 33.4402 18
      vertex -4.05531 30.7905 18
      vertex -3.07622 31.1408 18
    endloop
  endfacet
  facet normal -0 0 1
    outer loop
      vertex -4.97488 33.0104 18
      vertex -4.05531 30.7905 18
      vertex -3.7737 33.4402 18
    endloop
  endfacet
  facet normal 0 0 1
    outer loop
      vertex -4.97488 33.0104 18
      vertex -4.99541 30.3458 18
      vertex -4.05531 30.7905 18
    endloop
  endfacet
  facet normal -0 0 1
    outer loop
      vertex -6.12814 32.465 18
      vertex -4.99541 30.3458 18
      vertex -4.97488 33.0104 18
    endloop
  endfacet
  facet normal 0 0 1
    outer loop
      vertex -4.99541 30.3458 18
      vertex -6.12814 32.465 18
      vertex -5.88747 29.8111 18
    endloop
  endfacet
  facet normal -0 0 1
    outer loop
      vertex -7.22241 31.8091 18
      vertex -5.88747 29.8111 18
      vertex -6.12814 32.465 18
    endloop
  endfacet
  facet normal 0 0 1
    outer loop
      vertex -5.88747 29.8111 18
      vertex -7.22241 31.8091 18
      vertex -6.72267 29.1917 18
    endloop
  endfacet
  facet normal -0 0 1
    outer loop
      vertex -8.2471 31.0491 18
      vertex -6.72267 29.1917 18
      vertex -7.22241 31.8091 18
    endloop
  endfacet
  facet normal 0 0 1
    outer loop
      vertex -6.72267 29.1917 18
      vertex -8.2471 31.0491 18
      vertex -7.49327 28.4933 18
    endloop
  endfacet
  facet normal -0 0 1
    outer loop
      vertex -9.19238 30.1924 18
      vertex -7.49327 28.4933 18
      vertex -8.2471 31.0491 18
    endloop
  endfacet
  facet normal 0 0 1
    outer loop
      vertex -7.49327 28.4933 18
      vertex -9.19238 30.1924 18
      vertex -8.19171 27.7227 18
    endloop
  endfacet
  facet normal -0 0 1
    outer loop
      vertex -10.0491 29.2471 18
      vertex -8.19171 27.7227 18
      vertex -9.19238 30.1924 18
    endloop
  endfacet
  facet normal 0 0 1
    outer loop
      vertex -8.19171 27.7227 18
      vertex -10.0491 29.2471 18
      vertex -8.81114 26.8875 18
    endloop
  endfacet
  facet normal -0 0 1
    outer loop
      vertex -10.8091 28.2224 18
      vertex -8.81114 26.8875 18
      vertex -10.0491 29.2471 18
    endloop
  endfacet
  facet normal 0 0 1
    outer loop
      vertex -8.81114 26.8875 18
      vertex -10.8091 28.2224 18
      vertex -9.34581 25.9954 18
    endloop
  endfacet
  facet normal -0 0 1
    outer loop
      vertex -11.465 27.1281 18
      vertex -9.34581 25.9954 18
      vertex -10.8091 28.2224 18
    endloop
  endfacet
  facet normal 0 0 1
    outer loop
      vertex -9.34581 25.9954 18
      vertex -11.465 27.1281 18
      vertex -9.79045 25.0553 18
    endloop
  endfacet
  facet normal -0 0 1
    outer loop
      vertex -12.0104 25.9749 18
      vertex -9.79045 25.0553 18
      vertex -11.465 27.1281 18
    endloop
  endfacet
  facet normal 0 0 1
    outer loop
      vertex -9.79045 25.0553 18
      vertex -12.0104 25.9749 18
      vertex -10.1408 24.0762 18
    endloop
  endfacet
  facet normal -0 0 1
    outer loop
      vertex -12.4402 24.7737 18
      vertex -10.1408 24.0762 18
      vertex -12.0104 25.9749 18
    endloop
  endfacet
  facet normal 0 0 1
    outer loop
      vertex -10.1408 24.0762 18
      vertex -12.4402 24.7737 18
      vertex -10.3935 23.0674 18
    endloop
  endfacet
  facet normal -0 0 1
    outer loop
      vertex -12.7502 23.5362 18
      vertex -10.3935 23.0674 18
      vertex -12.4402 24.7737 18
    endloop
  endfacet
  facet normal 0 0 1
    outer loop
      vertex -10.3935 23.0674 18
      vertex -12.7502 23.5362 18
      vertex -10.5461 22.0387 18
    endloop
  endfacet
  facet normal -0 0 1
    outer loop
      vertex -12.9374 22.2742 18
      vertex -10.5461 22.0387 18
      vertex -12.7502 23.5362 18
    endloop
  endfacet
  facet normal 0 0 1
    outer loop
      vertex -10.5461 22.0387 18
      vertex -12.9374 22.2742 18
      vertex -12.9499 22.0205 18
    endloop
  endfacet
  facet normal 0 0 1
    outer loop
      vertex -10.5461 22.0387 18
      vertex -12.9499 22.0205 18
      vertex -10.8754 15.3369 18
    endloop
  endfacet
  facet normal -0 0 1
    outer loop
      vertex -23.4159 31.7989 18
      vertex -12.9499 22.0205 18
      vertex -21.5331 33.2878 18
    endloop
  endfacet
  facet normal 0 0 1
    outer loop
      vertex -23.798 32.2644 18
      vertex -21.5331 33.2878 18
      vertex -22.0928 33.9697 18
    endloop
  endfacet
  facet normal 0 0 1
    outer loop
      vertex -23.798 32.2644 18
      vertex -22.0928 33.9697 18
      vertex -22.7747 34.5293 18
    endloop
  endfacet
  facet normal 0 0 1
    outer loop
      vertex -12.9499 22.0205 18
      vertex -23.4159 31.7989 18
      vertex -10.8754 15.3369 18
    endloop
  endfacet
  facet normal 0 0 1
    outer loop
      vertex -24.1145 32.5242 18
      vertex -22.7747 34.5293 18
      vertex -23.5527 34.9452 18
    endloop
  endfacet
  facet normal 0 0 1
    outer loop
      vertex -21.5331 33.2878 18
      vertex -23.798 32.2644 18
      vertex -23.4159 31.7989 18
    endloop
  endfacet
  facet normal 0 0 1
    outer loop
      vertex -22.7747 34.5293 18
      vertex -24.1145 32.5242 18
      vertex -23.798 32.2644 18
    endloop
  endfacet
  facet normal 0 0 1
    outer loop
      vertex -24.4755 32.7171 18
      vertex -23.5527 34.9452 18
      vertex -24.3969 35.2013 18
    endloop
  endfacet
  facet normal 0 0 1
    outer loop
      vertex -23.5527 34.9452 18
      vertex -24.4755 32.7171 18
      vertex -24.1145 32.5242 18
    endloop
  endfacet
  facet normal 0 0 1
    outer loop
      vertex -24.3969 35.2013 18
      vertex -24.9591 32.8638 18
      vertex -24.4755 32.7171 18
    endloop
  endfacet
  facet normal 0 0 1
    outer loop
      vertex -46.0527 39.0888 18
      vertex -24.9591 32.8638 18
      vertex -24.3969 35.2013 18
    endloop
  endfacet
  facet normal 0 0 1
    outer loop
      vertex -46.0527 39.0888 18
      vertex -46.3829 36.7097 18
      vertex -24.9591 32.8638 18
    endloop
  endfacet
  facet normal 0 0 1
    outer loop
      vertex -46.794 36.7502 18
      vertex -46.0527 39.0888 18
      vertex -46.794 39.1618 18
    endloop
  endfacet
  facet normal 0 0 1
    outer loop
      vertex -46.0527 39.0888 18
      vertex -46.794 36.7502 18
      vertex -46.3829 36.7097 18
    endloop
  endfacet
  facet normal 0 0 1
    outer loop
      vertex -46.794 39.1618 18
      vertex -47.0649 36.7235 18
      vertex -46.794 36.7502 18
    endloop
  endfacet
  facet normal -0 0 1
    outer loop
      vertex -47.5354 39.0888 18
      vertex -47.0649 36.7235 18
      vertex -46.794 39.1618 18
    endloop
  endfacet
  facet normal 0 0 1
    outer loop
      vertex -47.0649 36.7235 18
      vertex -47.5354 39.0888 18
      vertex -47.3253 36.6445 18
    endloop
  endfacet
  facet normal -0 0 1
    outer loop
      vertex -48.2482 38.8725 18
      vertex -47.3253 36.6445 18
      vertex -47.5354 39.0888 18
    endloop
  endfacet
  facet normal 0 0 1
    outer loop
      vertex -47.3253 36.6445 18
      vertex -48.2482 38.8725 18
      vertex -47.5653 36.5162 18
    endloop
  endfacet
  facet normal -0 0 1
    outer loop
      vertex -48.9052 38.5214 18
      vertex -47.5653 36.5162 18
      vertex -48.2482 38.8725 18
    endloop
  endfacet
  facet normal 0 0 1
    outer loop
      vertex -47.5653 36.5162 18
      vertex -48.9052 38.5214 18
      vertex -47.7757 36.3435 18
    endloop
  endfacet
  facet normal -0 0 1
    outer loop
      vertex -49.481 38.0488 18
      vertex -47.7757 36.3435 18
      vertex -48.9052 38.5214 18
    endloop
  endfacet
  facet normal -0 0 1
    outer loop
      vertex -49.9536 37.4729 18
      vertex -47.9484 36.1331 18
      vertex -49.481 38.0488 18
    endloop
  endfacet
  facet normal 0 0 1
    outer loop
      vertex -47.7757 36.3435 18
      vertex -49.481 38.0488 18
      vertex -47.9484 36.1331 18
    endloop
  endfacet
  facet normal 0 0 1
    outer loop
      vertex 49.9536 33.2506 18
      vertex 47.9484 34.5904 18
      vertex 49.481 32.6748 18
    endloop
  endfacet
  facet normal -0 0 1
    outer loop
      vertex 47.7757 34.38 18
      vertex 49.481 32.6748 18
      vertex 47.9484 34.5904 18
    endloop
  endfacet
  facet normal 0 0 1
    outer loop
      vertex 49.481 32.6748 18
      vertex 47.7757 34.38 18
      vertex 48.9052 32.2022 18
    endloop
  endfacet
  facet normal -0 0 1
    outer loop
      vertex 47.5654 34.2074 18
      vertex 48.9052 32.2022 18
      vertex 47.7757 34.38 18
    endloop
  endfacet
  facet normal 0 0 1
    outer loop
      vertex 48.9052 32.2022 18
      vertex 47.5654 34.2074 18
      vertex 48.2482 31.851 18
    endloop
  endfacet
  facet normal -0 0 1
    outer loop
      vertex 47.3253 34.0791 18
      vertex 48.2482 31.851 18
      vertex 47.5654 34.2074 18
    endloop
  endfacet
  facet normal 0 0 1
    outer loop
      vertex 48.2482 31.851 18
      vertex 47.3253 34.0791 18
      vertex 47.5354 31.6348 18
    endloop
  endfacet
  facet normal -0 0 1
    outer loop
      vertex 46.8999 33.95 18
      vertex 47.5354 31.6348 18
      vertex 47.3253 34.0791 18
    endloop
  endfacet
  facet normal 0 0 1
    outer loop
      vertex 46.8999 33.95 18
      vertex 28.0075 26.8305 18
      vertex 47.5354 31.6348 18
    endloop
  endfacet
  facet normal -0 0 1
    outer loop
      vertex 26.5516 28.9439 18
      vertex 28.0075 26.8305 18
      vertex 46.8999 33.95 18
    endloop
  endfacet
  facet normal 0 0 1
    outer loop
      vertex 26.5516 28.9439 18
      vertex 17.2168 11.2456 18
      vertex 28.0075 26.8305 18
    endloop
  endfacet
  facet normal 0 0 1
    outer loop
      vertex 17.2923 11.1649 18
      vertex 15.487 9.58156 18
      vertex 16.342 8.53976 18
    endloop
  endfacet
  facet normal 0 0 1
    outer loop
      vertex 14.1408 11.019 18
      vertex 17.2168 11.2456 18
      vertex 26.5516 28.9439 18
    endloop
  endfacet
  facet normal 0 0 1
    outer loop
      vertex 17.2168 11.2456 18
      vertex 14.1408 11.019 18
      vertex 15.487 9.58156 18
    endloop
  endfacet
  facet normal -0 0 1
    outer loop
      vertex -17.2923 11.1649 18
      vertex -15.487 9.58156 18
      vertex -17.2168 11.2456 18
    endloop
  endfacet
  facet normal 0 0 1
    outer loop
      vertex -14.1408 11.019 18
      vertex -17.2168 11.2456 18
      vertex -15.487 9.58156 18
    endloop
  endfacet
  facet normal 0 0 1
    outer loop
      vertex -26.5516 28.9439 18
      vertex -17.2168 11.2456 18
      vertex -14.1408 11.019 18
    endloop
  endfacet
  facet normal 0 0 1
    outer loop
      vertex -26.5516 28.9439 18
      vertex -28.0075 26.8305 18
      vertex -17.2168 11.2456 18
    endloop
  endfacet
  facet normal 0 0 1
    outer loop
      vertex -46.8999 33.95 18
      vertex -28.0075 26.8305 18
      vertex -26.5516 28.9439 18
    endloop
  endfacet
  facet normal 0 0 1
    outer loop
      vertex -47.5354 31.6348 18
      vertex -46.8999 33.95 18
      vertex -47.3253 34.0791 18
    endloop
  endfacet
  facet normal 0 0 1
    outer loop
      vertex -46.8999 33.95 18
      vertex -47.5354 31.6348 18
      vertex -28.0075 26.8305 18
    endloop
  endfacet
  facet normal 0 0 1
    outer loop
      vertex -48.2482 31.851 18
      vertex -47.3253 34.0791 18
      vertex -47.5654 34.2074 18
    endloop
  endfacet
  facet normal 0 0 1
    outer loop
      vertex -48.9052 32.2022 18
      vertex -47.5654 34.2074 18
      vertex -47.7757 34.38 18
    endloop
  endfacet
  facet normal 0 0 1
    outer loop
      vertex -49.481 32.6748 18
      vertex -47.7757 34.38 18
      vertex -47.9484 34.5904 18
    endloop
  endfacet
  facet normal 0 0 1
    outer loop
      vertex -49.9536 33.2506 18
      vertex -47.9484 34.5904 18
      vertex -48.0767 34.8305 18
    endloop
  endfacet
  facet normal 0 0 1
    outer loop
      vertex -50.3047 33.9076 18
      vertex -48.0767 34.8305 18
      vertex -48.1557 35.0909 18
    endloop
  endfacet
  facet normal 0 0 1
    outer loop
      vertex -47.3253 34.0791 18
      vertex -48.2482 31.851 18
      vertex -47.5354 31.6348 18
    endloop
  endfacet
  facet normal 0 0 1
    outer loop
      vertex -50.521 34.6204 18
      vertex -48.1557 35.0909 18
      vertex -48.1824 35.3618 18
    endloop
  endfacet
  facet normal 0 0 1
    outer loop
      vertex -47.9484 36.1331 18
      vertex -49.9536 37.4729 18
      vertex -48.0767 35.8931 18
    endloop
  endfacet
  facet normal -0 0 1
    outer loop
      vertex -50.3047 36.816 18
      vertex -48.0767 35.8931 18
      vertex -49.9536 37.4729 18
    endloop
  endfacet
  facet normal 0 0 1
    outer loop
      vertex -47.5654 34.2074 18
      vertex -48.9052 32.2022 18
      vertex -48.2482 31.851 18
    endloop
  endfacet
  facet normal 0 0 1
    outer loop
      vertex -48.0767 35.8931 18
      vertex -50.3047 36.816 18
      vertex -48.1557 35.6326 18
    endloop
  endfacet
  facet normal 0 0 1
    outer loop
      vertex -47.7757 34.38 18
      vertex -49.481 32.6748 18
      vertex -48.9052 32.2022 18
    endloop
  endfacet
  facet normal -0 0 1
    outer loop
      vertex -50.521 36.1031 18
      vertex -48.1557 35.6326 18
      vertex -50.3047 36.816 18
    endloop
  endfacet
  facet normal 0 0 1
    outer loop
      vertex -47.9484 34.5904 18
      vertex -49.9536 33.2506 18
      vertex -49.481 32.6748 18
    endloop
  endfacet
  facet normal 0 0 1
    outer loop
      vertex -48.1557 35.6326 18
      vertex -50.521 36.1031 18
      vertex -48.1824 35.3618 18
    endloop
  endfacet
  facet normal 0 0 1
    outer loop
      vertex -48.0767 34.8305 18
      vertex -50.3047 33.9076 18
      vertex -49.9536 33.2506 18
    endloop
  endfacet
  facet normal 0 0 1
    outer loop
      vertex -50.594 35.3618 18
      vertex -48.1824 35.3618 18
      vertex -50.521 36.1031 18
    endloop
  endfacet
  facet normal 0 0 1
    outer loop
      vertex -48.1557 35.0909 18
      vertex -50.521 34.6204 18
      vertex -50.3047 33.9076 18
    endloop
  endfacet
  facet normal 0 0 1
    outer loop
      vertex -48.1824 35.3618 18
      vertex -50.594 35.3618 18
      vertex -50.521 34.6204 18
    endloop
  endfacet
  facet normal 0 0 1
    outer loop
      vertex -15.487 9.58156 18
      vertex -17.2923 11.1649 18
      vertex -16.342 8.53976 18
    endloop
  endfacet
  facet normal -0 0 1
    outer loop
      vertex -18.2471 10.0015 18
      vertex -16.342 8.53976 18
      vertex -17.2923 11.1649 18
    endloop
  endfacet
  facet normal -0 0 1
    outer loop
      vertex -18.484 9.67091 18
      vertex -16.342 8.53976 18
      vertex -18.2471 10.0015 18
    endloop
  endfacet
  facet normal 0 0 1
    outer loop
      vertex -16.342 8.53976 18
      vertex -18.484 9.67091 18
      vertex -17.6488 6.71617 18
    endloop
  endfacet
  facet normal -0 0 1
    outer loop
      vertex -40.2031 16.2 18
      vertex -18.484 9.67091 18
      vertex -39.3875 18.4606 18
    endloop
  endfacet
  facet normal 0 0 1
    outer loop
      vertex -18.484 9.67091 18
      vertex -40.2031 16.2 18
      vertex -17.6488 6.71617 18
    endloop
  endfacet
  facet normal 0 0 1
    outer loop
      vertex -40.7021 16.3514 18
      vertex -39.3875 18.4606 18
      vertex -40.2316 18.7167 18
    endloop
  endfacet
  facet normal 0 0 1
    outer loop
      vertex -39.3875 18.4606 18
      vertex -40.7021 16.3514 18
      vertex -40.2031 16.2 18
    endloop
  endfacet
  facet normal 0 0 1
    outer loop
      vertex -41.1095 18.8031 18
      vertex -40.7021 16.3514 18
      vertex -40.2316 18.7167 18
    endloop
  endfacet
  facet normal 0 0 1
    outer loop
      vertex -41.1095 18.8031 18
      vertex -41.1095 16.3915 18
      vertex -40.7021 16.3514 18
    endloop
  endfacet
  facet normal 0 0 1
    outer loop
      vertex -41.1095 18.8031 18
      vertex -41.517 16.3514 18
      vertex -41.1095 16.3915 18
    endloop
  endfacet
  facet normal -0 0 1
    outer loop
      vertex -41.9874 18.7167 18
      vertex -41.517 16.3514 18
      vertex -41.1095 18.8031 18
    endloop
  endfacet
  facet normal -0 0 1
    outer loop
      vertex -42.8316 18.4606 18
      vertex -41.517 16.3514 18
      vertex -41.9874 18.7167 18
    endloop
  endfacet
  facet normal 0 0 1
    outer loop
      vertex -41.517 16.3514 18
      vertex -42.8316 18.4606 18
      vertex -42.0388 16.1931 18
    endloop
  endfacet
  facet normal 0 0 1
    outer loop
      vertex -42.8316 18.4606 18
      vertex -64.1044 7.425 18
      vertex -42.0388 16.1931 18
    endloop
  endfacet
  facet normal -0 0 1
    outer loop
      vertex -66.8217 8.20583 18
      vertex -64.8166 6.866 18
      vertex -66.3492 8.78166 18
    endloop
  endfacet
  facet normal 0 0 1
    outer loop
      vertex -64.6439 7.07639 18
      vertex -66.3492 8.78166 18
      vertex -64.8166 6.866 18
    endloop
  endfacet
  facet normal -0 0 1
    outer loop
      vertex -66.3492 8.78166 18
      vertex -64.6439 7.07639 18
      vertex -65.7733 9.25424 18
    endloop
  endfacet
  facet normal 0 0 1
    outer loop
      vertex -64.4335 7.2491 18
      vertex -65.7733 9.25424 18
      vertex -64.6439 7.07639 18
    endloop
  endfacet
  facet normal -0 0 1
    outer loop
      vertex -65.7733 9.25424 18
      vertex -64.4335 7.2491 18
      vertex -65.1164 9.60541 18
    endloop
  endfacet
  facet normal 0 0 1
    outer loop
      vertex -64.1044 7.425 18
      vertex -65.1164 9.60541 18
      vertex -64.4335 7.2491 18
    endloop
  endfacet
  facet normal -0 0 1
    outer loop
      vertex -65.1164 9.60541 18
      vertex -64.1044 7.425 18
      vertex -42.8316 18.4606 18
    endloop
  endfacet
  facet normal 0 0 1
    outer loop
      vertex -20.2029 0.0187988 18
      vertex -22.5581 0.487076 18
      vertex -20.4225 -1.31143 18
    endloop
  endfacet
  facet normal -0 0 1
    outer loop
      vertex -22.5581 0.487076 18
      vertex -20.2029 0.0187988 18
      vertex -22.5325 0.596909 18
    endloop
  endfacet
  facet normal 0 0 1
    outer loop
      vertex -19.7544 1.9424 18
      vertex -22.5325 0.596909 18
      vertex -20.2029 0.0187988 18
    endloop
  endfacet
  facet normal 0 0 1
    outer loop
      vertex -41.2536 12.0557 18
      vertex -22.5325 0.596909 18
      vertex -19.7544 1.9424 18
    endloop
  endfacet
  facet normal 0 0 1
    outer loop
      vertex -41.2536 12.0557 18
      vertex -41.4082 9.4761 18
      vertex -22.5325 0.596909 18
    endloop
  endfacet
  facet normal 0 0 1
    outer loop
      vertex -62.9339 4.87169 18
      vertex -41.4082 9.4761 18
      vertex -41.2536 12.0557 18
    endloop
  endfacet
  facet normal 0 0 1
    outer loop
      vertex -41.4082 9.4761 18
      vertex -62.9339 4.87169 18
      vertex -62.208 2.58391 18
    endloop
  endfacet
  facet normal -0 0 1
    outer loop
      vertex -63.3913 4.73296 18
      vertex -62.208 2.58391 18
      vertex -62.9339 4.87169 18
    endloop
  endfacet
  facet normal 0 0 1
    outer loop
      vertex -62.208 2.58391 18
      vertex -63.3913 4.73296 18
      vertex -62.9208 2.36768 18
    endloop
  endfacet
  facet normal -0 0 1
    outer loop
      vertex -63.6622 4.70627 18
      vertex -62.9208 2.36768 18
      vertex -63.3913 4.73296 18
    endloop
  endfacet
  facet normal 0 0 1
    outer loop
      vertex -63.6622 4.70627 18
      vertex -63.6622 2.29466 18
      vertex -62.9208 2.36768 18
    endloop
  endfacet
  facet normal 0 0 1
    outer loop
      vertex -63.9331 4.73296 18
      vertex -63.6622 2.29466 18
      vertex -63.6622 4.70627 18
    endloop
  endfacet
  facet normal 0 0 1
    outer loop
      vertex -64.4035 2.36768 18
      vertex -63.9331 4.73296 18
      vertex -64.1935 4.81195 18
    endloop
  endfacet
  facet normal 0 0 1
    outer loop
      vertex -63.9331 4.73296 18
      vertex -64.4035 2.36768 18
      vertex -63.6622 2.29466 18
    endloop
  endfacet
  facet normal 0 0 1
    outer loop
      vertex -65.1164 2.58391 18
      vertex -64.1935 4.81195 18
      vertex -64.4335 4.94022 18
    endloop
  endfacet
  facet normal 0 0 1
    outer loop
      vertex -65.7733 2.93507 18
      vertex -64.4335 4.94022 18
      vertex -64.6439 5.11293 18
    endloop
  endfacet
  facet normal 0 0 1
    outer loop
      vertex -66.3492 3.40765 18
      vertex -64.6439 5.11293 18
      vertex -64.8166 5.32332 18
    endloop
  endfacet
  facet normal 0 0 1
    outer loop
      vertex -66.8217 3.98349 18
      vertex -64.8166 5.32332 18
      vertex -64.9449 5.56337 18
    endloop
  endfacet
  facet normal 0 0 1
    outer loop
      vertex -67.1729 4.64046 18
      vertex -64.9449 5.56337 18
      vertex -65.0239 5.82379 18
    endloop
  endfacet
  facet normal 0 0 1
    outer loop
      vertex -64.1935 4.81195 18
      vertex -65.1164 2.58391 18
      vertex -64.4035 2.36768 18
    endloop
  endfacet
  facet normal 0 0 1
    outer loop
      vertex -67.3891 5.35332 18
      vertex -65.0239 5.82379 18
      vertex -65.0506 6.09465 18
    endloop
  endfacet
  facet normal 0 0 1
    outer loop
      vertex -64.8166 6.866 18
      vertex -66.8217 8.20583 18
      vertex -64.9449 6.62595 18
    endloop
  endfacet
  facet normal -0 0 1
    outer loop
      vertex -67.1729 7.54886 18
      vertex -64.9449 6.62595 18
      vertex -66.8217 8.20583 18
    endloop
  endfacet
  facet normal 0 0 1
    outer loop
      vertex -64.4335 4.94022 18
      vertex -65.7733 2.93507 18
      vertex -65.1164 2.58391 18
    endloop
  endfacet
  facet normal 0 0 1
    outer loop
      vertex -64.9449 6.62595 18
      vertex -67.1729 7.54886 18
      vertex -65.0239 6.36554 18
    endloop
  endfacet
  facet normal 0 0 1
    outer loop
      vertex -64.6439 5.11293 18
      vertex -66.3492 3.40765 18
      vertex -65.7733 2.93507 18
    endloop
  endfacet
  facet normal -0 0 1
    outer loop
      vertex -67.3891 6.836 18
      vertex -65.0239 6.36554 18
      vertex -67.1729 7.54886 18
    endloop
  endfacet
  facet normal 0 0 1
    outer loop
      vertex -64.8166 5.32332 18
      vertex -66.8217 3.98349 18
      vertex -66.3492 3.40765 18
    endloop
  endfacet
  facet normal 0 0 1
    outer loop
      vertex -65.0239 6.36554 18
      vertex -67.3891 6.836 18
      vertex -65.0506 6.09465 18
    endloop
  endfacet
  facet normal 0 0 1
    outer loop
      vertex -64.9449 5.56337 18
      vertex -67.1729 4.64046 18
      vertex -66.8217 3.98349 18
    endloop
  endfacet
  facet normal 0 0 1
    outer loop
      vertex -67.4622 6.09465 18
      vertex -65.0506 6.09465 18
      vertex -67.3891 6.836 18
    endloop
  endfacet
  facet normal 0 0 1
    outer loop
      vertex -65.0239 5.82379 18
      vertex -67.3891 5.35332 18
      vertex -67.1729 4.64046 18
    endloop
  endfacet
  facet normal 0 0 1
    outer loop
      vertex -65.0506 6.09465 18
      vertex -67.4622 6.09465 18
      vertex -67.3891 5.35332 18
    endloop
  endfacet
  facet normal -0 0 1
    outer loop
      vertex -22.8032 -0.997894 18
      vertex -20.4225 -1.31143 18
      vertex -22.5581 0.487076 18
    endloop
  endfacet
  facet normal 0 0 1
    outer loop
      vertex -22.8443 -1.41531 18
      vertex -20.4225 -1.31143 18
      vertex -22.8032 -0.997894 18
    endloop
  endfacet
  facet normal 0 0 1
    outer loop
      vertex -20.4225 -1.31143 18
      vertex -22.8443 -1.41531 18
      vertex -20.6436 -3.55669 18
    endloop
  endfacet
  facet normal 0 0 1
    outer loop
      vertex -22.8443 -1.41531 18
      vertex -45.1292 -6.6459 18
      vertex -20.6436 -3.55669 18
    endloop
  endfacet
  facet normal -0 0 1
    outer loop
      vertex -45.6314 -4.29024 18
      vertex -45.1292 -6.6459 18
      vertex -22.8443 -1.41531 18
    endloop
  endfacet
  facet normal 0 0 1
    outer loop
      vertex -45.6314 -4.29024 18
      vertex -45.5527 -6.77435 18
      vertex -45.1292 -6.6459 18
    endloop
  endfacet
  facet normal -0 0 1
    outer loop
      vertex -46.4756 -4.54631 18
      vertex -45.5527 -6.77435 18
      vertex -45.6314 -4.29024 18
    endloop
  endfacet
  facet normal 0 0 1
    outer loop
      vertex -45.5527 -6.77435 18
      vertex -46.4756 -4.54631 18
      vertex -45.9137 -6.96736 18
    endloop
  endfacet
  facet normal -0 0 1
    outer loop
      vertex -47.2535 -4.96216 18
      vertex -45.9137 -6.96736 18
      vertex -46.4756 -4.54631 18
    endloop
  endfacet
  facet normal 0 0 1
    outer loop
      vertex -45.9137 -6.96736 18
      vertex -47.2535 -4.96216 18
      vertex -46.2302 -7.22705 18
    endloop
  endfacet
  facet normal -0 0 1
    outer loop
      vertex -47.9355 -5.52179 18
      vertex -46.2302 -7.22705 18
      vertex -47.2535 -4.96216 18
    endloop
  endfacet
  facet normal -0 0 1
    outer loop
      vertex -48.4951 -6.2037 18
      vertex -46.2302 -7.22705 18
      vertex -47.9355 -5.52179 18
    endloop
  endfacet
  facet normal 0 0 1
    outer loop
      vertex -46.2302 -7.22705 18
      vertex -48.4951 -6.2037 18
      vertex -46.6258 -7.70911 18
    endloop
  endfacet
  facet normal 0 0 1
    outer loop
      vertex -48.4951 -6.2037 18
      vertex -61.3244 -26.2981 18
      vertex -46.6258 -7.70911 18
    endloop
  endfacet
  facet normal 0 0 1
    outer loop
      vertex -60.9517 -28.2433 18
      vertex -62.2915 -30.2484 18
      vertex -61.6346 -30.5996 18
    endloop
  endfacet
  facet normal 0 0 1
    outer loop
      vertex -63.9804 -27.0888 18
      vertex -61.5688 -27.0888 18
      vertex -61.5421 -26.818 18
    endloop
  endfacet
  facet normal 0 0 1
    outer loop
      vertex -61.1621 -28.0706 18
      vertex -62.8674 -29.7758 18
      vertex -62.2915 -30.2484 18
    endloop
  endfacet
  facet normal 0 0 1
    outer loop
      vertex -63.9074 -26.3475 18
      vertex -61.5421 -26.818 18
      vertex -61.4631 -26.5576 18
    endloop
  endfacet
  facet normal -0 0 1
    outer loop
      vertex -63.34 -24.9777 18
      vertex -61.3244 -26.2981 18
      vertex -48.4951 -6.2037 18
    endloop
  endfacet
  facet normal 0 0 1
    outer loop
      vertex -63.34 -24.9777 18
      vertex -61.4631 -26.5576 18
      vertex -61.3244 -26.2981 18
    endloop
  endfacet
  facet normal -0 0 1
    outer loop
      vertex -63.6911 -25.6346 18
      vertex -61.4631 -26.5576 18
      vertex -63.34 -24.9777 18
    endloop
  endfacet
  facet normal 0 0 1
    outer loop
      vertex -61.3348 -27.8602 18
      vertex -63.34 -29.2 18
      vertex -62.8674 -29.7758 18
    endloop
  endfacet
  facet normal -0 0 1
    outer loop
      vertex -63.9074 -26.3475 18
      vertex -61.4631 -26.5576 18
      vertex -63.6911 -25.6346 18
    endloop
  endfacet
  facet normal 0 0 1
    outer loop
      vertex -61.4631 -27.6202 18
      vertex -63.6911 -28.543 18
      vertex -63.34 -29.2 18
    endloop
  endfacet
  facet normal 0 0 1
    outer loop
      vertex -61.5421 -26.818 18
      vertex -63.9074 -26.3475 18
      vertex -63.9804 -27.0888 18
    endloop
  endfacet
  facet normal 0 0 1
    outer loop
      vertex -61.5421 -27.3597 18
      vertex -63.9074 -27.8302 18
      vertex -63.6911 -28.543 18
    endloop
  endfacet
  facet normal 0 0 1
    outer loop
      vertex -61.5688 -27.0888 18
      vertex -63.9804 -27.0888 18
      vertex -63.9074 -27.8302 18
    endloop
  endfacet
  facet normal 0.290339 -0.956924 0
    outer loop
      vertex 40.8513 -54.3483 0
      vertex 41.5642 -54.132 18
      vertex 40.8513 -54.3483 18
    endloop
  endfacet
  facet normal 0.290339 -0.956924 0
    outer loop
      vertex 41.5642 -54.132 18
      vertex 40.8513 -54.3483 0
      vertex 41.5642 -54.132 0
    endloop
  endfacet
  facet normal 0.47132 -0.881962 0
    outer loop
      vertex 41.5642 -54.132 0
      vertex 42.2212 -53.7809 18
      vertex 41.5642 -54.132 18
    endloop
  endfacet
  facet normal 0.47132 -0.881962 0
    outer loop
      vertex 42.2212 -53.7809 18
      vertex 41.5642 -54.132 0
      vertex 42.2212 -53.7809 0
    endloop
  endfacet
  facet normal 0.634436 -0.772975 0
    outer loop
      vertex 42.2212 -53.7809 0
      vertex 42.797 -53.3083 18
      vertex 42.2212 -53.7809 18
    endloop
  endfacet
  facet normal 0.634436 -0.772975 0
    outer loop
      vertex 42.797 -53.3083 18
      vertex 42.2212 -53.7809 0
      vertex 42.797 -53.3083 0
    endloop
  endfacet
  facet normal 0.773029 -0.63437 1.86962e-18
    outer loop
      vertex 42.797 -53.3083 18
      vertex 43.2696 -52.7324 0
      vertex 43.2696 -52.7324 18
    endloop
  endfacet
  facet normal 0.773029 -0.63437 1.86962e-18
    outer loop
      vertex 43.2696 -52.7324 0
      vertex 42.797 -53.3083 18
      vertex 42.797 -53.3083 0
    endloop
  endfacet
  facet normal 0.881933 -0.471375 4.67956e-19
    outer loop
      vertex 43.2696 -52.7324 18
      vertex 43.6207 -52.0755 0
      vertex 43.6207 -52.0755 18
    endloop
  endfacet
  facet normal 0.881933 -0.471375 4.67956e-19
    outer loop
      vertex 43.6207 -52.0755 0
      vertex 43.2696 -52.7324 18
      vertex 43.2696 -52.7324 0
    endloop
  endfacet
  facet normal 0.956924 -0.290339 -6.62895e-19
    outer loop
      vertex 43.6207 -52.0755 18
      vertex 43.837 -51.3626 0
      vertex 43.837 -51.3626 18
    endloop
  endfacet
  facet normal 0.956924 -0.290339 -6.62895e-19
    outer loop
      vertex 43.837 -51.3626 0
      vertex 43.6207 -52.0755 18
      vertex 43.6207 -52.0755 0
    endloop
  endfacet
  facet normal 0.995186 -0.0980016 -1.14938e-19
    outer loop
      vertex 43.837 -51.3626 18
      vertex 43.91 -50.6213 0
      vertex 43.91 -50.6213 18
    endloop
  endfacet
  facet normal 0.995186 -0.0980016 -1.14938e-19
    outer loop
      vertex 43.91 -50.6213 0
      vertex 43.837 -51.3626 18
      vertex 43.837 -51.3626 0
    endloop
  endfacet
  facet normal 0.995188 0.0979885 2.06338e-19
    outer loop
      vertex 43.91 -50.6213 18
      vertex 43.837 -49.8799 0
      vertex 43.837 -49.8799 18
    endloop
  endfacet
  facet normal 0.995188 0.0979885 2.06338e-19
    outer loop
      vertex 43.837 -49.8799 0
      vertex 43.91 -50.6213 18
      vertex 43.91 -50.6213 0
    endloop
  endfacet
  facet normal 0.977501 0.21093 2.61674e-18
    outer loop
      vertex 43.837 -49.8799 18
      vertex 39.2013 -28.3969 0
      vertex 39.2013 -28.3969 18
    endloop
  endfacet
  facet normal 0.977501 0.21093 2.61674e-18
    outer loop
      vertex 39.2013 -28.3969 0
      vertex 43.837 -49.8799 18
      vertex 43.837 -49.8799 0
    endloop
  endfacet
  facet normal 0.956936 0.2903 -8.61201e-19
    outer loop
      vertex 39.2013 -28.3969 18
      vertex 38.9452 -27.5527 0
      vertex 38.9452 -27.5527 18
    endloop
  endfacet
  facet normal 0.956936 0.2903 -8.61201e-19
    outer loop
      vertex 38.9452 -27.5527 0
      vertex 39.2013 -28.3969 18
      vertex 39.2013 -28.3969 0
    endloop
  endfacet
  facet normal 0.881898 0.471441 9.56719e-19
    outer loop
      vertex 38.9452 -27.5527 18
      vertex 38.5293 -26.7747 0
      vertex 38.5293 -26.7747 18
    endloop
  endfacet
  facet normal 0.881898 0.471441 9.56719e-19
    outer loop
      vertex 38.5293 -26.7747 0
      vertex 38.9452 -27.5527 18
      vertex 38.9452 -27.5527 0
    endloop
  endfacet
  facet normal 0.773022 0.634379 -1.54309e-18
    outer loop
      vertex 38.5293 -26.7747 18
      vertex 37.9697 -26.0928 0
      vertex 37.9697 -26.0928 18
    endloop
  endfacet
  facet normal 0.773022 0.634379 -1.54309e-18
    outer loop
      vertex 37.9697 -26.0928 0
      vertex 38.5293 -26.7747 18
      vertex 38.5293 -26.7747 0
    endloop
  endfacet
  facet normal 0.634447 0.772966 -0
    outer loop
      vertex 37.9697 -26.0928 0
      vertex 37.2878 -25.5331 18
      vertex 37.9697 -26.0928 18
    endloop
  endfacet
  facet normal 0.634447 0.772966 0
    outer loop
      vertex 37.2878 -25.5331 18
      vertex 37.9697 -26.0928 0
      vertex 37.2878 -25.5331 0
    endloop
  endfacet
  facet normal 0.605984 0.795477 -0
    outer loop
      vertex 37.2878 -25.5331 0
      vertex 21.0763 -13.1834 18
      vertex 37.2878 -25.5331 18
    endloop
  endfacet
  facet normal 0.605984 0.795477 0
    outer loop
      vertex 21.0763 -13.1834 18
      vertex 37.2878 -25.5331 0
      vertex 21.0763 -13.1834 0
    endloop
  endfacet
  facet normal 0.910905 -0.412616 -4.17479e-19
    outer loop
      vertex 21.0763 -13.1834 18
      vertex 21.2492 -12.8017 0
      vertex 21.2492 -12.8017 18
    endloop
  endfacet
  facet normal 0.910905 -0.412616 -4.17479e-19
    outer loop
      vertex 21.2492 -12.8017 0
      vertex 21.0763 -13.1834 18
      vertex 21.0763 -13.1834 0
    endloop
  endfacet
  facet normal 0.935897 -0.352274 -2.36877e-19
    outer loop
      vertex 21.2492 -12.8017 18
      vertex 21.7794 -11.3931 0
      vertex 21.7794 -11.3931 18
    endloop
  endfacet
  facet normal 0.935897 -0.352274 -2.36877e-19
    outer loop
      vertex 21.7794 -11.3931 0
      vertex 21.2492 -12.8017 18
      vertex 21.2492 -12.8017 0
    endloop
  endfacet
  facet normal 0.956964 -0.290207 7.58582e-20
    outer loop
      vertex 21.7794 -11.3931 18
      vertex 21.8157 -11.2734 0
      vertex 21.8157 -11.2734 18
    endloop
  endfacet
  facet normal 0.956964 -0.290207 7.58582e-20
    outer loop
      vertex 21.8157 -11.2734 0
      vertex 21.7794 -11.3931 18
      vertex 21.7794 -11.3931 0
    endloop
  endfacet
  facet normal -0.0838596 -0.996478 0
    outer loop
      vertex 21.8157 -11.2734 0
      vertex 42.5819 -13.021 18
      vertex 21.8157 -11.2734 18
    endloop
  endfacet
  facet normal -0.0838596 -0.996478 -0
    outer loop
      vertex 42.5819 -13.021 18
      vertex 21.8157 -11.2734 0
      vertex 42.5819 -13.021 0
    endloop
  endfacet
  facet normal -0.747003 -0.664821 -1.17175e-17
    outer loop
      vertex 57.4934 -29.7758 0
      vertex 42.5819 -13.021 18
      vertex 42.5819 -13.021 0
    endloop
  endfacet
  facet normal -0.747003 -0.664821 -1.17175e-17
    outer loop
      vertex 42.5819 -13.021 18
      vertex 57.4934 -29.7758 0
      vertex 57.4934 -29.7758 18
    endloop
  endfacet
  facet normal -0.634436 -0.772975 0
    outer loop
      vertex 57.4934 -29.7758 0
      vertex 58.0692 -30.2484 18
      vertex 57.4934 -29.7758 18
    endloop
  endfacet
  facet normal -0.634436 -0.772975 -0
    outer loop
      vertex 58.0692 -30.2484 18
      vertex 57.4934 -29.7758 0
      vertex 58.0692 -30.2484 0
    endloop
  endfacet
  facet normal -0.471424 -0.881907 0
    outer loop
      vertex 58.0692 -30.2484 0
      vertex 58.7262 -30.5996 18
      vertex 58.0692 -30.2484 18
    endloop
  endfacet
  facet normal -0.471424 -0.881907 -0
    outer loop
      vertex 58.7262 -30.5996 18
      vertex 58.0692 -30.2484 0
      vertex 58.7262 -30.5996 0
    endloop
  endfacet
  facet normal -0.290253 -0.95695 0
    outer loop
      vertex 58.7262 -30.5996 0
      vertex 59.439 -30.8158 18
      vertex 58.7262 -30.5996 18
    endloop
  endfacet
  facet normal -0.290253 -0.95695 -0
    outer loop
      vertex 59.439 -30.8158 18
      vertex 58.7262 -30.5996 0
      vertex 59.439 -30.8158 0
    endloop
  endfacet
  facet normal -0.0979885 -0.995188 0
    outer loop
      vertex 59.439 -30.8158 0
      vertex 60.1804 -30.8888 18
      vertex 59.439 -30.8158 18
    endloop
  endfacet
  facet normal -0.0979885 -0.995188 -0
    outer loop
      vertex 60.1804 -30.8888 18
      vertex 59.439 -30.8158 0
      vertex 60.1804 -30.8888 0
    endloop
  endfacet
  facet normal 0.0980016 -0.995186 0
    outer loop
      vertex 60.1804 -30.8888 0
      vertex 60.9217 -30.8158 18
      vertex 60.1804 -30.8888 18
    endloop
  endfacet
  facet normal 0.0980016 -0.995186 0
    outer loop
      vertex 60.9217 -30.8158 18
      vertex 60.1804 -30.8888 0
      vertex 60.9217 -30.8158 0
    endloop
  endfacet
  facet normal 0.290216 -0.956961 0
    outer loop
      vertex 60.9217 -30.8158 0
      vertex 61.6346 -30.5996 18
      vertex 60.9217 -30.8158 18
    endloop
  endfacet
  facet normal 0.290216 -0.956961 0
    outer loop
      vertex 61.6346 -30.5996 18
      vertex 60.9217 -30.8158 0
      vertex 61.6346 -30.5996 0
    endloop
  endfacet
  facet normal 0.47148 -0.881877 0
    outer loop
      vertex 61.6346 -30.5996 0
      vertex 62.2915 -30.2484 18
      vertex 61.6346 -30.5996 18
    endloop
  endfacet
  facet normal 0.47148 -0.881877 0
    outer loop
      vertex 62.2915 -30.2484 18
      vertex 61.6346 -30.5996 0
      vertex 62.2915 -30.2484 0
    endloop
  endfacet
  facet normal 0.63437 -0.773029 0
    outer loop
      vertex 62.2915 -30.2484 0
      vertex 62.8674 -29.7758 18
      vertex 62.2915 -30.2484 18
    endloop
  endfacet
  facet normal 0.63437 -0.773029 0
    outer loop
      vertex 62.8674 -29.7758 18
      vertex 62.2915 -30.2484 0
      vertex 62.8674 -29.7758 0
    endloop
  endfacet
  facet normal 0.772975 -0.634436 2.93979e-19
    outer loop
      vertex 62.8674 -29.7758 18
      vertex 63.34 -29.2 0
      vertex 63.34 -29.2 18
    endloop
  endfacet
  facet normal 0.772975 -0.634436 2.93979e-19
    outer loop
      vertex 63.34 -29.2 0
      vertex 62.8674 -29.7758 18
      vertex 62.8674 -29.7758 0
    endloop
  endfacet
  facet normal 0.881962 -0.47132 -1.66577e-19
    outer loop
      vertex 63.34 -29.2 18
      vertex 63.6911 -28.543 0
      vertex 63.6911 -28.543 18
    endloop
  endfacet
  facet normal 0.881962 -0.47132 -1.66577e-19
    outer loop
      vertex 63.6911 -28.543 0
      vertex 63.34 -29.2 18
      vertex 63.34 -29.2 0
    endloop
  endfacet
  facet normal 0.956913 -0.290376 6.0271e-19
    outer loop
      vertex 63.6911 -28.543 18
      vertex 63.9074 -27.8302 0
      vertex 63.9074 -27.8302 18
    endloop
  endfacet
  facet normal 0.956913 -0.290376 6.0271e-19
    outer loop
      vertex 63.9074 -27.8302 0
      vertex 63.6911 -28.543 18
      vertex 63.6911 -28.543 0
    endloop
  endfacet
  facet normal 0.995188 -0.0979885 8.84023e-20
    outer loop
      vertex 63.9074 -27.8302 18
      vertex 63.9804 -27.0888 0
      vertex 63.9804 -27.0888 18
    endloop
  endfacet
  facet normal 0.995188 -0.0979885 8.84023e-20
    outer loop
      vertex 63.9804 -27.0888 0
      vertex 63.9074 -27.8302 18
      vertex 63.9074 -27.8302 0
    endloop
  endfacet
  facet normal 0.995186 0.0980016 -2.55193e-19
    outer loop
      vertex 63.9804 -27.0888 18
      vertex 63.9074 -26.3475 0
      vertex 63.9074 -26.3475 18
    endloop
  endfacet
  facet normal 0.995186 0.0980016 -2.55193e-19
    outer loop
      vertex 63.9074 -26.3475 0
      vertex 63.9804 -27.0888 18
      vertex 63.9804 -27.0888 0
    endloop
  endfacet
  facet normal 0.956924 0.290339 -7.5781e-19
    outer loop
      vertex 63.9074 -26.3475 18
      vertex 63.6911 -25.6346 0
      vertex 63.6911 -25.6346 18
    endloop
  endfacet
  facet normal 0.956924 0.290339 -7.5781e-19
    outer loop
      vertex 63.6911 -25.6346 0
      vertex 63.9074 -26.3475 18
      vertex 63.9074 -26.3475 0
    endloop
  endfacet
  facet normal 0.881933 0.471375 -1.23473e-19
    outer loop
      vertex 63.6911 -25.6346 18
      vertex 63.34 -24.9777 0
      vertex 63.34 -24.9777 18
    endloop
  endfacet
  facet normal 0.881933 0.471375 -1.23473e-19
    outer loop
      vertex 63.34 -24.9777 0
      vertex 63.6911 -25.6346 18
      vertex 63.6911 -25.6346 0
    endloop
  endfacet
  facet normal 0.784409 0.620244 9.17518e-18
    outer loop
      vertex 63.34 -24.9777 18
      vertex 48.4951 -6.2037 0
      vertex 48.4951 -6.2037 18
    endloop
  endfacet
  facet normal 0.784409 0.620244 9.17518e-18
    outer loop
      vertex 48.4951 -6.2037 0
      vertex 63.34 -24.9777 18
      vertex 63.34 -24.9777 0
    endloop
  endfacet
  facet normal 0.773027 0.634374 4.29461e-19
    outer loop
      vertex 48.4951 -6.2037 18
      vertex 47.9355 -5.52179 0
      vertex 47.9355 -5.52179 18
    endloop
  endfacet
  facet normal 0.773027 0.634374 4.29461e-19
    outer loop
      vertex 47.9355 -5.52179 0
      vertex 48.4951 -6.2037 18
      vertex 48.4951 -6.2037 0
    endloop
  endfacet
  facet normal 0.634344 0.773051 -0
    outer loop
      vertex 47.9355 -5.52179 0
      vertex 47.2535 -4.96216 18
      vertex 47.9355 -5.52179 18
    endloop
  endfacet
  facet normal 0.634344 0.773051 0
    outer loop
      vertex 47.2535 -4.96216 18
      vertex 47.9355 -5.52179 0
      vertex 47.2535 -4.96216 0
    endloop
  endfacet
  facet normal 0.471444 0.881896 -0
    outer loop
      vertex 47.2535 -4.96216 0
      vertex 46.4756 -4.54631 18
      vertex 47.2535 -4.96216 18
    endloop
  endfacet
  facet normal 0.471444 0.881896 0
    outer loop
      vertex 46.4756 -4.54631 18
      vertex 47.2535 -4.96216 0
      vertex 46.4756 -4.54631 0
    endloop
  endfacet
  facet normal 0.290269 0.956945 -0
    outer loop
      vertex 46.4756 -4.54631 0
      vertex 45.6314 -4.29024 18
      vertex 46.4756 -4.54631 18
    endloop
  endfacet
  facet normal 0.290269 0.956945 0
    outer loop
      vertex 45.6314 -4.29024 18
      vertex 46.4756 -4.54631 0
      vertex 45.6314 -4.29024 0
    endloop
  endfacet
  facet normal 0.125173 0.992135 -0
    outer loop
      vertex 45.6314 -4.29024 0
      vertex 22.8443 -1.41531 18
      vertex 45.6314 -4.29024 18
    endloop
  endfacet
  facet normal 0.125173 0.992135 0
    outer loop
      vertex 22.8443 -1.41531 18
      vertex 45.6314 -4.29024 0
      vertex 22.8443 -1.41531 0
    endloop
  endfacet
  facet normal 0.995187 0.0979891 -1.89269e-19
    outer loop
      vertex 22.8443 -1.41531 18
      vertex 22.8032 -0.997894 0
      vertex 22.8032 -0.997894 18
    endloop
  endfacet
  facet normal 0.995187 0.0979891 -1.89269e-19
    outer loop
      vertex 22.8032 -0.997894 0
      vertex 22.8443 -1.41531 18
      vertex 22.8443 -1.41531 0
    endloop
  endfacet
  facet normal 0.986651 0.16285 7.74206e-19
    outer loop
      vertex 22.8032 -0.997894 18
      vertex 22.5581 0.487076 0
      vertex 22.5581 0.487076 18
    endloop
  endfacet
  facet normal 0.986651 0.16285 7.74206e-19
    outer loop
      vertex 22.5581 0.487076 0
      vertex 22.8032 -0.997894 18
      vertex 22.8032 -0.997894 0
    endloop
  endfacet
  facet normal 0.973896 0.226997 -6.76802e-20
    outer loop
      vertex 22.5581 0.487076 18
      vertex 22.5325 0.596909 0
      vertex 22.5325 0.596909 18
    endloop
  endfacet
  facet normal 0.973896 0.226997 -6.76802e-20
    outer loop
      vertex 22.5325 0.596909 0
      vertex 22.5581 0.487076 18
      vertex 22.5581 0.487076 0
    endloop
  endfacet
  facet normal 0.42566 -0.904883 0
    outer loop
      vertex 22.5325 0.596909 0
      vertex 41.4082 9.4761 18
      vertex 22.5325 0.596909 18
    endloop
  endfacet
  facet normal 0.42566 -0.904883 0
    outer loop
      vertex 41.4082 9.4761 18
      vertex 22.5325 0.596909 0
      vertex 41.4082 9.4761 0
    endloop
  endfacet
  facet normal -0.31454 -0.949244 0
    outer loop
      vertex 41.4082 9.4761 0
      vertex 62.208 2.58391 18
      vertex 41.4082 9.4761 18
    endloop
  endfacet
  facet normal -0.31454 -0.949244 -0
    outer loop
      vertex 62.208 2.58391 18
      vertex 41.4082 9.4761 0
      vertex 62.208 2.58391 0
    endloop
  endfacet
  facet normal -0.29029 -0.956939 0
    outer loop
      vertex 62.208 2.58391 0
      vertex 62.9208 2.36768 18
      vertex 62.208 2.58391 18
    endloop
  endfacet
  facet normal -0.29029 -0.956939 -0
    outer loop
      vertex 62.9208 2.36768 18
      vertex 62.208 2.58391 0
      vertex 62.9208 2.36768 0
    endloop
  endfacet
  facet normal -0.0980151 -0.995185 0
    outer loop
      vertex 62.9208 2.36768 0
      vertex 63.6622 2.29466 18
      vertex 62.9208 2.36768 18
    endloop
  endfacet
  facet normal -0.0980151 -0.995185 -0
    outer loop
      vertex 63.6622 2.29466 18
      vertex 62.9208 2.36768 0
      vertex 63.6622 2.29466 0
    endloop
  endfacet
  facet normal 0.0980282 -0.995184 0
    outer loop
      vertex 63.6622 2.29466 0
      vertex 64.4035 2.36768 18
      vertex 63.6622 2.29466 18
    endloop
  endfacet
  facet normal 0.0980282 -0.995184 0
    outer loop
      vertex 64.4035 2.36768 18
      vertex 63.6622 2.29466 0
      vertex 64.4035 2.36768 0
    endloop
  endfacet
  facet normal 0.290253 -0.95695 0
    outer loop
      vertex 64.4035 2.36768 0
      vertex 65.1164 2.58391 18
      vertex 64.4035 2.36768 18
    endloop
  endfacet
  facet normal 0.290253 -0.95695 0
    outer loop
      vertex 65.1164 2.58391 18
      vertex 64.4035 2.36768 0
      vertex 65.1164 2.58391 0
    endloop
  endfacet
  facet normal 0.471438 -0.881899 0
    outer loop
      vertex 65.1164 2.58391 0
      vertex 65.7733 2.93507 18
      vertex 65.1164 2.58391 18
    endloop
  endfacet
  facet normal 0.471438 -0.881899 0
    outer loop
      vertex 65.7733 2.93507 18
      vertex 65.1164 2.58391 0
      vertex 65.7733 2.93507 0
    endloop
  endfacet
  facet normal 0.634354 -0.773043 0
    outer loop
      vertex 65.7733 2.93507 0
      vertex 66.3492 3.40765 18
      vertex 65.7733 2.93507 18
    endloop
  endfacet
  facet normal 0.634354 -0.773043 0
    outer loop
      vertex 66.3492 3.40765 18
      vertex 65.7733 2.93507 0
      vertex 66.3492 3.40765 0
    endloop
  endfacet
  facet normal 0.773063 -0.634329 -1.84527e-19
    outer loop
      vertex 66.3492 3.40765 18
      vertex 66.8217 3.98349 0
      vertex 66.8217 3.98349 18
    endloop
  endfacet
  facet normal 0.773063 -0.634329 -1.84527e-19
    outer loop
      vertex 66.8217 3.98349 0
      vertex 66.3492 3.40765 18
      vertex 66.3492 3.40765 0
    endloop
  endfacet
  facet normal 0.881898 -0.471441 -8.7773e-20
    outer loop
      vertex 66.8217 3.98349 18
      vertex 67.1729 4.64046 0
      vertex 67.1729 4.64046 18
    endloop
  endfacet
  facet normal 0.881898 -0.471441 -8.7773e-20
    outer loop
      vertex 67.1729 4.64046 0
      vertex 66.8217 3.98349 18
      vertex 66.8217 3.98349 0
    endloop
  endfacet
  facet normal 0.956957 -0.290231 4.02658e-19
    outer loop
      vertex 67.1729 4.64046 18
      vertex 67.3891 5.35332 0
      vertex 67.3891 5.35332 18
    endloop
  endfacet
  facet normal 0.956957 -0.290231 4.02658e-19
    outer loop
      vertex 67.3891 5.35332 0
      vertex 67.1729 4.64046 18
      vertex 67.1729 4.64046 0
    endloop
  endfacet
  facet normal 0.995174 -0.0981306 1.63667e-19
    outer loop
      vertex 67.3891 5.35332 18
      vertex 67.4622 6.09465 0
      vertex 67.4622 6.09465 18
    endloop
  endfacet
  facet normal 0.995174 -0.0981306 1.63667e-19
    outer loop
      vertex 67.4622 6.09465 0
      vertex 67.3891 5.35332 18
      vertex 67.3891 5.35332 0
    endloop
  endfacet
  facet normal 0.995174 0.098128 2.85112e-20
    outer loop
      vertex 67.4622 6.09465 18
      vertex 67.3891 6.836 0
      vertex 67.3891 6.836 18
    endloop
  endfacet
  facet normal 0.995174 0.098128 2.85112e-20
    outer loop
      vertex 67.3891 6.836 0
      vertex 67.4622 6.09465 18
      vertex 67.4622 6.09465 0
    endloop
  endfacet
  facet normal 0.956957 0.290231 -4.02658e-19
    outer loop
      vertex 67.3891 6.836 18
      vertex 67.1729 7.54886 0
      vertex 67.1729 7.54886 18
    endloop
  endfacet
  facet normal 0.956957 0.290231 -4.02658e-19
    outer loop
      vertex 67.1729 7.54886 0
      vertex 67.3891 6.836 18
      vertex 67.3891 6.836 0
    endloop
  endfacet
  facet normal 0.881898 0.471441 8.75993e-19
    outer loop
      vertex 67.1729 7.54886 18
      vertex 66.8217 8.20583 0
      vertex 66.8217 8.20583 18
    endloop
  endfacet
  facet normal 0.881898 0.471441 8.75993e-19
    outer loop
      vertex 66.8217 8.20583 0
      vertex 67.1729 7.54886 18
      vertex 67.1729 7.54886 0
    endloop
  endfacet
  facet normal 0.773058 0.634336 -1.2979e-18
    outer loop
      vertex 66.8217 8.20583 18
      vertex 66.3492 8.78166 0
      vertex 66.3492 8.78166 18
    endloop
  endfacet
  facet normal 0.773058 0.634336 -1.2979e-18
    outer loop
      vertex 66.3492 8.78166 0
      vertex 66.8217 8.20583 18
      vertex 66.8217 8.20583 0
    endloop
  endfacet
  facet normal 0.634354 0.773043 -0
    outer loop
      vertex 66.3492 8.78166 0
      vertex 65.7733 9.25424 18
      vertex 66.3492 8.78166 18
    endloop
  endfacet
  facet normal 0.634354 0.773043 0
    outer loop
      vertex 65.7733 9.25424 18
      vertex 66.3492 8.78166 0
      vertex 65.7733 9.25424 0
    endloop
  endfacet
  facet normal 0.471449 0.881894 -0
    outer loop
      vertex 65.7733 9.25424 0
      vertex 65.1164 9.60541 18
      vertex 65.7733 9.25424 18
    endloop
  endfacet
  facet normal 0.471449 0.881894 0
    outer loop
      vertex 65.1164 9.60541 18
      vertex 65.7733 9.25424 0
      vertex 65.1164 9.60541 0
    endloop
  endfacet
  facet normal 0.369278 0.929319 -0
    outer loop
      vertex 65.1164 9.60541 0
      vertex 42.8316 18.4606 18
      vertex 65.1164 9.60541 18
    endloop
  endfacet
  facet normal 0.369278 0.929319 0
    outer loop
      vertex 42.8316 18.4606 18
      vertex 65.1164 9.60541 0
      vertex 42.8316 18.4606 0
    endloop
  endfacet
  facet normal 0.2903 0.956936 -0
    outer loop
      vertex 42.8316 18.4606 0
      vertex 41.9874 18.7167 18
      vertex 42.8316 18.4606 18
    endloop
  endfacet
  facet normal 0.2903 0.956936 0
    outer loop
      vertex 41.9874 18.7167 18
      vertex 42.8316 18.4606 0
      vertex 41.9874 18.7167 0
    endloop
  endfacet
  facet normal 0.0979435 0.995192 -0
    outer loop
      vertex 41.9874 18.7167 0
      vertex 41.1095 18.8031 18
      vertex 41.9874 18.7167 18
    endloop
  endfacet
  facet normal 0.0979435 0.995192 0
    outer loop
      vertex 41.1095 18.8031 18
      vertex 41.9874 18.7167 0
      vertex 41.1095 18.8031 0
    endloop
  endfacet
  facet normal -0.0979435 0.995192 0
    outer loop
      vertex 41.1095 18.8031 0
      vertex 40.2316 18.7167 18
      vertex 41.1095 18.8031 18
    endloop
  endfacet
  facet normal -0.0979435 0.995192 0
    outer loop
      vertex 40.2316 18.7167 18
      vertex 41.1095 18.8031 0
      vertex 40.2316 18.7167 0
    endloop
  endfacet
  facet normal -0.290331 0.956926 0
    outer loop
      vertex 40.2316 18.7167 0
      vertex 39.3875 18.4606 18
      vertex 40.2316 18.7167 18
    endloop
  endfacet
  facet normal -0.290331 0.956926 0
    outer loop
      vertex 39.3875 18.4606 18
      vertex 40.2316 18.7167 0
      vertex 39.3875 18.4606 0
    endloop
  endfacet
  facet normal -0.387616 0.921821 0
    outer loop
      vertex 39.3875 18.4606 0
      vertex 18.484 9.67091 18
      vertex 39.3875 18.4606 18
    endloop
  endfacet
  facet normal -0.387616 0.921821 0
    outer loop
      vertex 18.484 9.67091 18
      vertex 39.3875 18.4606 0
      vertex 18.484 9.67091 0
    endloop
  endfacet
  facet normal 0.812844 0.582482 2.96891e-19
    outer loop
      vertex 18.484 9.67091 18
      vertex 18.2471 10.0015 0
      vertex 18.2471 10.0015 18
    endloop
  endfacet
  facet normal 0.812844 0.582482 2.96891e-19
    outer loop
      vertex 18.2471 10.0015 0
      vertex 18.484 9.67091 18
      vertex 18.484 9.67091 0
    endloop
  endfacet
  facet normal 0.773003 0.634402 4.09082e-18
    outer loop
      vertex 18.2471 10.0015 18
      vertex 17.2923 11.1649 0
      vertex 17.2923 11.1649 18
    endloop
  endfacet
  facet normal 0.773003 0.634402 4.09082e-18
    outer loop
      vertex 17.2923 11.1649 0
      vertex 18.2471 10.0015 18
      vertex 18.2471 10.0015 0
    endloop
  endfacet
  facet normal 0.730242 0.683188 -1.82384e-19
    outer loop
      vertex 17.2923 11.1649 18
      vertex 17.2168 11.2456 0
      vertex 17.2168 11.2456 18
    endloop
  endfacet
  facet normal 0.730242 0.683188 -1.82384e-19
    outer loop
      vertex 17.2168 11.2456 0
      vertex 17.2923 11.1649 18
      vertex 17.2923 11.1649 0
    endloop
  endfacet
  facet normal 0.822164 -0.569251 2.6968e-17
    outer loop
      vertex 17.2168 11.2456 18
      vertex 28.0075 26.8305 0
      vertex 28.0075 26.8305 18
    endloop
  endfacet
  facet normal 0.822164 -0.569251 2.6968e-17
    outer loop
      vertex 28.0075 26.8305 0
      vertex 17.2168 11.2456 18
      vertex 17.2168 11.2456 0
    endloop
  endfacet
  facet normal 0.238899 -0.971045 0
    outer loop
      vertex 28.0075 26.8305 0
      vertex 47.5354 31.6348 18
      vertex 28.0075 26.8305 18
    endloop
  endfacet
  facet normal 0.238899 -0.971045 0
    outer loop
      vertex 47.5354 31.6348 18
      vertex 28.0075 26.8305 0
      vertex 47.5354 31.6348 0
    endloop
  endfacet
  facet normal 0.290253 -0.95695 0
    outer loop
      vertex 47.5354 31.6348 0
      vertex 48.2482 31.851 18
      vertex 47.5354 31.6348 18
    endloop
  endfacet
  facet normal 0.290253 -0.95695 0
    outer loop
      vertex 48.2482 31.851 18
      vertex 47.5354 31.6348 0
      vertex 48.2482 31.851 0
    endloop
  endfacet
  facet normal 0.471424 -0.881907 0
    outer loop
      vertex 48.2482 31.851 0
      vertex 48.9052 32.2022 18
      vertex 48.2482 31.851 18
    endloop
  endfacet
  facet normal 0.471424 -0.881907 0
    outer loop
      vertex 48.9052 32.2022 18
      vertex 48.2482 31.851 0
      vertex 48.9052 32.2022 0
    endloop
  endfacet
  facet normal 0.634436 -0.772975 0
    outer loop
      vertex 48.9052 32.2022 0
      vertex 49.481 32.6748 18
      vertex 48.9052 32.2022 18
    endloop
  endfacet
  facet normal 0.634436 -0.772975 0
    outer loop
      vertex 49.481 32.6748 18
      vertex 48.9052 32.2022 0
      vertex 49.481 32.6748 0
    endloop
  endfacet
  facet normal 0.772975 -0.634436 2.93979e-19
    outer loop
      vertex 49.481 32.6748 18
      vertex 49.9536 33.2506 0
      vertex 49.9536 33.2506 18
    endloop
  endfacet
  facet normal 0.772975 -0.634436 2.93979e-19
    outer loop
      vertex 49.9536 33.2506 0
      vertex 49.481 32.6748 18
      vertex 49.481 32.6748 0
    endloop
  endfacet
  facet normal 0.881962 -0.47132 -2.89119e-19
    outer loop
      vertex 49.9536 33.2506 18
      vertex 50.3047 33.9076 0
      vertex 50.3047 33.9076 18
    endloop
  endfacet
  facet normal 0.881962 -0.47132 -2.89119e-19
    outer loop
      vertex 50.3047 33.9076 0
      vertex 49.9536 33.2506 18
      vertex 49.9536 33.2506 0
    endloop
  endfacet
  facet normal 0.956913 -0.290376 -8.18177e-19
    outer loop
      vertex 50.3047 33.9076 18
      vertex 50.521 34.6204 0
      vertex 50.521 34.6204 18
    endloop
  endfacet
  facet normal 0.956913 -0.290376 -8.18177e-19
    outer loop
      vertex 50.521 34.6204 0
      vertex 50.3047 33.9076 18
      vertex 50.3047 33.9076 0
    endloop
  endfacet
  facet normal 0.995188 -0.0979885 -2.34488e-19
    outer loop
      vertex 50.521 34.6204 18
      vertex 50.594 35.3618 0
      vertex 50.594 35.3618 18
    endloop
  endfacet
  facet normal 0.995188 -0.0979885 -2.34488e-19
    outer loop
      vertex 50.594 35.3618 0
      vertex 50.521 34.6204 18
      vertex 50.521 34.6204 0
    endloop
  endfacet
  facet normal 0.995186 0.0980016 -6.06055e-20
    outer loop
      vertex 50.594 35.3618 18
      vertex 50.521 36.1031 0
      vertex 50.521 36.1031 18
    endloop
  endfacet
  facet normal 0.995186 0.0980016 -6.06055e-20
    outer loop
      vertex 50.521 36.1031 0
      vertex 50.594 35.3618 18
      vertex 50.594 35.3618 0
    endloop
  endfacet
  facet normal 0.956924 0.290339 -1.08723e-19
    outer loop
      vertex 50.521 36.1031 18
      vertex 50.3047 36.816 0
      vertex 50.3047 36.816 18
    endloop
  endfacet
  facet normal 0.956924 0.290339 -1.08723e-19
    outer loop
      vertex 50.3047 36.816 0
      vertex 50.521 36.1031 18
      vertex 50.521 36.1031 0
    endloop
  endfacet
  facet normal 0.881933 0.471375 -1.23473e-19
    outer loop
      vertex 50.3047 36.816 18
      vertex 49.9536 37.4729 0
      vertex 49.9536 37.4729 18
    endloop
  endfacet
  facet normal 0.881933 0.471375 -1.23473e-19
    outer loop
      vertex 49.9536 37.4729 0
      vertex 50.3047 36.816 18
      vertex 50.3047 36.816 0
    endloop
  endfacet
  facet normal 0.773029 0.63437 1.70363e-19
    outer loop
      vertex 49.9536 37.4729 18
      vertex 49.481 38.0488 0
      vertex 49.481 38.0488 18
    endloop
  endfacet
  facet normal 0.773029 0.63437 1.70363e-19
    outer loop
      vertex 49.481 38.0488 0
      vertex 49.9536 37.4729 18
      vertex 49.9536 37.4729 0
    endloop
  endfacet
  facet normal 0.634436 0.772975 -0
    outer loop
      vertex 49.481 38.0488 0
      vertex 48.9052 38.5214 18
      vertex 49.481 38.0488 18
    endloop
  endfacet
  facet normal 0.634436 0.772975 0
    outer loop
      vertex 48.9052 38.5214 18
      vertex 49.481 38.0488 0
      vertex 48.9052 38.5214 0
    endloop
  endfacet
  facet normal 0.47132 0.881962 -0
    outer loop
      vertex 48.9052 38.5214 0
      vertex 48.2482 38.8725 18
      vertex 48.9052 38.5214 18
    endloop
  endfacet
  facet normal 0.47132 0.881962 0
    outer loop
      vertex 48.2482 38.8725 18
      vertex 48.9052 38.5214 0
      vertex 48.2482 38.8725 0
    endloop
  endfacet
  facet normal 0.290376 0.956913 -0
    outer loop
      vertex 48.2482 38.8725 0
      vertex 47.5354 39.0888 18
      vertex 48.2482 38.8725 18
    endloop
  endfacet
  facet normal 0.290376 0.956913 0
    outer loop
      vertex 47.5354 39.0888 18
      vertex 48.2482 38.8725 0
      vertex 47.5354 39.0888 0
    endloop
  endfacet
  facet normal 0.0979885 0.995188 -0
    outer loop
      vertex 47.5354 39.0888 0
      vertex 46.794 39.1618 18
      vertex 47.5354 39.0888 18
    endloop
  endfacet
  facet normal 0.0979885 0.995188 0
    outer loop
      vertex 46.794 39.1618 18
      vertex 47.5354 39.0888 0
      vertex 46.794 39.1618 0
    endloop
  endfacet
  facet normal -0.0980016 0.995186 0
    outer loop
      vertex 46.794 39.1618 0
      vertex 46.0527 39.0888 18
      vertex 46.794 39.1618 18
    endloop
  endfacet
  facet normal -0.0980016 0.995186 0
    outer loop
      vertex 46.0527 39.0888 18
      vertex 46.794 39.1618 0
      vertex 46.0527 39.0888 0
    endloop
  endfacet
  facet normal -0.176689 0.984267 0
    outer loop
      vertex 46.0527 39.0888 0
      vertex 24.3969 35.2013 18
      vertex 46.0527 39.0888 18
    endloop
  endfacet
  facet normal -0.176689 0.984267 0
    outer loop
      vertex 24.3969 35.2013 18
      vertex 46.0527 39.0888 0
      vertex 24.3969 35.2013 0
    endloop
  endfacet
  facet normal -0.2903 0.956936 0
    outer loop
      vertex 24.3969 35.2013 0
      vertex 23.5527 34.9452 18
      vertex 24.3969 35.2013 18
    endloop
  endfacet
  facet normal -0.2903 0.956936 0
    outer loop
      vertex 23.5527 34.9452 18
      vertex 24.3969 35.2013 0
      vertex 23.5527 34.9452 0
    endloop
  endfacet
  facet normal -0.471441 0.881898 0
    outer loop
      vertex 23.5527 34.9452 0
      vertex 22.7747 34.5293 18
      vertex 23.5527 34.9452 18
    endloop
  endfacet
  facet normal -0.471441 0.881898 0
    outer loop
      vertex 22.7747 34.5293 18
      vertex 23.5527 34.9452 0
      vertex 22.7747 34.5293 0
    endloop
  endfacet
  facet normal -0.634379 0.773022 0
    outer loop
      vertex 22.7747 34.5293 0
      vertex 22.0928 33.9697 18
      vertex 22.7747 34.5293 18
    endloop
  endfacet
  facet normal -0.634379 0.773022 0
    outer loop
      vertex 22.0928 33.9697 18
      vertex 22.7747 34.5293 0
      vertex 22.0928 33.9697 0
    endloop
  endfacet
  facet normal -0.772966 0.634447 1.52449e-18
    outer loop
      vertex 21.5331 33.2878 0
      vertex 22.0928 33.9697 18
      vertex 22.0928 33.9697 0
    endloop
  endfacet
  facet normal -0.772966 0.634447 1.52449e-18
    outer loop
      vertex 22.0928 33.9697 18
      vertex 21.5331 33.2878 0
      vertex 21.5331 33.2878 18
    endloop
  endfacet
  facet normal -0.79548 0.60598 -3.0545e-19
    outer loop
      vertex 12.9499 22.0205 0
      vertex 21.5331 33.2878 18
      vertex 21.5331 33.2878 0
    endloop
  endfacet
  facet normal -0.79548 0.60598 -3.0545e-19
    outer loop
      vertex 21.5331 33.2878 18
      vertex 12.9499 22.0205 0
      vertex 12.9499 22.0205 18
    endloop
  endfacet
  facet normal 0.998788 0.0492111 5.88847e-21
    outer loop
      vertex 12.9499 22.0205 18
      vertex 12.9374 22.2742 0
      vertex 12.9374 22.2742 18
    endloop
  endfacet
  facet normal 0.998788 0.0492111 5.88847e-21
    outer loop
      vertex 12.9374 22.2742 0
      vertex 12.9499 22.0205 18
      vertex 12.9499 22.0205 0
    endloop
  endfacet
  facet normal 0.989177 0.14673 -3.27354e-20
    outer loop
      vertex 12.9374 22.2742 18
      vertex 12.7502 23.5362 0
      vertex 12.7502 23.5362 18
    endloop
  endfacet
  facet normal 0.989177 0.14673 -3.27354e-20
    outer loop
      vertex 12.7502 23.5362 0
      vertex 12.9374 22.2742 18
      vertex 12.9374 22.2742 0
    endloop
  endfacet
  facet normal 0.970027 0.242997 1.04431e-18
    outer loop
      vertex 12.7502 23.5362 18
      vertex 12.4402 24.7737 0
      vertex 12.4402 24.7737 18
    endloop
  endfacet
  facet normal 0.970027 0.242997 1.04431e-18
    outer loop
      vertex 12.4402 24.7737 0
      vertex 12.7502 23.5362 18
      vertex 12.7502 23.5362 0
    endloop
  endfacet
  facet normal 0.941543 0.336892 -1.8954e-18
    outer loop
      vertex 12.4402 24.7737 18
      vertex 12.0104 25.9749 0
      vertex 12.0104 25.9749 18
    endloop
  endfacet
  facet normal 0.941543 0.336892 -1.8954e-18
    outer loop
      vertex 12.0104 25.9749 0
      vertex 12.4402 24.7737 18
      vertex 12.4402 24.7737 0
    endloop
  endfacet
  facet normal 0.903996 0.42754 -1.29754e-18
    outer loop
      vertex 12.0104 25.9749 18
      vertex 11.465 27.1281 0
      vertex 11.465 27.1281 18
    endloop
  endfacet
  facet normal 0.903996 0.42754 -1.29754e-18
    outer loop
      vertex 11.465 27.1281 0
      vertex 12.0104 25.9749 18
      vertex 12.0104 25.9749 0
    endloop
  endfacet
  facet normal 0.857728 0.514104 -2.20473e-18
    outer loop
      vertex 11.465 27.1281 18
      vertex 10.8091 28.2224 0
      vertex 10.8091 28.2224 18
    endloop
  endfacet
  facet normal 0.857728 0.514104 -2.20473e-18
    outer loop
      vertex 10.8091 28.2224 0
      vertex 11.465 27.1281 18
      vertex 11.465 27.1281 0
    endloop
  endfacet
  facet normal 0.803196 0.595715 -1.48798e-18
    outer loop
      vertex 10.8091 28.2224 18
      vertex 10.0491 29.2471 0
      vertex 10.0491 29.2471 18
    endloop
  endfacet
  facet normal 0.803196 0.595715 -1.48798e-18
    outer loop
      vertex 10.0491 29.2471 0
      vertex 10.8091 28.2224 18
      vertex 10.8091 28.2224 0
    endloop
  endfacet
  facet normal 0.740971 0.671537 -1.29199e-19
    outer loop
      vertex 10.0491 29.2471 18
      vertex 9.19238 30.1924 0
      vertex 9.19238 30.1924 18
    endloop
  endfacet
  facet normal 0.740971 0.671537 -1.29199e-19
    outer loop
      vertex 9.19238 30.1924 0
      vertex 10.0491 29.2471 18
      vertex 10.0491 29.2471 0
    endloop
  endfacet
  facet normal 0.671537 0.740971 -0
    outer loop
      vertex 9.19238 30.1924 0
      vertex 8.2471 31.0491 18
      vertex 9.19238 30.1924 18
    endloop
  endfacet
  facet normal 0.671537 0.740971 0
    outer loop
      vertex 8.2471 31.0491 18
      vertex 9.19238 30.1924 0
      vertex 8.2471 31.0491 0
    endloop
  endfacet
  facet normal 0.595719 0.803193 -0
    outer loop
      vertex 8.2471 31.0491 0
      vertex 7.22241 31.8091 18
      vertex 8.2471 31.0491 18
    endloop
  endfacet
  facet normal 0.595719 0.803193 0
    outer loop
      vertex 7.22241 31.8091 18
      vertex 8.2471 31.0491 0
      vertex 7.22241 31.8091 0
    endloop
  endfacet
  facet normal 0.514114 0.857722 -0
    outer loop
      vertex 7.22241 31.8091 0
      vertex 6.12814 32.465 18
      vertex 7.22241 31.8091 18
    endloop
  endfacet
  facet normal 0.514114 0.857722 0
    outer loop
      vertex 6.12814 32.465 18
      vertex 7.22241 31.8091 0
      vertex 6.12814 32.465 0
    endloop
  endfacet
  facet normal 0.427522 0.904005 -0
    outer loop
      vertex 6.12814 32.465 0
      vertex 4.97488 33.0104 18
      vertex 6.12814 32.465 18
    endloop
  endfacet
  facet normal 0.427522 0.904005 0
    outer loop
      vertex 4.97488 33.0104 18
      vertex 6.12814 32.465 0
      vertex 4.97488 33.0104 0
    endloop
  endfacet
  facet normal 0.336897 0.941541 -0
    outer loop
      vertex 4.97488 33.0104 0
      vertex 3.7737 33.4402 18
      vertex 4.97488 33.0104 18
    endloop
  endfacet
  facet normal 0.336897 0.941541 0
    outer loop
      vertex 3.7737 33.4402 18
      vertex 4.97488 33.0104 0
      vertex 3.7737 33.4402 0
    endloop
  endfacet
  facet normal 0.242989 0.970029 -0
    outer loop
      vertex 3.7737 33.4402 0
      vertex 2.53616 33.7502 18
      vertex 3.7737 33.4402 18
    endloop
  endfacet
  facet normal 0.242989 0.970029 0
    outer loop
      vertex 2.53616 33.7502 18
      vertex 3.7737 33.4402 0
      vertex 2.53616 33.7502 0
    endloop
  endfacet
  facet normal 0.146737 0.989175 -0
    outer loop
      vertex 2.53616 33.7502 0
      vertex 1.27422 33.9374 18
      vertex 2.53616 33.7502 18
    endloop
  endfacet
  facet normal 0.146737 0.989175 0
    outer loop
      vertex 1.27422 33.9374 18
      vertex 2.53616 33.7502 0
      vertex 1.27422 33.9374 0
    endloop
  endfacet
  facet normal 0.0490689 0.998795 -0
    outer loop
      vertex 1.27422 33.9374 0
      vertex 0 34 18
      vertex 1.27422 33.9374 18
    endloop
  endfacet
  facet normal 0.0490689 0.998795 0
    outer loop
      vertex 0 34 18
      vertex 1.27422 33.9374 0
      vertex 0 34 0
    endloop
  endfacet
  facet normal -0.0490689 0.998795 0
    outer loop
      vertex 0 34 0
      vertex -1.27422 33.9374 18
      vertex 0 34 18
    endloop
  endfacet
  facet normal -0.0490689 0.998795 0
    outer loop
      vertex -1.27422 33.9374 18
      vertex 0 34 0
      vertex -1.27422 33.9374 0
    endloop
  endfacet
  facet normal -0.146737 0.989175 0
    outer loop
      vertex -1.27422 33.9374 0
      vertex -2.53616 33.7502 18
      vertex -1.27422 33.9374 18
    endloop
  endfacet
  facet normal -0.146737 0.989175 0
    outer loop
      vertex -2.53616 33.7502 18
      vertex -1.27422 33.9374 0
      vertex -2.53616 33.7502 0
    endloop
  endfacet
  facet normal -0.242989 0.970029 0
    outer loop
      vertex -2.53616 33.7502 0
      vertex -3.7737 33.4402 18
      vertex -2.53616 33.7502 18
    endloop
  endfacet
  facet normal -0.242989 0.970029 0
    outer loop
      vertex -3.7737 33.4402 18
      vertex -2.53616 33.7502 0
      vertex -3.7737 33.4402 0
    endloop
  endfacet
  facet normal -0.336897 0.941541 0
    outer loop
      vertex -3.7737 33.4402 0
      vertex -4.97488 33.0104 18
      vertex -3.7737 33.4402 18
    endloop
  endfacet
  facet normal -0.336897 0.941541 0
    outer loop
      vertex -4.97488 33.0104 18
      vertex -3.7737 33.4402 0
      vertex -4.97488 33.0104 0
    endloop
  endfacet
  facet normal -0.427522 0.904005 0
    outer loop
      vertex -4.97488 33.0104 0
      vertex -6.12814 32.465 18
      vertex -4.97488 33.0104 18
    endloop
  endfacet
  facet normal -0.427522 0.904005 0
    outer loop
      vertex -6.12814 32.465 18
      vertex -4.97488 33.0104 0
      vertex -6.12814 32.465 0
    endloop
  endfacet
  facet normal -0.514114 0.857722 0
    outer loop
      vertex -6.12814 32.465 0
      vertex -7.22241 31.8091 18
      vertex -6.12814 32.465 18
    endloop
  endfacet
  facet normal -0.514114 0.857722 0
    outer loop
      vertex -7.22241 31.8091 18
      vertex -6.12814 32.465 0
      vertex -7.22241 31.8091 0
    endloop
  endfacet
  facet normal -0.595719 0.803193 0
    outer loop
      vertex -7.22241 31.8091 0
      vertex -8.2471 31.0491 18
      vertex -7.22241 31.8091 18
    endloop
  endfacet
  facet normal -0.595719 0.803193 0
    outer loop
      vertex -8.2471 31.0491 18
      vertex -7.22241 31.8091 0
      vertex -8.2471 31.0491 0
    endloop
  endfacet
  facet normal -0.671537 0.740971 0
    outer loop
      vertex -8.2471 31.0491 0
      vertex -9.19238 30.1924 18
      vertex -8.2471 31.0491 18
    endloop
  endfacet
  facet normal -0.671537 0.740971 0
    outer loop
      vertex -9.19238 30.1924 18
      vertex -8.2471 31.0491 0
      vertex -9.19238 30.1924 0
    endloop
  endfacet
  facet normal -0.740971 0.671537 1.29199e-19
    outer loop
      vertex -10.0491 29.2471 0
      vertex -9.19238 30.1924 18
      vertex -9.19238 30.1924 0
    endloop
  endfacet
  facet normal -0.740971 0.671537 1.29199e-19
    outer loop
      vertex -9.19238 30.1924 18
      vertex -10.0491 29.2471 0
      vertex -10.0491 29.2471 18
    endloop
  endfacet
  facet normal -0.803196 0.595715 1.48798e-18
    outer loop
      vertex -10.8091 28.2224 0
      vertex -10.0491 29.2471 18
      vertex -10.0491 29.2471 0
    endloop
  endfacet
  facet normal -0.803196 0.595715 1.48798e-18
    outer loop
      vertex -10.0491 29.2471 18
      vertex -10.8091 28.2224 0
      vertex -10.8091 28.2224 18
    endloop
  endfacet
  facet normal -0.857728 0.514104 2.20473e-18
    outer loop
      vertex -11.465 27.1281 0
      vertex -10.8091 28.2224 18
      vertex -10.8091 28.2224 0
    endloop
  endfacet
  facet normal -0.857728 0.514104 2.20473e-18
    outer loop
      vertex -10.8091 28.2224 18
      vertex -11.465 27.1281 0
      vertex -11.465 27.1281 18
    endloop
  endfacet
  facet normal -0.903996 0.42754 1.29754e-18
    outer loop
      vertex -12.0104 25.9749 0
      vertex -11.465 27.1281 18
      vertex -11.465 27.1281 0
    endloop
  endfacet
  facet normal -0.903996 0.42754 1.29754e-18
    outer loop
      vertex -11.465 27.1281 18
      vertex -12.0104 25.9749 0
      vertex -12.0104 25.9749 18
    endloop
  endfacet
  facet normal -0.941543 0.336892 1.8954e-18
    outer loop
      vertex -12.4402 24.7737 0
      vertex -12.0104 25.9749 18
      vertex -12.0104 25.9749 0
    endloop
  endfacet
  facet normal -0.941543 0.336892 1.8954e-18
    outer loop
      vertex -12.0104 25.9749 18
      vertex -12.4402 24.7737 0
      vertex -12.4402 24.7737 18
    endloop
  endfacet
  facet normal -0.970027 0.242997 -1.04431e-18
    outer loop
      vertex -12.7502 23.5362 0
      vertex -12.4402 24.7737 18
      vertex -12.4402 24.7737 0
    endloop
  endfacet
  facet normal -0.970027 0.242997 -1.04431e-18
    outer loop
      vertex -12.4402 24.7737 18
      vertex -12.7502 23.5362 0
      vertex -12.7502 23.5362 18
    endloop
  endfacet
  facet normal -0.989177 0.14673 3.27354e-20
    outer loop
      vertex -12.9374 22.2742 0
      vertex -12.7502 23.5362 18
      vertex -12.7502 23.5362 0
    endloop
  endfacet
  facet normal -0.989177 0.14673 3.27354e-20
    outer loop
      vertex -12.7502 23.5362 18
      vertex -12.9374 22.2742 0
      vertex -12.9374 22.2742 18
    endloop
  endfacet
  facet normal -0.998788 0.0492111 -5.88847e-21
    outer loop
      vertex -12.9499 22.0205 0
      vertex -12.9374 22.2742 18
      vertex -12.9374 22.2742 0
    endloop
  endfacet
  facet normal -0.998788 0.0492111 -5.88847e-21
    outer loop
      vertex -12.9374 22.2742 18
      vertex -12.9499 22.0205 0
      vertex -12.9499 22.0205 18
    endloop
  endfacet
  facet normal 0.79548 0.60598 3.0545e-19
    outer loop
      vertex -12.9499 22.0205 18
      vertex -21.5331 33.2878 0
      vertex -21.5331 33.2878 18
    endloop
  endfacet
  facet normal 0.79548 0.60598 3.0545e-19
    outer loop
      vertex -21.5331 33.2878 0
      vertex -12.9499 22.0205 18
      vertex -12.9499 22.0205 0
    endloop
  endfacet
  facet normal 0.772966 0.634447 -1.52449e-18
    outer loop
      vertex -21.5331 33.2878 18
      vertex -22.0928 33.9697 0
      vertex -22.0928 33.9697 18
    endloop
  endfacet
  facet normal 0.772966 0.634447 -1.52449e-18
    outer loop
      vertex -22.0928 33.9697 0
      vertex -21.5331 33.2878 18
      vertex -21.5331 33.2878 0
    endloop
  endfacet
  facet normal 0.634379 0.773022 -0
    outer loop
      vertex -22.0928 33.9697 0
      vertex -22.7747 34.5293 18
      vertex -22.0928 33.9697 18
    endloop
  endfacet
  facet normal 0.634379 0.773022 0
    outer loop
      vertex -22.7747 34.5293 18
      vertex -22.0928 33.9697 0
      vertex -22.7747 34.5293 0
    endloop
  endfacet
  facet normal 0.471441 0.881898 -0
    outer loop
      vertex -22.7747 34.5293 0
      vertex -23.5527 34.9452 18
      vertex -22.7747 34.5293 18
    endloop
  endfacet
  facet normal 0.471441 0.881898 0
    outer loop
      vertex -23.5527 34.9452 18
      vertex -22.7747 34.5293 0
      vertex -23.5527 34.9452 0
    endloop
  endfacet
  facet normal 0.2903 0.956936 -0
    outer loop
      vertex -23.5527 34.9452 0
      vertex -24.3969 35.2013 18
      vertex -23.5527 34.9452 18
    endloop
  endfacet
  facet normal 0.2903 0.956936 0
    outer loop
      vertex -24.3969 35.2013 18
      vertex -23.5527 34.9452 0
      vertex -24.3969 35.2013 0
    endloop
  endfacet
  facet normal 0.176689 0.984267 -0
    outer loop
      vertex -24.3969 35.2013 0
      vertex -46.0527 39.0888 18
      vertex -24.3969 35.2013 18
    endloop
  endfacet
  facet normal 0.176689 0.984267 0
    outer loop
      vertex -46.0527 39.0888 18
      vertex -24.3969 35.2013 0
      vertex -46.0527 39.0888 0
    endloop
  endfacet
  facet normal 0.0980016 0.995186 -0
    outer loop
      vertex -46.0527 39.0888 0
      vertex -46.794 39.1618 18
      vertex -46.0527 39.0888 18
    endloop
  endfacet
  facet normal 0.0980016 0.995186 0
    outer loop
      vertex -46.794 39.1618 18
      vertex -46.0527 39.0888 0
      vertex -46.794 39.1618 0
    endloop
  endfacet
  facet normal -0.0979885 0.995188 0
    outer loop
      vertex -46.794 39.1618 0
      vertex -47.5354 39.0888 18
      vertex -46.794 39.1618 18
    endloop
  endfacet
  facet normal -0.0979885 0.995188 0
    outer loop
      vertex -47.5354 39.0888 18
      vertex -46.794 39.1618 0
      vertex -47.5354 39.0888 0
    endloop
  endfacet
  facet normal -0.290376 0.956913 0
    outer loop
      vertex -47.5354 39.0888 0
      vertex -48.2482 38.8725 18
      vertex -47.5354 39.0888 18
    endloop
  endfacet
  facet normal -0.290376 0.956913 0
    outer loop
      vertex -48.2482 38.8725 18
      vertex -47.5354 39.0888 0
      vertex -48.2482 38.8725 0
    endloop
  endfacet
  facet normal -0.47132 0.881962 0
    outer loop
      vertex -48.2482 38.8725 0
      vertex -48.9052 38.5214 18
      vertex -48.2482 38.8725 18
    endloop
  endfacet
  facet normal -0.47132 0.881962 0
    outer loop
      vertex -48.9052 38.5214 18
      vertex -48.2482 38.8725 0
      vertex -48.9052 38.5214 0
    endloop
  endfacet
  facet normal -0.634436 0.772975 0
    outer loop
      vertex -48.9052 38.5214 0
      vertex -49.481 38.0488 18
      vertex -48.9052 38.5214 18
    endloop
  endfacet
  facet normal -0.634436 0.772975 0
    outer loop
      vertex -49.481 38.0488 18
      vertex -48.9052 38.5214 0
      vertex -49.481 38.0488 0
    endloop
  endfacet
  facet normal -0.773029 0.63437 -1.70363e-19
    outer loop
      vertex -49.9536 37.4729 0
      vertex -49.481 38.0488 18
      vertex -49.481 38.0488 0
    endloop
  endfacet
  facet normal -0.773029 0.63437 -1.70363e-19
    outer loop
      vertex -49.481 38.0488 18
      vertex -49.9536 37.4729 0
      vertex -49.9536 37.4729 18
    endloop
  endfacet
  facet normal -0.881933 0.471375 1.23473e-19
    outer loop
      vertex -50.3047 36.816 0
      vertex -49.9536 37.4729 18
      vertex -49.9536 37.4729 0
    endloop
  endfacet
  facet normal -0.881933 0.471375 1.23473e-19
    outer loop
      vertex -49.9536 37.4729 18
      vertex -50.3047 36.816 0
      vertex -50.3047 36.816 18
    endloop
  endfacet
  facet normal -0.956924 0.290339 1.08723e-19
    outer loop
      vertex -50.521 36.1031 0
      vertex -50.3047 36.816 18
      vertex -50.3047 36.816 0
    endloop
  endfacet
  facet normal -0.956924 0.290339 1.08723e-19
    outer loop
      vertex -50.3047 36.816 18
      vertex -50.521 36.1031 0
      vertex -50.521 36.1031 18
    endloop
  endfacet
  facet normal -0.995186 0.0980016 6.06055e-20
    outer loop
      vertex -50.594 35.3618 0
      vertex -50.521 36.1031 18
      vertex -50.521 36.1031 0
    endloop
  endfacet
  facet normal -0.995186 0.0980016 6.06055e-20
    outer loop
      vertex -50.521 36.1031 18
      vertex -50.594 35.3618 0
      vertex -50.594 35.3618 18
    endloop
  endfacet
  facet normal -0.995188 -0.0979885 2.34488e-19
    outer loop
      vertex -50.521 34.6204 0
      vertex -50.594 35.3618 18
      vertex -50.594 35.3618 0
    endloop
  endfacet
  facet normal -0.995188 -0.0979885 2.34488e-19
    outer loop
      vertex -50.594 35.3618 18
      vertex -50.521 34.6204 0
      vertex -50.521 34.6204 18
    endloop
  endfacet
  facet normal -0.956913 -0.290376 8.18177e-19
    outer loop
      vertex -50.3047 33.9076 0
      vertex -50.521 34.6204 18
      vertex -50.521 34.6204 0
    endloop
  endfacet
  facet normal -0.956913 -0.290376 8.18177e-19
    outer loop
      vertex -50.521 34.6204 18
      vertex -50.3047 33.9076 0
      vertex -50.3047 33.9076 18
    endloop
  endfacet
  facet normal -0.881962 -0.47132 2.89119e-19
    outer loop
      vertex -49.9536 33.2506 0
      vertex -50.3047 33.9076 18
      vertex -50.3047 33.9076 0
    endloop
  endfacet
  facet normal -0.881962 -0.47132 2.89119e-19
    outer loop
      vertex -50.3047 33.9076 18
      vertex -49.9536 33.2506 0
      vertex -49.9536 33.2506 18
    endloop
  endfacet
  facet normal -0.772975 -0.634436 -2.93979e-19
    outer loop
      vertex -49.481 32.6748 0
      vertex -49.9536 33.2506 18
      vertex -49.9536 33.2506 0
    endloop
  endfacet
  facet normal -0.772975 -0.634436 -2.93979e-19
    outer loop
      vertex -49.9536 33.2506 18
      vertex -49.481 32.6748 0
      vertex -49.481 32.6748 18
    endloop
  endfacet
  facet normal -0.634436 -0.772975 0
    outer loop
      vertex -49.481 32.6748 0
      vertex -48.9052 32.2022 18
      vertex -49.481 32.6748 18
    endloop
  endfacet
  facet normal -0.634436 -0.772975 -0
    outer loop
      vertex -48.9052 32.2022 18
      vertex -49.481 32.6748 0
      vertex -48.9052 32.2022 0
    endloop
  endfacet
  facet normal -0.471424 -0.881907 0
    outer loop
      vertex -48.9052 32.2022 0
      vertex -48.2482 31.851 18
      vertex -48.9052 32.2022 18
    endloop
  endfacet
  facet normal -0.471424 -0.881907 -0
    outer loop
      vertex -48.2482 31.851 18
      vertex -48.9052 32.2022 0
      vertex -48.2482 31.851 0
    endloop
  endfacet
  facet normal -0.290253 -0.95695 0
    outer loop
      vertex -48.2482 31.851 0
      vertex -47.5354 31.6348 18
      vertex -48.2482 31.851 18
    endloop
  endfacet
  facet normal -0.290253 -0.95695 -0
    outer loop
      vertex -47.5354 31.6348 18
      vertex -48.2482 31.851 0
      vertex -47.5354 31.6348 0
    endloop
  endfacet
  facet normal -0.238899 -0.971045 0
    outer loop
      vertex -47.5354 31.6348 0
      vertex -28.0075 26.8305 18
      vertex -47.5354 31.6348 18
    endloop
  endfacet
  facet normal -0.238899 -0.971045 -0
    outer loop
      vertex -28.0075 26.8305 18
      vertex -47.5354 31.6348 0
      vertex -28.0075 26.8305 0
    endloop
  endfacet
  facet normal -0.822164 -0.569251 -2.6968e-17
    outer loop
      vertex -17.2168 11.2456 0
      vertex -28.0075 26.8305 18
      vertex -28.0075 26.8305 0
    endloop
  endfacet
  facet normal -0.822164 -0.569251 -2.6968e-17
    outer loop
      vertex -28.0075 26.8305 18
      vertex -17.2168 11.2456 0
      vertex -17.2168 11.2456 18
    endloop
  endfacet
  facet normal -0.730242 0.683188 1.82384e-19
    outer loop
      vertex -17.2923 11.1649 0
      vertex -17.2168 11.2456 18
      vertex -17.2168 11.2456 0
    endloop
  endfacet
  facet normal -0.730242 0.683188 1.82384e-19
    outer loop
      vertex -17.2168 11.2456 18
      vertex -17.2923 11.1649 0
      vertex -17.2923 11.1649 18
    endloop
  endfacet
  facet normal -0.773003 0.634402 -4.09082e-18
    outer loop
      vertex -18.2471 10.0015 0
      vertex -17.2923 11.1649 18
      vertex -17.2923 11.1649 0
    endloop
  endfacet
  facet normal -0.773003 0.634402 -4.09082e-18
    outer loop
      vertex -17.2923 11.1649 18
      vertex -18.2471 10.0015 0
      vertex -18.2471 10.0015 18
    endloop
  endfacet
  facet normal -0.812844 0.582482 -2.96891e-19
    outer loop
      vertex -18.484 9.67091 0
      vertex -18.2471 10.0015 18
      vertex -18.2471 10.0015 0
    endloop
  endfacet
  facet normal -0.812844 0.582482 -2.96891e-19
    outer loop
      vertex -18.2471 10.0015 18
      vertex -18.484 9.67091 0
      vertex -18.484 9.67091 18
    endloop
  endfacet
  facet normal 0.387616 0.921821 -0
    outer loop
      vertex -18.484 9.67091 0
      vertex -39.3875 18.4606 18
      vertex -18.484 9.67091 18
    endloop
  endfacet
  facet normal 0.387616 0.921821 0
    outer loop
      vertex -39.3875 18.4606 18
      vertex -18.484 9.67091 0
      vertex -39.3875 18.4606 0
    endloop
  endfacet
  facet normal 0.290331 0.956926 -0
    outer loop
      vertex -39.3875 18.4606 0
      vertex -40.2316 18.7167 18
      vertex -39.3875 18.4606 18
    endloop
  endfacet
  facet normal 0.290331 0.956926 0
    outer loop
      vertex -40.2316 18.7167 18
      vertex -39.3875 18.4606 0
      vertex -40.2316 18.7167 0
    endloop
  endfacet
  facet normal 0.0979435 0.995192 -0
    outer loop
      vertex -40.2316 18.7167 0
      vertex -41.1095 18.8031 18
      vertex -40.2316 18.7167 18
    endloop
  endfacet
  facet normal 0.0979435 0.995192 0
    outer loop
      vertex -41.1095 18.8031 18
      vertex -40.2316 18.7167 0
      vertex -41.1095 18.8031 0
    endloop
  endfacet
  facet normal -0.0979435 0.995192 0
    outer loop
      vertex -41.1095 18.8031 0
      vertex -41.9874 18.7167 18
      vertex -41.1095 18.8031 18
    endloop
  endfacet
  facet normal -0.0979435 0.995192 0
    outer loop
      vertex -41.9874 18.7167 18
      vertex -41.1095 18.8031 0
      vertex -41.9874 18.7167 0
    endloop
  endfacet
  facet normal -0.2903 0.956936 0
    outer loop
      vertex -41.9874 18.7167 0
      vertex -42.8316 18.4606 18
      vertex -41.9874 18.7167 18
    endloop
  endfacet
  facet normal -0.2903 0.956936 0
    outer loop
      vertex -42.8316 18.4606 18
      vertex -41.9874 18.7167 0
      vertex -42.8316 18.4606 0
    endloop
  endfacet
  facet normal -0.369278 0.929319 0
    outer loop
      vertex -42.8316 18.4606 0
      vertex -65.1164 9.60541 18
      vertex -42.8316 18.4606 18
    endloop
  endfacet
  facet normal -0.369278 0.929319 0
    outer loop
      vertex -65.1164 9.60541 18
      vertex -42.8316 18.4606 0
      vertex -65.1164 9.60541 0
    endloop
  endfacet
  facet normal -0.471449 0.881894 0
    outer loop
      vertex -65.1164 9.60541 0
      vertex -65.7733 9.25424 18
      vertex -65.1164 9.60541 18
    endloop
  endfacet
  facet normal -0.471449 0.881894 0
    outer loop
      vertex -65.7733 9.25424 18
      vertex -65.1164 9.60541 0
      vertex -65.7733 9.25424 0
    endloop
  endfacet
  facet normal -0.634354 0.773043 0
    outer loop
      vertex -65.7733 9.25424 0
      vertex -66.3492 8.78166 18
      vertex -65.7733 9.25424 18
    endloop
  endfacet
  facet normal -0.634354 0.773043 0
    outer loop
      vertex -66.3492 8.78166 18
      vertex -65.7733 9.25424 0
      vertex -66.3492 8.78166 0
    endloop
  endfacet
  facet normal -0.773058 0.634336 1.2979e-18
    outer loop
      vertex -66.8217 8.20583 0
      vertex -66.3492 8.78166 18
      vertex -66.3492 8.78166 0
    endloop
  endfacet
  facet normal -0.773058 0.634336 1.2979e-18
    outer loop
      vertex -66.3492 8.78166 18
      vertex -66.8217 8.20583 0
      vertex -66.8217 8.20583 18
    endloop
  endfacet
  facet normal -0.881898 0.471441 -8.75993e-19
    outer loop
      vertex -67.1729 7.54886 0
      vertex -66.8217 8.20583 18
      vertex -66.8217 8.20583 0
    endloop
  endfacet
  facet normal -0.881898 0.471441 -8.75993e-19
    outer loop
      vertex -66.8217 8.20583 18
      vertex -67.1729 7.54886 0
      vertex -67.1729 7.54886 18
    endloop
  endfacet
  facet normal -0.956957 0.290231 4.02658e-19
    outer loop
      vertex -67.3891 6.836 0
      vertex -67.1729 7.54886 18
      vertex -67.1729 7.54886 0
    endloop
  endfacet
  facet normal -0.956957 0.290231 4.02658e-19
    outer loop
      vertex -67.1729 7.54886 18
      vertex -67.3891 6.836 0
      vertex -67.3891 6.836 18
    endloop
  endfacet
  facet normal -0.995174 0.098128 -2.85112e-20
    outer loop
      vertex -67.4622 6.09465 0
      vertex -67.3891 6.836 18
      vertex -67.3891 6.836 0
    endloop
  endfacet
  facet normal -0.995174 0.098128 -2.85112e-20
    outer loop
      vertex -67.3891 6.836 18
      vertex -67.4622 6.09465 0
      vertex -67.4622 6.09465 18
    endloop
  endfacet
  facet normal -0.995174 -0.0981306 -1.63667e-19
    outer loop
      vertex -67.3891 5.35332 0
      vertex -67.4622 6.09465 18
      vertex -67.4622 6.09465 0
    endloop
  endfacet
  facet normal -0.995174 -0.0981306 -1.63667e-19
    outer loop
      vertex -67.4622 6.09465 18
      vertex -67.3891 5.35332 0
      vertex -67.3891 5.35332 18
    endloop
  endfacet
  facet normal -0.956957 -0.290231 -4.02658e-19
    outer loop
      vertex -67.1729 4.64046 0
      vertex -67.3891 5.35332 18
      vertex -67.3891 5.35332 0
    endloop
  endfacet
  facet normal -0.956957 -0.290231 -4.02658e-19
    outer loop
      vertex -67.3891 5.35332 18
      vertex -67.1729 4.64046 0
      vertex -67.1729 4.64046 18
    endloop
  endfacet
  facet normal -0.881898 -0.471441 8.7773e-20
    outer loop
      vertex -66.8217 3.98349 0
      vertex -67.1729 4.64046 18
      vertex -67.1729 4.64046 0
    endloop
  endfacet
  facet normal -0.881898 -0.471441 8.7773e-20
    outer loop
      vertex -67.1729 4.64046 18
      vertex -66.8217 3.98349 0
      vertex -66.8217 3.98349 18
    endloop
  endfacet
  facet normal -0.773063 -0.634329 1.84527e-19
    outer loop
      vertex -66.3492 3.40765 0
      vertex -66.8217 3.98349 18
      vertex -66.8217 3.98349 0
    endloop
  endfacet
  facet normal -0.773063 -0.634329 1.84527e-19
    outer loop
      vertex -66.8217 3.98349 18
      vertex -66.3492 3.40765 0
      vertex -66.3492 3.40765 18
    endloop
  endfacet
  facet normal -0.634354 -0.773043 0
    outer loop
      vertex -66.3492 3.40765 0
      vertex -65.7733 2.93507 18
      vertex -66.3492 3.40765 18
    endloop
  endfacet
  facet normal -0.634354 -0.773043 -0
    outer loop
      vertex -65.7733 2.93507 18
      vertex -66.3492 3.40765 0
      vertex -65.7733 2.93507 0
    endloop
  endfacet
  facet normal -0.471438 -0.881899 0
    outer loop
      vertex -65.7733 2.93507 0
      vertex -65.1164 2.58391 18
      vertex -65.7733 2.93507 18
    endloop
  endfacet
  facet normal -0.471438 -0.881899 -0
    outer loop
      vertex -65.1164 2.58391 18
      vertex -65.7733 2.93507 0
      vertex -65.1164 2.58391 0
    endloop
  endfacet
  facet normal -0.290253 -0.95695 0
    outer loop
      vertex -65.1164 2.58391 0
      vertex -64.4035 2.36768 18
      vertex -65.1164 2.58391 18
    endloop
  endfacet
  facet normal -0.290253 -0.95695 -0
    outer loop
      vertex -64.4035 2.36768 18
      vertex -65.1164 2.58391 0
      vertex -64.4035 2.36768 0
    endloop
  endfacet
  facet normal -0.0980282 -0.995184 0
    outer loop
      vertex -64.4035 2.36768 0
      vertex -63.6622 2.29466 18
      vertex -64.4035 2.36768 18
    endloop
  endfacet
  facet normal -0.0980282 -0.995184 -0
    outer loop
      vertex -63.6622 2.29466 18
      vertex -64.4035 2.36768 0
      vertex -63.6622 2.29466 0
    endloop
  endfacet
  facet normal 0.0980151 -0.995185 0
    outer loop
      vertex -63.6622 2.29466 0
      vertex -62.9208 2.36768 18
      vertex -63.6622 2.29466 18
    endloop
  endfacet
  facet normal 0.0980151 -0.995185 0
    outer loop
      vertex -62.9208 2.36768 18
      vertex -63.6622 2.29466 0
      vertex -62.9208 2.36768 0
    endloop
  endfacet
  facet normal 0.29029 -0.956939 0
    outer loop
      vertex -62.9208 2.36768 0
      vertex -62.208 2.58391 18
      vertex -62.9208 2.36768 18
    endloop
  endfacet
  facet normal 0.29029 -0.956939 0
    outer loop
      vertex -62.208 2.58391 18
      vertex -62.9208 2.36768 0
      vertex -62.208 2.58391 0
    endloop
  endfacet
  facet normal 0.31454 -0.949244 0
    outer loop
      vertex -62.208 2.58391 0
      vertex -41.4082 9.4761 18
      vertex -62.208 2.58391 18
    endloop
  endfacet
  facet normal 0.31454 -0.949244 0
    outer loop
      vertex -41.4082 9.4761 18
      vertex -62.208 2.58391 0
      vertex -41.4082 9.4761 0
    endloop
  endfacet
  facet normal -0.42566 -0.904883 0
    outer loop
      vertex -41.4082 9.4761 0
      vertex -22.5325 0.596909 18
      vertex -41.4082 9.4761 18
    endloop
  endfacet
  facet normal -0.42566 -0.904883 -0
    outer loop
      vertex -22.5325 0.596909 18
      vertex -41.4082 9.4761 0
      vertex -22.5325 0.596909 0
    endloop
  endfacet
  facet normal -0.973896 0.226997 6.76802e-20
    outer loop
      vertex -22.5581 0.487076 0
      vertex -22.5325 0.596909 18
      vertex -22.5325 0.596909 0
    endloop
  endfacet
  facet normal -0.973896 0.226997 6.76802e-20
    outer loop
      vertex -22.5325 0.596909 18
      vertex -22.5581 0.487076 0
      vertex -22.5581 0.487076 18
    endloop
  endfacet
  facet normal -0.986651 0.16285 -7.74206e-19
    outer loop
      vertex -22.8032 -0.997894 0
      vertex -22.5581 0.487076 18
      vertex -22.5581 0.487076 0
    endloop
  endfacet
  facet normal -0.986651 0.16285 -7.74206e-19
    outer loop
      vertex -22.5581 0.487076 18
      vertex -22.8032 -0.997894 0
      vertex -22.8032 -0.997894 18
    endloop
  endfacet
  facet normal -0.995187 0.0979891 1.89269e-19
    outer loop
      vertex -22.8443 -1.41531 0
      vertex -22.8032 -0.997894 18
      vertex -22.8032 -0.997894 0
    endloop
  endfacet
  facet normal -0.995187 0.0979891 1.89269e-19
    outer loop
      vertex -22.8032 -0.997894 18
      vertex -22.8443 -1.41531 0
      vertex -22.8443 -1.41531 18
    endloop
  endfacet
  facet normal -0.125173 0.992135 0
    outer loop
      vertex -22.8443 -1.41531 0
      vertex -45.6314 -4.29024 18
      vertex -22.8443 -1.41531 18
    endloop
  endfacet
  facet normal -0.125173 0.992135 0
    outer loop
      vertex -45.6314 -4.29024 18
      vertex -22.8443 -1.41531 0
      vertex -45.6314 -4.29024 0
    endloop
  endfacet
  facet normal -0.290269 0.956945 0
    outer loop
      vertex -45.6314 -4.29024 0
      vertex -46.4756 -4.54631 18
      vertex -45.6314 -4.29024 18
    endloop
  endfacet
  facet normal -0.290269 0.956945 0
    outer loop
      vertex -46.4756 -4.54631 18
      vertex -45.6314 -4.29024 0
      vertex -46.4756 -4.54631 0
    endloop
  endfacet
  facet normal -0.471444 0.881896 0
    outer loop
      vertex -46.4756 -4.54631 0
      vertex -47.2535 -4.96216 18
      vertex -46.4756 -4.54631 18
    endloop
  endfacet
  facet normal -0.471444 0.881896 0
    outer loop
      vertex -47.2535 -4.96216 18
      vertex -46.4756 -4.54631 0
      vertex -47.2535 -4.96216 0
    endloop
  endfacet
  facet normal -0.634344 0.773051 0
    outer loop
      vertex -47.2535 -4.96216 0
      vertex -47.9355 -5.52179 18
      vertex -47.2535 -4.96216 18
    endloop
  endfacet
  facet normal -0.634344 0.773051 0
    outer loop
      vertex -47.9355 -5.52179 18
      vertex -47.2535 -4.96216 0
      vertex -47.9355 -5.52179 0
    endloop
  endfacet
  facet normal -0.773027 0.634374 -4.29461e-19
    outer loop
      vertex -48.4951 -6.2037 0
      vertex -47.9355 -5.52179 18
      vertex -47.9355 -5.52179 0
    endloop
  endfacet
  facet normal -0.773027 0.634374 -4.29461e-19
    outer loop
      vertex -47.9355 -5.52179 18
      vertex -48.4951 -6.2037 0
      vertex -48.4951 -6.2037 18
    endloop
  endfacet
  facet normal -0.784409 0.620244 -9.17518e-18
    outer loop
      vertex -63.34 -24.9777 0
      vertex -48.4951 -6.2037 18
      vertex -48.4951 -6.2037 0
    endloop
  endfacet
  facet normal -0.784409 0.620244 -9.17518e-18
    outer loop
      vertex -48.4951 -6.2037 18
      vertex -63.34 -24.9777 0
      vertex -63.34 -24.9777 18
    endloop
  endfacet
  facet normal -0.881933 0.471375 1.23473e-19
    outer loop
      vertex -63.6911 -25.6346 0
      vertex -63.34 -24.9777 18
      vertex -63.34 -24.9777 0
    endloop
  endfacet
  facet normal -0.881933 0.471375 1.23473e-19
    outer loop
      vertex -63.34 -24.9777 18
      vertex -63.6911 -25.6346 0
      vertex -63.6911 -25.6346 18
    endloop
  endfacet
  facet normal -0.956924 0.290339 7.5781e-19
    outer loop
      vertex -63.9074 -26.3475 0
      vertex -63.6911 -25.6346 18
      vertex -63.6911 -25.6346 0
    endloop
  endfacet
  facet normal -0.956924 0.290339 7.5781e-19
    outer loop
      vertex -63.6911 -25.6346 18
      vertex -63.9074 -26.3475 0
      vertex -63.9074 -26.3475 18
    endloop
  endfacet
  facet normal -0.995186 0.0980016 2.55193e-19
    outer loop
      vertex -63.9804 -27.0888 0
      vertex -63.9074 -26.3475 18
      vertex -63.9074 -26.3475 0
    endloop
  endfacet
  facet normal -0.995186 0.0980016 2.55193e-19
    outer loop
      vertex -63.9074 -26.3475 18
      vertex -63.9804 -27.0888 0
      vertex -63.9804 -27.0888 18
    endloop
  endfacet
  facet normal -0.995188 -0.0979885 -8.84023e-20
    outer loop
      vertex -63.9074 -27.8302 0
      vertex -63.9804 -27.0888 18
      vertex -63.9804 -27.0888 0
    endloop
  endfacet
  facet normal -0.995188 -0.0979885 -8.84023e-20
    outer loop
      vertex -63.9804 -27.0888 18
      vertex -63.9074 -27.8302 0
      vertex -63.9074 -27.8302 18
    endloop
  endfacet
  facet normal -0.956913 -0.290376 -6.0271e-19
    outer loop
      vertex -63.6911 -28.543 0
      vertex -63.9074 -27.8302 18
      vertex -63.9074 -27.8302 0
    endloop
  endfacet
  facet normal -0.956913 -0.290376 -6.0271e-19
    outer loop
      vertex -63.9074 -27.8302 18
      vertex -63.6911 -28.543 0
      vertex -63.6911 -28.543 18
    endloop
  endfacet
  facet normal -0.881962 -0.47132 1.66577e-19
    outer loop
      vertex -63.34 -29.2 0
      vertex -63.6911 -28.543 18
      vertex -63.6911 -28.543 0
    endloop
  endfacet
  facet normal -0.881962 -0.47132 1.66577e-19
    outer loop
      vertex -63.6911 -28.543 18
      vertex -63.34 -29.2 0
      vertex -63.34 -29.2 18
    endloop
  endfacet
  facet normal -0.772975 -0.634436 -2.93979e-19
    outer loop
      vertex -62.8674 -29.7758 0
      vertex -63.34 -29.2 18
      vertex -63.34 -29.2 0
    endloop
  endfacet
  facet normal -0.772975 -0.634436 -2.93979e-19
    outer loop
      vertex -63.34 -29.2 18
      vertex -62.8674 -29.7758 0
      vertex -62.8674 -29.7758 18
    endloop
  endfacet
  facet normal -0.63437 -0.773029 0
    outer loop
      vertex -62.8674 -29.7758 0
      vertex -62.2915 -30.2484 18
      vertex -62.8674 -29.7758 18
    endloop
  endfacet
  facet normal -0.63437 -0.773029 -0
    outer loop
      vertex -62.2915 -30.2484 18
      vertex -62.8674 -29.7758 0
      vertex -62.2915 -30.2484 0
    endloop
  endfacet
  facet normal -0.47148 -0.881877 0
    outer loop
      vertex -62.2915 -30.2484 0
      vertex -61.6346 -30.5996 18
      vertex -62.2915 -30.2484 18
    endloop
  endfacet
  facet normal -0.47148 -0.881877 -0
    outer loop
      vertex -61.6346 -30.5996 18
      vertex -62.2915 -30.2484 0
      vertex -61.6346 -30.5996 0
    endloop
  endfacet
  facet normal -0.290216 -0.956961 0
    outer loop
      vertex -61.6346 -30.5996 0
      vertex -60.9217 -30.8158 18
      vertex -61.6346 -30.5996 18
    endloop
  endfacet
  facet normal -0.290216 -0.956961 -0
    outer loop
      vertex -60.9217 -30.8158 18
      vertex -61.6346 -30.5996 0
      vertex -60.9217 -30.8158 0
    endloop
  endfacet
  facet normal -0.0980016 -0.995186 0
    outer loop
      vertex -60.9217 -30.8158 0
      vertex -60.1804 -30.8888 18
      vertex -60.9217 -30.8158 18
    endloop
  endfacet
  facet normal -0.0980016 -0.995186 -0
    outer loop
      vertex -60.1804 -30.8888 18
      vertex -60.9217 -30.8158 0
      vertex -60.1804 -30.8888 0
    endloop
  endfacet
  facet normal 0.0979885 -0.995188 0
    outer loop
      vertex -60.1804 -30.8888 0
      vertex -59.439 -30.8158 18
      vertex -60.1804 -30.8888 18
    endloop
  endfacet
  facet normal 0.0979885 -0.995188 0
    outer loop
      vertex -59.439 -30.8158 18
      vertex -60.1804 -30.8888 0
      vertex -59.439 -30.8158 0
    endloop
  endfacet
  facet normal 0.290253 -0.95695 0
    outer loop
      vertex -59.439 -30.8158 0
      vertex -58.7262 -30.5996 18
      vertex -59.439 -30.8158 18
    endloop
  endfacet
  facet normal 0.290253 -0.95695 0
    outer loop
      vertex -58.7262 -30.5996 18
      vertex -59.439 -30.8158 0
      vertex -58.7262 -30.5996 0
    endloop
  endfacet
  facet normal 0.471424 -0.881907 0
    outer loop
      vertex -58.7262 -30.5996 0
      vertex -58.0692 -30.2484 18
      vertex -58.7262 -30.5996 18
    endloop
  endfacet
  facet normal 0.471424 -0.881907 0
    outer loop
      vertex -58.0692 -30.2484 18
      vertex -58.7262 -30.5996 0
      vertex -58.0692 -30.2484 0
    endloop
  endfacet
  facet normal 0.634436 -0.772975 0
    outer loop
      vertex -58.0692 -30.2484 0
      vertex -57.4934 -29.7758 18
      vertex -58.0692 -30.2484 18
    endloop
  endfacet
  facet normal 0.634436 -0.772975 0
    outer loop
      vertex -57.4934 -29.7758 18
      vertex -58.0692 -30.2484 0
      vertex -57.4934 -29.7758 0
    endloop
  endfacet
  facet normal 0.747003 -0.664821 1.17175e-17
    outer loop
      vertex -57.4934 -29.7758 18
      vertex -42.5819 -13.021 0
      vertex -42.5819 -13.021 18
    endloop
  endfacet
  facet normal 0.747003 -0.664821 1.17175e-17
    outer loop
      vertex -42.5819 -13.021 0
      vertex -57.4934 -29.7758 18
      vertex -57.4934 -29.7758 0
    endloop
  endfacet
  facet normal 0.0838596 -0.996478 0
    outer loop
      vertex -42.5819 -13.021 0
      vertex -21.8157 -11.2734 18
      vertex -42.5819 -13.021 18
    endloop
  endfacet
  facet normal 0.0838596 -0.996478 0
    outer loop
      vertex -21.8157 -11.2734 18
      vertex -42.5819 -13.021 0
      vertex -21.8157 -11.2734 0
    endloop
  endfacet
  facet normal -0.956964 -0.290207 -7.58582e-20
    outer loop
      vertex -21.7794 -11.3931 0
      vertex -21.8157 -11.2734 18
      vertex -21.8157 -11.2734 0
    endloop
  endfacet
  facet normal -0.956964 -0.290207 -7.58582e-20
    outer loop
      vertex -21.8157 -11.2734 18
      vertex -21.7794 -11.3931 0
      vertex -21.7794 -11.3931 18
    endloop
  endfacet
  facet normal -0.935897 -0.352274 2.36877e-19
    outer loop
      vertex -21.2492 -12.8017 0
      vertex -21.7794 -11.3931 18
      vertex -21.7794 -11.3931 0
    endloop
  endfacet
  facet normal -0.935897 -0.352274 2.36877e-19
    outer loop
      vertex -21.7794 -11.3931 18
      vertex -21.2492 -12.8017 0
      vertex -21.2492 -12.8017 18
    endloop
  endfacet
  facet normal -0.910905 -0.412616 4.17479e-19
    outer loop
      vertex -21.0763 -13.1834 0
      vertex -21.2492 -12.8017 18
      vertex -21.2492 -12.8017 0
    endloop
  endfacet
  facet normal -0.910905 -0.412616 4.17479e-19
    outer loop
      vertex -21.2492 -12.8017 18
      vertex -21.0763 -13.1834 0
      vertex -21.0763 -13.1834 18
    endloop
  endfacet
  facet normal -0.605984 0.795477 0
    outer loop
      vertex -21.0763 -13.1834 0
      vertex -37.2878 -25.5331 18
      vertex -21.0763 -13.1834 18
    endloop
  endfacet
  facet normal -0.605984 0.795477 0
    outer loop
      vertex -37.2878 -25.5331 18
      vertex -21.0763 -13.1834 0
      vertex -37.2878 -25.5331 0
    endloop
  endfacet
  facet normal -0.634447 0.772966 0
    outer loop
      vertex -37.2878 -25.5331 0
      vertex -37.9697 -26.0928 18
      vertex -37.2878 -25.5331 18
    endloop
  endfacet
  facet normal -0.634447 0.772966 0
    outer loop
      vertex -37.9697 -26.0928 18
      vertex -37.2878 -25.5331 0
      vertex -37.9697 -26.0928 0
    endloop
  endfacet
  facet normal -0.773022 0.634379 1.54309e-18
    outer loop
      vertex -38.5293 -26.7747 0
      vertex -37.9697 -26.0928 18
      vertex -37.9697 -26.0928 0
    endloop
  endfacet
  facet normal -0.773022 0.634379 1.54309e-18
    outer loop
      vertex -37.9697 -26.0928 18
      vertex -38.5293 -26.7747 0
      vertex -38.5293 -26.7747 18
    endloop
  endfacet
  facet normal -0.881898 0.471441 -9.56719e-19
    outer loop
      vertex -38.9452 -27.5527 0
      vertex -38.5293 -26.7747 18
      vertex -38.5293 -26.7747 0
    endloop
  endfacet
  facet normal -0.881898 0.471441 -9.56719e-19
    outer loop
      vertex -38.5293 -26.7747 18
      vertex -38.9452 -27.5527 0
      vertex -38.9452 -27.5527 18
    endloop
  endfacet
  facet normal -0.956936 0.2903 8.61201e-19
    outer loop
      vertex -39.2013 -28.3969 0
      vertex -38.9452 -27.5527 18
      vertex -38.9452 -27.5527 0
    endloop
  endfacet
  facet normal -0.956936 0.2903 8.61201e-19
    outer loop
      vertex -38.9452 -27.5527 18
      vertex -39.2013 -28.3969 0
      vertex -39.2013 -28.3969 18
    endloop
  endfacet
  facet normal -0.977501 0.21093 -2.61674e-18
    outer loop
      vertex -43.837 -49.8799 0
      vertex -39.2013 -28.3969 18
      vertex -39.2013 -28.3969 0
    endloop
  endfacet
  facet normal -0.977501 0.21093 -2.61674e-18
    outer loop
      vertex -39.2013 -28.3969 18
      vertex -43.837 -49.8799 0
      vertex -43.837 -49.8799 18
    endloop
  endfacet
  facet normal -0.995188 0.0979885 -2.06338e-19
    outer loop
      vertex -43.91 -50.6213 0
      vertex -43.837 -49.8799 18
      vertex -43.837 -49.8799 0
    endloop
  endfacet
  facet normal -0.995188 0.0979885 -2.06338e-19
    outer loop
      vertex -43.837 -49.8799 18
      vertex -43.91 -50.6213 0
      vertex -43.91 -50.6213 18
    endloop
  endfacet
  facet normal -0.995186 -0.0980016 1.14938e-19
    outer loop
      vertex -43.837 -51.3626 0
      vertex -43.91 -50.6213 18
      vertex -43.91 -50.6213 0
    endloop
  endfacet
  facet normal -0.995186 -0.0980016 1.14938e-19
    outer loop
      vertex -43.91 -50.6213 18
      vertex -43.837 -51.3626 0
      vertex -43.837 -51.3626 18
    endloop
  endfacet
  facet normal -0.956924 -0.290339 6.62895e-19
    outer loop
      vertex -43.6207 -52.0755 0
      vertex -43.837 -51.3626 18
      vertex -43.837 -51.3626 0
    endloop
  endfacet
  facet normal -0.956924 -0.290339 6.62895e-19
    outer loop
      vertex -43.837 -51.3626 18
      vertex -43.6207 -52.0755 0
      vertex -43.6207 -52.0755 18
    endloop
  endfacet
  facet normal -0.881933 -0.471375 -4.67956e-19
    outer loop
      vertex -43.2696 -52.7324 0
      vertex -43.6207 -52.0755 18
      vertex -43.6207 -52.0755 0
    endloop
  endfacet
  facet normal -0.881933 -0.471375 -4.67956e-19
    outer loop
      vertex -43.6207 -52.0755 18
      vertex -43.2696 -52.7324 0
      vertex -43.2696 -52.7324 18
    endloop
  endfacet
  facet normal -0.773029 -0.63437 -1.86962e-18
    outer loop
      vertex -42.797 -53.3083 0
      vertex -43.2696 -52.7324 18
      vertex -43.2696 -52.7324 0
    endloop
  endfacet
  facet normal -0.773029 -0.63437 -1.86962e-18
    outer loop
      vertex -43.2696 -52.7324 18
      vertex -42.797 -53.3083 0
      vertex -42.797 -53.3083 18
    endloop
  endfacet
  facet normal -0.634436 -0.772975 0
    outer loop
      vertex -42.797 -53.3083 0
      vertex -42.2212 -53.7809 18
      vertex -42.797 -53.3083 18
    endloop
  endfacet
  facet normal -0.634436 -0.772975 -0
    outer loop
      vertex -42.2212 -53.7809 18
      vertex -42.797 -53.3083 0
      vertex -42.2212 -53.7809 0
    endloop
  endfacet
  facet normal -0.47132 -0.881962 0
    outer loop
      vertex -42.2212 -53.7809 0
      vertex -41.5642 -54.132 18
      vertex -42.2212 -53.7809 18
    endloop
  endfacet
  facet normal -0.47132 -0.881962 -0
    outer loop
      vertex -41.5642 -54.132 18
      vertex -42.2212 -53.7809 0
      vertex -41.5642 -54.132 0
    endloop
  endfacet
  facet normal -0.290339 -0.956924 0
    outer loop
      vertex -41.5642 -54.132 0
      vertex -40.8513 -54.3483 18
      vertex -41.5642 -54.132 18
    endloop
  endfacet
  facet normal -0.290339 -0.956924 -0
    outer loop
      vertex -40.8513 -54.3483 18
      vertex -41.5642 -54.132 0
      vertex -40.8513 -54.3483 0
    endloop
  endfacet
  facet normal -0.0980016 -0.995186 0
    outer loop
      vertex -40.8513 -54.3483 0
      vertex -40.11 -54.4213 18
      vertex -40.8513 -54.3483 18
    endloop
  endfacet
  facet normal -0.0980016 -0.995186 -0
    outer loop
      vertex -40.11 -54.4213 18
      vertex -40.8513 -54.3483 0
      vertex -40.11 -54.4213 0
    endloop
  endfacet
  facet normal 0.0980016 -0.995186 0
    outer loop
      vertex -40.11 -54.4213 0
      vertex -39.3687 -54.3483 18
      vertex -40.11 -54.4213 18
    endloop
  endfacet
  facet normal 0.0980016 -0.995186 0
    outer loop
      vertex -39.3687 -54.3483 18
      vertex -40.11 -54.4213 0
      vertex -39.3687 -54.3483 0
    endloop
  endfacet
  facet normal 0.290339 -0.956924 0
    outer loop
      vertex -39.3687 -54.3483 0
      vertex -38.6558 -54.132 18
      vertex -39.3687 -54.3483 18
    endloop
  endfacet
  facet normal 0.290339 -0.956924 0
    outer loop
      vertex -38.6558 -54.132 18
      vertex -39.3687 -54.3483 0
      vertex -38.6558 -54.132 0
    endloop
  endfacet
  facet normal 0.47132 -0.881962 0
    outer loop
      vertex -38.6558 -54.132 0
      vertex -37.9988 -53.7809 18
      vertex -38.6558 -54.132 18
    endloop
  endfacet
  facet normal 0.47132 -0.881962 0
    outer loop
      vertex -37.9988 -53.7809 18
      vertex -38.6558 -54.132 0
      vertex -37.9988 -53.7809 0
    endloop
  endfacet
  facet normal 0.634436 -0.772975 0
    outer loop
      vertex -37.9988 -53.7809 0
      vertex -37.423 -53.3083 18
      vertex -37.9988 -53.7809 18
    endloop
  endfacet
  facet normal 0.634436 -0.772975 0
    outer loop
      vertex -37.423 -53.3083 18
      vertex -37.9988 -53.7809 0
      vertex -37.423 -53.3083 0
    endloop
  endfacet
  facet normal 0.773029 -0.63437 1.86962e-18
    outer loop
      vertex -37.423 -53.3083 18
      vertex -36.9504 -52.7324 0
      vertex -36.9504 -52.7324 18
    endloop
  endfacet
  facet normal 0.773029 -0.63437 1.86962e-18
    outer loop
      vertex -36.9504 -52.7324 0
      vertex -37.423 -53.3083 18
      vertex -37.423 -53.3083 0
    endloop
  endfacet
  facet normal 0.881933 -0.471375 4.67956e-19
    outer loop
      vertex -36.9504 -52.7324 18
      vertex -36.5993 -52.0755 0
      vertex -36.5993 -52.0755 18
    endloop
  endfacet
  facet normal 0.881933 -0.471375 4.67956e-19
    outer loop
      vertex -36.5993 -52.0755 0
      vertex -36.9504 -52.7324 18
      vertex -36.9504 -52.7324 0
    endloop
  endfacet
  facet normal 0.956924 -0.290339 3.67033e-19
    outer loop
      vertex -36.5993 -52.0755 18
      vertex -36.383 -51.3626 0
      vertex -36.383 -51.3626 18
    endloop
  endfacet
  facet normal 0.956924 -0.290339 3.67033e-19
    outer loop
      vertex -36.383 -51.3626 0
      vertex -36.5993 -52.0755 18
      vertex -36.5993 -52.0755 0
    endloop
  endfacet
  facet normal 0.962134 -0.272575 3.38064e-18
    outer loop
      vertex -36.383 -51.3626 18
      vertex -30.9165 -32.067 0
      vertex -30.9165 -32.067 18
    endloop
  endfacet
  facet normal 0.962134 -0.272575 3.38064e-18
    outer loop
      vertex -30.9165 -32.067 0
      vertex -36.383 -51.3626 18
      vertex -36.383 -51.3626 0
    endloop
  endfacet
  facet normal 0.56925 -0.822165 0
    outer loop
      vertex -30.9165 -32.067 0
      vertex -15.2456 -21.2168 18
      vertex -30.9165 -32.067 18
    endloop
  endfacet
  facet normal 0.56925 -0.822165 0
    outer loop
      vertex -15.2456 -21.2168 18
      vertex -30.9165 -32.067 0
      vertex -15.2456 -21.2168 0
    endloop
  endfacet
  facet normal -0.683188 -0.730242 0
    outer loop
      vertex -15.2456 -21.2168 0
      vertex -15.1649 -21.2923 18
      vertex -15.2456 -21.2168 18
    endloop
  endfacet
  facet normal -0.683188 -0.730242 -0
    outer loop
      vertex -15.1649 -21.2923 18
      vertex -15.2456 -21.2168 0
      vertex -15.1649 -21.2923 0
    endloop
  endfacet
  facet normal -0.634402 -0.773003 0
    outer loop
      vertex -15.1649 -21.2923 0
      vertex -14.0015 -22.2471 18
      vertex -15.1649 -21.2923 18
    endloop
  endfacet
  facet normal -0.634402 -0.773003 -0
    outer loop
      vertex -14.0015 -22.2471 18
      vertex -15.1649 -21.2923 0
      vertex -14.0015 -22.2471 0
    endloop
  endfacet
  facet normal -0.582488 -0.812839 0
    outer loop
      vertex -14.0015 -22.2471 0
      vertex -12.7781 -23.1238 18
      vertex -14.0015 -22.2471 18
    endloop
  endfacet
  facet normal -0.582488 -0.812839 -0
    outer loop
      vertex -12.7781 -23.1238 18
      vertex -14.0015 -22.2471 0
      vertex -12.7781 -23.1238 0
    endloop
  endfacet
  facet normal -0.52808 -0.849194 0
    outer loop
      vertex -12.7781 -23.1238 0
      vertex -11.5 -23.9186 18
      vertex -12.7781 -23.1238 18
    endloop
  endfacet
  facet normal -0.52808 -0.849194 -0
    outer loop
      vertex -11.5 -23.9186 18
      vertex -12.7781 -23.1238 0
      vertex -11.5 -23.9186 0
    endloop
  endfacet
  facet normal -0.471392 -0.881924 0
    outer loop
      vertex -11.5 -23.9186 0
      vertex -10.1726 -24.6281 18
      vertex -11.5 -23.9186 18
    endloop
  endfacet
  facet normal -0.471392 -0.881924 -0
    outer loop
      vertex -10.1726 -24.6281 18
      vertex -11.5 -23.9186 0
      vertex -10.1726 -24.6281 0
    endloop
  endfacet
  facet normal -0.412684 -0.910874 0
    outer loop
      vertex -10.1726 -24.6281 0
      vertex -8.80171 -25.2492 18
      vertex -10.1726 -24.6281 18
    endloop
  endfacet
  facet normal -0.412684 -0.910874 -0
    outer loop
      vertex -8.80171 -25.2492 18
      vertex -10.1726 -24.6281 0
      vertex -8.80171 -25.2492 0
    endloop
  endfacet
  facet normal -0.352271 -0.935898 0
    outer loop
      vertex -8.80171 -25.2492 0
      vertex -7.3931 -25.7794 18
      vertex -8.80171 -25.2492 18
    endloop
  endfacet
  facet normal -0.352271 -0.935898 -0
    outer loop
      vertex -7.3931 -25.7794 18
      vertex -8.80171 -25.2492 0
      vertex -7.3931 -25.7794 0
    endloop
  endfacet
  facet normal -0.290286 -0.95694 0
    outer loop
      vertex -7.3931 -25.7794 0
      vertex -5.95284 -26.2163 18
      vertex -7.3931 -25.7794 18
    endloop
  endfacet
  facet normal -0.290286 -0.95694 -0
    outer loop
      vertex -5.95284 -26.2163 18
      vertex -7.3931 -25.7794 0
      vertex -5.95284 -26.2163 0
    endloop
  endfacet
  facet normal -0.227097 -0.973872 0
    outer loop
      vertex -5.95284 -26.2163 0
      vertex -4.48708 -26.5581 18
      vertex -5.95284 -26.2163 18
    endloop
  endfacet
  facet normal -0.227097 -0.973872 -0
    outer loop
      vertex -4.48708 -26.5581 18
      vertex -5.95284 -26.2163 0
      vertex -4.48708 -26.5581 0
    endloop
  endfacet
  facet normal -0.162848 -0.986651 0
    outer loop
      vertex -4.48708 -26.5581 0
      vertex -3.00209 -26.8032 18
      vertex -4.48708 -26.5581 18
    endloop
  endfacet
  facet normal -0.162848 -0.986651 -0
    outer loop
      vertex -3.00209 -26.8032 18
      vertex -4.48708 -26.5581 0
      vertex -3.00209 -26.8032 0
    endloop
  endfacet
  facet normal -0.0980018 -0.995186 0
    outer loop
      vertex -3.00209 -26.8032 0
      vertex -1.50426 -26.9507 18
      vertex -3.00209 -26.8032 18
    endloop
  endfacet
  facet normal -0.0980018 -0.995186 -0
    outer loop
      vertex -1.50426 -26.9507 18
      vertex -3.00209 -26.8032 0
      vertex -1.50426 -26.9507 0
    endloop
  endfacet
  facet normal -0.032756 -0.999463 0
    outer loop
      vertex -1.50426 -26.9507 0
      vertex 0 -27 18
      vertex -1.50426 -26.9507 18
    endloop
  endfacet
  facet normal -0.032756 -0.999463 -0
    outer loop
      vertex 0 -27 18
      vertex -1.50426 -26.9507 0
      vertex 0 -27 0
    endloop
  endfacet
  facet normal 0.032756 -0.999463 0
    outer loop
      vertex 0 -27 0
      vertex 1.50426 -26.9507 18
      vertex 0 -27 18
    endloop
  endfacet
  facet normal 0.032756 -0.999463 0
    outer loop
      vertex 1.50426 -26.9507 18
      vertex 0 -27 0
      vertex 1.50426 -26.9507 0
    endloop
  endfacet
  facet normal 0.0980018 -0.995186 0
    outer loop
      vertex 1.50426 -26.9507 0
      vertex 3.00209 -26.8032 18
      vertex 1.50426 -26.9507 18
    endloop
  endfacet
  facet normal 0.0980018 -0.995186 0
    outer loop
      vertex 3.00209 -26.8032 18
      vertex 1.50426 -26.9507 0
      vertex 3.00209 -26.8032 0
    endloop
  endfacet
  facet normal 0.162848 -0.986651 0
    outer loop
      vertex 3.00209 -26.8032 0
      vertex 4.48708 -26.5581 18
      vertex 3.00209 -26.8032 18
    endloop
  endfacet
  facet normal 0.162848 -0.986651 0
    outer loop
      vertex 4.48708 -26.5581 18
      vertex 3.00209 -26.8032 0
      vertex 4.48708 -26.5581 0
    endloop
  endfacet
  facet normal 0.227097 -0.973872 0
    outer loop
      vertex 4.48708 -26.5581 0
      vertex 5.95284 -26.2163 18
      vertex 4.48708 -26.5581 18
    endloop
  endfacet
  facet normal 0.227097 -0.973872 0
    outer loop
      vertex 5.95284 -26.2163 18
      vertex 4.48708 -26.5581 0
      vertex 5.95284 -26.2163 0
    endloop
  endfacet
  facet normal 0.290286 -0.95694 0
    outer loop
      vertex 5.95284 -26.2163 0
      vertex 7.3931 -25.7794 18
      vertex 5.95284 -26.2163 18
    endloop
  endfacet
  facet normal 0.290286 -0.95694 0
    outer loop
      vertex 7.3931 -25.7794 18
      vertex 5.95284 -26.2163 0
      vertex 7.3931 -25.7794 0
    endloop
  endfacet
  facet normal 0.352271 -0.935898 0
    outer loop
      vertex 7.3931 -25.7794 0
      vertex 8.80171 -25.2492 18
      vertex 7.3931 -25.7794 18
    endloop
  endfacet
  facet normal 0.352271 -0.935898 0
    outer loop
      vertex 8.80171 -25.2492 18
      vertex 7.3931 -25.7794 0
      vertex 8.80171 -25.2492 0
    endloop
  endfacet
  facet normal 0.412684 -0.910874 0
    outer loop
      vertex 8.80171 -25.2492 0
      vertex 10.1726 -24.6281 18
      vertex 8.80171 -25.2492 18
    endloop
  endfacet
  facet normal 0.412684 -0.910874 0
    outer loop
      vertex 10.1726 -24.6281 18
      vertex 8.80171 -25.2492 0
      vertex 10.1726 -24.6281 0
    endloop
  endfacet
  facet normal 0.471392 -0.881924 0
    outer loop
      vertex 10.1726 -24.6281 0
      vertex 11.5 -23.9186 18
      vertex 10.1726 -24.6281 18
    endloop
  endfacet
  facet normal 0.471392 -0.881924 0
    outer loop
      vertex 11.5 -23.9186 18
      vertex 10.1726 -24.6281 0
      vertex 11.5 -23.9186 0
    endloop
  endfacet
  facet normal 0.52808 -0.849194 0
    outer loop
      vertex 11.5 -23.9186 0
      vertex 12.7781 -23.1238 18
      vertex 11.5 -23.9186 18
    endloop
  endfacet
  facet normal 0.52808 -0.849194 0
    outer loop
      vertex 12.7781 -23.1238 18
      vertex 11.5 -23.9186 0
      vertex 12.7781 -23.1238 0
    endloop
  endfacet
  facet normal 0.582488 -0.812839 0
    outer loop
      vertex 12.7781 -23.1238 0
      vertex 14.0015 -22.2471 18
      vertex 12.7781 -23.1238 18
    endloop
  endfacet
  facet normal 0.582488 -0.812839 0
    outer loop
      vertex 14.0015 -22.2471 18
      vertex 12.7781 -23.1238 0
      vertex 14.0015 -22.2471 0
    endloop
  endfacet
  facet normal 0.634402 -0.773003 0
    outer loop
      vertex 14.0015 -22.2471 0
      vertex 15.1649 -21.2923 18
      vertex 14.0015 -22.2471 18
    endloop
  endfacet
  facet normal 0.634402 -0.773003 0
    outer loop
      vertex 15.1649 -21.2923 18
      vertex 14.0015 -22.2471 0
      vertex 15.1649 -21.2923 0
    endloop
  endfacet
  facet normal 0.683188 -0.730242 0
    outer loop
      vertex 15.1649 -21.2923 0
      vertex 15.2456 -21.2168 18
      vertex 15.1649 -21.2923 18
    endloop
  endfacet
  facet normal 0.683188 -0.730242 0
    outer loop
      vertex 15.2456 -21.2168 18
      vertex 15.1649 -21.2923 0
      vertex 15.2456 -21.2168 0
    endloop
  endfacet
  facet normal -0.56925 -0.822165 0
    outer loop
      vertex 15.2456 -21.2168 0
      vertex 30.9165 -32.067 18
      vertex 15.2456 -21.2168 18
    endloop
  endfacet
  facet normal -0.56925 -0.822165 -0
    outer loop
      vertex 30.9165 -32.067 18
      vertex 15.2456 -21.2168 0
      vertex 30.9165 -32.067 0
    endloop
  endfacet
  facet normal -0.962134 -0.272575 -3.38064e-18
    outer loop
      vertex 36.383 -51.3626 0
      vertex 30.9165 -32.067 18
      vertex 30.9165 -32.067 0
    endloop
  endfacet
  facet normal -0.962134 -0.272575 -3.38064e-18
    outer loop
      vertex 30.9165 -32.067 18
      vertex 36.383 -51.3626 0
      vertex 36.383 -51.3626 18
    endloop
  endfacet
  facet normal -0.956924 -0.290339 -3.67033e-19
    outer loop
      vertex 36.5993 -52.0755 0
      vertex 36.383 -51.3626 18
      vertex 36.383 -51.3626 0
    endloop
  endfacet
  facet normal -0.956924 -0.290339 -3.67033e-19
    outer loop
      vertex 36.383 -51.3626 18
      vertex 36.5993 -52.0755 0
      vertex 36.5993 -52.0755 18
    endloop
  endfacet
  facet normal -0.881933 -0.471375 -4.67956e-19
    outer loop
      vertex 36.9504 -52.7324 0
      vertex 36.5993 -52.0755 18
      vertex 36.5993 -52.0755 0
    endloop
  endfacet
  facet normal -0.881933 -0.471375 -4.67956e-19
    outer loop
      vertex 36.5993 -52.0755 18
      vertex 36.9504 -52.7324 0
      vertex 36.9504 -52.7324 18
    endloop
  endfacet
  facet normal -0.773029 -0.63437 -1.86962e-18
    outer loop
      vertex 37.423 -53.3083 0
      vertex 36.9504 -52.7324 18
      vertex 36.9504 -52.7324 0
    endloop
  endfacet
  facet normal -0.773029 -0.63437 -1.86962e-18
    outer loop
      vertex 36.9504 -52.7324 18
      vertex 37.423 -53.3083 0
      vertex 37.423 -53.3083 18
    endloop
  endfacet
  facet normal -0.634436 -0.772975 0
    outer loop
      vertex 37.423 -53.3083 0
      vertex 37.9988 -53.7809 18
      vertex 37.423 -53.3083 18
    endloop
  endfacet
  facet normal -0.634436 -0.772975 -0
    outer loop
      vertex 37.9988 -53.7809 18
      vertex 37.423 -53.3083 0
      vertex 37.9988 -53.7809 0
    endloop
  endfacet
  facet normal -0.47132 -0.881962 0
    outer loop
      vertex 37.9988 -53.7809 0
      vertex 38.6558 -54.132 18
      vertex 37.9988 -53.7809 18
    endloop
  endfacet
  facet normal -0.47132 -0.881962 -0
    outer loop
      vertex 38.6558 -54.132 18
      vertex 37.9988 -53.7809 0
      vertex 38.6558 -54.132 0
    endloop
  endfacet
  facet normal -0.290339 -0.956924 0
    outer loop
      vertex 38.6558 -54.132 0
      vertex 39.3687 -54.3483 18
      vertex 38.6558 -54.132 18
    endloop
  endfacet
  facet normal -0.290339 -0.956924 -0
    outer loop
      vertex 39.3687 -54.3483 18
      vertex 38.6558 -54.132 0
      vertex 39.3687 -54.3483 0
    endloop
  endfacet
  facet normal -0.0980016 -0.995186 0
    outer loop
      vertex 39.3687 -54.3483 0
      vertex 40.11 -54.4213 18
      vertex 39.3687 -54.3483 18
    endloop
  endfacet
  facet normal -0.0980016 -0.995186 -0
    outer loop
      vertex 40.11 -54.4213 18
      vertex 39.3687 -54.3483 0
      vertex 40.11 -54.4213 0
    endloop
  endfacet
  facet normal 0.0980016 -0.995186 0
    outer loop
      vertex 40.11 -54.4213 0
      vertex 40.8513 -54.3483 18
      vertex 40.11 -54.4213 18
    endloop
  endfacet
  facet normal 0.0980016 -0.995186 0
    outer loop
      vertex 40.8513 -54.3483 18
      vertex 40.11 -54.4213 0
      vertex 40.8513 -54.3483 0
    endloop
  endfacet
  facet normal -0.290313 0.956932 0
    outer loop
      vertex 40.6413 -51.904 0
      vertex 40.3809 -51.983 18
      vertex 40.6413 -51.904 18
    endloop
  endfacet
  facet normal -0.290313 0.956932 0
    outer loop
      vertex 40.3809 -51.983 18
      vertex 40.6413 -51.904 0
      vertex 40.3809 -51.983 0
    endloop
  endfacet
  facet normal -0.471446 0.881895 0
    outer loop
      vertex 40.8813 -51.7757 0
      vertex 40.6413 -51.904 18
      vertex 40.8813 -51.7757 18
    endloop
  endfacet
  facet normal -0.471446 0.881895 0
    outer loop
      vertex 40.6413 -51.904 18
      vertex 40.8813 -51.7757 0
      vertex 40.6413 -51.904 0
    endloop
  endfacet
  facet normal -0.634457 0.772958 0
    outer loop
      vertex 41.0917 -51.603 0
      vertex 40.8813 -51.7757 18
      vertex 41.0917 -51.603 18
    endloop
  endfacet
  facet normal -0.634457 0.772958 0
    outer loop
      vertex 40.8813 -51.7757 18
      vertex 41.0917 -51.603 0
      vertex 40.8813 -51.7757 0
    endloop
  endfacet
  facet normal -0.772958 0.634457 -4.4846e-19
    outer loop
      vertex 41.0917 -51.603 0
      vertex 41.2644 -51.3926 18
      vertex 41.2644 -51.3926 0
    endloop
  endfacet
  facet normal -0.772958 0.634457 -4.4846e-19
    outer loop
      vertex 41.2644 -51.3926 18
      vertex 41.0917 -51.603 0
      vertex 41.0917 -51.603 18
    endloop
  endfacet
  facet normal -0.881895 0.471446 2.35392e-19
    outer loop
      vertex 41.2644 -51.3926 0
      vertex 41.3927 -51.1526 18
      vertex 41.3927 -51.1526 0
    endloop
  endfacet
  facet normal -0.881895 0.471446 2.35392e-19
    outer loop
      vertex 41.3927 -51.1526 18
      vertex 41.2644 -51.3926 0
      vertex 41.2644 -51.3926 18
    endloop
  endfacet
  facet normal -0.956963 0.290211 -1.10209e-19
    outer loop
      vertex 41.3927 -51.1526 0
      vertex 41.4717 -50.8921 18
      vertex 41.4717 -50.8921 0
    endloop
  endfacet
  facet normal -0.956963 0.290211 -1.10209e-19
    outer loop
      vertex 41.4717 -50.8921 18
      vertex 41.3927 -51.1526 0
      vertex 41.3927 -51.1526 18
    endloop
  endfacet
  facet normal -0.995174 0.098121 8.65954e-20
    outer loop
      vertex 41.4717 -50.8921 0
      vertex 41.4984 -50.6213 18
      vertex 41.4984 -50.6213 0
    endloop
  endfacet
  facet normal -0.995174 0.098121 8.65954e-20
    outer loop
      vertex 41.4984 -50.6213 18
      vertex 41.4717 -50.8921 0
      vertex 41.4717 -50.8921 18
    endloop
  endfacet
  facet normal -0.99518 -0.0980632 -9.52843e-20
    outer loop
      vertex 41.4984 -50.6213 0
      vertex 41.462 -50.2519 18
      vertex 41.462 -50.2519 0
    endloop
  endfacet
  facet normal -0.99518 -0.0980632 -9.52843e-20
    outer loop
      vertex 41.462 -50.2519 18
      vertex 41.4984 -50.6213 0
      vertex 41.4984 -50.6213 18
    endloop
  endfacet
  facet normal -0.977501 -0.21093 -1.31279e-17
    outer loop
      vertex 41.462 -50.2519 0
      vertex 36.876 -28.9993 18
      vertex 36.876 -28.9993 0
    endloop
  endfacet
  facet normal -0.977501 -0.21093 -1.31279e-17
    outer loop
      vertex 36.876 -28.9993 18
      vertex 41.462 -50.2519 0
      vertex 41.462 -50.2519 18
    endloop
  endfacet
  facet normal -0.956937 -0.290296 2.36243e-19
    outer loop
      vertex 36.876 -28.9993 0
      vertex 36.7171 -28.4755 18
      vertex 36.7171 -28.4755 0
    endloop
  endfacet
  facet normal -0.956937 -0.290296 2.36243e-19
    outer loop
      vertex 36.7171 -28.4755 18
      vertex 36.876 -28.9993 0
      vertex 36.876 -28.9993 18
    endloop
  endfacet
  facet normal -0.881981 -0.471286 -4.94197e-19
    outer loop
      vertex 36.7171 -28.4755 0
      vertex 36.5242 -28.1145 18
      vertex 36.5242 -28.1145 0
    endloop
  endfacet
  facet normal -0.881981 -0.471286 -4.94197e-19
    outer loop
      vertex 36.5242 -28.1145 18
      vertex 36.7171 -28.4755 0
      vertex 36.7171 -28.4755 18
    endloop
  endfacet
  facet normal -0.772944 -0.634474 -5.25905e-19
    outer loop
      vertex 36.5242 -28.1145 0
      vertex 36.2644 -27.798 18
      vertex 36.2644 -27.798 0
    endloop
  endfacet
  facet normal -0.772944 -0.634474 -5.25905e-19
    outer loop
      vertex 36.2644 -27.798 18
      vertex 36.5242 -28.1145 0
      vertex 36.5242 -28.1145 18
    endloop
  endfacet
  facet normal -0.634467 -0.77295 0
    outer loop
      vertex 35.7989 -27.4159 0
      vertex 36.2644 -27.798 18
      vertex 35.7989 -27.4159 18
    endloop
  endfacet
  facet normal -0.634467 -0.77295 -0
    outer loop
      vertex 36.2644 -27.798 18
      vertex 35.7989 -27.4159 0
      vertex 36.2644 -27.798 0
    endloop
  endfacet
  facet normal -0.605984 -0.795477 0
    outer loop
      vertex 18.1013 -13.9341 0
      vertex 35.7989 -27.4159 18
      vertex 18.1013 -13.9341 18
    endloop
  endfacet
  facet normal -0.605984 -0.795477 -0
    outer loop
      vertex 35.7989 -27.4159 18
      vertex 18.1013 -13.9341 0
      vertex 35.7989 -27.4159 0
    endloop
  endfacet
  facet normal -0.910868 0.412699 -2.56136e-18
    outer loop
      vertex 18.1013 -13.9341 0
      vertex 19.0308 -11.8826 18
      vertex 19.0308 -11.8826 0
    endloop
  endfacet
  facet normal -0.910868 0.412699 -2.56136e-18
    outer loop
      vertex 19.0308 -11.8826 18
      vertex 18.1013 -13.9341 0
      vertex 18.1013 -13.9341 18
    endloop
  endfacet
  facet normal -0.935911 0.352237 1.11215e-18
    outer loop
      vertex 19.0308 -11.8826 0
      vertex 19.5055 -10.6213 18
      vertex 19.5055 -10.6213 0
    endloop
  endfacet
  facet normal -0.935911 0.352237 1.11215e-18
    outer loop
      vertex 19.5055 -10.6213 18
      vertex 19.0308 -11.8826 0
      vertex 19.0308 -11.8826 18
    endloop
  endfacet
  facet normal -0.95696 0.290221 -2.57762e-18
    outer loop
      vertex 19.5055 -10.6213 0
      vertex 20.0824 -8.71906 18
      vertex 20.0824 -8.71906 0
    endloop
  endfacet
  facet normal -0.95696 0.290221 -2.57762e-18
    outer loop
      vertex 20.0824 -8.71906 18
      vertex 19.5055 -10.6213 0
      vertex 19.5055 -10.6213 18
    endloop
  endfacet
  facet normal 0.0838594 0.996478 -0
    outer loop
      vertex 43.7378 -10.7098 0
      vertex 20.0824 -8.71906 18
      vertex 43.7378 -10.7098 18
    endloop
  endfacet
  facet normal 0.0838594 0.996478 0
    outer loop
      vertex 20.0824 -8.71906 18
      vertex 43.7378 -10.7098 0
      vertex 20.0824 -8.71906 0
    endloop
  endfacet
  facet normal 0.747003 0.66482 -5.23799e-17
    outer loop
      vertex 59.1612 -28.0398 18
      vertex 43.7378 -10.7098 0
      vertex 43.7378 -10.7098 18
    endloop
  endfacet
  facet normal 0.747003 0.66482 -5.23799e-17
    outer loop
      vertex 43.7378 -10.7098 0
      vertex 59.1612 -28.0398 18
      vertex 59.1612 -28.0398 0
    endloop
  endfacet
  facet normal 0.634646 0.772803 -0
    outer loop
      vertex 59.409 -28.2433 0
      vertex 59.1612 -28.0398 18
      vertex 59.409 -28.2433 18
    endloop
  endfacet
  facet normal 0.634646 0.772803 0
    outer loop
      vertex 59.1612 -28.0398 18
      vertex 59.409 -28.2433 0
      vertex 59.1612 -28.0398 0
    endloop
  endfacet
  facet normal 0.471294 0.881976 -0
    outer loop
      vertex 59.6491 -28.3716 0
      vertex 59.409 -28.2433 18
      vertex 59.6491 -28.3716 18
    endloop
  endfacet
  facet normal 0.471294 0.881976 0
    outer loop
      vertex 59.409 -28.2433 18
      vertex 59.6491 -28.3716 0
      vertex 59.409 -28.2433 0
    endloop
  endfacet
  facet normal 0.289977 0.957034 -0
    outer loop
      vertex 59.9095 -28.4505 0
      vertex 59.6491 -28.3716 18
      vertex 59.9095 -28.4505 18
    endloop
  endfacet
  facet normal 0.289977 0.957034 0
    outer loop
      vertex 59.6491 -28.3716 18
      vertex 59.9095 -28.4505 0
      vertex 59.6491 -28.3716 0
    endloop
  endfacet
  facet normal 0.0980851 0.995178 -0
    outer loop
      vertex 60.1804 -28.4772 0
      vertex 59.9095 -28.4505 18
      vertex 60.1804 -28.4772 18
    endloop
  endfacet
  facet normal 0.0980851 0.995178 0
    outer loop
      vertex 59.9095 -28.4505 18
      vertex 60.1804 -28.4772 0
      vertex 59.9095 -28.4505 0
    endloop
  endfacet
  facet normal -0.0980851 0.995178 0
    outer loop
      vertex 60.4513 -28.4505 0
      vertex 60.1804 -28.4772 18
      vertex 60.4513 -28.4505 18
    endloop
  endfacet
  facet normal -0.0980851 0.995178 0
    outer loop
      vertex 60.1804 -28.4772 18
      vertex 60.4513 -28.4505 0
      vertex 60.1804 -28.4772 0
    endloop
  endfacet
  facet normal -0.289977 0.957034 0
    outer loop
      vertex 60.7117 -28.3716 0
      vertex 60.4513 -28.4505 18
      vertex 60.7117 -28.3716 18
    endloop
  endfacet
  facet normal -0.289977 0.957034 0
    outer loop
      vertex 60.4513 -28.4505 18
      vertex 60.7117 -28.3716 0
      vertex 60.4513 -28.4505 0
    endloop
  endfacet
  facet normal -0.471446 0.881895 0
    outer loop
      vertex 60.9517 -28.2433 0
      vertex 60.7117 -28.3716 18
      vertex 60.9517 -28.2433 18
    endloop
  endfacet
  facet normal -0.471446 0.881895 0
    outer loop
      vertex 60.7117 -28.3716 18
      vertex 60.9517 -28.2433 0
      vertex 60.7117 -28.3716 0
    endloop
  endfacet
  facet normal -0.634457 0.772958 0
    outer loop
      vertex 61.1621 -28.0706 0
      vertex 60.9517 -28.2433 18
      vertex 61.1621 -28.0706 18
    endloop
  endfacet
  facet normal -0.634457 0.772958 0
    outer loop
      vertex 60.9517 -28.2433 18
      vertex 61.1621 -28.0706 0
      vertex 60.9517 -28.2433 0
    endloop
  endfacet
  facet normal -0.772958 0.634457 -4.4846e-19
    outer loop
      vertex 61.1621 -28.0706 0
      vertex 61.3348 -27.8602 18
      vertex 61.3348 -27.8602 0
    endloop
  endfacet
  facet normal -0.772958 0.634457 -4.4846e-19
    outer loop
      vertex 61.3348 -27.8602 18
      vertex 61.1621 -28.0706 0
      vertex 61.1621 -28.0706 18
    endloop
  endfacet
  facet normal -0.881895 0.471446 -3.31806e-20
    outer loop
      vertex 61.3348 -27.8602 0
      vertex 61.4631 -27.6202 18
      vertex 61.4631 -27.6202 0
    endloop
  endfacet
  facet normal -0.881895 0.471446 -3.31806e-20
    outer loop
      vertex 61.4631 -27.6202 18
      vertex 61.3348 -27.8602 0
      vertex 61.3348 -27.8602 18
    endloop
  endfacet
  facet normal -0.956963 0.290211 -1.10209e-19
    outer loop
      vertex 61.4631 -27.6202 0
      vertex 61.5421 -27.3597 18
      vertex 61.5421 -27.3597 0
    endloop
  endfacet
  facet normal -0.956963 0.290211 -1.10209e-19
    outer loop
      vertex 61.5421 -27.3597 18
      vertex 61.4631 -27.6202 0
      vertex 61.4631 -27.6202 18
    endloop
  endfacet
  facet normal -0.995178 0.0980851 -7.11646e-20
    outer loop
      vertex 61.5421 -27.3597 0
      vertex 61.5688 -27.0888 18
      vertex 61.5688 -27.0888 0
    endloop
  endfacet
  facet normal -0.995178 0.0980851 -7.11646e-20
    outer loop
      vertex 61.5688 -27.0888 18
      vertex 61.5421 -27.3597 0
      vertex 61.5421 -27.3597 18
    endloop
  endfacet
  facet normal -0.995174 -0.098121 8.51048e-20
    outer loop
      vertex 61.5688 -27.0888 0
      vertex 61.5421 -26.818 18
      vertex 61.5421 -26.818 0
    endloop
  endfacet
  facet normal -0.995174 -0.098121 8.51048e-20
    outer loop
      vertex 61.5421 -26.818 18
      vertex 61.5688 -27.0888 0
      vertex 61.5688 -27.0888 18
    endloop
  endfacet
  facet normal -0.956932 -0.290313 2.7601e-19
    outer loop
      vertex 61.5421 -26.818 0
      vertex 61.4631 -26.5576 18
      vertex 61.4631 -26.5576 0
    endloop
  endfacet
  facet normal -0.956932 -0.290313 2.7601e-19
    outer loop
      vertex 61.4631 -26.5576 18
      vertex 61.5421 -26.818 0
      vertex 61.5421 -26.818 18
    endloop
  endfacet
  facet normal -0.881929 -0.471382 -1.00433e-19
    outer loop
      vertex 61.4631 -26.5576 0
      vertex 61.3244 -26.2981 18
      vertex 61.3244 -26.2981 0
    endloop
  endfacet
  facet normal -0.881929 -0.471382 -1.00433e-19
    outer loop
      vertex 61.3244 -26.2981 18
      vertex 61.4631 -26.5576 0
      vertex 61.4631 -26.5576 18
    endloop
  endfacet
  facet normal -0.784409 -0.620244 5.91322e-17
    outer loop
      vertex 61.3244 -26.2981 0
      vertex 46.6258 -7.70911 18
      vertex 46.6258 -7.70911 0
    endloop
  endfacet
  facet normal -0.784409 -0.620244 5.91322e-17
    outer loop
      vertex 46.6258 -7.70911 18
      vertex 61.3244 -26.2981 0
      vertex 61.3244 -26.2981 18
    endloop
  endfacet
  facet normal -0.773023 -0.634378 3.42937e-19
    outer loop
      vertex 46.6258 -7.70911 0
      vertex 46.2302 -7.22705 18
      vertex 46.2302 -7.22705 0
    endloop
  endfacet
  facet normal -0.773023 -0.634378 3.42937e-19
    outer loop
      vertex 46.2302 -7.22705 18
      vertex 46.6258 -7.70911 0
      vertex 46.6258 -7.70911 18
    endloop
  endfacet
  facet normal -0.634313 -0.773076 0
    outer loop
      vertex 45.9137 -6.96736 0
      vertex 46.2302 -7.22705 18
      vertex 45.9137 -6.96736 18
    endloop
  endfacet
  facet normal -0.634313 -0.773076 -0
    outer loop
      vertex 46.2302 -7.22705 18
      vertex 45.9137 -6.96736 0
      vertex 46.2302 -7.22705 0
    endloop
  endfacet
  facet normal -0.471495 -0.881869 0
    outer loop
      vertex 45.5527 -6.77435 0
      vertex 45.9137 -6.96736 18
      vertex 45.5527 -6.77435 18
    endloop
  endfacet
  facet normal -0.471495 -0.881869 -0
    outer loop
      vertex 45.9137 -6.96736 18
      vertex 45.5527 -6.77435 0
      vertex 45.9137 -6.96736 0
    endloop
  endfacet
  facet normal -0.290249 -0.956951 0
    outer loop
      vertex 45.1292 -6.6459 0
      vertex 45.5527 -6.77435 18
      vertex 45.1292 -6.6459 18
    endloop
  endfacet
  facet normal -0.290249 -0.956951 -0
    outer loop
      vertex 45.5527 -6.77435 18
      vertex 45.1292 -6.6459 0
      vertex 45.5527 -6.77435 0
    endloop
  endfacet
  facet normal -0.125172 -0.992135 0
    outer loop
      vertex 20.6436 -3.55669 0
      vertex 45.1292 -6.6459 18
      vertex 20.6436 -3.55669 18
    endloop
  endfacet
  facet normal -0.125172 -0.992135 -0
    outer loop
      vertex 45.1292 -6.6459 18
      vertex 20.6436 -3.55669 0
      vertex 45.1292 -6.6459 0
    endloop
  endfacet
  facet normal -0.995186 -0.0980001 1.44594e-19
    outer loop
      vertex 20.6436 -3.55669 0
      vertex 20.4225 -1.31143 18
      vertex 20.4225 -1.31143 0
    endloop
  endfacet
  facet normal -0.995186 -0.0980001 1.44594e-19
    outer loop
      vertex 20.4225 -1.31143 18
      vertex 20.6436 -3.55669 0
      vertex 20.6436 -3.55669 18
    endloop
  endfacet
  facet normal -0.986646 -0.16288 3.36146e-19
    outer loop
      vertex 20.4225 -1.31143 0
      vertex 20.2029 0.0187988 18
      vertex 20.2029 0.0187988 0
    endloop
  endfacet
  facet normal -0.986646 -0.16288 3.36146e-19
    outer loop
      vertex 20.2029 0.0187988 18
      vertex 20.4225 -1.31143 0
      vertex 20.4225 -1.31143 18
    endloop
  endfacet
  facet normal -0.973879 -0.227066 -1.52096e-18
    outer loop
      vertex 20.2029 0.0187988 0
      vertex 19.7544 1.9424 18
      vertex 19.7544 1.9424 0
    endloop
  endfacet
  facet normal -0.973879 -0.227066 -1.52096e-18
    outer loop
      vertex 19.7544 1.9424 18
      vertex 20.2029 0.0187988 0
      vertex 20.2029 0.0187988 18
    endloop
  endfacet
  facet normal -0.42566 0.904883 0
    outer loop
      vertex 41.2536 12.0557 0
      vertex 19.7544 1.9424 18
      vertex 41.2536 12.0557 18
    endloop
  endfacet
  facet normal -0.42566 0.904883 0
    outer loop
      vertex 19.7544 1.9424 18
      vertex 41.2536 12.0557 0
      vertex 19.7544 1.9424 0
    endloop
  endfacet
  facet normal 0.314542 0.949243 -0
    outer loop
      vertex 62.9339 4.87169 0
      vertex 41.2536 12.0557 18
      vertex 62.9339 4.87169 18
    endloop
  endfacet
  facet normal 0.314542 0.949243 0
    outer loop
      vertex 41.2536 12.0557 18
      vertex 62.9339 4.87169 0
      vertex 41.2536 12.0557 0
    endloop
  endfacet
  facet normal 0.290245 0.956952 -0
    outer loop
      vertex 63.3913 4.73296 0
      vertex 62.9339 4.87169 18
      vertex 63.3913 4.73296 18
    endloop
  endfacet
  facet normal 0.290245 0.956952 0
    outer loop
      vertex 62.9339 4.87169 18
      vertex 63.3913 4.73296 0
      vertex 62.9339 4.87169 0
    endloop
  endfacet
  facet normal 0.0980487 0.995182 -0
    outer loop
      vertex 63.6622 4.70627 0
      vertex 63.3913 4.73296 18
      vertex 63.6622 4.70627 18
    endloop
  endfacet
  facet normal 0.0980487 0.995182 0
    outer loop
      vertex 63.3913 4.73296 18
      vertex 63.6622 4.70627 0
      vertex 63.3913 4.73296 0
    endloop
  endfacet
  facet normal -0.0980487 0.995182 0
    outer loop
      vertex 63.9331 4.73296 0
      vertex 63.6622 4.70627 18
      vertex 63.9331 4.73296 18
    endloop
  endfacet
  facet normal -0.0980487 0.995182 0
    outer loop
      vertex 63.6622 4.70627 18
      vertex 63.9331 4.73296 0
      vertex 63.6622 4.70627 0
    endloop
  endfacet
  facet normal -0.29028 0.956942 0
    outer loop
      vertex 64.1935 4.81195 0
      vertex 63.9331 4.73296 18
      vertex 64.1935 4.81195 18
    endloop
  endfacet
  facet normal -0.29028 0.956942 0
    outer loop
      vertex 63.9331 4.73296 18
      vertex 64.1935 4.81195 0
      vertex 63.9331 4.73296 0
    endloop
  endfacet
  facet normal -0.471361 0.881941 0
    outer loop
      vertex 64.4335 4.94022 0
      vertex 64.1935 4.81195 18
      vertex 64.4335 4.94022 18
    endloop
  endfacet
  facet normal -0.471361 0.881941 0
    outer loop
      vertex 64.1935 4.81195 18
      vertex 64.4335 4.94022 0
      vertex 64.1935 4.81195 0
    endloop
  endfacet
  facet normal -0.634479 0.77294 0
    outer loop
      vertex 64.6439 5.11293 0
      vertex 64.4335 4.94022 18
      vertex 64.6439 5.11293 18
    endloop
  endfacet
  facet normal -0.634479 0.77294 0
    outer loop
      vertex 64.4335 4.94022 18
      vertex 64.6439 5.11293 0
      vertex 64.4335 4.94022 0
    endloop
  endfacet
  facet normal -0.772943 0.634475 -6.24469e-19
    outer loop
      vertex 64.6439 5.11293 0
      vertex 64.8166 5.32332 18
      vertex 64.8166 5.32332 0
    endloop
  endfacet
  facet normal -0.772943 0.634475 -6.24469e-19
    outer loop
      vertex 64.8166 5.32332 18
      vertex 64.6439 5.11293 0
      vertex 64.6439 5.11293 18
    endloop
  endfacet
  facet normal -0.881936 0.47137 -1.77381e-19
    outer loop
      vertex 64.8166 5.32332 0
      vertex 64.9449 5.56337 18
      vertex 64.9449 5.56337 0
    endloop
  endfacet
  facet normal -0.881936 0.47137 -1.77381e-19
    outer loop
      vertex 64.9449 5.56337 18
      vertex 64.8166 5.32332 0
      vertex 64.8166 5.32332 18
    endloop
  endfacet
  facet normal -0.956938 0.290293 -1.85726e-19
    outer loop
      vertex 64.9449 5.56337 0
      vertex 65.0239 5.82379 18
      vertex 65.0239 5.82379 0
    endloop
  endfacet
  facet normal -0.956938 0.290293 -1.85726e-19
    outer loop
      vertex 65.0239 5.82379 18
      vertex 64.9449 5.56337 0
      vertex 64.9449 5.56337 18
    endloop
  endfacet
  facet normal -0.995177 0.0980994 -2.92632e-20
    outer loop
      vertex 65.0239 5.82379 0
      vertex 65.0506 6.09465 18
      vertex 65.0506 6.09465 0
    endloop
  endfacet
  facet normal -0.995177 0.0980994 -2.92632e-20
    outer loop
      vertex 65.0506 6.09465 18
      vertex 65.0239 5.82379 0
      vertex 65.0239 5.82379 18
    endloop
  endfacet
  facet normal -0.995178 -0.0980887 3.15166e-20
    outer loop
      vertex 65.0506 6.09465 0
      vertex 65.0239 6.36554 18
      vertex 65.0239 6.36554 0
    endloop
  endfacet
  facet normal -0.995178 -0.0980887 3.15166e-20
    outer loop
      vertex 65.0239 6.36554 18
      vertex 65.0506 6.09465 0
      vertex 65.0506 6.09465 18
    endloop
  endfacet
  facet normal -0.956935 -0.290303 -2.12808e-19
    outer loop
      vertex 65.0239 6.36554 0
      vertex 64.9449 6.62595 18
      vertex 64.9449 6.62595 0
    endloop
  endfacet
  facet normal -0.956935 -0.290303 -2.12808e-19
    outer loop
      vertex 64.9449 6.62595 18
      vertex 65.0239 6.36554 0
      vertex 65.0239 6.36554 18
    endloop
  endfacet
  facet normal -0.881936 -0.47137 1.77381e-19
    outer loop
      vertex 64.9449 6.62595 0
      vertex 64.8166 6.866 18
      vertex 64.8166 6.866 0
    endloop
  endfacet
  facet normal -0.881936 -0.47137 1.77381e-19
    outer loop
      vertex 64.8166 6.866 18
      vertex 64.9449 6.62595 0
      vertex 64.9449 6.62595 18
    endloop
  endfacet
  facet normal -0.772943 -0.634475 4.74913e-19
    outer loop
      vertex 64.8166 6.866 0
      vertex 64.6439 7.07639 18
      vertex 64.6439 7.07639 0
    endloop
  endfacet
  facet normal -0.772943 -0.634475 4.74913e-19
    outer loop
      vertex 64.6439 7.07639 18
      vertex 64.8166 6.866 0
      vertex 64.8166 6.866 18
    endloop
  endfacet
  facet normal -0.634479 -0.77294 0
    outer loop
      vertex 64.4335 7.2491 0
      vertex 64.6439 7.07639 18
      vertex 64.4335 7.2491 18
    endloop
  endfacet
  facet normal -0.634479 -0.77294 -0
    outer loop
      vertex 64.6439 7.07639 18
      vertex 64.4335 7.2491 0
      vertex 64.6439 7.07639 0
    endloop
  endfacet
  facet normal -0.471381 -0.88193 0
    outer loop
      vertex 64.1044 7.425 0
      vertex 64.4335 7.2491 18
      vertex 64.1044 7.425 18
    endloop
  endfacet
  facet normal -0.471381 -0.88193 -0
    outer loop
      vertex 64.4335 7.2491 18
      vertex 64.1044 7.425 0
      vertex 64.4335 7.2491 0
    endloop
  endfacet
  facet normal -0.369279 -0.929319 0
    outer loop
      vertex 42.0388 16.1931 0
      vertex 64.1044 7.425 18
      vertex 42.0388 16.1931 18
    endloop
  endfacet
  facet normal -0.369279 -0.929319 -0
    outer loop
      vertex 64.1044 7.425 18
      vertex 42.0388 16.1931 0
      vertex 64.1044 7.425 0
    endloop
  endfacet
  facet normal -0.290308 -0.956933 0
    outer loop
      vertex 41.517 16.3514 0
      vertex 42.0388 16.1931 18
      vertex 41.517 16.3514 18
    endloop
  endfacet
  facet normal -0.290308 -0.956933 -0
    outer loop
      vertex 42.0388 16.1931 18
      vertex 41.517 16.3514 0
      vertex 42.0388 16.1931 0
    endloop
  endfacet
  facet normal -0.0979319 -0.995193 0
    outer loop
      vertex 41.1095 16.3915 0
      vertex 41.517 16.3514 18
      vertex 41.1095 16.3915 18
    endloop
  endfacet
  facet normal -0.0979319 -0.995193 -0
    outer loop
      vertex 41.517 16.3514 18
      vertex 41.1095 16.3915 0
      vertex 41.517 16.3514 0
    endloop
  endfacet
  facet normal 0.0979557 -0.995191 0
    outer loop
      vertex 40.7021 16.3514 0
      vertex 41.1095 16.3915 18
      vertex 40.7021 16.3514 18
    endloop
  endfacet
  facet normal 0.0979557 -0.995191 0
    outer loop
      vertex 41.1095 16.3915 18
      vertex 40.7021 16.3514 0
      vertex 41.1095 16.3915 0
    endloop
  endfacet
  facet normal 0.290337 -0.956924 0
    outer loop
      vertex 40.2031 16.2 0
      vertex 40.7021 16.3514 18
      vertex 40.2031 16.2 18
    endloop
  endfacet
  facet normal 0.290337 -0.956924 0
    outer loop
      vertex 40.7021 16.3514 18
      vertex 40.2031 16.2 0
      vertex 40.7021 16.3514 0
    endloop
  endfacet
  facet normal 0.387615 -0.921821 0
    outer loop
      vertex 17.6488 6.71617 0
      vertex 40.2031 16.2 18
      vertex 17.6488 6.71617 18
    endloop
  endfacet
  facet normal 0.387615 -0.921821 0
    outer loop
      vertex 40.2031 16.2 18
      vertex 17.6488 6.71617 0
      vertex 40.2031 16.2 0
    endloop
  endfacet
  facet normal -0.81284 -0.582488 -9.67539e-19
    outer loop
      vertex 17.6488 6.71617 0
      vertex 16.342 8.53976 18
      vertex 16.342 8.53976 0
    endloop
  endfacet
  facet normal -0.81284 -0.582488 -9.67539e-19
    outer loop
      vertex 16.342 8.53976 18
      vertex 17.6488 6.71617 0
      vertex 17.6488 6.71617 18
    endloop
  endfacet
  facet normal -0.773004 -0.634401 1.29461e-19
    outer loop
      vertex 16.342 8.53976 0
      vertex 15.487 9.58156 18
      vertex 15.487 9.58156 0
    endloop
  endfacet
  facet normal -0.773004 -0.634401 1.29461e-19
    outer loop
      vertex 15.487 9.58156 18
      vertex 16.342 8.53976 0
      vertex 16.342 8.53976 18
    endloop
  endfacet
  facet normal -0.729892 -0.683563 -2.01086e-19
    outer loop
      vertex 15.487 9.58156 0
      vertex 14.1408 11.019 18
      vertex 14.1408 11.019 0
    endloop
  endfacet
  facet normal -0.729892 -0.683563 -2.01086e-19
    outer loop
      vertex 14.1408 11.019 18
      vertex 15.487 9.58156 0
      vertex 15.487 9.58156 18
    endloop
  endfacet
  facet normal -0.822165 0.569249 4.73341e-18
    outer loop
      vertex 14.1408 11.019 0
      vertex 26.5516 28.9439 18
      vertex 26.5516 28.9439 0
    endloop
  endfacet
  facet normal -0.822165 0.569249 4.73341e-18
    outer loop
      vertex 26.5516 28.9439 18
      vertex 14.1408 11.019 0
      vertex 14.1408 11.019 18
    endloop
  endfacet
  facet normal -0.238897 0.971045 0
    outer loop
      vertex 46.8999 33.95 0
      vertex 26.5516 28.9439 18
      vertex 46.8999 33.95 18
    endloop
  endfacet
  facet normal -0.238897 0.971045 0
    outer loop
      vertex 26.5516 28.9439 18
      vertex 46.8999 33.95 0
      vertex 26.5516 28.9439 0
    endloop
  endfacet
  facet normal -0.290401 0.956905 0
    outer loop
      vertex 47.3253 34.0791 0
      vertex 46.8999 33.95 18
      vertex 47.3253 34.0791 18
    endloop
  endfacet
  facet normal -0.290401 0.956905 0
    outer loop
      vertex 46.8999 33.95 18
      vertex 47.3253 34.0791 0
      vertex 46.8999 33.95 0
    endloop
  endfacet
  facet normal -0.471294 0.881976 0
    outer loop
      vertex 47.5654 34.2074 0
      vertex 47.3253 34.0791 18
      vertex 47.5654 34.2074 18
    endloop
  endfacet
  facet normal -0.471294 0.881976 0
    outer loop
      vertex 47.3253 34.0791 18
      vertex 47.5654 34.2074 0
      vertex 47.3253 34.0791 0
    endloop
  endfacet
  facet normal -0.634418 0.77299 0
    outer loop
      vertex 47.7757 34.38 0
      vertex 47.5654 34.2074 18
      vertex 47.7757 34.38 18
    endloop
  endfacet
  facet normal -0.634418 0.77299 0
    outer loop
      vertex 47.5654 34.2074 18
      vertex 47.7757 34.38 0
      vertex 47.5654 34.2074 0
    endloop
  endfacet
  facet normal -0.772958 0.634457 -4.4846e-19
    outer loop
      vertex 47.7757 34.38 0
      vertex 47.9484 34.5904 18
      vertex 47.9484 34.5904 0
    endloop
  endfacet
  facet normal -0.772958 0.634457 -4.4846e-19
    outer loop
      vertex 47.9484 34.5904 18
      vertex 47.7757 34.38 0
      vertex 47.7757 34.38 18
    endloop
  endfacet
  facet normal -0.881976 0.471294 2.84541e-19
    outer loop
      vertex 47.9484 34.5904 0
      vertex 48.0767 34.8305 18
      vertex 48.0767 34.8305 0
    endloop
  endfacet
  facet normal -0.881976 0.471294 2.84541e-19
    outer loop
      vertex 48.0767 34.8305 18
      vertex 47.9484 34.5904 0
      vertex 47.9484 34.5904 18
    endloop
  endfacet
  facet normal -0.956932 0.290313 -2.02345e-19
    outer loop
      vertex 48.0767 34.8305 0
      vertex 48.1557 35.0909 18
      vertex 48.1557 35.0909 0
    endloop
  endfacet
  facet normal -0.956932 0.290313 -2.02345e-19
    outer loop
      vertex 48.1557 35.0909 18
      vertex 48.0767 34.8305 0
      vertex 48.0767 34.8305 18
    endloop
  endfacet
  facet normal -0.995178 0.0980851 -4.4541e-20
    outer loop
      vertex 48.1557 35.0909 0
      vertex 48.1824 35.3618 18
      vertex 48.1824 35.3618 0
    endloop
  endfacet
  facet normal -0.995178 0.0980851 -4.4541e-20
    outer loop
      vertex 48.1824 35.3618 18
      vertex 48.1557 35.0909 0
      vertex 48.1557 35.0909 18
    endloop
  endfacet
  facet normal -0.995174 -0.098121 4.20381e-20
    outer loop
      vertex 48.1824 35.3618 0
      vertex 48.1557 35.6326 18
      vertex 48.1557 35.6326 0
    endloop
  endfacet
  facet normal -0.995174 -0.098121 4.20381e-20
    outer loop
      vertex 48.1557 35.6326 18
      vertex 48.1824 35.3618 0
      vertex 48.1824 35.3618 18
    endloop
  endfacet
  facet normal -0.956963 -0.290211 1.10209e-19
    outer loop
      vertex 48.1557 35.6326 0
      vertex 48.0767 35.8931 18
      vertex 48.0767 35.8931 0
    endloop
  endfacet
  facet normal -0.956963 -0.290211 1.10209e-19
    outer loop
      vertex 48.0767 35.8931 18
      vertex 48.1557 35.6326 0
      vertex 48.1557 35.6326 18
    endloop
  endfacet
  facet normal -0.881895 -0.471446 1.04573e-19
    outer loop
      vertex 48.0767 35.8931 0
      vertex 47.9484 36.1331 18
      vertex 47.9484 36.1331 0
    endloop
  endfacet
  facet normal -0.881895 -0.471446 1.04573e-19
    outer loop
      vertex 47.9484 36.1331 18
      vertex 48.0767 35.8931 0
      vertex 48.0767 35.8931 18
    endloop
  endfacet
  facet normal -0.772958 -0.634457 4.4846e-19
    outer loop
      vertex 47.9484 36.1331 0
      vertex 47.7757 36.3435 18
      vertex 47.7757 36.3435 0
    endloop
  endfacet
  facet normal -0.772958 -0.634457 4.4846e-19
    outer loop
      vertex 47.7757 36.3435 18
      vertex 47.9484 36.1331 0
      vertex 47.9484 36.1331 18
    endloop
  endfacet
  facet normal -0.634457 -0.772958 0
    outer loop
      vertex 47.5653 36.5162 0
      vertex 47.7757 36.3435 18
      vertex 47.5653 36.5162 18
    endloop
  endfacet
  facet normal -0.634457 -0.772958 -0
    outer loop
      vertex 47.7757 36.3435 18
      vertex 47.5653 36.5162 0
      vertex 47.7757 36.3435 0
    endloop
  endfacet
  facet normal -0.471446 -0.881895 0
    outer loop
      vertex 47.3253 36.6445 0
      vertex 47.5653 36.5162 18
      vertex 47.3253 36.6445 18
    endloop
  endfacet
  facet normal -0.471446 -0.881895 -0
    outer loop
      vertex 47.5653 36.5162 18
      vertex 47.3253 36.6445 0
      vertex 47.5653 36.5162 0
    endloop
  endfacet
  facet normal -0.290313 -0.956932 0
    outer loop
      vertex 47.0649 36.7235 0
      vertex 47.3253 36.6445 18
      vertex 47.0649 36.7235 18
    endloop
  endfacet
  facet normal -0.290313 -0.956932 -0
    outer loop
      vertex 47.3253 36.6445 18
      vertex 47.0649 36.7235 0
      vertex 47.3253 36.6445 0
    endloop
  endfacet
  facet normal -0.0980851 -0.995178 0
    outer loop
      vertex 46.794 36.7502 0
      vertex 47.0649 36.7235 18
      vertex 46.794 36.7502 18
    endloop
  endfacet
  facet normal -0.0980851 -0.995178 -0
    outer loop
      vertex 47.0649 36.7235 18
      vertex 46.794 36.7502 0
      vertex 47.0649 36.7235 0
    endloop
  endfacet
  facet normal 0.0980416 -0.995182 0
    outer loop
      vertex 46.3829 36.7097 0
      vertex 46.794 36.7502 18
      vertex 46.3829 36.7097 18
    endloop
  endfacet
  facet normal 0.0980416 -0.995182 0
    outer loop
      vertex 46.794 36.7502 18
      vertex 46.3829 36.7097 0
      vertex 46.794 36.7502 0
    endloop
  endfacet
  facet normal 0.176691 -0.984266 0
    outer loop
      vertex 24.9591 32.8638 0
      vertex 46.3829 36.7097 18
      vertex 24.9591 32.8638 18
    endloop
  endfacet
  facet normal 0.176691 -0.984266 0
    outer loop
      vertex 46.3829 36.7097 18
      vertex 24.9591 32.8638 0
      vertex 46.3829 36.7097 0
    endloop
  endfacet
  facet normal 0.290287 -0.956939 0
    outer loop
      vertex 24.4755 32.7171 0
      vertex 24.9591 32.8638 18
      vertex 24.4755 32.7171 18
    endloop
  endfacet
  facet normal 0.290287 -0.956939 0
    outer loop
      vertex 24.9591 32.8638 18
      vertex 24.4755 32.7171 0
      vertex 24.9591 32.8638 0
    endloop
  endfacet
  facet normal 0.471286 -0.881981 0
    outer loop
      vertex 24.1145 32.5242 0
      vertex 24.4755 32.7171 18
      vertex 24.1145 32.5242 18
    endloop
  endfacet
  facet normal 0.471286 -0.881981 0
    outer loop
      vertex 24.4755 32.7171 18
      vertex 24.1145 32.5242 0
      vertex 24.4755 32.7171 0
    endloop
  endfacet
  facet normal 0.634474 -0.772944 0
    outer loop
      vertex 23.798 32.2644 0
      vertex 24.1145 32.5242 18
      vertex 23.798 32.2644 18
    endloop
  endfacet
  facet normal 0.634474 -0.772944 0
    outer loop
      vertex 24.1145 32.5242 18
      vertex 23.798 32.2644 0
      vertex 24.1145 32.5242 0
    endloop
  endfacet
  facet normal 0.77295 -0.634467 6.5127e-19
    outer loop
      vertex 23.4159 31.7989 18
      vertex 23.798 32.2644 0
      vertex 23.798 32.2644 18
    endloop
  endfacet
  facet normal 0.77295 -0.634467 6.5127e-19
    outer loop
      vertex 23.798 32.2644 0
      vertex 23.4159 31.7989 18
      vertex 23.4159 31.7989 0
    endloop
  endfacet
  facet normal 0.795478 -0.605983 -1.38285e-17
    outer loop
      vertex 10.8754 15.3369 18
      vertex 23.4159 31.7989 0
      vertex 23.4159 31.7989 18
    endloop
  endfacet
  facet normal 0.795478 -0.605983 -1.38285e-17
    outer loop
      vertex 23.4159 31.7989 0
      vertex 10.8754 15.3369 18
      vertex 10.8754 15.3369 0
    endloop
  endfacet
  facet normal -0.998795 -0.0490768 8.74927e-21
    outer loop
      vertex 10.8754 15.3369 0
      vertex 10.5461 22.0387 18
      vertex 10.5461 22.0387 0
    endloop
  endfacet
  facet normal -0.998795 -0.0490768 8.74927e-21
    outer loop
      vertex 10.5461 22.0387 18
      vertex 10.8754 15.3369 0
      vertex 10.8754 15.3369 18
    endloop
  endfacet
  facet normal -0.989176 -0.146737 5.80225e-20
    outer loop
      vertex 10.5461 22.0387 0
      vertex 10.3935 23.0674 18
      vertex 10.3935 23.0674 0
    endloop
  endfacet
  facet normal -0.989176 -0.146737 5.80225e-20
    outer loop
      vertex 10.3935 23.0674 18
      vertex 10.5461 22.0387 0
      vertex 10.5461 22.0387 18
    endloop
  endfacet
  facet normal -0.970029 -0.242988 -5.29211e-19
    outer loop
      vertex 10.3935 23.0674 0
      vertex 10.1408 24.0762 18
      vertex 10.1408 24.0762 0
    endloop
  endfacet
  facet normal -0.970029 -0.242988 -5.29211e-19
    outer loop
      vertex 10.1408 24.0762 18
      vertex 10.3935 23.0674 0
      vertex 10.3935 23.0674 18
    endloop
  endfacet
  facet normal -0.941537 -0.336909 8.7524e-19
    outer loop
      vertex 10.1408 24.0762 0
      vertex 9.79045 25.0553 18
      vertex 9.79045 25.0553 0
    endloop
  endfacet
  facet normal -0.941537 -0.336909 8.7524e-19
    outer loop
      vertex 9.79045 25.0553 18
      vertex 10.1408 24.0762 0
      vertex 10.1408 24.0762 18
    endloop
  endfacet
  facet normal -0.903987 -0.42756 -4.27413e-19
    outer loop
      vertex 9.79045 25.0553 0
      vertex 9.34581 25.9954 18
      vertex 9.34581 25.9954 0
    endloop
  endfacet
  facet normal -0.903987 -0.42756 -4.27413e-19
    outer loop
      vertex 9.34581 25.9954 18
      vertex 9.79045 25.0553 0
      vertex 9.79045 25.0553 18
    endloop
  endfacet
  facet normal -0.857743 -0.514079 1.36525e-18
    outer loop
      vertex 9.34581 25.9954 0
      vertex 8.81114 26.8875 18
      vertex 8.81114 26.8875 0
    endloop
  endfacet
  facet normal -0.857743 -0.514079 1.36525e-18
    outer loop
      vertex 8.81114 26.8875 18
      vertex 9.34581 25.9954 0
      vertex 9.34581 25.9954 18
    endloop
  endfacet
  facet normal -0.803206 -0.595701 1.90875e-18
    outer loop
      vertex 8.81114 26.8875 0
      vertex 8.19171 27.7227 18
      vertex 8.19171 27.7227 0
    endloop
  endfacet
  facet normal -0.803206 -0.595701 1.90875e-18
    outer loop
      vertex 8.19171 27.7227 18
      vertex 8.81114 26.8875 0
      vertex 8.81114 26.8875 18
    endloop
  endfacet
  facet normal -0.740947 -0.671564 1.58062e-18
    outer loop
      vertex 8.19171 27.7227 0
      vertex 7.49327 28.4933 18
      vertex 7.49327 28.4933 0
    endloop
  endfacet
  facet normal -0.740947 -0.671564 1.58062e-18
    outer loop
      vertex 7.49327 28.4933 18
      vertex 8.19171 27.7227 0
      vertex 8.19171 27.7227 18
    endloop
  endfacet
  facet normal -0.671543 -0.740966 0
    outer loop
      vertex 6.72267 29.1917 0
      vertex 7.49327 28.4933 18
      vertex 6.72267 29.1917 18
    endloop
  endfacet
  facet normal -0.671543 -0.740966 -0
    outer loop
      vertex 7.49327 28.4933 18
      vertex 6.72267 29.1917 0
      vertex 7.49327 28.4933 0
    endloop
  endfacet
  facet normal -0.595683 -0.80322 0
    outer loop
      vertex 5.88747 29.8111 0
      vertex 6.72267 29.1917 18
      vertex 5.88747 29.8111 18
    endloop
  endfacet
  facet normal -0.595683 -0.80322 -0
    outer loop
      vertex 6.72267 29.1917 18
      vertex 5.88747 29.8111 0
      vertex 6.72267 29.1917 0
    endloop
  endfacet
  facet normal -0.514117 -0.85772 0
    outer loop
      vertex 4.99541 30.3458 0
      vertex 5.88747 29.8111 18
      vertex 4.99541 30.3458 18
    endloop
  endfacet
  facet normal -0.514117 -0.85772 -0
    outer loop
      vertex 5.88747 29.8111 18
      vertex 4.99541 30.3458 0
      vertex 5.88747 29.8111 0
    endloop
  endfacet
  facet normal -0.427607 -0.903965 0
    outer loop
      vertex 4.05531 30.7905 0
      vertex 4.99541 30.3458 18
      vertex 4.05531 30.7905 18
    endloop
  endfacet
  facet normal -0.427607 -0.903965 -0
    outer loop
      vertex 4.99541 30.3458 18
      vertex 4.05531 30.7905 0
      vertex 4.99541 30.3458 0
    endloop
  endfacet
  facet normal -0.336869 -0.941551 0
    outer loop
      vertex 3.07622 31.1408 0
      vertex 4.05531 30.7905 18
      vertex 3.07622 31.1408 18
    endloop
  endfacet
  facet normal -0.336869 -0.941551 -0
    outer loop
      vertex 4.05531 30.7905 18
      vertex 3.07622 31.1408 0
      vertex 4.05531 30.7905 0
    endloop
  endfacet
  facet normal -0.242977 -0.970032 0
    outer loop
      vertex 2.06737 31.3935 0
      vertex 3.07622 31.1408 18
      vertex 2.06737 31.3935 18
    endloop
  endfacet
  facet normal -0.242977 -0.970032 -0
    outer loop
      vertex 3.07622 31.1408 18
      vertex 2.06737 31.3935 0
      vertex 3.07622 31.1408 0
    endloop
  endfacet
  facet normal -0.146741 -0.989175 0
    outer loop
      vertex 1.0387 31.5461 0
      vertex 2.06737 31.3935 18
      vertex 1.0387 31.5461 18
    endloop
  endfacet
  facet normal -0.146741 -0.989175 -0
    outer loop
      vertex 2.06737 31.3935 18
      vertex 1.0387 31.5461 0
      vertex 2.06737 31.3935 0
    endloop
  endfacet
  facet normal -0.0490408 -0.998797 0
    outer loop
      vertex 0 31.5971 0
      vertex 1.0387 31.5461 18
      vertex 0 31.5971 18
    endloop
  endfacet
  facet normal -0.0490408 -0.998797 -0
    outer loop
      vertex 1.0387 31.5461 18
      vertex 0 31.5971 0
      vertex 1.0387 31.5461 0
    endloop
  endfacet
  facet normal 0.0490408 -0.998797 0
    outer loop
      vertex -1.0387 31.5461 0
      vertex 0 31.5971 18
      vertex -1.0387 31.5461 18
    endloop
  endfacet
  facet normal 0.0490408 -0.998797 0
    outer loop
      vertex 0 31.5971 18
      vertex -1.0387 31.5461 0
      vertex 0 31.5971 0
    endloop
  endfacet
  facet normal 0.146741 -0.989175 0
    outer loop
      vertex -2.06737 31.3935 0
      vertex -1.0387 31.5461 18
      vertex -2.06737 31.3935 18
    endloop
  endfacet
  facet normal 0.146741 -0.989175 0
    outer loop
      vertex -1.0387 31.5461 18
      vertex -2.06737 31.3935 0
      vertex -1.0387 31.5461 0
    endloop
  endfacet
  facet normal 0.242977 -0.970032 0
    outer loop
      vertex -3.07622 31.1408 0
      vertex -2.06737 31.3935 18
      vertex -3.07622 31.1408 18
    endloop
  endfacet
  facet normal 0.242977 -0.970032 0
    outer loop
      vertex -2.06737 31.3935 18
      vertex -3.07622 31.1408 0
      vertex -2.06737 31.3935 0
    endloop
  endfacet
  facet normal 0.336869 -0.941551 0
    outer loop
      vertex -4.05531 30.7905 0
      vertex -3.07622 31.1408 18
      vertex -4.05531 30.7905 18
    endloop
  endfacet
  facet normal 0.336869 -0.941551 0
    outer loop
      vertex -3.07622 31.1408 18
      vertex -4.05531 30.7905 0
      vertex -3.07622 31.1408 0
    endloop
  endfacet
  facet normal 0.427607 -0.903965 0
    outer loop
      vertex -4.99541 30.3458 0
      vertex -4.05531 30.7905 18
      vertex -4.99541 30.3458 18
    endloop
  endfacet
  facet normal 0.427607 -0.903965 0
    outer loop
      vertex -4.05531 30.7905 18
      vertex -4.99541 30.3458 0
      vertex -4.05531 30.7905 0
    endloop
  endfacet
  facet normal 0.514117 -0.85772 0
    outer loop
      vertex -5.88747 29.8111 0
      vertex -4.99541 30.3458 18
      vertex -5.88747 29.8111 18
    endloop
  endfacet
  facet normal 0.514117 -0.85772 0
    outer loop
      vertex -4.99541 30.3458 18
      vertex -5.88747 29.8111 0
      vertex -4.99541 30.3458 0
    endloop
  endfacet
  facet normal 0.595683 -0.80322 0
    outer loop
      vertex -6.72267 29.1917 0
      vertex -5.88747 29.8111 18
      vertex -6.72267 29.1917 18
    endloop
  endfacet
  facet normal 0.595683 -0.80322 0
    outer loop
      vertex -5.88747 29.8111 18
      vertex -6.72267 29.1917 0
      vertex -5.88747 29.8111 0
    endloop
  endfacet
  facet normal 0.671543 -0.740966 0
    outer loop
      vertex -7.49327 28.4933 0
      vertex -6.72267 29.1917 18
      vertex -7.49327 28.4933 18
    endloop
  endfacet
  facet normal 0.671543 -0.740966 0
    outer loop
      vertex -6.72267 29.1917 18
      vertex -7.49327 28.4933 0
      vertex -6.72267 29.1917 0
    endloop
  endfacet
  facet normal 0.740947 -0.671564 -1.58062e-18
    outer loop
      vertex -8.19171 27.7227 18
      vertex -7.49327 28.4933 0
      vertex -7.49327 28.4933 18
    endloop
  endfacet
  facet normal 0.740947 -0.671564 -1.58062e-18
    outer loop
      vertex -7.49327 28.4933 0
      vertex -8.19171 27.7227 18
      vertex -8.19171 27.7227 0
    endloop
  endfacet
  facet normal 0.803206 -0.595701 -1.90875e-18
    outer loop
      vertex -8.81114 26.8875 18
      vertex -8.19171 27.7227 0
      vertex -8.19171 27.7227 18
    endloop
  endfacet
  facet normal 0.803206 -0.595701 -1.90875e-18
    outer loop
      vertex -8.19171 27.7227 0
      vertex -8.81114 26.8875 18
      vertex -8.81114 26.8875 0
    endloop
  endfacet
  facet normal 0.857743 -0.514079 -1.36525e-18
    outer loop
      vertex -9.34581 25.9954 18
      vertex -8.81114 26.8875 0
      vertex -8.81114 26.8875 18
    endloop
  endfacet
  facet normal 0.857743 -0.514079 -1.36525e-18
    outer loop
      vertex -8.81114 26.8875 0
      vertex -9.34581 25.9954 18
      vertex -9.34581 25.9954 0
    endloop
  endfacet
  facet normal 0.903987 -0.42756 4.27413e-19
    outer loop
      vertex -9.79045 25.0553 18
      vertex -9.34581 25.9954 0
      vertex -9.34581 25.9954 18
    endloop
  endfacet
  facet normal 0.903987 -0.42756 4.27413e-19
    outer loop
      vertex -9.34581 25.9954 0
      vertex -9.79045 25.0553 18
      vertex -9.79045 25.0553 0
    endloop
  endfacet
  facet normal 0.941537 -0.336909 -8.7524e-19
    outer loop
      vertex -10.1408 24.0762 18
      vertex -9.79045 25.0553 0
      vertex -9.79045 25.0553 18
    endloop
  endfacet
  facet normal 0.941537 -0.336909 -8.7524e-19
    outer loop
      vertex -9.79045 25.0553 0
      vertex -10.1408 24.0762 18
      vertex -10.1408 24.0762 0
    endloop
  endfacet
  facet normal 0.970029 -0.242988 5.29211e-19
    outer loop
      vertex -10.3935 23.0674 18
      vertex -10.1408 24.0762 0
      vertex -10.1408 24.0762 18
    endloop
  endfacet
  facet normal 0.970029 -0.242988 5.29211e-19
    outer loop
      vertex -10.1408 24.0762 0
      vertex -10.3935 23.0674 18
      vertex -10.3935 23.0674 0
    endloop
  endfacet
  facet normal 0.989176 -0.146737 -5.80225e-20
    outer loop
      vertex -10.5461 22.0387 18
      vertex -10.3935 23.0674 0
      vertex -10.3935 23.0674 18
    endloop
  endfacet
  facet normal 0.989176 -0.146737 -5.80225e-20
    outer loop
      vertex -10.3935 23.0674 0
      vertex -10.5461 22.0387 18
      vertex -10.5461 22.0387 0
    endloop
  endfacet
  facet normal 0.998795 -0.0490768 -8.74927e-21
    outer loop
      vertex -10.8754 15.3369 18
      vertex -10.5461 22.0387 0
      vertex -10.5461 22.0387 18
    endloop
  endfacet
  facet normal 0.998795 -0.0490768 -8.74927e-21
    outer loop
      vertex -10.5461 22.0387 0
      vertex -10.8754 15.3369 18
      vertex -10.8754 15.3369 0
    endloop
  endfacet
  facet normal -0.795478 -0.605983 1.38285e-17
    outer loop
      vertex -10.8754 15.3369 0
      vertex -23.4159 31.7989 18
      vertex -23.4159 31.7989 0
    endloop
  endfacet
  facet normal -0.795478 -0.605983 1.38285e-17
    outer loop
      vertex -23.4159 31.7989 18
      vertex -10.8754 15.3369 0
      vertex -10.8754 15.3369 18
    endloop
  endfacet
  facet normal -0.77295 -0.634467 -6.5127e-19
    outer loop
      vertex -23.4159 31.7989 0
      vertex -23.798 32.2644 18
      vertex -23.798 32.2644 0
    endloop
  endfacet
  facet normal -0.77295 -0.634467 -6.5127e-19
    outer loop
      vertex -23.798 32.2644 18
      vertex -23.4159 31.7989 0
      vertex -23.4159 31.7989 18
    endloop
  endfacet
  facet normal -0.634474 -0.772944 0
    outer loop
      vertex -24.1145 32.5242 0
      vertex -23.798 32.2644 18
      vertex -24.1145 32.5242 18
    endloop
  endfacet
  facet normal -0.634474 -0.772944 -0
    outer loop
      vertex -23.798 32.2644 18
      vertex -24.1145 32.5242 0
      vertex -23.798 32.2644 0
    endloop
  endfacet
  facet normal -0.471286 -0.881981 0
    outer loop
      vertex -24.4755 32.7171 0
      vertex -24.1145 32.5242 18
      vertex -24.4755 32.7171 18
    endloop
  endfacet
  facet normal -0.471286 -0.881981 -0
    outer loop
      vertex -24.1145 32.5242 18
      vertex -24.4755 32.7171 0
      vertex -24.1145 32.5242 0
    endloop
  endfacet
  facet normal -0.290287 -0.956939 0
    outer loop
      vertex -24.9591 32.8638 0
      vertex -24.4755 32.7171 18
      vertex -24.9591 32.8638 18
    endloop
  endfacet
  facet normal -0.290287 -0.956939 -0
    outer loop
      vertex -24.4755 32.7171 18
      vertex -24.9591 32.8638 0
      vertex -24.4755 32.7171 0
    endloop
  endfacet
  facet normal -0.176691 -0.984266 0
    outer loop
      vertex -46.3829 36.7097 0
      vertex -24.9591 32.8638 18
      vertex -46.3829 36.7097 18
    endloop
  endfacet
  facet normal -0.176691 -0.984266 -0
    outer loop
      vertex -24.9591 32.8638 18
      vertex -46.3829 36.7097 0
      vertex -24.9591 32.8638 0
    endloop
  endfacet
  facet normal -0.0980416 -0.995182 0
    outer loop
      vertex -46.794 36.7502 0
      vertex -46.3829 36.7097 18
      vertex -46.794 36.7502 18
    endloop
  endfacet
  facet normal -0.0980416 -0.995182 -0
    outer loop
      vertex -46.3829 36.7097 18
      vertex -46.794 36.7502 0
      vertex -46.3829 36.7097 0
    endloop
  endfacet
  facet normal 0.0980851 -0.995178 0
    outer loop
      vertex -47.0649 36.7235 0
      vertex -46.794 36.7502 18
      vertex -47.0649 36.7235 18
    endloop
  endfacet
  facet normal 0.0980851 -0.995178 0
    outer loop
      vertex -46.794 36.7502 18
      vertex -47.0649 36.7235 0
      vertex -46.794 36.7502 0
    endloop
  endfacet
  facet normal 0.290313 -0.956932 0
    outer loop
      vertex -47.3253 36.6445 0
      vertex -47.0649 36.7235 18
      vertex -47.3253 36.6445 18
    endloop
  endfacet
  facet normal 0.290313 -0.956932 0
    outer loop
      vertex -47.0649 36.7235 18
      vertex -47.3253 36.6445 0
      vertex -47.0649 36.7235 0
    endloop
  endfacet
  facet normal 0.471446 -0.881895 0
    outer loop
      vertex -47.5653 36.5162 0
      vertex -47.3253 36.6445 18
      vertex -47.5653 36.5162 18
    endloop
  endfacet
  facet normal 0.471446 -0.881895 0
    outer loop
      vertex -47.3253 36.6445 18
      vertex -47.5653 36.5162 0
      vertex -47.3253 36.6445 0
    endloop
  endfacet
  facet normal 0.634457 -0.772958 0
    outer loop
      vertex -47.7757 36.3435 0
      vertex -47.5653 36.5162 18
      vertex -47.7757 36.3435 18
    endloop
  endfacet
  facet normal 0.634457 -0.772958 0
    outer loop
      vertex -47.5653 36.5162 18
      vertex -47.7757 36.3435 0
      vertex -47.5653 36.5162 0
    endloop
  endfacet
  facet normal 0.772958 -0.634457 -4.4846e-19
    outer loop
      vertex -47.9484 36.1331 18
      vertex -47.7757 36.3435 0
      vertex -47.7757 36.3435 18
    endloop
  endfacet
  facet normal 0.772958 -0.634457 -4.4846e-19
    outer loop
      vertex -47.7757 36.3435 0
      vertex -47.9484 36.1331 18
      vertex -47.9484 36.1331 0
    endloop
  endfacet
  facet normal 0.881895 -0.471446 -1.04573e-19
    outer loop
      vertex -48.0767 35.8931 18
      vertex -47.9484 36.1331 0
      vertex -47.9484 36.1331 18
    endloop
  endfacet
  facet normal 0.881895 -0.471446 -1.04573e-19
    outer loop
      vertex -47.9484 36.1331 0
      vertex -48.0767 35.8931 18
      vertex -48.0767 35.8931 0
    endloop
  endfacet
  facet normal 0.956963 -0.290211 -1.10209e-19
    outer loop
      vertex -48.1557 35.6326 18
      vertex -48.0767 35.8931 0
      vertex -48.0767 35.8931 18
    endloop
  endfacet
  facet normal 0.956963 -0.290211 -1.10209e-19
    outer loop
      vertex -48.0767 35.8931 0
      vertex -48.1557 35.6326 18
      vertex -48.1557 35.6326 0
    endloop
  endfacet
  facet normal 0.995174 -0.098121 -4.20381e-20
    outer loop
      vertex -48.1824 35.3618 18
      vertex -48.1557 35.6326 0
      vertex -48.1557 35.6326 18
    endloop
  endfacet
  facet normal 0.995174 -0.098121 -4.20381e-20
    outer loop
      vertex -48.1557 35.6326 0
      vertex -48.1824 35.3618 18
      vertex -48.1824 35.3618 0
    endloop
  endfacet
  facet normal 0.995178 0.0980851 4.4541e-20
    outer loop
      vertex -48.1557 35.0909 18
      vertex -48.1824 35.3618 0
      vertex -48.1824 35.3618 18
    endloop
  endfacet
  facet normal 0.995178 0.0980851 4.4541e-20
    outer loop
      vertex -48.1824 35.3618 0
      vertex -48.1557 35.0909 18
      vertex -48.1557 35.0909 0
    endloop
  endfacet
  facet normal 0.956932 0.290313 2.02345e-19
    outer loop
      vertex -48.0767 34.8305 18
      vertex -48.1557 35.0909 0
      vertex -48.1557 35.0909 18
    endloop
  endfacet
  facet normal 0.956932 0.290313 2.02345e-19
    outer loop
      vertex -48.1557 35.0909 0
      vertex -48.0767 34.8305 18
      vertex -48.0767 34.8305 0
    endloop
  endfacet
  facet normal 0.881976 0.471294 -2.84541e-19
    outer loop
      vertex -47.9484 34.5904 18
      vertex -48.0767 34.8305 0
      vertex -48.0767 34.8305 18
    endloop
  endfacet
  facet normal 0.881976 0.471294 -2.84541e-19
    outer loop
      vertex -48.0767 34.8305 0
      vertex -47.9484 34.5904 18
      vertex -47.9484 34.5904 0
    endloop
  endfacet
  facet normal 0.772958 0.634457 4.4846e-19
    outer loop
      vertex -47.7757 34.38 18
      vertex -47.9484 34.5904 0
      vertex -47.9484 34.5904 18
    endloop
  endfacet
  facet normal 0.772958 0.634457 4.4846e-19
    outer loop
      vertex -47.9484 34.5904 0
      vertex -47.7757 34.38 18
      vertex -47.7757 34.38 0
    endloop
  endfacet
  facet normal 0.634418 0.77299 -0
    outer loop
      vertex -47.5654 34.2074 0
      vertex -47.7757 34.38 18
      vertex -47.5654 34.2074 18
    endloop
  endfacet
  facet normal 0.634418 0.77299 0
    outer loop
      vertex -47.7757 34.38 18
      vertex -47.5654 34.2074 0
      vertex -47.7757 34.38 0
    endloop
  endfacet
  facet normal 0.471294 0.881976 -0
    outer loop
      vertex -47.3253 34.0791 0
      vertex -47.5654 34.2074 18
      vertex -47.3253 34.0791 18
    endloop
  endfacet
  facet normal 0.471294 0.881976 0
    outer loop
      vertex -47.5654 34.2074 18
      vertex -47.3253 34.0791 0
      vertex -47.5654 34.2074 0
    endloop
  endfacet
  facet normal 0.290401 0.956905 -0
    outer loop
      vertex -46.8999 33.95 0
      vertex -47.3253 34.0791 18
      vertex -46.8999 33.95 18
    endloop
  endfacet
  facet normal 0.290401 0.956905 0
    outer loop
      vertex -47.3253 34.0791 18
      vertex -46.8999 33.95 0
      vertex -47.3253 34.0791 0
    endloop
  endfacet
  facet normal 0.238897 0.971045 -0
    outer loop
      vertex -26.5516 28.9439 0
      vertex -46.8999 33.95 18
      vertex -26.5516 28.9439 18
    endloop
  endfacet
  facet normal 0.238897 0.971045 0
    outer loop
      vertex -46.8999 33.95 18
      vertex -26.5516 28.9439 0
      vertex -46.8999 33.95 0
    endloop
  endfacet
  facet normal 0.822165 0.569249 -4.73341e-18
    outer loop
      vertex -14.1408 11.019 18
      vertex -26.5516 28.9439 0
      vertex -26.5516 28.9439 18
    endloop
  endfacet
  facet normal 0.822165 0.569249 -4.73341e-18
    outer loop
      vertex -26.5516 28.9439 0
      vertex -14.1408 11.019 18
      vertex -14.1408 11.019 0
    endloop
  endfacet
  facet normal 0.729892 -0.683563 2.01086e-19
    outer loop
      vertex -15.487 9.58156 18
      vertex -14.1408 11.019 0
      vertex -14.1408 11.019 18
    endloop
  endfacet
  facet normal 0.729892 -0.683563 2.01086e-19
    outer loop
      vertex -14.1408 11.019 0
      vertex -15.487 9.58156 18
      vertex -15.487 9.58156 0
    endloop
  endfacet
  facet normal 0.773004 -0.634401 -1.29461e-19
    outer loop
      vertex -16.342 8.53976 18
      vertex -15.487 9.58156 0
      vertex -15.487 9.58156 18
    endloop
  endfacet
  facet normal 0.773004 -0.634401 -1.29461e-19
    outer loop
      vertex -15.487 9.58156 0
      vertex -16.342 8.53976 18
      vertex -16.342 8.53976 0
    endloop
  endfacet
  facet normal 0.81284 -0.582488 9.67539e-19
    outer loop
      vertex -17.6488 6.71617 18
      vertex -16.342 8.53976 0
      vertex -16.342 8.53976 18
    endloop
  endfacet
  facet normal 0.81284 -0.582488 9.67539e-19
    outer loop
      vertex -16.342 8.53976 0
      vertex -17.6488 6.71617 18
      vertex -17.6488 6.71617 0
    endloop
  endfacet
  facet normal -0.387615 -0.921821 0
    outer loop
      vertex -40.2031 16.2 0
      vertex -17.6488 6.71617 18
      vertex -40.2031 16.2 18
    endloop
  endfacet
  facet normal -0.387615 -0.921821 -0
    outer loop
      vertex -17.6488 6.71617 18
      vertex -40.2031 16.2 0
      vertex -17.6488 6.71617 0
    endloop
  endfacet
  facet normal -0.290337 -0.956924 0
    outer loop
      vertex -40.7021 16.3514 0
      vertex -40.2031 16.2 18
      vertex -40.7021 16.3514 18
    endloop
  endfacet
  facet normal -0.290337 -0.956924 -0
    outer loop
      vertex -40.2031 16.2 18
      vertex -40.7021 16.3514 0
      vertex -40.2031 16.2 0
    endloop
  endfacet
  facet normal -0.0979557 -0.995191 0
    outer loop
      vertex -41.1095 16.3915 0
      vertex -40.7021 16.3514 18
      vertex -41.1095 16.3915 18
    endloop
  endfacet
  facet normal -0.0979557 -0.995191 -0
    outer loop
      vertex -40.7021 16.3514 18
      vertex -41.1095 16.3915 0
      vertex -40.7021 16.3514 0
    endloop
  endfacet
  facet normal 0.0979319 -0.995193 0
    outer loop
      vertex -41.517 16.3514 0
      vertex -41.1095 16.3915 18
      vertex -41.517 16.3514 18
    endloop
  endfacet
  facet normal 0.0979319 -0.995193 0
    outer loop
      vertex -41.1095 16.3915 18
      vertex -41.517 16.3514 0
      vertex -41.1095 16.3915 0
    endloop
  endfacet
  facet normal 0.290308 -0.956933 0
    outer loop
      vertex -42.0388 16.1931 0
      vertex -41.517 16.3514 18
      vertex -42.0388 16.1931 18
    endloop
  endfacet
  facet normal 0.290308 -0.956933 0
    outer loop
      vertex -41.517 16.3514 18
      vertex -42.0388 16.1931 0
      vertex -41.517 16.3514 0
    endloop
  endfacet
  facet normal 0.369279 -0.929319 0
    outer loop
      vertex -64.1044 7.425 0
      vertex -42.0388 16.1931 18
      vertex -64.1044 7.425 18
    endloop
  endfacet
  facet normal 0.369279 -0.929319 0
    outer loop
      vertex -42.0388 16.1931 18
      vertex -64.1044 7.425 0
      vertex -42.0388 16.1931 0
    endloop
  endfacet
  facet normal 0.471381 -0.88193 0
    outer loop
      vertex -64.4335 7.2491 0
      vertex -64.1044 7.425 18
      vertex -64.4335 7.2491 18
    endloop
  endfacet
  facet normal 0.471381 -0.88193 0
    outer loop
      vertex -64.1044 7.425 18
      vertex -64.4335 7.2491 0
      vertex -64.1044 7.425 0
    endloop
  endfacet
  facet normal 0.634479 -0.77294 0
    outer loop
      vertex -64.6439 7.07639 0
      vertex -64.4335 7.2491 18
      vertex -64.6439 7.07639 18
    endloop
  endfacet
  facet normal 0.634479 -0.77294 0
    outer loop
      vertex -64.4335 7.2491 18
      vertex -64.6439 7.07639 0
      vertex -64.4335 7.2491 0
    endloop
  endfacet
  facet normal 0.772943 -0.634475 -4.74913e-19
    outer loop
      vertex -64.8166 6.866 18
      vertex -64.6439 7.07639 0
      vertex -64.6439 7.07639 18
    endloop
  endfacet
  facet normal 0.772943 -0.634475 -4.74913e-19
    outer loop
      vertex -64.6439 7.07639 0
      vertex -64.8166 6.866 18
      vertex -64.8166 6.866 0
    endloop
  endfacet
  facet normal 0.881936 -0.47137 -1.77381e-19
    outer loop
      vertex -64.9449 6.62595 18
      vertex -64.8166 6.866 0
      vertex -64.8166 6.866 18
    endloop
  endfacet
  facet normal 0.881936 -0.47137 -1.77381e-19
    outer loop
      vertex -64.8166 6.866 0
      vertex -64.9449 6.62595 18
      vertex -64.9449 6.62595 0
    endloop
  endfacet
  facet normal 0.956935 -0.290303 2.12808e-19
    outer loop
      vertex -65.0239 6.36554 18
      vertex -64.9449 6.62595 0
      vertex -64.9449 6.62595 18
    endloop
  endfacet
  facet normal 0.956935 -0.290303 2.12808e-19
    outer loop
      vertex -64.9449 6.62595 0
      vertex -65.0239 6.36554 18
      vertex -65.0239 6.36554 0
    endloop
  endfacet
  facet normal 0.995178 -0.0980887 -3.15166e-20
    outer loop
      vertex -65.0506 6.09465 18
      vertex -65.0239 6.36554 0
      vertex -65.0239 6.36554 18
    endloop
  endfacet
  facet normal 0.995178 -0.0980887 -3.15166e-20
    outer loop
      vertex -65.0239 6.36554 0
      vertex -65.0506 6.09465 18
      vertex -65.0506 6.09465 0
    endloop
  endfacet
  facet normal 0.995177 0.0980994 2.92632e-20
    outer loop
      vertex -65.0239 5.82379 18
      vertex -65.0506 6.09465 0
      vertex -65.0506 6.09465 18
    endloop
  endfacet
  facet normal 0.995177 0.0980994 2.92632e-20
    outer loop
      vertex -65.0506 6.09465 0
      vertex -65.0239 5.82379 18
      vertex -65.0239 5.82379 0
    endloop
  endfacet
  facet normal 0.956938 0.290293 1.85726e-19
    outer loop
      vertex -64.9449 5.56337 18
      vertex -65.0239 5.82379 0
      vertex -65.0239 5.82379 18
    endloop
  endfacet
  facet normal 0.956938 0.290293 1.85726e-19
    outer loop
      vertex -65.0239 5.82379 0
      vertex -64.9449 5.56337 18
      vertex -64.9449 5.56337 0
    endloop
  endfacet
  facet normal 0.881936 0.47137 1.77381e-19
    outer loop
      vertex -64.8166 5.32332 18
      vertex -64.9449 5.56337 0
      vertex -64.9449 5.56337 18
    endloop
  endfacet
  facet normal 0.881936 0.47137 1.77381e-19
    outer loop
      vertex -64.9449 5.56337 0
      vertex -64.8166 5.32332 18
      vertex -64.8166 5.32332 0
    endloop
  endfacet
  facet normal 0.772943 0.634475 6.24469e-19
    outer loop
      vertex -64.6439 5.11293 18
      vertex -64.8166 5.32332 0
      vertex -64.8166 5.32332 18
    endloop
  endfacet
  facet normal 0.772943 0.634475 6.24469e-19
    outer loop
      vertex -64.8166 5.32332 0
      vertex -64.6439 5.11293 18
      vertex -64.6439 5.11293 0
    endloop
  endfacet
  facet normal 0.634479 0.77294 -0
    outer loop
      vertex -64.4335 4.94022 0
      vertex -64.6439 5.11293 18
      vertex -64.4335 4.94022 18
    endloop
  endfacet
  facet normal 0.634479 0.77294 0
    outer loop
      vertex -64.6439 5.11293 18
      vertex -64.4335 4.94022 0
      vertex -64.6439 5.11293 0
    endloop
  endfacet
  facet normal 0.471361 0.881941 -0
    outer loop
      vertex -64.1935 4.81195 0
      vertex -64.4335 4.94022 18
      vertex -64.1935 4.81195 18
    endloop
  endfacet
  facet normal 0.471361 0.881941 0
    outer loop
      vertex -64.4335 4.94022 18
      vertex -64.1935 4.81195 0
      vertex -64.4335 4.94022 0
    endloop
  endfacet
  facet normal 0.29028 0.956942 -0
    outer loop
      vertex -63.9331 4.73296 0
      vertex -64.1935 4.81195 18
      vertex -63.9331 4.73296 18
    endloop
  endfacet
  facet normal 0.29028 0.956942 0
    outer loop
      vertex -64.1935 4.81195 18
      vertex -63.9331 4.73296 0
      vertex -64.1935 4.81195 0
    endloop
  endfacet
  facet normal 0.0980487 0.995182 -0
    outer loop
      vertex -63.6622 4.70627 0
      vertex -63.9331 4.73296 18
      vertex -63.6622 4.70627 18
    endloop
  endfacet
  facet normal 0.0980487 0.995182 0
    outer loop
      vertex -63.9331 4.73296 18
      vertex -63.6622 4.70627 0
      vertex -63.9331 4.73296 0
    endloop
  endfacet
  facet normal -0.0980487 0.995182 0
    outer loop
      vertex -63.3913 4.73296 0
      vertex -63.6622 4.70627 18
      vertex -63.3913 4.73296 18
    endloop
  endfacet
  facet normal -0.0980487 0.995182 0
    outer loop
      vertex -63.6622 4.70627 18
      vertex -63.3913 4.73296 0
      vertex -63.6622 4.70627 0
    endloop
  endfacet
  facet normal -0.290245 0.956952 0
    outer loop
      vertex -62.9339 4.87169 0
      vertex -63.3913 4.73296 18
      vertex -62.9339 4.87169 18
    endloop
  endfacet
  facet normal -0.290245 0.956952 0
    outer loop
      vertex -63.3913 4.73296 18
      vertex -62.9339 4.87169 0
      vertex -63.3913 4.73296 0
    endloop
  endfacet
  facet normal -0.314542 0.949243 0
    outer loop
      vertex -41.2536 12.0557 0
      vertex -62.9339 4.87169 18
      vertex -41.2536 12.0557 18
    endloop
  endfacet
  facet normal -0.314542 0.949243 0
    outer loop
      vertex -62.9339 4.87169 18
      vertex -41.2536 12.0557 0
      vertex -62.9339 4.87169 0
    endloop
  endfacet
  facet normal 0.42566 0.904883 -0
    outer loop
      vertex -19.7544 1.9424 0
      vertex -41.2536 12.0557 18
      vertex -19.7544 1.9424 18
    endloop
  endfacet
  facet normal 0.42566 0.904883 0
    outer loop
      vertex -41.2536 12.0557 18
      vertex -19.7544 1.9424 0
      vertex -41.2536 12.0557 0
    endloop
  endfacet
  facet normal 0.973879 -0.227066 1.52096e-18
    outer loop
      vertex -20.2029 0.0187988 18
      vertex -19.7544 1.9424 0
      vertex -19.7544 1.9424 18
    endloop
  endfacet
  facet normal 0.973879 -0.227066 1.52096e-18
    outer loop
      vertex -19.7544 1.9424 0
      vertex -20.2029 0.0187988 18
      vertex -20.2029 0.0187988 0
    endloop
  endfacet
  facet normal 0.986646 -0.16288 -3.36146e-19
    outer loop
      vertex -20.4225 -1.31143 18
      vertex -20.2029 0.0187988 0
      vertex -20.2029 0.0187988 18
    endloop
  endfacet
  facet normal 0.986646 -0.16288 -3.36146e-19
    outer loop
      vertex -20.2029 0.0187988 0
      vertex -20.4225 -1.31143 18
      vertex -20.4225 -1.31143 0
    endloop
  endfacet
  facet normal 0.995186 -0.0980001 -1.44594e-19
    outer loop
      vertex -20.6436 -3.55669 18
      vertex -20.4225 -1.31143 0
      vertex -20.4225 -1.31143 18
    endloop
  endfacet
  facet normal 0.995186 -0.0980001 -1.44594e-19
    outer loop
      vertex -20.4225 -1.31143 0
      vertex -20.6436 -3.55669 18
      vertex -20.6436 -3.55669 0
    endloop
  endfacet
  facet normal 0.125172 -0.992135 0
    outer loop
      vertex -45.1292 -6.6459 0
      vertex -20.6436 -3.55669 18
      vertex -45.1292 -6.6459 18
    endloop
  endfacet
  facet normal 0.125172 -0.992135 0
    outer loop
      vertex -20.6436 -3.55669 18
      vertex -45.1292 -6.6459 0
      vertex -20.6436 -3.55669 0
    endloop
  endfacet
  facet normal 0.290249 -0.956951 0
    outer loop
      vertex -45.5527 -6.77435 0
      vertex -45.1292 -6.6459 18
      vertex -45.5527 -6.77435 18
    endloop
  endfacet
  facet normal 0.290249 -0.956951 0
    outer loop
      vertex -45.1292 -6.6459 18
      vertex -45.5527 -6.77435 0
      vertex -45.1292 -6.6459 0
    endloop
  endfacet
  facet normal 0.471495 -0.881869 0
    outer loop
      vertex -45.9137 -6.96736 0
      vertex -45.5527 -6.77435 18
      vertex -45.9137 -6.96736 18
    endloop
  endfacet
  facet normal 0.471495 -0.881869 0
    outer loop
      vertex -45.5527 -6.77435 18
      vertex -45.9137 -6.96736 0
      vertex -45.5527 -6.77435 0
    endloop
  endfacet
  facet normal 0.634313 -0.773076 0
    outer loop
      vertex -46.2302 -7.22705 0
      vertex -45.9137 -6.96736 18
      vertex -46.2302 -7.22705 18
    endloop
  endfacet
  facet normal 0.634313 -0.773076 0
    outer loop
      vertex -45.9137 -6.96736 18
      vertex -46.2302 -7.22705 0
      vertex -45.9137 -6.96736 0
    endloop
  endfacet
  facet normal 0.773023 -0.634378 -3.42937e-19
    outer loop
      vertex -46.6258 -7.70911 18
      vertex -46.2302 -7.22705 0
      vertex -46.2302 -7.22705 18
    endloop
  endfacet
  facet normal 0.773023 -0.634378 -3.42937e-19
    outer loop
      vertex -46.2302 -7.22705 0
      vertex -46.6258 -7.70911 18
      vertex -46.6258 -7.70911 0
    endloop
  endfacet
  facet normal 0.784409 -0.620244 -5.91322e-17
    outer loop
      vertex -61.3244 -26.2981 18
      vertex -46.6258 -7.70911 0
      vertex -46.6258 -7.70911 18
    endloop
  endfacet
  facet normal 0.784409 -0.620244 -5.91322e-17
    outer loop
      vertex -46.6258 -7.70911 0
      vertex -61.3244 -26.2981 18
      vertex -61.3244 -26.2981 0
    endloop
  endfacet
  facet normal 0.881929 -0.471382 1.00433e-19
    outer loop
      vertex -61.4631 -26.5576 18
      vertex -61.3244 -26.2981 0
      vertex -61.3244 -26.2981 18
    endloop
  endfacet
  facet normal 0.881929 -0.471382 1.00433e-19
    outer loop
      vertex -61.3244 -26.2981 0
      vertex -61.4631 -26.5576 18
      vertex -61.4631 -26.5576 0
    endloop
  endfacet
  facet normal 0.956932 -0.290313 -2.7601e-19
    outer loop
      vertex -61.5421 -26.818 18
      vertex -61.4631 -26.5576 0
      vertex -61.4631 -26.5576 18
    endloop
  endfacet
  facet normal 0.956932 -0.290313 -2.7601e-19
    outer loop
      vertex -61.4631 -26.5576 0
      vertex -61.5421 -26.818 18
      vertex -61.5421 -26.818 0
    endloop
  endfacet
  facet normal 0.995174 -0.098121 -8.51048e-20
    outer loop
      vertex -61.5688 -27.0888 18
      vertex -61.5421 -26.818 0
      vertex -61.5421 -26.818 18
    endloop
  endfacet
  facet normal 0.995174 -0.098121 -8.51048e-20
    outer loop
      vertex -61.5421 -26.818 0
      vertex -61.5688 -27.0888 18
      vertex -61.5688 -27.0888 0
    endloop
  endfacet
  facet normal 0.995178 0.0980851 7.11646e-20
    outer loop
      vertex -61.5421 -27.3597 18
      vertex -61.5688 -27.0888 0
      vertex -61.5688 -27.0888 18
    endloop
  endfacet
  facet normal 0.995178 0.0980851 7.11646e-20
    outer loop
      vertex -61.5688 -27.0888 0
      vertex -61.5421 -27.3597 18
      vertex -61.5421 -27.3597 0
    endloop
  endfacet
  facet normal 0.956963 0.290211 1.10209e-19
    outer loop
      vertex -61.4631 -27.6202 18
      vertex -61.5421 -27.3597 0
      vertex -61.5421 -27.3597 18
    endloop
  endfacet
  facet normal 0.956963 0.290211 1.10209e-19
    outer loop
      vertex -61.5421 -27.3597 0
      vertex -61.4631 -27.6202 18
      vertex -61.4631 -27.6202 0
    endloop
  endfacet
  facet normal 0.881895 0.471446 3.31806e-20
    outer loop
      vertex -61.3348 -27.8602 18
      vertex -61.4631 -27.6202 0
      vertex -61.4631 -27.6202 18
    endloop
  endfacet
  facet normal 0.881895 0.471446 3.31806e-20
    outer loop
      vertex -61.4631 -27.6202 0
      vertex -61.3348 -27.8602 18
      vertex -61.3348 -27.8602 0
    endloop
  endfacet
  facet normal 0.772958 0.634457 4.4846e-19
    outer loop
      vertex -61.1621 -28.0706 18
      vertex -61.3348 -27.8602 0
      vertex -61.3348 -27.8602 18
    endloop
  endfacet
  facet normal 0.772958 0.634457 4.4846e-19
    outer loop
      vertex -61.3348 -27.8602 0
      vertex -61.1621 -28.0706 18
      vertex -61.1621 -28.0706 0
    endloop
  endfacet
  facet normal 0.634457 0.772958 -0
    outer loop
      vertex -60.9517 -28.2433 0
      vertex -61.1621 -28.0706 18
      vertex -60.9517 -28.2433 18
    endloop
  endfacet
  facet normal 0.634457 0.772958 0
    outer loop
      vertex -61.1621 -28.0706 18
      vertex -60.9517 -28.2433 0
      vertex -61.1621 -28.0706 0
    endloop
  endfacet
  facet normal 0.471446 0.881895 -0
    outer loop
      vertex -60.7117 -28.3716 0
      vertex -60.9517 -28.2433 18
      vertex -60.7117 -28.3716 18
    endloop
  endfacet
  facet normal 0.471446 0.881895 0
    outer loop
      vertex -60.9517 -28.2433 18
      vertex -60.7117 -28.3716 0
      vertex -60.9517 -28.2433 0
    endloop
  endfacet
  facet normal 0.289977 0.957034 -0
    outer loop
      vertex -60.4513 -28.4505 0
      vertex -60.7117 -28.3716 18
      vertex -60.4513 -28.4505 18
    endloop
  endfacet
  facet normal 0.289977 0.957034 0
    outer loop
      vertex -60.7117 -28.3716 18
      vertex -60.4513 -28.4505 0
      vertex -60.7117 -28.3716 0
    endloop
  endfacet
  facet normal 0.0980851 0.995178 -0
    outer loop
      vertex -60.1804 -28.4772 0
      vertex -60.4513 -28.4505 18
      vertex -60.1804 -28.4772 18
    endloop
  endfacet
  facet normal 0.0980851 0.995178 0
    outer loop
      vertex -60.4513 -28.4505 18
      vertex -60.1804 -28.4772 0
      vertex -60.4513 -28.4505 0
    endloop
  endfacet
  facet normal -0.0980851 0.995178 0
    outer loop
      vertex -59.9095 -28.4505 0
      vertex -60.1804 -28.4772 18
      vertex -59.9095 -28.4505 18
    endloop
  endfacet
  facet normal -0.0980851 0.995178 0
    outer loop
      vertex -60.1804 -28.4772 18
      vertex -59.9095 -28.4505 0
      vertex -60.1804 -28.4772 0
    endloop
  endfacet
  facet normal -0.289977 0.957034 0
    outer loop
      vertex -59.6491 -28.3716 0
      vertex -59.9095 -28.4505 18
      vertex -59.6491 -28.3716 18
    endloop
  endfacet
  facet normal -0.289977 0.957034 0
    outer loop
      vertex -59.9095 -28.4505 18
      vertex -59.6491 -28.3716 0
      vertex -59.9095 -28.4505 0
    endloop
  endfacet
  facet normal -0.471294 0.881976 0
    outer loop
      vertex -59.409 -28.2433 0
      vertex -59.6491 -28.3716 18
      vertex -59.409 -28.2433 18
    endloop
  endfacet
  facet normal -0.471294 0.881976 0
    outer loop
      vertex -59.6491 -28.3716 18
      vertex -59.409 -28.2433 0
      vertex -59.6491 -28.3716 0
    endloop
  endfacet
  facet normal -0.634646 0.772803 0
    outer loop
      vertex -59.1612 -28.0398 0
      vertex -59.409 -28.2433 18
      vertex -59.1612 -28.0398 18
    endloop
  endfacet
  facet normal -0.634646 0.772803 0
    outer loop
      vertex -59.409 -28.2433 18
      vertex -59.1612 -28.0398 0
      vertex -59.409 -28.2433 0
    endloop
  endfacet
  facet normal -0.747003 0.66482 5.23799e-17
    outer loop
      vertex -59.1612 -28.0398 0
      vertex -43.7378 -10.7098 18
      vertex -43.7378 -10.7098 0
    endloop
  endfacet
  facet normal -0.747003 0.66482 5.23799e-17
    outer loop
      vertex -43.7378 -10.7098 18
      vertex -59.1612 -28.0398 0
      vertex -59.1612 -28.0398 18
    endloop
  endfacet
  facet normal -0.0838594 0.996478 0
    outer loop
      vertex -20.0824 -8.71906 0
      vertex -43.7378 -10.7098 18
      vertex -20.0824 -8.71906 18
    endloop
  endfacet
  facet normal -0.0838594 0.996478 0
    outer loop
      vertex -43.7378 -10.7098 18
      vertex -20.0824 -8.71906 0
      vertex -43.7378 -10.7098 0
    endloop
  endfacet
  facet normal 0.95696 0.290221 2.57762e-18
    outer loop
      vertex -19.5055 -10.6213 18
      vertex -20.0824 -8.71906 0
      vertex -20.0824 -8.71906 18
    endloop
  endfacet
  facet normal 0.95696 0.290221 2.57762e-18
    outer loop
      vertex -20.0824 -8.71906 0
      vertex -19.5055 -10.6213 18
      vertex -19.5055 -10.6213 0
    endloop
  endfacet
  facet normal 0.935911 0.352237 -1.11215e-18
    outer loop
      vertex -19.0308 -11.8826 18
      vertex -19.5055 -10.6213 0
      vertex -19.5055 -10.6213 18
    endloop
  endfacet
  facet normal 0.935911 0.352237 -1.11215e-18
    outer loop
      vertex -19.5055 -10.6213 0
      vertex -19.0308 -11.8826 18
      vertex -19.0308 -11.8826 0
    endloop
  endfacet
  facet normal 0.910868 0.412699 2.56136e-18
    outer loop
      vertex -18.1013 -13.9341 18
      vertex -19.0308 -11.8826 0
      vertex -19.0308 -11.8826 18
    endloop
  endfacet
  facet normal 0.910868 0.412699 2.56136e-18
    outer loop
      vertex -19.0308 -11.8826 0
      vertex -18.1013 -13.9341 18
      vertex -18.1013 -13.9341 0
    endloop
  endfacet
  facet normal 0.605984 -0.795477 0
    outer loop
      vertex -35.7989 -27.4159 0
      vertex -18.1013 -13.9341 18
      vertex -35.7989 -27.4159 18
    endloop
  endfacet
  facet normal 0.605984 -0.795477 0
    outer loop
      vertex -18.1013 -13.9341 18
      vertex -35.7989 -27.4159 0
      vertex -18.1013 -13.9341 0
    endloop
  endfacet
  facet normal 0.634467 -0.77295 0
    outer loop
      vertex -36.2644 -27.798 0
      vertex -35.7989 -27.4159 18
      vertex -36.2644 -27.798 18
    endloop
  endfacet
  facet normal 0.634467 -0.77295 0
    outer loop
      vertex -35.7989 -27.4159 18
      vertex -36.2644 -27.798 0
      vertex -35.7989 -27.4159 0
    endloop
  endfacet
  facet normal 0.772944 -0.634474 5.25905e-19
    outer loop
      vertex -36.5242 -28.1145 18
      vertex -36.2644 -27.798 0
      vertex -36.2644 -27.798 18
    endloop
  endfacet
  facet normal 0.772944 -0.634474 5.25905e-19
    outer loop
      vertex -36.2644 -27.798 0
      vertex -36.5242 -28.1145 18
      vertex -36.5242 -28.1145 0
    endloop
  endfacet
  facet normal 0.881981 -0.471286 4.94197e-19
    outer loop
      vertex -36.7171 -28.4755 18
      vertex -36.5242 -28.1145 0
      vertex -36.5242 -28.1145 18
    endloop
  endfacet
  facet normal 0.881981 -0.471286 4.94197e-19
    outer loop
      vertex -36.5242 -28.1145 0
      vertex -36.7171 -28.4755 18
      vertex -36.7171 -28.4755 0
    endloop
  endfacet
  facet normal 0.956937 -0.290296 -2.36243e-19
    outer loop
      vertex -36.876 -28.9993 18
      vertex -36.7171 -28.4755 0
      vertex -36.7171 -28.4755 18
    endloop
  endfacet
  facet normal 0.956937 -0.290296 -2.36243e-19
    outer loop
      vertex -36.7171 -28.4755 0
      vertex -36.876 -28.9993 18
      vertex -36.876 -28.9993 0
    endloop
  endfacet
  facet normal 0.977501 -0.21093 1.31279e-17
    outer loop
      vertex -41.462 -50.2519 18
      vertex -36.876 -28.9993 0
      vertex -36.876 -28.9993 18
    endloop
  endfacet
  facet normal 0.977501 -0.21093 1.31279e-17
    outer loop
      vertex -36.876 -28.9993 0
      vertex -41.462 -50.2519 18
      vertex -41.462 -50.2519 0
    endloop
  endfacet
  facet normal 0.99518 -0.0980632 9.52843e-20
    outer loop
      vertex -41.4984 -50.6213 18
      vertex -41.462 -50.2519 0
      vertex -41.462 -50.2519 18
    endloop
  endfacet
  facet normal 0.99518 -0.0980632 9.52843e-20
    outer loop
      vertex -41.462 -50.2519 0
      vertex -41.4984 -50.6213 18
      vertex -41.4984 -50.6213 0
    endloop
  endfacet
  facet normal 0.995174 0.098121 -8.65954e-20
    outer loop
      vertex -41.4717 -50.8921 18
      vertex -41.4984 -50.6213 0
      vertex -41.4984 -50.6213 18
    endloop
  endfacet
  facet normal 0.995174 0.098121 -8.65954e-20
    outer loop
      vertex -41.4984 -50.6213 0
      vertex -41.4717 -50.8921 18
      vertex -41.4717 -50.8921 0
    endloop
  endfacet
  facet normal 0.956963 0.290211 1.10209e-19
    outer loop
      vertex -41.3927 -51.1526 18
      vertex -41.4717 -50.8921 0
      vertex -41.4717 -50.8921 18
    endloop
  endfacet
  facet normal 0.956963 0.290211 1.10209e-19
    outer loop
      vertex -41.4717 -50.8921 0
      vertex -41.3927 -51.1526 18
      vertex -41.3927 -51.1526 0
    endloop
  endfacet
  facet normal 0.881895 0.471446 -2.35392e-19
    outer loop
      vertex -41.2644 -51.3926 18
      vertex -41.3927 -51.1526 0
      vertex -41.3927 -51.1526 18
    endloop
  endfacet
  facet normal 0.881895 0.471446 -2.35392e-19
    outer loop
      vertex -41.3927 -51.1526 0
      vertex -41.2644 -51.3926 18
      vertex -41.2644 -51.3926 0
    endloop
  endfacet
  facet normal 0.772958 0.634457 4.4846e-19
    outer loop
      vertex -41.0917 -51.603 18
      vertex -41.2644 -51.3926 0
      vertex -41.2644 -51.3926 18
    endloop
  endfacet
  facet normal 0.772958 0.634457 4.4846e-19
    outer loop
      vertex -41.2644 -51.3926 0
      vertex -41.0917 -51.603 18
      vertex -41.0917 -51.603 0
    endloop
  endfacet
  facet normal 0.634457 0.772958 -0
    outer loop
      vertex -40.8813 -51.7757 0
      vertex -41.0917 -51.603 18
      vertex -40.8813 -51.7757 18
    endloop
  endfacet
  facet normal 0.634457 0.772958 0
    outer loop
      vertex -41.0917 -51.603 18
      vertex -40.8813 -51.7757 0
      vertex -41.0917 -51.603 0
    endloop
  endfacet
  facet normal 0.471446 0.881895 -0
    outer loop
      vertex -40.6413 -51.904 0
      vertex -40.8813 -51.7757 18
      vertex -40.6413 -51.904 18
    endloop
  endfacet
  facet normal 0.471446 0.881895 0
    outer loop
      vertex -40.8813 -51.7757 18
      vertex -40.6413 -51.904 0
      vertex -40.8813 -51.7757 0
    endloop
  endfacet
  facet normal 0.290313 0.956932 -0
    outer loop
      vertex -40.3809 -51.983 0
      vertex -40.6413 -51.904 18
      vertex -40.3809 -51.983 18
    endloop
  endfacet
  facet normal 0.290313 0.956932 0
    outer loop
      vertex -40.6413 -51.904 18
      vertex -40.3809 -51.983 0
      vertex -40.6413 -51.904 0
    endloop
  endfacet
  facet normal 0.0980851 0.995178 -0
    outer loop
      vertex -40.11 -52.0097 0
      vertex -40.3809 -51.983 18
      vertex -40.11 -52.0097 18
    endloop
  endfacet
  facet normal 0.0980851 0.995178 0
    outer loop
      vertex -40.3809 -51.983 18
      vertex -40.11 -52.0097 0
      vertex -40.3809 -51.983 0
    endloop
  endfacet
  facet normal -0.0980851 0.995178 0
    outer loop
      vertex -39.8391 -51.983 0
      vertex -40.11 -52.0097 18
      vertex -39.8391 -51.983 18
    endloop
  endfacet
  facet normal -0.0980851 0.995178 0
    outer loop
      vertex -40.11 -52.0097 18
      vertex -39.8391 -51.983 0
      vertex -40.11 -52.0097 0
    endloop
  endfacet
  facet normal -0.290313 0.956932 0
    outer loop
      vertex -39.5787 -51.904 0
      vertex -39.8391 -51.983 18
      vertex -39.5787 -51.904 18
    endloop
  endfacet
  facet normal -0.290313 0.956932 0
    outer loop
      vertex -39.8391 -51.983 18
      vertex -39.5787 -51.904 0
      vertex -39.8391 -51.983 0
    endloop
  endfacet
  facet normal -0.471446 0.881895 0
    outer loop
      vertex -39.3387 -51.7757 0
      vertex -39.5787 -51.904 18
      vertex -39.3387 -51.7757 18
    endloop
  endfacet
  facet normal -0.471446 0.881895 0
    outer loop
      vertex -39.5787 -51.904 18
      vertex -39.3387 -51.7757 0
      vertex -39.5787 -51.904 0
    endloop
  endfacet
  facet normal -0.634457 0.772958 0
    outer loop
      vertex -39.1283 -51.603 0
      vertex -39.3387 -51.7757 18
      vertex -39.1283 -51.603 18
    endloop
  endfacet
  facet normal -0.634457 0.772958 0
    outer loop
      vertex -39.3387 -51.7757 18
      vertex -39.1283 -51.603 0
      vertex -39.3387 -51.7757 0
    endloop
  endfacet
  facet normal -0.772958 0.634457 1.88269e-19
    outer loop
      vertex -39.1283 -51.603 0
      vertex -38.9556 -51.3926 18
      vertex -38.9556 -51.3926 0
    endloop
  endfacet
  facet normal -0.772958 0.634457 1.88269e-19
    outer loop
      vertex -38.9556 -51.3926 18
      vertex -39.1283 -51.603 0
      vertex -39.1283 -51.603 18
    endloop
  endfacet
  facet normal -0.881895 0.471446 2.35392e-19
    outer loop
      vertex -38.9556 -51.3926 0
      vertex -38.8273 -51.1526 18
      vertex -38.8273 -51.1526 0
    endloop
  endfacet
  facet normal -0.881895 0.471446 2.35392e-19
    outer loop
      vertex -38.8273 -51.1526 18
      vertex -38.9556 -51.3926 0
      vertex -38.9556 -51.3926 18
    endloop
  endfacet
  facet normal -0.956967 0.290196 -1.11623e-19
    outer loop
      vertex -38.8273 -51.1526 0
      vertex -38.6862 -50.6873 18
      vertex -38.6862 -50.6873 0
    endloop
  endfacet
  facet normal -0.956967 0.290196 -1.11623e-19
    outer loop
      vertex -38.6862 -50.6873 18
      vertex -38.8273 -51.1526 0
      vertex -38.8273 -51.1526 18
    endloop
  endfacet
  facet normal -0.962134 0.272576 -1.75062e-17
    outer loop
      vertex -38.6862 -50.6873 0
      vertex -32.9909 -30.5841 18
      vertex -32.9909 -30.5841 0
    endloop
  endfacet
  facet normal -0.962134 0.272576 -1.75062e-17
    outer loop
      vertex -32.9909 -30.5841 18
      vertex -38.6862 -50.6873 0
      vertex -38.6862 -50.6873 18
    endloop
  endfacet
  facet normal -0.569248 0.822166 0
    outer loop
      vertex -15.019 -18.1408 0
      vertex -32.9909 -30.5841 18
      vertex -15.019 -18.1408 18
    endloop
  endfacet
  facet normal -0.569248 0.822166 0
    outer loop
      vertex -32.9909 -30.5841 18
      vertex -15.019 -18.1408 0
      vertex -32.9909 -30.5841 0
    endloop
  endfacet
  facet normal 0.683573 0.729882 -0
    outer loop
      vertex -13.5816 -19.487 0
      vertex -15.019 -18.1408 18
      vertex -13.5816 -19.487 18
    endloop
  endfacet
  facet normal 0.683573 0.729882 0
    outer loop
      vertex -15.019 -18.1408 18
      vertex -13.5816 -19.487 0
      vertex -15.019 -18.1408 0
    endloop
  endfacet
  facet normal 0.634401 0.773004 -0
    outer loop
      vertex -12.5398 -20.342 0
      vertex -13.5816 -19.487 18
      vertex -12.5398 -20.342 18
    endloop
  endfacet
  facet normal 0.634401 0.773004 0
    outer loop
      vertex -13.5816 -19.487 18
      vertex -12.5398 -20.342 0
      vertex -13.5816 -19.487 0
    endloop
  endfacet
  facet normal 0.582458 0.81286 -0
    outer loop
      vertex -11.444 -21.1272 0
      vertex -12.5398 -20.342 18
      vertex -11.444 -21.1272 18
    endloop
  endfacet
  facet normal 0.582458 0.81286 0
    outer loop
      vertex -12.5398 -20.342 18
      vertex -11.444 -21.1272 0
      vertex -12.5398 -20.342 0
    endloop
  endfacet
  facet normal 0.528111 0.849176 -0
    outer loop
      vertex -10.2993 -21.8391 0
      vertex -11.444 -21.1272 18
      vertex -10.2993 -21.8391 18
    endloop
  endfacet
  facet normal 0.528111 0.849176 0
    outer loop
      vertex -11.444 -21.1272 18
      vertex -10.2993 -21.8391 0
      vertex -11.444 -21.1272 0
    endloop
  endfacet
  facet normal 0.471337 0.881953 -0
    outer loop
      vertex -9.11073 -22.4743 0
      vertex -10.2993 -21.8391 18
      vertex -9.11073 -22.4743 18
    endloop
  endfacet
  facet normal 0.471337 0.881953 0
    outer loop
      vertex -10.2993 -21.8391 18
      vertex -9.11073 -22.4743 0
      vertex -10.2993 -21.8391 0
    endloop
  endfacet
  facet normal 0.412741 0.910848 -0
    outer loop
      vertex -7.88263 -23.0308 0
      vertex -9.11073 -22.4743 18
      vertex -7.88263 -23.0308 18
    endloop
  endfacet
  facet normal 0.412741 0.910848 0
    outer loop
      vertex -9.11073 -22.4743 18
      vertex -7.88263 -23.0308 0
      vertex -9.11073 -22.4743 0
    endloop
  endfacet
  facet normal 0.352247 0.935907 -0
    outer loop
      vertex -6.62137 -23.5055 0
      vertex -7.88263 -23.0308 18
      vertex -6.62137 -23.5055 18
    endloop
  endfacet
  facet normal 0.352247 0.935907 0
    outer loop
      vertex -7.88263 -23.0308 18
      vertex -6.62137 -23.5055 0
      vertex -7.88263 -23.0308 0
    endloop
  endfacet
  facet normal 0.290267 0.956946 -0
    outer loop
      vertex -5.33134 -23.8968 0
      vertex -6.62137 -23.5055 18
      vertex -5.33134 -23.8968 18
    endloop
  endfacet
  facet normal 0.290267 0.956946 0
    outer loop
      vertex -6.62137 -23.5055 18
      vertex -5.33134 -23.8968 0
      vertex -6.62137 -23.5055 0
    endloop
  endfacet
  facet normal 0.22708 0.973876 -0
    outer loop
      vertex -4.01857 -24.2029 0
      vertex -5.33134 -23.8968 18
      vertex -4.01857 -24.2029 18
    endloop
  endfacet
  facet normal 0.22708 0.973876 0
    outer loop
      vertex -5.33134 -23.8968 18
      vertex -4.01857 -24.2029 0
      vertex -5.33134 -23.8968 0
    endloop
  endfacet
  facet normal 0.162912 0.986641 -0
    outer loop
      vertex -2.68861 -24.4225 0
      vertex -4.01857 -24.2029 18
      vertex -2.68861 -24.4225 18
    endloop
  endfacet
  facet normal 0.162912 0.986641 0
    outer loop
      vertex -4.01857 -24.2029 18
      vertex -2.68861 -24.4225 0
      vertex -4.01857 -24.2029 0
    endloop
  endfacet
  facet normal 0.0980008 0.995186 -0
    outer loop
      vertex -1.34715 -24.5546 0
      vertex -2.68861 -24.4225 18
      vertex -1.34715 -24.5546 18
    endloop
  endfacet
  facet normal 0.0980008 0.995186 0
    outer loop
      vertex -2.68861 -24.4225 18
      vertex -1.34715 -24.5546 0
      vertex -2.68861 -24.4225 0
    endloop
  endfacet
  facet normal 0.0327182 0.999465 -0
    outer loop
      vertex 0 -24.5987 0
      vertex -1.34715 -24.5546 18
      vertex 0 -24.5987 18
    endloop
  endfacet
  facet normal 0.0327182 0.999465 0
    outer loop
      vertex -1.34715 -24.5546 18
      vertex 0 -24.5987 0
      vertex -1.34715 -24.5546 0
    endloop
  endfacet
  facet normal -0.0327182 0.999465 0
    outer loop
      vertex 1.34715 -24.5546 0
      vertex 0 -24.5987 18
      vertex 1.34715 -24.5546 18
    endloop
  endfacet
  facet normal -0.0327182 0.999465 0
    outer loop
      vertex 0 -24.5987 18
      vertex 1.34715 -24.5546 0
      vertex 0 -24.5987 0
    endloop
  endfacet
  facet normal -0.0980008 0.995186 0
    outer loop
      vertex 2.68861 -24.4225 0
      vertex 1.34715 -24.5546 18
      vertex 2.68861 -24.4225 18
    endloop
  endfacet
  facet normal -0.0980008 0.995186 0
    outer loop
      vertex 1.34715 -24.5546 18
      vertex 2.68861 -24.4225 0
      vertex 1.34715 -24.5546 0
    endloop
  endfacet
  facet normal -0.162912 0.986641 0
    outer loop
      vertex 4.01857 -24.2029 0
      vertex 2.68861 -24.4225 18
      vertex 4.01857 -24.2029 18
    endloop
  endfacet
  facet normal -0.162912 0.986641 0
    outer loop
      vertex 2.68861 -24.4225 18
      vertex 4.01857 -24.2029 0
      vertex 2.68861 -24.4225 0
    endloop
  endfacet
  facet normal -0.22708 0.973876 0
    outer loop
      vertex 5.33134 -23.8968 0
      vertex 4.01857 -24.2029 18
      vertex 5.33134 -23.8968 18
    endloop
  endfacet
  facet normal -0.22708 0.973876 0
    outer loop
      vertex 4.01857 -24.2029 18
      vertex 5.33134 -23.8968 0
      vertex 4.01857 -24.2029 0
    endloop
  endfacet
  facet normal -0.290267 0.956946 0
    outer loop
      vertex 6.62137 -23.5055 0
      vertex 5.33134 -23.8968 18
      vertex 6.62137 -23.5055 18
    endloop
  endfacet
  facet normal -0.290267 0.956946 0
    outer loop
      vertex 5.33134 -23.8968 18
      vertex 6.62137 -23.5055 0
      vertex 5.33134 -23.8968 0
    endloop
  endfacet
  facet normal -0.352247 0.935907 0
    outer loop
      vertex 7.88263 -23.0308 0
      vertex 6.62137 -23.5055 18
      vertex 7.88263 -23.0308 18
    endloop
  endfacet
  facet normal -0.352247 0.935907 0
    outer loop
      vertex 6.62137 -23.5055 18
      vertex 7.88263 -23.0308 0
      vertex 6.62137 -23.5055 0
    endloop
  endfacet
  facet normal -0.412741 0.910848 0
    outer loop
      vertex 9.11073 -22.4743 0
      vertex 7.88263 -23.0308 18
      vertex 9.11073 -22.4743 18
    endloop
  endfacet
  facet normal -0.412741 0.910848 0
    outer loop
      vertex 7.88263 -23.0308 18
      vertex 9.11073 -22.4743 0
      vertex 7.88263 -23.0308 0
    endloop
  endfacet
  facet normal -0.471337 0.881953 0
    outer loop
      vertex 10.2993 -21.8391 0
      vertex 9.11073 -22.4743 18
      vertex 10.2993 -21.8391 18
    endloop
  endfacet
  facet normal -0.471337 0.881953 0
    outer loop
      vertex 9.11073 -22.4743 18
      vertex 10.2993 -21.8391 0
      vertex 9.11073 -22.4743 0
    endloop
  endfacet
  facet normal -0.528111 0.849176 0
    outer loop
      vertex 11.444 -21.1272 0
      vertex 10.2993 -21.8391 18
      vertex 11.444 -21.1272 18
    endloop
  endfacet
  facet normal -0.528111 0.849176 0
    outer loop
      vertex 10.2993 -21.8391 18
      vertex 11.444 -21.1272 0
      vertex 10.2993 -21.8391 0
    endloop
  endfacet
  facet normal -0.582458 0.81286 0
    outer loop
      vertex 12.5398 -20.342 0
      vertex 11.444 -21.1272 18
      vertex 12.5398 -20.342 18
    endloop
  endfacet
  facet normal -0.582458 0.81286 0
    outer loop
      vertex 11.444 -21.1272 18
      vertex 12.5398 -20.342 0
      vertex 11.444 -21.1272 0
    endloop
  endfacet
  facet normal -0.634401 0.773004 0
    outer loop
      vertex 13.5816 -19.487 0
      vertex 12.5398 -20.342 18
      vertex 13.5816 -19.487 18
    endloop
  endfacet
  facet normal -0.634401 0.773004 0
    outer loop
      vertex 12.5398 -20.342 18
      vertex 13.5816 -19.487 0
      vertex 12.5398 -20.342 0
    endloop
  endfacet
  facet normal -0.683573 0.729882 0
    outer loop
      vertex 15.019 -18.1408 0
      vertex 13.5816 -19.487 18
      vertex 15.019 -18.1408 18
    endloop
  endfacet
  facet normal -0.683573 0.729882 0
    outer loop
      vertex 13.5816 -19.487 18
      vertex 15.019 -18.1408 0
      vertex 13.5816 -19.487 0
    endloop
  endfacet
  facet normal 0.569248 0.822166 -0
    outer loop
      vertex 32.9909 -30.5841 0
      vertex 15.019 -18.1408 18
      vertex 32.9909 -30.5841 18
    endloop
  endfacet
  facet normal 0.569248 0.822166 0
    outer loop
      vertex 15.019 -18.1408 18
      vertex 32.9909 -30.5841 0
      vertex 15.019 -18.1408 0
    endloop
  endfacet
  facet normal 0.962134 0.272576 1.75062e-17
    outer loop
      vertex 38.6862 -50.6873 18
      vertex 32.9909 -30.5841 0
      vertex 32.9909 -30.5841 18
    endloop
  endfacet
  facet normal 0.962134 0.272576 1.75062e-17
    outer loop
      vertex 32.9909 -30.5841 0
      vertex 38.6862 -50.6873 18
      vertex 38.6862 -50.6873 0
    endloop
  endfacet
  facet normal 0.956967 0.290196 1.11623e-19
    outer loop
      vertex 38.8273 -51.1526 18
      vertex 38.6862 -50.6873 0
      vertex 38.6862 -50.6873 18
    endloop
  endfacet
  facet normal 0.956967 0.290196 1.11623e-19
    outer loop
      vertex 38.6862 -50.6873 0
      vertex 38.8273 -51.1526 18
      vertex 38.8273 -51.1526 0
    endloop
  endfacet
  facet normal 0.881895 0.471446 -2.35392e-19
    outer loop
      vertex 38.9556 -51.3926 18
      vertex 38.8273 -51.1526 0
      vertex 38.8273 -51.1526 18
    endloop
  endfacet
  facet normal 0.881895 0.471446 -2.35392e-19
    outer loop
      vertex 38.8273 -51.1526 0
      vertex 38.9556 -51.3926 18
      vertex 38.9556 -51.3926 0
    endloop
  endfacet
  facet normal 0.772958 0.634457 -1.88269e-19
    outer loop
      vertex 39.1283 -51.603 18
      vertex 38.9556 -51.3926 0
      vertex 38.9556 -51.3926 18
    endloop
  endfacet
  facet normal 0.772958 0.634457 -1.88269e-19
    outer loop
      vertex 38.9556 -51.3926 0
      vertex 39.1283 -51.603 18
      vertex 39.1283 -51.603 0
    endloop
  endfacet
  facet normal 0.634457 0.772958 -0
    outer loop
      vertex 39.3387 -51.7757 0
      vertex 39.1283 -51.603 18
      vertex 39.3387 -51.7757 18
    endloop
  endfacet
  facet normal 0.634457 0.772958 0
    outer loop
      vertex 39.1283 -51.603 18
      vertex 39.3387 -51.7757 0
      vertex 39.1283 -51.603 0
    endloop
  endfacet
  facet normal 0.471446 0.881895 -0
    outer loop
      vertex 39.5787 -51.904 0
      vertex 39.3387 -51.7757 18
      vertex 39.5787 -51.904 18
    endloop
  endfacet
  facet normal 0.471446 0.881895 0
    outer loop
      vertex 39.3387 -51.7757 18
      vertex 39.5787 -51.904 0
      vertex 39.3387 -51.7757 0
    endloop
  endfacet
  facet normal 0.290313 0.956932 -0
    outer loop
      vertex 39.8391 -51.983 0
      vertex 39.5787 -51.904 18
      vertex 39.8391 -51.983 18
    endloop
  endfacet
  facet normal 0.290313 0.956932 0
    outer loop
      vertex 39.5787 -51.904 18
      vertex 39.8391 -51.983 0
      vertex 39.5787 -51.904 0
    endloop
  endfacet
  facet normal 0.0980851 0.995178 -0
    outer loop
      vertex 40.11 -52.0097 0
      vertex 39.8391 -51.983 18
      vertex 40.11 -52.0097 18
    endloop
  endfacet
  facet normal 0.0980851 0.995178 0
    outer loop
      vertex 39.8391 -51.983 18
      vertex 40.11 -52.0097 0
      vertex 39.8391 -51.983 0
    endloop
  endfacet
  facet normal -0.0980851 0.995178 0
    outer loop
      vertex 40.3809 -51.983 0
      vertex 40.11 -52.0097 18
      vertex 40.3809 -51.983 18
    endloop
  endfacet
  facet normal -0.0980851 0.995178 0
    outer loop
      vertex 40.11 -52.0097 18
      vertex 40.3809 -51.983 0
      vertex 40.11 -52.0097 0
    endloop
  endfacet
endsolid OpenSCAD_Model
